{
  "type": "FeatureCollection",
  "name": "settlements_estalia",
  "schema_version": 2,
  "features": [
    {
      "type": "Feature",
      "id": "text6874",
      "geometry": {
        "type": "Point",
        "coordinates": [
          -19.104774,
          42.972405
        ]
      },
      "properties": {
        "id": "text6874",
        "name": "Villasdardo",
        "category": "settlement",
        "dataset": "estalia",
        "in_gazetteer": false,
        "type": null,
        "region": "Estalia",
        "province": null,
        "estate": null,
        "population": 87,
        "population_estimated": true,
        "size_category": 1,
        "trade": null,
        "source": null,
        "tags": [],
        "notes": [],
        "history": {
          "province_2512": null,
          "province_2276": null,
          "ruler_2515": null,
          "ruler_2512": null,
          "ruler_2276": null
        },
        "wiki": {
          "title": null,
          "url": null,
          "description": null,
          "image": null
        },
        "svg_layer": "Estalia"
      }
    },
    {
      "type": "Feature",
      "id": "text6875",
      "geometry": {
        "type": "Point",
        "coordinates": [
          -19.366256,
          42.248726
        ]
      },
      "properties": {
        "id": "text6875",
        "name": "La Bastida",
        "category": "settlement",
        "dataset": "estalia",
        "in_gazetteer": false,
        "type": null,
        "region": "Estalia",
        "province": null,
        "estate": null,
        "population": 174,
        "population_estimated": true,
        "size_category": 1,
        "trade": null,
        "source": null,
        "tags": [],
        "notes": [],
        "history": {
          "province_2512": null,
          "province_2276": null,
          "ruler_2515": null,
          "ruler_2512": null,
          "ruler_2276": null
        },
        "wiki": {
          "title": null,
          "url": null,
          "description": null,
          "image": null
        },
        "svg_layer": "Estalia"
      }
    },
    {
      "type": "Feature",
      "id": "text6876",
      "geometry": {
        "type": "Point",
        "coordinates": [
          -20.40666,
          42.810359
        ]
      },
      "properties": {
        "id": "text6876",
        "name": "Castraz",
        "category": "settlement",
        "dataset": "estalia",
        "in_gazetteer": false,
        "type": null,
        "region": "Estalia",
        "province": null,
        "estate": null,
        "population": 90,
        "population_estimated": true,
        "size_category": 1,
        "trade": null,
        "source": null,
        "tags": [],
        "notes": [],
        "history": {
          "province_2512": null,
          "province_2276": null,
          "ruler_2515": null,
          "ruler_2512": null,
          "ruler_2276": null
        },
        "wiki": {
          "title": null,
          "url": null,
          "description": null,
          "image": null
        },
        "svg_layer": "Estalia"
      }
    },
    {
      "type": "Feature",
      "id": "text6877",
      "geometry": {
        "type": "Point",
        "coordinates": [
          -20.377198,
          42.996344
        ]
      },
      "properties": {
        "id": "text6877",
        "name": "Gejuelo del Barro",
        "category": "settlement",
        "dataset": "estalia",
        "in_gazetteer": false,
        "type": null,
        "region": "Estalia",
        "province": null,
        "estate": null,
        "population": 212,
        "population_estimated": true,
        "size_category": 1,
        "trade": null,
        "source": null,
        "tags": [],
        "notes": [],
        "history": {
          "province_2512": null,
          "province_2276": null,
          "ruler_2515": null,
          "ruler_2512": null,
          "ruler_2276": null
        },
        "wiki": {
          "title": null,
          "url": null,
          "description": null,
          "image": null
        },
        "svg_layer": "Estalia"
      }
    },
    {
      "type": "Feature",
      "id": "text6878",
      "geometry": {
        "type": "Point",
        "coordinates": [
          -20.609217,
          43.060794
        ]
      },
      "properties": {
        "id": "text6878",
        "name": "La Hoya",
        "category": "settlement",
        "dataset": "estalia",
        "in_gazetteer": false,
        "type": null,
        "region": "Estalia",
        "province": null,
        "estate": null,
        "population": 134,
        "population_estimated": true,
        "size_category": 1,
        "trade": null,
        "source": null,
        "tags": [],
        "notes": [],
        "history": {
          "province_2512": null,
          "province_2276": null,
          "ruler_2515": null,
          "ruler_2512": null,
          "ruler_2276": null
        },
        "wiki": {
          "title": null,
          "url": null,
          "description": null,
          "image": null
        },
        "svg_layer": "Estalia"
      }
    },
    {
      "type": "Feature",
      "id": "text6879",
      "geometry": {
        "type": "Point",
        "coordinates": [
          -20.150703,
          41.788369
        ]
      },
      "properties": {
        "id": "text6879",
        "name": "Zarapicos",
        "category": "settlement",
        "dataset": "estalia",
        "in_gazetteer": false,
        "type": null,
        "region": "Estalia",
        "province": null,
        "estate": null,
        "population": 337,
        "population_estimated": true,
        "size_category": 2,
        "trade": null,
        "source": null,
        "tags": [],
        "notes": [],
        "history": {
          "province_2512": null,
          "province_2276": null,
          "ruler_2515": null,
          "ruler_2512": null,
          "ruler_2276": null
        },
        "wiki": {
          "title": null,
          "url": null,
          "description": null,
          "image": null
        },
        "svg_layer": "Estalia"
      }
    },
    {
      "type": "Feature",
      "id": "copy_text_13965",
      "geometry": {
        "type": "Point",
        "coordinates": [
          -16.736701,
          46.519159
        ]
      },
      "properties": {
        "id": "copy_text_13965",
        "name": "Bilbali",
        "category": "settlement",
        "dataset": "estalia",
        "in_gazetteer": true,
        "type": null,
        "region": "Estalia",
        "province": "Bilbali",
        "estate": null,
        "population": 38439,
        "population_estimated": false,
        "size_category": 5,
        "trade": null,
        "source": "Warhammer Fantasy Roleplay 4e: Sea of Claws",
        "tags": [],
        "notes": [],
        "history": {
          "province_2512": null,
          "province_2276": null,
          "ruler_2515": null,
          "ruler_2512": null,
          "ruler_2276": null
        },
        "wiki": {
          "title": "Bilbali",
          "url": "https://warhammerfantasy.fandom.com/wiki/Bilbali",
          "description": "Bilbali, officially the Kingdom of Bilbali, is the second largest settlement in Estalia, second only to Magritta, and the primary population centre in the north of the country. Bilbali officially rules an area between the sea in the north and the River Tarmos. Together with Magritta, it is currently one of the two most powerful kingdoms of Estalia.",
          "image": "https://static.wikia.nocookie.net/warhammerfb/images/c/c9/Bilbali_01-25.png/revision/latest?cb=20250222182241"
        },
        "svg_layer": "Estalia"
      }
    },
    {
      "type": "Feature",
      "id": "copy_text_13966",
      "geometry": {
        "type": "Point",
        "coordinates": [
          -15.115379,
          41.802893
        ]
      },
      "properties": {
        "id": "copy_text_13966",
        "name": "Magritta",
        "category": "settlement",
        "dataset": "estalia",
        "in_gazetteer": true,
        "type": null,
        "region": "Estalia",
        "province": "Magritta",
        "estate": null,
        "population": 47188,
        "population_estimated": false,
        "size_category": 5,
        "trade": null,
        "source": "Warhammer Fantasy Roleplay 4e: Sea of Claws",
        "tags": [],
        "notes": [],
        "history": {
          "province_2512": null,
          "province_2276": null,
          "ruler_2515": null,
          "ruler_2512": null,
          "ruler_2276": null
        },
        "wiki": {
          "title": "Magritta",
          "url": "https://warhammerfantasy.fandom.com/wiki/Magritta",
          "description": "Magritta, formally the Kingdom of Magritta, is the largest and one of the most important cities in Estalia. Built by natural deep-water harbours within the sheltered Bay of Quietude, its reputation as a friendly port with ready markets for all manner of cargoes draws traders from many ports across the world of Mallus. Its quays are usually crowded, and, among the assortment of Old Worlder merchantmen, one can occasionally catch a glimpse of a strangely rigged craft from Araby or even further afield.",
          "image": "https://static.wikia.nocookie.net/warhammerfb/images/7/7e/Magritta_01-25.png/revision/latest?cb=20250222185935"
        },
        "svg_layer": "Estalia"
      }
    },
    {
      "type": "Feature",
      "id": "text17262",
      "geometry": {
        "type": "Point",
        "coordinates": [
          -21.55964,
          41.673629
        ]
      },
      "properties": {
        "id": "text17262",
        "name": "Nerja",
        "category": "settlement",
        "dataset": "estalia",
        "in_gazetteer": true,
        "type": null,
        "region": "Estalia",
        "province": null,
        "estate": null,
        "population": 3000,
        "population_estimated": false,
        "size_category": 3,
        "trade": null,
        "source": "Man O' War: Corsair (PC Game)",
        "tags": [],
        "notes": [],
        "history": {
          "province_2512": null,
          "province_2276": null,
          "ruler_2515": null,
          "ruler_2512": null,
          "ruler_2276": null
        },
        "wiki": {
          "title": "Nerja",
          "url": "https://warhammerfantasy.fandom.com/wiki/Nerja",
          "description": "Nerja, also known as Nuja, is a port town of the Kingdom of Avila facing the Orchid Coast in south-western Estalia.",
          "image": "https://static.wikia.nocookie.net/warhammerfb/images/8/82/Avila_01-25.png/revision/latest?cb=20250222192017"
        },
        "svg_layer": "Estalia"
      }
    },
    {
      "type": "Feature",
      "id": "text17263",
      "geometry": {
        "type": "Point",
        "coordinates": [
          -19.878906,
          42.588174
        ]
      },
      "properties": {
        "id": "text17263",
        "name": "Garnatta",
        "category": "settlement",
        "dataset": "estalia",
        "in_gazetteer": false,
        "type": null,
        "region": "Estalia",
        "province": null,
        "estate": null,
        "population": 222,
        "population_estimated": true,
        "size_category": 1,
        "trade": null,
        "source": null,
        "tags": [],
        "notes": [],
        "history": {
          "province_2512": null,
          "province_2276": null,
          "ruler_2515": null,
          "ruler_2512": null,
          "ruler_2276": null
        },
        "wiki": {
          "title": null,
          "url": null,
          "description": null,
          "image": null
        },
        "svg_layer": "Estalia"
      }
    },
    {
      "type": "Feature",
      "id": "text17264",
      "geometry": {
        "type": "Point",
        "coordinates": [
          -17.623334,
          42.353369
        ]
      },
      "properties": {
        "id": "text17264",
        "name": "Toletti",
        "category": "settlement",
        "dataset": "estalia",
        "in_gazetteer": false,
        "type": null,
        "region": "Estalia",
        "province": null,
        "estate": null,
        "population": 116,
        "population_estimated": true,
        "size_category": 1,
        "trade": null,
        "source": null,
        "tags": [],
        "notes": [],
        "history": {
          "province_2512": null,
          "province_2276": null,
          "ruler_2515": null,
          "ruler_2512": null,
          "ruler_2276": null
        },
        "wiki": {
          "title": null,
          "url": null,
          "description": null,
          "image": null
        },
        "svg_layer": "Estalia"
      }
    },
    {
      "type": "Feature",
      "id": "text17265",
      "geometry": {
        "type": "Point",
        "coordinates": [
          -17.710815,
          43.178643
        ]
      },
      "properties": {
        "id": "text17265",
        "name": "Siernos",
        "category": "settlement",
        "dataset": "estalia",
        "in_gazetteer": true,
        "type": null,
        "region": "Estalia",
        "province": null,
        "estate": null,
        "population": 3000,
        "population_estimated": false,
        "size_category": 3,
        "trade": null,
        "source": "Warhammer: Vermintide 2",
        "tags": [],
        "notes": [],
        "history": {
          "province_2512": null,
          "province_2276": null,
          "ruler_2515": null,
          "ruler_2512": null,
          "ruler_2276": null
        },
        "wiki": {
          "title": "Siernos",
          "url": "https://warhammerfantasy.fandom.com/wiki/Siernos",
          "description": "Siernos was an inland town in the Irrana Mountains of Estalia. It was burned to the ground for three days during the 26th century IC by Sienna Fuegonasus a Bright Wizard.",
          "image": "https://static.wikia.nocookie.net/warhammerfb/images/7/7e/Magritta_01-25.png/revision/latest?cb=20250222185935"
        },
        "svg_layer": "Estalia"
      }
    },
    {
      "type": "Feature",
      "id": "text17266",
      "geometry": {
        "type": "Point",
        "coordinates": [
          -19.128711,
          44.331373
        ]
      },
      "properties": {
        "id": "text17266",
        "name": "Murum",
        "category": "settlement",
        "dataset": "estalia",
        "in_gazetteer": true,
        "type": null,
        "region": "Estalia",
        "province": null,
        "estate": null,
        "population": 3000,
        "population_estimated": false,
        "size_category": 3,
        "trade": null,
        "source": "Alfred \"MadAlfred\" Nuñez Jr. (unofficial)",
        "tags": [],
        "notes": [],
        "history": {
          "province_2512": null,
          "province_2276": null,
          "ruler_2515": null,
          "ruler_2512": null,
          "ruler_2276": null
        },
        "wiki": {
          "title": null,
          "url": null,
          "description": null,
          "image": null
        },
        "svg_layer": "Estalia"
      }
    },
    {
      "type": "Feature",
      "id": "text17267",
      "geometry": {
        "type": "Point",
        "coordinates": [
          -19.036641,
          46.099139
        ]
      },
      "properties": {
        "id": "text17267",
        "name": "Almyria",
        "category": "settlement",
        "dataset": "estalia",
        "in_gazetteer": true,
        "type": null,
        "region": "Estalia",
        "province": null,
        "estate": null,
        "population": 3000,
        "population_estimated": false,
        "size_category": 3,
        "trade": null,
        "source": "The Road to Damnation (Short Story) by Brian Craig",
        "tags": [],
        "notes": [],
        "history": {
          "province_2512": null,
          "province_2276": null,
          "ruler_2515": null,
          "ruler_2512": null,
          "ruler_2276": null
        },
        "wiki": {
          "title": "Almyria",
          "url": "https://warhammerfantasy.fandom.com/wiki/Almyria",
          "description": "Almyria is an independent, Estalian city-state. It is smaller in size and power than its neighbouring city of Magritta. Almyria's royal family is perennially engaged in attempting to murder one another.",
          "image": "https://static.wikia.nocookie.net/warhammerfb/images/7/7e/Magritta_01-25.png/revision/latest?cb=20250222185935"
        },
        "svg_layer": "Estalia"
      }
    },
    {
      "type": "Feature",
      "id": "text17268",
      "geometry": {
        "type": "Point",
        "coordinates": [
          -15.287502,
          45.889219
        ]
      },
      "properties": {
        "id": "text17268",
        "name": "Palantta",
        "category": "settlement",
        "dataset": "estalia",
        "in_gazetteer": false,
        "type": null,
        "region": "Estalia",
        "province": null,
        "estate": null,
        "population": 281,
        "population_estimated": true,
        "size_category": 1,
        "trade": null,
        "source": null,
        "tags": [],
        "notes": [],
        "history": {
          "province_2512": null,
          "province_2276": null,
          "ruler_2515": null,
          "ruler_2512": null,
          "ruler_2276": null
        },
        "wiki": {
          "title": null,
          "url": null,
          "description": null,
          "image": null
        },
        "svg_layer": "Estalia"
      }
    },
    {
      "type": "Feature",
      "id": "text17269",
      "geometry": {
        "type": "Point",
        "coordinates": [
          -11.529249,
          45.407365
        ]
      },
      "properties": {
        "id": "text17269",
        "name": "Barsellón",
        "category": "settlement",
        "dataset": "estalia",
        "in_gazetteer": true,
        "type": null,
        "region": "Estalia",
        "province": null,
        "estate": null,
        "population": 3000,
        "population_estimated": false,
        "size_category": 3,
        "trade": null,
        "source": "Warhammer Fantasy Roleplay 1st Edition: Rulebook",
        "tags": [],
        "notes": [],
        "history": {
          "province_2512": null,
          "province_2276": null,
          "ruler_2515": null,
          "ruler_2512": null,
          "ruler_2276": null
        },
        "wiki": {
          "title": "Barsellon",
          "url": "https://warhammerfantasy.fandom.com/wiki/Barsellon",
          "description": "Barsellon is a northern hill-side city of Estalia. Its inhabitants have an impossibly thick accent in the Estalian language that is also called Barsellon.",
          "image": "https://static.wikia.nocookie.net/warhammerfb/images/3/30/Map_of_Estalia_Warhammer_The_Old_World_21.01.25.png/revision/latest?cb=20250125124933"
        },
        "svg_layer": "Estalia"
      }
    },
    {
      "type": "Feature",
      "id": "text17270",
      "geometry": {
        "type": "Point",
        "coordinates": [
          -10.695337,
          42.700342
        ]
      },
      "properties": {
        "id": "text17270",
        "name": "Durango",
        "category": "settlement",
        "dataset": "estalia",
        "in_gazetteer": true,
        "type": null,
        "region": "Estalia",
        "province": null,
        "estate": null,
        "population": 3000,
        "population_estimated": false,
        "size_category": 3,
        "trade": null,
        "source": "Alfred \"MadAlfred\" Nuñez Jr. (unofficial)",
        "tags": [],
        "notes": [],
        "history": {
          "province_2512": null,
          "province_2276": null,
          "ruler_2515": null,
          "ruler_2512": null,
          "ruler_2276": null
        },
        "wiki": {
          "title": "Durango",
          "url": "https://warhammerfantasy.fandom.com/wiki/Durango",
          "description": "Durango is a town of the Estalian Kingdom of Novareno.",
          "image": "https://static.wikia.nocookie.net/warhammerfb/images/b/b5/Novareno.png/revision/latest?cb=20250222183354"
        },
        "svg_layer": "Estalia"
      }
    },
    {
      "type": "Feature",
      "id": "text17271",
      "geometry": {
        "type": "Point",
        "coordinates": [
          -12.985721,
          44.353471
        ]
      },
      "properties": {
        "id": "text17271",
        "name": "Capomonte",
        "category": "settlement",
        "dataset": "estalia",
        "in_gazetteer": false,
        "type": null,
        "region": "Estalia",
        "province": null,
        "estate": null,
        "population": 117,
        "population_estimated": true,
        "size_category": 1,
        "trade": null,
        "source": null,
        "tags": [],
        "notes": [],
        "history": {
          "province_2512": null,
          "province_2276": null,
          "ruler_2515": null,
          "ruler_2512": null,
          "ruler_2276": null
        },
        "wiki": {
          "title": null,
          "url": null,
          "description": null,
          "image": null
        },
        "svg_layer": "Estalia"
      }
    },
    {
      "type": "Feature",
      "id": "text17272",
      "geometry": {
        "type": "Point",
        "coordinates": [
          -14.654685,
          43.242194
        ]
      },
      "properties": {
        "id": "text17272",
        "name": "Monteñas",
        "category": "settlement",
        "dataset": "estalia",
        "in_gazetteer": true,
        "type": null,
        "region": "Estalia",
        "province": null,
        "estate": null,
        "population": 3000,
        "population_estimated": false,
        "size_category": 3,
        "trade": null,
        "source": "Total War: Warhammer",
        "tags": [],
        "notes": [],
        "history": {
          "province_2512": null,
          "province_2276": null,
          "ruler_2515": null,
          "ruler_2512": null,
          "ruler_2276": null
        },
        "wiki": {
          "title": "Monteñas",
          "url": "https://warhammerfantasy.fandom.com/wiki/Monte%C3%B1as",
          "description": "Monteñas, or simply Montenas, is a fortified town of the Estalian Kingdom of Magritta in the western Irrana Mountains. It possesses a temperate climate.",
          "image": "https://static.wikia.nocookie.net/warhammerfb/images/7/7e/Magritta_01-25.png/revision/latest?cb=20250222185935"
        },
        "svg_layer": "Estalia"
      }
    },
    {
      "type": "Feature",
      "id": "text17273",
      "geometry": {
        "type": "Point",
        "coordinates": [
          -11.822209,
          41.468879
        ]
      },
      "properties": {
        "id": "text17273",
        "name": "Zaragoz",
        "category": "settlement",
        "dataset": "estalia",
        "in_gazetteer": true,
        "type": null,
        "region": "Estalia",
        "province": null,
        "estate": null,
        "population": 12000,
        "population_estimated": false,
        "size_category": 4,
        "trade": null,
        "source": "Zaragoz (Novel) by Brian Craig",
        "tags": [],
        "notes": [],
        "history": {
          "province_2512": null,
          "province_2276": null,
          "ruler_2515": null,
          "ruler_2512": null,
          "ruler_2276": null
        },
        "wiki": {
          "title": "Zaragoz",
          "url": "https://warhammerfantasy.fandom.com/wiki/Zaragoz",
          "description": "Not to be confused with the Princedom of Zaragoz in the Border Princes. Zaragoz, also spelled Zaraguz, and officially the Dukedom of Zaragoz, is a tiny independent realm based on the town of the same name that lies high in the Irrana Mountains at the source of the River Eboro in eastern Estalia. It is an ethnically Estalian dukedom once ruled by Duke Marsilio diAvila, called a tyrant by his people.",
          "image": "https://static.wikia.nocookie.net/warhammerfb/images/d/d6/Cantonia_01-25.png/revision/latest?cb=20250222192731"
        },
        "svg_layer": "Estalia"
      }
    },
    {
      "type": "Feature",
      "id": "text17274",
      "geometry": {
        "type": "Point",
        "coordinates": [
          -12.319124,
          40.919218
        ]
      },
      "properties": {
        "id": "text17274",
        "name": "Gualcázar",
        "category": "settlement",
        "dataset": "estalia",
        "in_gazetteer": true,
        "type": null,
        "region": "Estalia",
        "province": null,
        "estate": null,
        "population": 3000,
        "population_estimated": false,
        "size_category": 3,
        "trade": null,
        "source": "Zaragoz (Novel) by Brian Craig",
        "tags": [],
        "notes": [],
        "history": {
          "province_2512": null,
          "province_2276": null,
          "ruler_2515": null,
          "ruler_2512": null,
          "ruler_2276": null
        },
        "wiki": {
          "title": "Gualcazar",
          "url": "https://warhammerfantasy.fandom.com/wiki/Gualcazar",
          "description": "Gualcazar is an independent Estalian domain, located in the realm of Cantonia. Here the last member of the Quixana family found refuge for a time.",
          "image": "https://static.wikia.nocookie.net/warhammerfb/images/d/d6/Cantonia_01-25.png/revision/latest?cb=20250222192731"
        },
        "svg_layer": "Estalia"
      }
    },
    {
      "type": "Feature",
      "id": "text17275",
      "geometry": {
        "type": "Point",
        "coordinates": [
          -11.499693,
          40.425716
        ]
      },
      "properties": {
        "id": "text17275",
        "name": "Larghoz",
        "category": "settlement",
        "dataset": "estalia",
        "in_gazetteer": true,
        "type": null,
        "region": "Estalia",
        "province": null,
        "estate": null,
        "population": 6000,
        "population_estimated": false,
        "size_category": 4,
        "trade": null,
        "source": "Warhammer Fantasy Battles (8th Edition) - Monstrous Arcanum",
        "tags": [],
        "notes": [],
        "history": {
          "province_2512": null,
          "province_2276": null,
          "ruler_2515": null,
          "ruler_2512": null,
          "ruler_2276": null
        },
        "wiki": {
          "title": null,
          "url": null,
          "description": null,
          "image": null
        },
        "svg_layer": "Estalia"
      }
    },
    {
      "type": "Feature",
      "id": "text17276",
      "geometry": {
        "type": "Point",
        "coordinates": [
          -11.314617,
          41.11919
        ]
      },
      "properties": {
        "id": "text17276",
        "name": "Geulata",
        "category": "settlement",
        "dataset": "estalia",
        "in_gazetteer": true,
        "type": null,
        "region": "Estalia",
        "province": null,
        "estate": null,
        "population": 3000,
        "population_estimated": false,
        "size_category": 3,
        "trade": null,
        "source": "Warhammer Fantasy Battles (8th Edition) - Monstrous Arcanum",
        "tags": [],
        "notes": [],
        "history": {
          "province_2512": null,
          "province_2276": null,
          "ruler_2515": null,
          "ruler_2512": null,
          "ruler_2276": null
        },
        "wiki": {
          "title": "Geulata",
          "url": "https://warhammerfantasy.fandom.com/wiki/Geulata",
          "description": "Geulata, formally the Kingdom of Geulata, is a kingdom of Estalia allied with the Kingdom of Larhgoz. Geulata borders the city-state of Vedenza of the Tilean Principality of Tobaro in south-eastern Estalia.",
          "image": "https://static.wikia.nocookie.net/warhammerfb/images/d/d6/Cantonia_01-25.png/revision/latest?cb=20250222192731"
        },
        "svg_layer": "Estalia"
      }
    },
    {
      "type": "Feature",
      "id": "text17277",
      "geometry": {
        "type": "Point",
        "coordinates": [
          -13.306104,
          40.661951
        ]
      },
      "properties": {
        "id": "text17277",
        "name": "Cordova",
        "category": "settlement",
        "dataset": "estalia",
        "in_gazetteer": false,
        "type": null,
        "region": "Estalia",
        "province": null,
        "estate": null,
        "population": 95,
        "population_estimated": true,
        "size_category": 1,
        "trade": null,
        "source": null,
        "tags": [],
        "notes": [],
        "history": {
          "province_2512": null,
          "province_2276": null,
          "ruler_2515": null,
          "ruler_2512": null,
          "ruler_2276": null
        },
        "wiki": {
          "title": null,
          "url": null,
          "description": null,
          "image": null
        },
        "svg_layer": "Estalia"
      }
    },
    {
      "type": "Feature",
      "id": "text17278",
      "geometry": {
        "type": "Point",
        "coordinates": [
          -12.604166,
          38.881145
        ]
      },
      "properties": {
        "id": "text17278",
        "name": "Porto Espejo",
        "category": "settlement",
        "dataset": "estalia",
        "in_gazetteer": true,
        "type": null,
        "region": "Estalia",
        "province": null,
        "estate": null,
        "population": 3000,
        "population_estimated": false,
        "size_category": 3,
        "trade": null,
        "source": "Man O' War: Corsair (PC Game)",
        "tags": [],
        "notes": [],
        "history": {
          "province_2512": null,
          "province_2276": null,
          "ruler_2515": null,
          "ruler_2512": null,
          "ruler_2276": null
        },
        "wiki": {
          "title": "Porto Espejo",
          "url": "https://warhammerfantasy.fandom.com/wiki/Porto_Espejo",
          "description": "Porto Espejo was a small trading town located on the southern coast of Estalia. Porto Espejo possessed a fair natural harbour which was popular with the local fishing boats. Yet not a scrap of this small town remained intact after a raid by the Butcher Ship.",
          "image": null
        },
        "svg_layer": "Estalia"
      }
    },
    {
      "type": "Feature",
      "id": "text17279",
      "geometry": {
        "type": "Point",
        "coordinates": [
          -12.45052,
          38.042602
        ]
      },
      "properties": {
        "id": "text17279",
        "name": "Águilas",
        "category": "settlement",
        "dataset": "estalia",
        "in_gazetteer": true,
        "type": null,
        "region": "Estalia",
        "province": null,
        "estate": null,
        "population": 6000,
        "population_estimated": false,
        "size_category": 4,
        "trade": null,
        "source": "Man O' War: Corsair (PC Game)",
        "tags": [],
        "notes": [],
        "history": {
          "province_2512": null,
          "province_2276": null,
          "ruler_2515": null,
          "ruler_2512": null,
          "ruler_2276": null
        },
        "wiki": {
          "title": "Aguilas",
          "url": "https://warhammerfantasy.fandom.com/wiki/Aguilas",
          "description": "Aguilas also known as Aquilas, and Aquilia, is the southernmost of the old port cities in eastern Estalia within the Aquilas Bay. For centuries, this Estalian city-state has been a centre for trade with a good, deep harbour. It is also famed for its drydocks and shipyards, which provide many vessels for the Estalian Navy.",
          "image": "https://static.wikia.nocookie.net/warhammerfb/images/d/d6/Cantonia_01-25.png/revision/latest?cb=20250222192731"
        },
        "svg_layer": "Estalia"
      }
    },
    {
      "type": "Feature",
      "id": "text17280",
      "geometry": {
        "type": "Point",
        "coordinates": [
          -13.062004,
          36.513111
        ]
      },
      "properties": {
        "id": "text17280",
        "name": "Porto Real",
        "category": "settlement",
        "dataset": "estalia",
        "in_gazetteer": true,
        "type": null,
        "region": "Estalia",
        "province": null,
        "estate": null,
        "population": 174,
        "population_estimated": true,
        "size_category": 1,
        "trade": null,
        "source": "Fell Cargo (Novel) by Dan Abnett",
        "tags": [],
        "notes": [],
        "history": {
          "province_2512": null,
          "province_2276": null,
          "ruler_2515": null,
          "ruler_2512": null,
          "ruler_2276": null
        },
        "wiki": {
          "title": "Porto Real",
          "url": "https://warhammerfantasy.fandom.com/wiki/Porto_Real",
          "description": "Porto Real (which means \"Port Royale\") is a small town and a colonial port of Estalia located on a bay close to Cap D'Orient in Tobaran territory. Beyond the Abasko Mountains, Estalia's eastern coast is rendered all but impassable to large ocean-going vessels by the presence of innumerable small islands that stretch from the Golfo di Forore in the north to Fool's Point in the south. At the southernmost extent of this vast archipelago, the Estalian city of Porto Real stands on one of the largest islands, south of Isla Verde, a safe haven for vessels not wishing to venture into larger harbors, including ships out of Sartosa.",
          "image": "https://static.wikia.nocookie.net/warhammerfb/images/d/d6/Cantonia_01-25.png/revision/latest?cb=20250222192731"
        },
        "svg_layer": "Estalia"
      }
    },
    {
      "type": "Feature",
      "id": "text17281",
      "geometry": {
        "type": "Point",
        "coordinates": [
          -19.844114,
          42.358678
        ]
      },
      "properties": {
        "id": "text17281",
        "name": "Ávila",
        "category": "settlement",
        "dataset": "estalia",
        "in_gazetteer": true,
        "type": null,
        "region": "Estalia",
        "province": null,
        "estate": null,
        "population": 3000,
        "population_estimated": false,
        "size_category": 3,
        "trade": null,
        "source": "Man O' War: Corsair (PC Game)",
        "tags": [],
        "notes": [],
        "history": {
          "province_2512": null,
          "province_2276": null,
          "ruler_2515": null,
          "ruler_2512": null,
          "ruler_2276": null
        },
        "wiki": {
          "title": "Avila",
          "url": "https://warhammerfantasy.fandom.com/wiki/Avila",
          "description": "Avila is a kingdom of south-western Estalia. Recently the lords of Bilbali and Magritta have come into conflict due to a vendetta. As a result, they have placed an embargo on all trade between the two kingdoms and consequently, also on the minor Estalian realms that must deal with them both, such as Obregon and Avila.",
          "image": "https://static.wikia.nocookie.net/warhammerfb/images/8/82/Avila_01-25.png/revision/latest?cb=20250222192017"
        },
        "svg_layer": "Estalia"
      }
    },
    {
      "type": "Feature",
      "id": "text17286",
      "geometry": {
        "type": "Point",
        "coordinates": [
          -12.718136,
          39.305682
        ]
      },
      "properties": {
        "id": "text17286",
        "name": "Sitges",
        "category": "settlement",
        "dataset": "estalia",
        "in_gazetteer": true,
        "type": null,
        "region": "Estalia",
        "province": null,
        "estate": null,
        "population": 5000,
        "population_estimated": false,
        "size_category": 4,
        "trade": null,
        "source": "Man O' War: Corsair (PC Game)",
        "tags": [],
        "notes": [],
        "history": {
          "province_2512": null,
          "province_2276": null,
          "ruler_2515": null,
          "ruler_2512": null,
          "ruler_2276": null
        },
        "wiki": {
          "title": "Sitges",
          "url": "https://warhammerfantasy.fandom.com/wiki/Sitges",
          "description": "Sitges is an Estalian port town of the kingdom of Cantonia located on the Aguilas Bay.",
          "image": "https://static.wikia.nocookie.net/warhammerfb/images/d/d6/Cantonia_01-25.png/revision/latest?cb=20250222192731"
        },
        "svg_layer": "Estalia"
      }
    },
    {
      "type": "Feature",
      "id": "text17287",
      "geometry": {
        "type": "Point",
        "coordinates": [
          -14.61354,
          39.963515
        ]
      },
      "properties": {
        "id": "text17287",
        "name": "Almagora",
        "category": "settlement",
        "dataset": "estalia",
        "in_gazetteer": true,
        "type": null,
        "region": "Estalia",
        "province": null,
        "estate": null,
        "population": 5000,
        "population_estimated": false,
        "size_category": 4,
        "trade": null,
        "source": "Man O' War: Corsair (PC Game)",
        "tags": [],
        "notes": [],
        "history": {
          "province_2512": null,
          "province_2276": null,
          "ruler_2515": null,
          "ruler_2512": null,
          "ruler_2276": null
        },
        "wiki": {
          "title": "Almagora",
          "url": "https://warhammerfantasy.fandom.com/wiki/Almagora",
          "description": "Almagora is a port town of the Kingdom of Cantonia located on the Bay of Quietude in south-eastern Estalia.",
          "image": "https://static.wikia.nocookie.net/warhammerfb/images/d/d6/Cantonia_01-25.png/revision/latest?cb=20250222192731"
        },
        "svg_layer": "Estalia"
      }
    },
    {
      "type": "Feature",
      "id": "text17288",
      "geometry": {
        "type": "Point",
        "coordinates": [
          -14.883912,
          41.459552
        ]
      },
      "properties": {
        "id": "text17288",
        "name": "Jávea",
        "category": "settlement",
        "dataset": "estalia",
        "in_gazetteer": true,
        "type": null,
        "region": "Estalia",
        "province": null,
        "estate": null,
        "population": 8000,
        "population_estimated": false,
        "size_category": 4,
        "trade": null,
        "source": "Man O' War: Corsair (PC Game)",
        "tags": [],
        "notes": [],
        "history": {
          "province_2512": null,
          "province_2276": null,
          "ruler_2515": null,
          "ruler_2512": null,
          "ruler_2276": null
        },
        "wiki": {
          "title": "Jávea",
          "url": "https://warhammerfantasy.fandom.com/wiki/J%C3%A1vea",
          "description": "Jávea, also spelled Javea, is a port town of the kingdom of Cantonia located on the Bay of Quietude in southern Estalia.",
          "image": "https://static.wikia.nocookie.net/warhammerfb/images/d/d6/Cantonia_01-25.png/revision/latest?cb=20250222192731"
        },
        "svg_layer": "Estalia"
      }
    },
    {
      "type": "Feature",
      "id": "text17289",
      "geometry": {
        "type": "Point",
        "coordinates": [
          -18.189585,
          41.679725
        ]
      },
      "properties": {
        "id": "text17289",
        "name": "Torrosa",
        "category": "settlement",
        "dataset": "estalia",
        "in_gazetteer": true,
        "type": null,
        "region": "Estalia",
        "province": null,
        "estate": null,
        "population": 3000,
        "population_estimated": false,
        "size_category": 3,
        "trade": null,
        "source": "Man O' War: Corsair (PC Game)",
        "tags": [],
        "notes": [],
        "history": {
          "province_2512": null,
          "province_2276": null,
          "ruler_2515": null,
          "ruler_2512": null,
          "ruler_2276": null
        },
        "wiki": {
          "title": "Torrosa",
          "url": "https://warhammerfantasy.fandom.com/wiki/Torrosa",
          "description": "Torrosa is an Estalian port town of the Kingdom of Magritta located on the Bay of Quietude.",
          "image": "https://static.wikia.nocookie.net/warhammerfb/images/7/7e/Magritta_01-25.png/revision/latest?cb=20250222185935"
        },
        "svg_layer": "Estalia"
      }
    },
    {
      "type": "Feature",
      "id": "text17290",
      "geometry": {
        "type": "Point",
        "coordinates": [
          -19.018654,
          42.018851
        ]
      },
      "properties": {
        "id": "text17290",
        "name": "Belmez",
        "category": "settlement",
        "dataset": "estalia",
        "in_gazetteer": true,
        "type": null,
        "region": "Estalia",
        "province": null,
        "estate": null,
        "population": 8000,
        "population_estimated": false,
        "size_category": 4,
        "trade": null,
        "source": "Man O' War: Corsair (PC Game)",
        "tags": [],
        "notes": [],
        "history": {
          "province_2512": null,
          "province_2276": null,
          "ruler_2515": null,
          "ruler_2512": null,
          "ruler_2276": null
        },
        "wiki": {
          "title": null,
          "url": null,
          "description": null,
          "image": null
        },
        "svg_layer": "Estalia"
      }
    },
    {
      "type": "Feature",
      "id": "text17291",
      "geometry": {
        "type": "Point",
        "coordinates": [
          -20.06847,
          41.87437
        ]
      },
      "properties": {
        "id": "text17291",
        "name": "San Pedro del Sur",
        "category": "settlement",
        "dataset": "estalia",
        "in_gazetteer": true,
        "type": null,
        "region": "Estalia",
        "province": null,
        "estate": null,
        "population": 2500,
        "population_estimated": false,
        "size_category": 3,
        "trade": null,
        "source": "Man O' War: Corsair (PC Game)",
        "tags": [],
        "notes": [],
        "history": {
          "province_2512": null,
          "province_2276": null,
          "ruler_2515": null,
          "ruler_2512": null,
          "ruler_2276": null
        },
        "wiki": {
          "title": "San Pedro del Sur",
          "url": "https://warhammerfantasy.fandom.com/wiki/San_Pedro_del_Sur",
          "description": "San Pedro del Sur is a port town located in the kingdom of Avila on the Golfo Naranja in south-western Estalia.",
          "image": "https://static.wikia.nocookie.net/warhammerfb/images/8/82/Avila_01-25.png/revision/latest?cb=20250222192017"
        },
        "svg_layer": "Estalia"
      }
    },
    {
      "type": "Feature",
      "id": "text17292",
      "geometry": {
        "type": "Point",
        "coordinates": [
          -18.716233,
          42.002892
        ]
      },
      "properties": {
        "id": "text17292",
        "name": "Ubrique",
        "category": "settlement",
        "dataset": "estalia",
        "in_gazetteer": true,
        "type": null,
        "region": "Estalia",
        "province": null,
        "estate": null,
        "population": 4000,
        "population_estimated": false,
        "size_category": 4,
        "trade": null,
        "source": "Man O' War: Corsair (PC Game)",
        "tags": [],
        "notes": [],
        "history": {
          "province_2512": null,
          "province_2276": null,
          "ruler_2515": null,
          "ruler_2512": null,
          "ruler_2276": null
        },
        "wiki": {
          "title": "Ubrique",
          "url": "https://warhammerfantasy.fandom.com/wiki/Ubrique",
          "description": "Ubrique is a port town of the Kingdom of Magritta located on the Golfo di Naranja in southern Estalia.",
          "image": "https://static.wikia.nocookie.net/warhammerfb/images/7/7e/Magritta_01-25.png/revision/latest?cb=20250222185935"
        },
        "svg_layer": "Estalia"
      }
    },
    {
      "type": "Feature",
      "id": "text17293",
      "geometry": {
        "type": "Point",
        "coordinates": [
          -22.289314,
          41.398769
        ]
      },
      "properties": {
        "id": "text17293",
        "name": "Los Cabos",
        "category": "settlement",
        "dataset": "estalia",
        "in_gazetteer": true,
        "type": null,
        "region": "Estalia",
        "province": null,
        "estate": null,
        "population": 3500,
        "population_estimated": false,
        "size_category": 4,
        "trade": null,
        "source": "Man O' War: Corsair (PC Game)",
        "tags": [],
        "notes": [],
        "history": {
          "province_2512": null,
          "province_2276": null,
          "ruler_2515": null,
          "ruler_2512": null,
          "ruler_2276": null
        },
        "wiki": {
          "title": "Los Cabos",
          "url": "https://warhammerfantasy.fandom.com/wiki/Los_Cabos",
          "description": "Los Cabos is a port town located in the Kingdom of Avila in south-western Estalia. Los Cabos lies off Estalia's westernmost tip at the Cabo de la Diestros. Situated a mere stone's throw from Los Cabos, the High Elf colony of Ocean's Gate has an especially close relationship with their Estalian neighbours.",
          "image": "https://static.wikia.nocookie.net/warhammerfb/images/8/82/Avila_01-25.png/revision/latest?cb=20250222192017"
        },
        "svg_layer": "Estalia"
      }
    },
    {
      "type": "Feature",
      "id": "text17296",
      "geometry": {
        "type": "Point",
        "coordinates": [
          -17.909689,
          47.373406
        ]
      },
      "properties": {
        "id": "text17296",
        "name": "San Luis",
        "category": "settlement",
        "dataset": "estalia",
        "in_gazetteer": true,
        "type": null,
        "region": "Estalia",
        "province": null,
        "estate": null,
        "population": 3000,
        "population_estimated": false,
        "size_category": 3,
        "trade": null,
        "source": "Alfred \"MadAlfred\" Nuñez Jr. (unofficial)",
        "tags": [],
        "notes": [],
        "history": {
          "province_2512": null,
          "province_2276": null,
          "ruler_2515": null,
          "ruler_2512": null,
          "ruler_2276": null
        },
        "wiki": {
          "title": "San Luis",
          "url": "https://warhammerfantasy.fandom.com/wiki/San_Luis",
          "description": "San Luis is a town of the Estalian Kingdom of Obregon. Despite its location in the vicinity of the Silver Sea and the Irranan Sea, San Luis lacks an outlet to the Southern Sea.",
          "image": "https://static.wikia.nocookie.net/warhammerfb/images/e/ee/Obregon_01-25.png/revision/latest?cb=20250222191544"
        },
        "svg_layer": "Estalia"
      }
    },
    {
      "type": "Feature",
      "id": "text17297",
      "geometry": {
        "type": "Point",
        "coordinates": [
          -14.95703,
          47.356403
        ]
      },
      "properties": {
        "id": "text17297",
        "name": "Barbosa",
        "category": "settlement",
        "dataset": "estalia",
        "in_gazetteer": true,
        "type": null,
        "region": "Estalia",
        "province": null,
        "estate": null,
        "population": 3000,
        "population_estimated": false,
        "size_category": 3,
        "trade": null,
        "source": "Man O' War: Corsair (PC Game)",
        "tags": [],
        "notes": [],
        "history": {
          "province_2512": null,
          "province_2276": null,
          "ruler_2515": null,
          "ruler_2512": null,
          "ruler_2276": null
        },
        "wiki": {
          "title": null,
          "url": null,
          "description": null,
          "image": null
        },
        "svg_layer": "Estalia"
      }
    },
    {
      "type": "Feature",
      "id": "text17298",
      "geometry": {
        "type": "Point",
        "coordinates": [
          -13.15104,
          46.6676
        ]
      },
      "properties": {
        "id": "text17298",
        "name": "Alquézar",
        "category": "settlement",
        "dataset": "estalia",
        "in_gazetteer": true,
        "type": null,
        "region": "Estalia",
        "province": null,
        "estate": null,
        "population": 3000,
        "population_estimated": false,
        "size_category": 3,
        "trade": null,
        "source": "Man O' War: Corsair (PC Game)",
        "tags": [],
        "notes": [],
        "history": {
          "province_2512": null,
          "province_2276": null,
          "ruler_2515": null,
          "ruler_2512": null,
          "ruler_2276": null
        },
        "wiki": {
          "title": null,
          "url": null,
          "description": null,
          "image": null
        },
        "svg_layer": "Estalia"
      }
    },
    {
      "type": "Feature",
      "id": "text17299",
      "geometry": {
        "type": "Point",
        "coordinates": [
          -11.968749,
          45.430622
        ]
      },
      "properties": {
        "id": "text17299",
        "name": "Vizcaya",
        "category": "settlement",
        "dataset": "estalia",
        "in_gazetteer": true,
        "type": null,
        "region": "Estalia",
        "province": null,
        "estate": null,
        "population": 3000,
        "population_estimated": false,
        "size_category": 3,
        "trade": null,
        "source": "Man O' War: Corsair (PC Game)",
        "tags": [],
        "notes": [],
        "history": {
          "province_2512": null,
          "province_2276": null,
          "ruler_2515": null,
          "ruler_2512": null,
          "ruler_2276": null
        },
        "wiki": {
          "title": null,
          "url": null,
          "description": null,
          "image": null
        },
        "svg_layer": "Estalia"
      }
    },
    {
      "type": "Feature",
      "id": "text17300",
      "geometry": {
        "type": "Point",
        "coordinates": [
          -12.415562,
          45.092172
        ]
      },
      "properties": {
        "id": "text17300",
        "name": "Azuara",
        "category": "settlement",
        "dataset": "estalia",
        "in_gazetteer": true,
        "type": null,
        "region": "Estalia",
        "province": null,
        "estate": null,
        "population": 3000,
        "population_estimated": false,
        "size_category": 3,
        "trade": null,
        "source": "Alfred \"MadAlfred\" Nuñez Jr. (unofficial)",
        "tags": [],
        "notes": [],
        "history": {
          "province_2512": null,
          "province_2276": null,
          "ruler_2515": null,
          "ruler_2512": null,
          "ruler_2276": null
        },
        "wiki": {
          "title": "Azuara",
          "url": "https://warhammerfantasy.fandom.com/wiki/Azuara",
          "description": "Azuara is a town of the Estalian Kingdom of Novareno.",
          "image": "https://static.wikia.nocookie.net/warhammerfb/images/b/b5/Novareno.png/revision/latest?cb=20250222183354"
        },
        "svg_layer": "Estalia"
      }
    },
    {
      "type": "Feature",
      "id": "text17301",
      "geometry": {
        "type": "Point",
        "coordinates": [
          -15.302293,
          46.701594
        ]
      },
      "properties": {
        "id": "text17301",
        "name": "Potes",
        "category": "settlement",
        "dataset": "estalia",
        "in_gazetteer": true,
        "type": null,
        "region": "Estalia",
        "province": null,
        "estate": null,
        "population": 3000,
        "population_estimated": false,
        "size_category": 3,
        "trade": null,
        "source": "Alfred \"MadAlfred\" Nuñez Jr. (unofficial)",
        "tags": [],
        "notes": [],
        "history": {
          "province_2512": null,
          "province_2276": null,
          "ruler_2515": null,
          "ruler_2512": null,
          "ruler_2276": null
        },
        "wiki": {
          "title": "Potes",
          "url": "https://warhammerfantasy.fandom.com/wiki/Potes",
          "description": "Potes is a town of the Estalian Kingdom of Bilbali.",
          "image": "https://static.wikia.nocookie.net/warhammerfb/images/c/c9/Bilbali_01-25.png/revision/latest?cb=20250222182241"
        },
        "svg_layer": "Estalia"
      }
    },
    {
      "type": "Feature",
      "id": "text17302",
      "geometry": {
        "type": "Point",
        "coordinates": [
          -17.151022,
          46.117554
        ]
      },
      "properties": {
        "id": "text17302",
        "name": "Sahagún",
        "category": "settlement",
        "dataset": "estalia",
        "in_gazetteer": true,
        "type": null,
        "region": "Estalia",
        "province": null,
        "estate": null,
        "population": 3000,
        "population_estimated": false,
        "size_category": 3,
        "trade": null,
        "source": "Alfred \"MadAlfred\" Nuñez Jr. (unofficial)",
        "tags": [],
        "notes": [],
        "history": {
          "province_2512": null,
          "province_2276": null,
          "ruler_2515": null,
          "ruler_2512": null,
          "ruler_2276": null
        },
        "wiki": {
          "title": "Sahagún",
          "url": "https://warhammerfantasy.fandom.com/wiki/Sahag%C3%BAn",
          "description": "Sahagún is a town of the Estalian Kingdom of Obregon located near the Céfiro Hills.",
          "image": "https://static.wikia.nocookie.net/warhammerfb/images/e/ee/Obregon_01-25.png/revision/latest?cb=20250222191544"
        },
        "svg_layer": "Estalia"
      }
    },
    {
      "type": "Feature",
      "id": "text17303",
      "geometry": {
        "type": "Point",
        "coordinates": [
          -18.276921,
          45.013272
        ]
      },
      "properties": {
        "id": "text17303",
        "name": "Diamantierra",
        "category": "settlement",
        "dataset": "estalia",
        "in_gazetteer": true,
        "type": null,
        "region": "Estalia",
        "province": null,
        "estate": null,
        "population": 6000,
        "population_estimated": false,
        "size_category": 4,
        "trade": null,
        "source": "Alfred \"MadAlfred\" Nuñez Jr. (unofficial)",
        "tags": [],
        "notes": [],
        "history": {
          "province_2512": null,
          "province_2276": null,
          "ruler_2515": null,
          "ruler_2512": null,
          "ruler_2276": null
        },
        "wiki": {
          "title": null,
          "url": null,
          "description": null,
          "image": null
        },
        "svg_layer": "Estalia"
      }
    },
    {
      "type": "Feature",
      "id": "text17305",
      "geometry": {
        "type": "Point",
        "coordinates": [
          -19.210937,
          43.818642
        ]
      },
      "properties": {
        "id": "text17305",
        "name": "Verín",
        "category": "settlement",
        "dataset": "estalia",
        "in_gazetteer": true,
        "type": null,
        "region": "Estalia",
        "province": null,
        "estate": null,
        "population": 3000,
        "population_estimated": false,
        "size_category": 3,
        "trade": null,
        "source": "Alfred \"MadAlfred\" Nuñez Jr. (unofficial)",
        "tags": [],
        "notes": [],
        "history": {
          "province_2512": null,
          "province_2276": null,
          "ruler_2515": null,
          "ruler_2512": null,
          "ruler_2276": null
        },
        "wiki": {
          "title": "Verin",
          "url": "https://warhammerfantasy.fandom.com/wiki/Verin",
          "description": "Verin is a town of the Estalian Kingdom of Obregon.",
          "image": "https://static.wikia.nocookie.net/warhammerfb/images/e/ee/Obregon_01-25.png/revision/latest?cb=20250222191544"
        },
        "svg_layer": "Estalia"
      }
    },
    {
      "type": "Feature",
      "id": "text17306",
      "geometry": {
        "type": "Point",
        "coordinates": [
          -15.447916,
          45.2926
        ]
      },
      "properties": {
        "id": "text17306",
        "name": "Las Borgas",
        "category": "settlement",
        "dataset": "estalia",
        "in_gazetteer": true,
        "type": null,
        "region": "Estalia",
        "province": null,
        "estate": null,
        "population": 3000,
        "population_estimated": false,
        "size_category": 3,
        "trade": null,
        "source": "Alfred \"MadAlfred\" Nuñez Jr. (unofficial)",
        "tags": [],
        "notes": [],
        "history": {
          "province_2512": null,
          "province_2276": null,
          "ruler_2515": null,
          "ruler_2512": null,
          "ruler_2276": null
        },
        "wiki": {
          "title": null,
          "url": null,
          "description": null,
          "image": null
        },
        "svg_layer": "Estalia"
      }
    },
    {
      "type": "Feature",
      "id": "text17307",
      "geometry": {
        "type": "Point",
        "coordinates": [
          -15.036457,
          44.625934
        ]
      },
      "properties": {
        "id": "text17307",
        "name": "Rías",
        "category": "settlement",
        "dataset": "estalia",
        "in_gazetteer": false,
        "type": null,
        "region": "Estalia",
        "province": null,
        "estate": null,
        "population": 70,
        "population_estimated": true,
        "size_category": 1,
        "trade": null,
        "source": null,
        "tags": [],
        "notes": [],
        "history": {
          "province_2512": null,
          "province_2276": null,
          "ruler_2515": null,
          "ruler_2512": null,
          "ruler_2276": null
        },
        "wiki": {
          "title": null,
          "url": null,
          "description": null,
          "image": null
        },
        "svg_layer": "Estalia"
      }
    },
    {
      "type": "Feature",
      "id": "text17308",
      "geometry": {
        "type": "Point",
        "coordinates": [
          -14.244791,
          44.500933
        ]
      },
      "properties": {
        "id": "text17308",
        "name": "Llançà",
        "category": "settlement",
        "dataset": "estalia",
        "in_gazetteer": false,
        "type": null,
        "region": "Estalia",
        "province": null,
        "estate": null,
        "population": 271,
        "population_estimated": true,
        "size_category": 1,
        "trade": null,
        "source": null,
        "tags": [],
        "notes": [],
        "history": {
          "province_2512": null,
          "province_2276": null,
          "ruler_2515": null,
          "ruler_2512": null,
          "ruler_2276": null
        },
        "wiki": {
          "title": null,
          "url": null,
          "description": null,
          "image": null
        },
        "svg_layer": "Estalia"
      }
    },
    {
      "type": "Feature",
      "id": "text17309",
      "geometry": {
        "type": "Point",
        "coordinates": [
          -13.119791,
          44.26135
        ]
      },
      "properties": {
        "id": "text17309",
        "name": "Bajena",
        "category": "settlement",
        "dataset": "estalia",
        "in_gazetteer": true,
        "type": null,
        "region": "Estalia",
        "province": null,
        "estate": null,
        "population": 3000,
        "population_estimated": false,
        "size_category": 3,
        "trade": null,
        "source": "Alfred \"MadAlfred\" Nuñez Jr. (unofficial)",
        "tags": [],
        "notes": [],
        "history": {
          "province_2512": null,
          "province_2276": null,
          "ruler_2515": null,
          "ruler_2512": null,
          "ruler_2276": null
        },
        "wiki": {
          "title": null,
          "url": null,
          "description": null,
          "image": null
        },
        "svg_layer": "Estalia"
      }
    },
    {
      "type": "Feature",
      "id": "text17310",
      "geometry": {
        "type": "Point",
        "coordinates": [
          -11.828124,
          43.763955
        ]
      },
      "properties": {
        "id": "text17310",
        "name": "Guadanar",
        "category": "settlement",
        "dataset": "estalia",
        "in_gazetteer": true,
        "type": null,
        "region": "Estalia",
        "province": null,
        "estate": null,
        "population": 3000,
        "population_estimated": false,
        "size_category": 3,
        "trade": null,
        "source": "Alfred \"MadAlfred\" Nuñez Jr. (unofficial)",
        "tags": [],
        "notes": [],
        "history": {
          "province_2512": null,
          "province_2276": null,
          "ruler_2515": null,
          "ruler_2512": null,
          "ruler_2276": null
        },
        "wiki": {
          "title": null,
          "url": null,
          "description": null,
          "image": null
        },
        "svg_layer": "Estalia"
      }
    },
    {
      "type": "Feature",
      "id": "text17311",
      "geometry": {
        "type": "Point",
        "coordinates": [
          -13.786458,
          43.138955
        ]
      },
      "properties": {
        "id": "text17311",
        "name": "Sierpes",
        "category": "settlement",
        "dataset": "estalia",
        "in_gazetteer": true,
        "type": null,
        "region": "Estalia",
        "province": null,
        "estate": null,
        "population": 3000,
        "population_estimated": false,
        "size_category": 3,
        "trade": null,
        "source": "Alfred \"MadAlfred\" Nuñez Jr. (unofficial)",
        "tags": [],
        "notes": [],
        "history": {
          "province_2512": null,
          "province_2276": null,
          "ruler_2515": null,
          "ruler_2512": null,
          "ruler_2276": null
        },
        "wiki": {
          "title": null,
          "url": null,
          "description": null,
          "image": null
        },
        "svg_layer": "Estalia"
      }
    },
    {
      "type": "Feature",
      "id": "text17312",
      "geometry": {
        "type": "Point",
        "coordinates": [
          -14.902643,
          42.189797
        ]
      },
      "properties": {
        "id": "text17312",
        "name": "Molinero",
        "category": "settlement",
        "dataset": "estalia",
        "in_gazetteer": true,
        "type": null,
        "region": "Estalia",
        "province": null,
        "estate": null,
        "population": 3000,
        "population_estimated": false,
        "size_category": 3,
        "trade": null,
        "source": "Alfred \"MadAlfred\" Nuñez Jr. (unofficial)",
        "tags": [],
        "notes": [],
        "history": {
          "province_2512": null,
          "province_2276": null,
          "ruler_2515": null,
          "ruler_2512": null,
          "ruler_2276": null
        },
        "wiki": {
          "title": null,
          "url": null,
          "description": null,
          "image": null
        },
        "svg_layer": "Estalia"
      }
    },
    {
      "type": "Feature",
      "id": "text17313",
      "geometry": {
        "type": "Point",
        "coordinates": [
          -16.874807,
          42.915319
        ]
      },
      "properties": {
        "id": "text17313",
        "name": "Cebreros",
        "category": "settlement",
        "dataset": "estalia",
        "in_gazetteer": true,
        "type": null,
        "region": "Estalia",
        "province": null,
        "estate": null,
        "population": 3000,
        "population_estimated": false,
        "size_category": 3,
        "trade": null,
        "source": "Alfred \"MadAlfred\" Nuñez Jr. (unofficial)",
        "tags": [],
        "notes": [],
        "history": {
          "province_2512": null,
          "province_2276": null,
          "ruler_2515": null,
          "ruler_2512": null,
          "ruler_2276": null
        },
        "wiki": {
          "title": "Cebreros",
          "url": "https://warhammerfantasy.fandom.com/wiki/Cebreros",
          "description": "Cebreros is a town of the Estalian Kingdom of Magritta.",
          "image": "https://static.wikia.nocookie.net/warhammerfb/images/7/7e/Magritta_01-25.png/revision/latest?cb=20250222185935"
        },
        "svg_layer": "Estalia"
      }
    },
    {
      "type": "Feature",
      "id": "text17314",
      "geometry": {
        "type": "Point",
        "coordinates": [
          -19.404926,
          42.615168
        ]
      },
      "properties": {
        "id": "text17314",
        "name": "Jaraíz",
        "category": "settlement",
        "dataset": "estalia",
        "in_gazetteer": true,
        "type": null,
        "region": "Estalia",
        "province": null,
        "estate": null,
        "population": 3000,
        "population_estimated": false,
        "size_category": 3,
        "trade": null,
        "source": "Alfred \"MadAlfred\" Nuñez Jr. (unofficial)",
        "tags": [],
        "notes": [],
        "history": {
          "province_2512": null,
          "province_2276": null,
          "ruler_2515": null,
          "ruler_2512": null,
          "ruler_2276": null
        },
        "wiki": {
          "title": "Jaraiz",
          "url": "https://warhammerfantasy.fandom.com/wiki/Jaraiz",
          "description": "Jaraiz is a town of the Estalian Kingdom of Obregon.",
          "image": "https://static.wikia.nocookie.net/warhammerfb/images/e/ee/Obregon_01-25.png/revision/latest?cb=20250222191544"
        },
        "svg_layer": "Estalia"
      }
    },
    {
      "type": "Feature",
      "id": "text370",
      "geometry": {
        "type": "Point",
        "coordinates": [
          -11.338225,
          40.799211
        ]
      },
      "properties": {
        "id": "text370",
        "name": "Solsona",
        "category": "settlement",
        "dataset": "estalia",
        "in_gazetteer": true,
        "type": null,
        "region": "Estalia",
        "province": null,
        "estate": null,
        "population": 226,
        "population_estimated": true,
        "size_category": 1,
        "trade": null,
        "source": "Swords of the South Estalia Supplement (unofficial)",
        "tags": [],
        "notes": [],
        "history": {
          "province_2512": null,
          "province_2276": null,
          "ruler_2515": null,
          "ruler_2512": null,
          "ruler_2276": null
        },
        "wiki": {
          "title": "Solsona",
          "url": "https://warhammerfantasy.fandom.com/wiki/Solsona",
          "description": "Solsona is a town of the Estalian kingdom of Cantonia.",
          "image": "https://static.wikia.nocookie.net/warhammerfb/images/d/d6/Cantonia_01-25.png/revision/latest?cb=20250222192731"
        },
        "svg_layer": "Estalia"
      }
    },
    {
      "type": "Feature",
      "id": "text371",
      "geometry": {
        "type": "Point",
        "coordinates": [
          -10.706789,
          42.049231
        ]
      },
      "properties": {
        "id": "text371",
        "name": "Ragaños",
        "category": "settlement",
        "dataset": "estalia",
        "in_gazetteer": true,
        "type": null,
        "region": "Estalia",
        "province": null,
        "estate": null,
        "population": 192,
        "population_estimated": true,
        "size_category": 1,
        "trade": null,
        "source": "Swords of the South Estalia Supplement (unofficial)",
        "tags": [],
        "notes": [],
        "history": {
          "province_2512": null,
          "province_2276": null,
          "ruler_2515": null,
          "ruler_2512": null,
          "ruler_2276": null
        },
        "wiki": {
          "title": "Ragaños",
          "url": "https://warhammerfantasy.fandom.com/wiki/Raga%C3%B1os",
          "description": "Ragaños is a town of the Estalian kingdom of Cantonia.",
          "image": "https://static.wikia.nocookie.net/warhammerfb/images/d/d6/Cantonia_01-25.png/revision/latest?cb=20250222192731"
        },
        "svg_layer": "Estalia"
      }
    },
    {
      "type": "Feature",
      "id": "copy_text_11994",
      "geometry": {
        "type": "Point",
        "coordinates": [
          -11.153249,
          45.350196
        ]
      },
      "properties": {
        "id": "copy_text_11994",
        "name": "Graus",
        "category": "settlement",
        "dataset": "estalia",
        "in_gazetteer": true,
        "type": null,
        "region": "Estalia",
        "province": null,
        "estate": null,
        "population": 3000,
        "population_estimated": false,
        "size_category": 3,
        "trade": null,
        "source": "Man O' War: Corsair (PC Game)",
        "tags": [],
        "notes": [],
        "history": {
          "province_2512": null,
          "province_2276": null,
          "ruler_2515": null,
          "ruler_2512": null,
          "ruler_2276": null
        },
        "wiki": {
          "title": "Graus",
          "url": "https://warhammerfantasy.fandom.com/wiki/Graus",
          "description": "Graus is a village located in the Estalian Kingdom of Novareno, on the shore of the Bay of Brionne.",
          "image": "https://static.wikia.nocookie.net/warhammerfb/images/b/b5/Novareno.png/revision/latest?cb=20250222183354"
        },
        "svg_layer": "Estalia"
      }
    },
    {
      "type": "Feature",
      "id": "text52",
      "geometry": {
        "type": "Point",
        "coordinates": [
          -13.796806,
          36.870293
        ]
      },
      "properties": {
        "id": "text52",
        "name": "Santa Bernadette",
        "category": "settlement",
        "dataset": "estalia",
        "in_gazetteer": true,
        "type": null,
        "region": "Estalia",
        "province": null,
        "estate": null,
        "population": 3000,
        "population_estimated": false,
        "size_category": 3,
        "trade": null,
        "source": "Man O' War: Corsair (PC Game)",
        "tags": [],
        "notes": [],
        "history": {
          "province_2512": null,
          "province_2276": null,
          "ruler_2515": null,
          "ruler_2512": null,
          "ruler_2276": null
        },
        "wiki": {
          "title": "Santa Bernadette",
          "url": "https://warhammerfantasy.fandom.com/wiki/Santa_Bernadette",
          "description": "Santa Bernadette is located in the Southern Littoral of Estalia, nine days of navigation southwest of Porto Real, among the last thickets of green islets before the bony expanses of the bare atolls and daggers that emerge at the edge of the Known Land and herald the great, dark oceans of the mysterious west. The freeport of Santa Bernadette is one of the few places assumed in a first moment to be free from the raids of the Butcher Ship in the island chain of the Estalian Littoral. Or at least the only place of any real size.",
          "image": null
        },
        "svg_layer": "Estalia"
      }
    },
    {
      "type": "Feature",
      "id": "text53",
      "geometry": {
        "type": "Point",
        "coordinates": [
          -13.197916,
          46.93583
        ]
      },
      "properties": {
        "id": "text53",
        "name": "Myrnostia",
        "category": "settlement",
        "dataset": "estalia",
        "in_gazetteer": false,
        "type": null,
        "region": "Estalia",
        "province": null,
        "estate": null,
        "population": 102,
        "population_estimated": true,
        "size_category": 1,
        "trade": null,
        "source": null,
        "tags": [],
        "notes": [],
        "history": {
          "province_2512": null,
          "province_2276": null,
          "ruler_2515": null,
          "ruler_2512": null,
          "ruler_2276": null
        },
        "wiki": {
          "title": null,
          "url": null,
          "description": null,
          "image": null
        },
        "svg_layer": "Estalia"
      }
    },
    {
      "type": "Feature",
      "id": "text54",
      "geometry": {
        "type": "Point",
        "coordinates": [
          -15.534251,
          42.926367
        ]
      },
      "properties": {
        "id": "text54",
        "name": "Astorias",
        "category": "settlement",
        "dataset": "estalia",
        "in_gazetteer": true,
        "type": null,
        "region": "Estalia",
        "province": null,
        "estate": null,
        "population": 3000,
        "population_estimated": false,
        "size_category": 3,
        "trade": null,
        "source": "White Dwarf 117",
        "tags": [],
        "notes": [],
        "history": {
          "province_2512": null,
          "province_2276": null,
          "ruler_2515": null,
          "ruler_2512": null,
          "ruler_2276": null
        },
        "wiki": {
          "title": "Astorias",
          "url": "https://warhammerfantasy.fandom.com/wiki/Astorias",
          "description": "Astorias is a town plagued by the infamous Chaos Spawn known as El Phantazi.",
          "image": "https://static.wikia.nocookie.net/warhammerfb/images/3/30/Map_of_Estalia_Warhammer_The_Old_World_21.01.25.png/revision/latest?cb=20250125124933"
        },
        "svg_layer": "Estalia"
      }
    },
    {
      "type": "Feature",
      "id": "text99",
      "geometry": {
        "type": "Point",
        "coordinates": [
          -12.179114,
          44.995428
        ]
      },
      "properties": {
        "id": "text99",
        "name": "Orgal",
        "category": "settlement",
        "dataset": "estalia",
        "in_gazetteer": false,
        "type": null,
        "region": "Estalia",
        "province": null,
        "estate": null,
        "population": 164,
        "population_estimated": true,
        "size_category": 1,
        "trade": null,
        "source": null,
        "tags": [],
        "notes": [],
        "history": {
          "province_2512": null,
          "province_2276": null,
          "ruler_2515": null,
          "ruler_2512": null,
          "ruler_2276": null
        },
        "wiki": {
          "title": null,
          "url": null,
          "description": null,
          "image": null
        },
        "svg_layer": "Estalia"
      }
    },
    {
      "type": "Feature",
      "id": "text100",
      "geometry": {
        "type": "Point",
        "coordinates": [
          -12.148092,
          45.135542
        ]
      },
      "properties": {
        "id": "text100",
        "name": "Papial",
        "category": "settlement",
        "dataset": "estalia",
        "in_gazetteer": false,
        "type": null,
        "region": "Estalia",
        "province": null,
        "estate": null,
        "population": 111,
        "population_estimated": true,
        "size_category": 1,
        "trade": null,
        "source": null,
        "tags": [],
        "notes": [],
        "history": {
          "province_2512": null,
          "province_2276": null,
          "ruler_2515": null,
          "ruler_2512": null,
          "ruler_2276": null
        },
        "wiki": {
          "title": null,
          "url": null,
          "description": null,
          "image": null
        },
        "svg_layer": "Estalia"
      }
    },
    {
      "type": "Feature",
      "id": "text101",
      "geometry": {
        "type": "Point",
        "coordinates": [
          -12.061327,
          44.602064
        ]
      },
      "properties": {
        "id": "text101",
        "name": "Ciudadela",
        "category": "settlement",
        "dataset": "estalia",
        "in_gazetteer": false,
        "type": null,
        "region": "Estalia",
        "province": null,
        "estate": null,
        "population": 220,
        "population_estimated": true,
        "size_category": 1,
        "trade": null,
        "source": null,
        "tags": [],
        "notes": [],
        "history": {
          "province_2512": null,
          "province_2276": null,
          "ruler_2515": null,
          "ruler_2512": null,
          "ruler_2276": null
        },
        "wiki": {
          "title": null,
          "url": null,
          "description": null,
          "image": null
        },
        "svg_layer": "Estalia"
      }
    },
    {
      "type": "Feature",
      "id": "text103",
      "geometry": {
        "type": "Point",
        "coordinates": [
          -11.76946,
          44.349788
        ]
      },
      "properties": {
        "id": "text103",
        "name": "Albreda",
        "category": "settlement",
        "dataset": "estalia",
        "in_gazetteer": false,
        "type": null,
        "region": "Estalia",
        "province": null,
        "estate": null,
        "population": 104,
        "population_estimated": true,
        "size_category": 1,
        "trade": null,
        "source": null,
        "tags": [],
        "notes": [],
        "history": {
          "province_2512": null,
          "province_2276": null,
          "ruler_2515": null,
          "ruler_2512": null,
          "ruler_2276": null
        },
        "wiki": {
          "title": null,
          "url": null,
          "description": null,
          "image": null
        },
        "svg_layer": "Estalia"
      }
    },
    {
      "type": "Feature",
      "id": "text104",
      "geometry": {
        "type": "Point",
        "coordinates": [
          -11.679037,
          43.374635
        ]
      },
      "properties": {
        "id": "text104",
        "name": "San Stefano",
        "category": "settlement",
        "dataset": "estalia",
        "in_gazetteer": false,
        "type": null,
        "region": "Estalia",
        "province": null,
        "estate": null,
        "population": 112,
        "population_estimated": true,
        "size_category": 1,
        "trade": null,
        "source": null,
        "tags": [],
        "notes": [],
        "history": {
          "province_2512": null,
          "province_2276": null,
          "ruler_2515": null,
          "ruler_2512": null,
          "ruler_2276": null
        },
        "wiki": {
          "title": null,
          "url": null,
          "description": null,
          "image": null
        },
        "svg_layer": "Estalia"
      }
    },
    {
      "type": "Feature",
      "id": "text105",
      "geometry": {
        "type": "Point",
        "coordinates": [
          -11.560547,
          43.227499
        ]
      },
      "properties": {
        "id": "text105",
        "name": "Pasa",
        "category": "settlement",
        "dataset": "estalia",
        "in_gazetteer": false,
        "type": null,
        "region": "Estalia",
        "province": null,
        "estate": null,
        "population": 99,
        "population_estimated": true,
        "size_category": 1,
        "trade": null,
        "source": null,
        "tags": [],
        "notes": [],
        "history": {
          "province_2512": null,
          "province_2276": null,
          "ruler_2515": null,
          "ruler_2512": null,
          "ruler_2276": null
        },
        "wiki": {
          "title": null,
          "url": null,
          "description": null,
          "image": null
        },
        "svg_layer": "Estalia"
      }
    },
    {
      "type": "Feature",
      "id": "text106",
      "geometry": {
        "type": "Point",
        "coordinates": [
          -11.640562,
          45.54119
        ]
      },
      "properties": {
        "id": "text106",
        "name": "Anizares",
        "category": "settlement",
        "dataset": "estalia",
        "in_gazetteer": false,
        "type": null,
        "region": "Estalia",
        "province": null,
        "estate": null,
        "population": 138,
        "population_estimated": true,
        "size_category": 1,
        "trade": null,
        "source": null,
        "tags": [],
        "notes": [],
        "history": {
          "province_2512": null,
          "province_2276": null,
          "ruler_2515": null,
          "ruler_2512": null,
          "ruler_2276": null
        },
        "wiki": {
          "title": null,
          "url": null,
          "description": null,
          "image": null
        },
        "svg_layer": "Estalia"
      }
    },
    {
      "type": "Feature",
      "id": "text107",
      "geometry": {
        "type": "Point",
        "coordinates": [
          -11.54678,
          45.232602
        ]
      },
      "properties": {
        "id": "text107",
        "name": "Padernas",
        "category": "settlement",
        "dataset": "estalia",
        "in_gazetteer": false,
        "type": null,
        "region": "Estalia",
        "province": null,
        "estate": null,
        "population": 173,
        "population_estimated": true,
        "size_category": 1,
        "trade": null,
        "source": null,
        "tags": [],
        "notes": [],
        "history": {
          "province_2512": null,
          "province_2276": null,
          "ruler_2515": null,
          "ruler_2512": null,
          "ruler_2276": null
        },
        "wiki": {
          "title": null,
          "url": null,
          "description": null,
          "image": null
        },
        "svg_layer": "Estalia"
      }
    },
    {
      "type": "Feature",
      "id": "text108",
      "geometry": {
        "type": "Point",
        "coordinates": [
          -11.390128,
          45.366255
        ]
      },
      "properties": {
        "id": "text108",
        "name": "Torolona",
        "category": "settlement",
        "dataset": "estalia",
        "in_gazetteer": false,
        "type": null,
        "region": "Estalia",
        "province": null,
        "estate": null,
        "population": 347,
        "population_estimated": true,
        "size_category": 2,
        "trade": null,
        "source": null,
        "tags": [],
        "notes": [],
        "history": {
          "province_2512": null,
          "province_2276": null,
          "ruler_2515": null,
          "ruler_2512": null,
          "ruler_2276": null
        },
        "wiki": {
          "title": null,
          "url": null,
          "description": null,
          "image": null
        },
        "svg_layer": "Estalia"
      }
    },
    {
      "type": "Feature",
      "id": "text109",
      "geometry": {
        "type": "Point",
        "coordinates": [
          -11.307292,
          45.201454
        ]
      },
      "properties": {
        "id": "text109",
        "name": "Castillo Franco",
        "category": "settlement",
        "dataset": "estalia",
        "in_gazetteer": false,
        "type": null,
        "region": "Estalia",
        "province": null,
        "estate": null,
        "population": 161,
        "population_estimated": true,
        "size_category": 1,
        "trade": null,
        "source": null,
        "tags": [],
        "notes": [],
        "history": {
          "province_2512": null,
          "province_2276": null,
          "ruler_2515": null,
          "ruler_2512": null,
          "ruler_2276": null
        },
        "wiki": {
          "title": null,
          "url": null,
          "description": null,
          "image": null
        },
        "svg_layer": "Estalia"
      }
    },
    {
      "type": "Feature",
      "id": "text110",
      "geometry": {
        "type": "Point",
        "coordinates": [
          -11.475261,
          44.663695
        ]
      },
      "properties": {
        "id": "text110",
        "name": "San Fernando",
        "category": "settlement",
        "dataset": "estalia",
        "in_gazetteer": false,
        "type": null,
        "region": "Estalia",
        "province": null,
        "estate": null,
        "population": 137,
        "population_estimated": true,
        "size_category": 1,
        "trade": null,
        "source": null,
        "tags": [],
        "notes": [],
        "history": {
          "province_2512": null,
          "province_2276": null,
          "ruler_2515": null,
          "ruler_2512": null,
          "ruler_2276": null
        },
        "wiki": {
          "title": null,
          "url": null,
          "description": null,
          "image": null
        },
        "svg_layer": "Estalia"
      }
    },
    {
      "type": "Feature",
      "id": "text111",
      "geometry": {
        "type": "Point",
        "coordinates": [
          -11.411459,
          44.84859
        ]
      },
      "properties": {
        "id": "text111",
        "name": "Bellesta",
        "category": "settlement",
        "dataset": "estalia",
        "in_gazetteer": false,
        "type": null,
        "region": "Estalia",
        "province": null,
        "estate": null,
        "population": 78,
        "population_estimated": true,
        "size_category": 1,
        "trade": null,
        "source": null,
        "tags": [],
        "notes": [],
        "history": {
          "province_2512": null,
          "province_2276": null,
          "ruler_2515": null,
          "ruler_2512": null,
          "ruler_2276": null
        },
        "wiki": {
          "title": null,
          "url": null,
          "description": null,
          "image": null
        },
        "svg_layer": "Estalia"
      }
    },
    {
      "type": "Feature",
      "id": "text112",
      "geometry": {
        "type": "Point",
        "coordinates": [
          -12.923177,
          44.228799
        ]
      },
      "properties": {
        "id": "text112",
        "name": "Trebido",
        "category": "settlement",
        "dataset": "estalia",
        "in_gazetteer": false,
        "type": null,
        "region": "Estalia",
        "province": null,
        "estate": null,
        "population": 217,
        "population_estimated": true,
        "size_category": 1,
        "trade": null,
        "source": null,
        "tags": [],
        "notes": [],
        "history": {
          "province_2512": null,
          "province_2276": null,
          "ruler_2515": null,
          "ruler_2512": null,
          "ruler_2276": null
        },
        "wiki": {
          "title": null,
          "url": null,
          "description": null,
          "image": null
        },
        "svg_layer": "Estalia"
      }
    },
    {
      "type": "Feature",
      "id": "text113",
      "geometry": {
        "type": "Point",
        "coordinates": [
          -12.92448,
          44.430621
        ]
      },
      "properties": {
        "id": "text113",
        "name": "Tredate",
        "category": "settlement",
        "dataset": "estalia",
        "in_gazetteer": false,
        "type": null,
        "region": "Estalia",
        "province": null,
        "estate": null,
        "population": 498,
        "population_estimated": true,
        "size_category": 2,
        "trade": null,
        "source": null,
        "tags": [],
        "notes": [],
        "history": {
          "province_2512": null,
          "province_2276": null,
          "ruler_2515": null,
          "ruler_2512": null,
          "ruler_2276": null
        },
        "wiki": {
          "title": null,
          "url": null,
          "description": null,
          "image": null
        },
        "svg_layer": "Estalia"
      }
    },
    {
      "type": "Feature",
      "id": "text114",
      "geometry": {
        "type": "Point",
        "coordinates": [
          -12.863281,
          44.472289
        ]
      },
      "properties": {
        "id": "text114",
        "name": "Nundido",
        "category": "settlement",
        "dataset": "estalia",
        "in_gazetteer": false,
        "type": null,
        "region": "Estalia",
        "province": null,
        "estate": null,
        "population": 98,
        "population_estimated": true,
        "size_category": 1,
        "trade": null,
        "source": null,
        "tags": [],
        "notes": [],
        "history": {
          "province_2512": null,
          "province_2276": null,
          "ruler_2515": null,
          "ruler_2512": null,
          "ruler_2276": null
        },
        "wiki": {
          "title": null,
          "url": null,
          "description": null,
          "image": null
        },
        "svg_layer": "Estalia"
      }
    },
    {
      "type": "Feature",
      "id": "text115",
      "geometry": {
        "type": "Point",
        "coordinates": [
          -12.225261,
          44.338173
        ]
      },
      "properties": {
        "id": "text115",
        "name": "Ruferto",
        "category": "settlement",
        "dataset": "estalia",
        "in_gazetteer": false,
        "type": null,
        "region": "Estalia",
        "province": null,
        "estate": null,
        "population": 74,
        "population_estimated": true,
        "size_category": 1,
        "trade": null,
        "source": null,
        "tags": [],
        "notes": [],
        "history": {
          "province_2512": null,
          "province_2276": null,
          "ruler_2515": null,
          "ruler_2512": null,
          "ruler_2276": null
        },
        "wiki": {
          "title": null,
          "url": null,
          "description": null,
          "image": null
        },
        "svg_layer": "Estalia"
      }
    },
    {
      "type": "Feature",
      "id": "text116",
      "geometry": {
        "type": "Point",
        "coordinates": [
          -12.485677,
          44.412392
        ]
      },
      "properties": {
        "id": "text116",
        "name": "Belada",
        "category": "settlement",
        "dataset": "estalia",
        "in_gazetteer": false,
        "type": null,
        "region": "Estalia",
        "province": null,
        "estate": null,
        "population": 239,
        "population_estimated": true,
        "size_category": 1,
        "trade": null,
        "source": null,
        "tags": [],
        "notes": [],
        "history": {
          "province_2512": null,
          "province_2276": null,
          "ruler_2515": null,
          "ruler_2512": null,
          "ruler_2276": null
        },
        "wiki": {
          "title": null,
          "url": null,
          "description": null,
          "image": null
        },
        "svg_layer": "Estalia"
      }
    },
    {
      "type": "Feature",
      "id": "text117",
      "geometry": {
        "type": "Point",
        "coordinates": [
          -12.375001,
          44.114215
        ]
      },
      "properties": {
        "id": "text117",
        "name": "Navaz",
        "category": "settlement",
        "dataset": "estalia",
        "in_gazetteer": false,
        "type": null,
        "region": "Estalia",
        "province": null,
        "estate": null,
        "population": 264,
        "population_estimated": true,
        "size_category": 1,
        "trade": null,
        "source": null,
        "tags": [],
        "notes": [],
        "history": {
          "province_2512": null,
          "province_2276": null,
          "ruler_2515": null,
          "ruler_2512": null,
          "ruler_2276": null
        },
        "wiki": {
          "title": null,
          "url": null,
          "description": null,
          "image": null
        },
        "svg_layer": "Estalia"
      }
    },
    {
      "type": "Feature",
      "id": "text118",
      "geometry": {
        "type": "Point",
        "coordinates": [
          -12.130208,
          44.446246
        ]
      },
      "properties": {
        "id": "text118",
        "name": "Caberno",
        "category": "settlement",
        "dataset": "estalia",
        "in_gazetteer": false,
        "type": null,
        "region": "Estalia",
        "province": null,
        "estate": null,
        "population": 77,
        "population_estimated": true,
        "size_category": 1,
        "trade": null,
        "source": null,
        "tags": [],
        "notes": [],
        "history": {
          "province_2512": null,
          "province_2276": null,
          "ruler_2515": null,
          "ruler_2512": null,
          "ruler_2276": null
        },
        "wiki": {
          "title": null,
          "url": null,
          "description": null,
          "image": null
        },
        "svg_layer": "Estalia"
      }
    },
    {
      "type": "Feature",
      "id": "text119",
      "geometry": {
        "type": "Point",
        "coordinates": [
          -12.200522,
          44.719683
        ]
      },
      "properties": {
        "id": "text119",
        "name": "Hamasollo",
        "category": "settlement",
        "dataset": "estalia",
        "in_gazetteer": false,
        "type": null,
        "region": "Estalia",
        "province": null,
        "estate": null,
        "population": 103,
        "population_estimated": true,
        "size_category": 1,
        "trade": null,
        "source": null,
        "tags": [],
        "notes": [],
        "history": {
          "province_2512": null,
          "province_2276": null,
          "ruler_2515": null,
          "ruler_2512": null,
          "ruler_2276": null
        },
        "wiki": {
          "title": null,
          "url": null,
          "description": null,
          "image": null
        },
        "svg_layer": "Estalia"
      }
    },
    {
      "type": "Feature",
      "id": "text120",
      "geometry": {
        "type": "Point",
        "coordinates": [
          -11.977865,
          45.61161
        ]
      },
      "properties": {
        "id": "text120",
        "name": "Redana",
        "category": "settlement",
        "dataset": "estalia",
        "in_gazetteer": false,
        "type": null,
        "region": "Estalia",
        "province": null,
        "estate": null,
        "population": 72,
        "population_estimated": true,
        "size_category": 1,
        "trade": null,
        "source": null,
        "tags": [],
        "notes": [],
        "history": {
          "province_2512": null,
          "province_2276": null,
          "ruler_2515": null,
          "ruler_2512": null,
          "ruler_2276": null
        },
        "wiki": {
          "title": null,
          "url": null,
          "description": null,
          "image": null
        },
        "svg_layer": "Estalia"
      }
    },
    {
      "type": "Feature",
      "id": "text121",
      "geometry": {
        "type": "Point",
        "coordinates": [
          -11.881511,
          45.753538
        ]
      },
      "properties": {
        "id": "text121",
        "name": "Roque-San-Cristobal",
        "category": "settlement",
        "dataset": "estalia",
        "in_gazetteer": false,
        "type": null,
        "region": "Estalia",
        "province": null,
        "estate": null,
        "population": 295,
        "population_estimated": true,
        "size_category": 1,
        "trade": null,
        "source": null,
        "tags": [],
        "notes": [],
        "history": {
          "province_2512": null,
          "province_2276": null,
          "ruler_2515": null,
          "ruler_2512": null,
          "ruler_2276": null
        },
        "wiki": {
          "title": null,
          "url": null,
          "description": null,
          "image": null
        },
        "svg_layer": "Estalia"
      }
    },
    {
      "type": "Feature",
      "id": "text122",
      "geometry": {
        "type": "Point",
        "coordinates": [
          -11.977341,
          46.0814
        ]
      },
      "properties": {
        "id": "text122",
        "name": "San Dinialo",
        "category": "settlement",
        "dataset": "estalia",
        "in_gazetteer": false,
        "type": null,
        "region": "Estalia",
        "province": null,
        "estate": null,
        "population": 156,
        "population_estimated": true,
        "size_category": 1,
        "trade": null,
        "source": null,
        "tags": [],
        "notes": [],
        "history": {
          "province_2512": null,
          "province_2276": null,
          "ruler_2515": null,
          "ruler_2512": null,
          "ruler_2276": null
        },
        "wiki": {
          "title": null,
          "url": null,
          "description": null,
          "image": null
        },
        "svg_layer": "Estalia"
      }
    },
    {
      "type": "Feature",
      "id": "text123",
      "geometry": {
        "type": "Point",
        "coordinates": [
          -12.126303,
          46.210569
        ]
      },
      "properties": {
        "id": "text123",
        "name": "Montesolmar",
        "category": "settlement",
        "dataset": "estalia",
        "in_gazetteer": false,
        "type": null,
        "region": "Estalia",
        "province": null,
        "estate": null,
        "population": 163,
        "population_estimated": true,
        "size_category": 1,
        "trade": null,
        "source": null,
        "tags": [],
        "notes": [],
        "history": {
          "province_2512": null,
          "province_2276": null,
          "ruler_2515": null,
          "ruler_2512": null,
          "ruler_2276": null
        },
        "wiki": {
          "title": null,
          "url": null,
          "description": null,
          "image": null
        },
        "svg_layer": "Estalia"
      }
    },
    {
      "type": "Feature",
      "id": "text124",
      "geometry": {
        "type": "Point",
        "coordinates": [
          -12.522136,
          46.118122
        ]
      },
      "properties": {
        "id": "text124",
        "name": "Tarasca",
        "category": "settlement",
        "dataset": "estalia",
        "in_gazetteer": false,
        "type": null,
        "region": "Estalia",
        "province": null,
        "estate": null,
        "population": 85,
        "population_estimated": true,
        "size_category": 1,
        "trade": null,
        "source": null,
        "tags": [],
        "notes": [],
        "history": {
          "province_2512": null,
          "province_2276": null,
          "ruler_2515": null,
          "ruler_2512": null,
          "ruler_2276": null
        },
        "wiki": {
          "title": null,
          "url": null,
          "description": null,
          "image": null
        },
        "svg_layer": "Estalia"
      }
    },
    {
      "type": "Feature",
      "id": "text125",
      "geometry": {
        "type": "Point",
        "coordinates": [
          -12.30599,
          46.124631
        ]
      },
      "properties": {
        "id": "text125",
        "name": "Sanfeliz",
        "category": "settlement",
        "dataset": "estalia",
        "in_gazetteer": false,
        "type": null,
        "region": "Estalia",
        "province": null,
        "estate": null,
        "population": 152,
        "population_estimated": true,
        "size_category": 1,
        "trade": null,
        "source": null,
        "tags": [],
        "notes": [],
        "history": {
          "province_2512": null,
          "province_2276": null,
          "ruler_2515": null,
          "ruler_2512": null,
          "ruler_2276": null
        },
        "wiki": {
          "title": null,
          "url": null,
          "description": null,
          "image": null
        },
        "svg_layer": "Estalia"
      }
    },
    {
      "type": "Feature",
      "id": "text126",
      "geometry": {
        "type": "Point",
        "coordinates": [
          -12.981771,
          46.569945
        ]
      },
      "properties": {
        "id": "text126",
        "name": "Dregano",
        "category": "settlement",
        "dataset": "estalia",
        "in_gazetteer": false,
        "type": null,
        "region": "Estalia",
        "province": null,
        "estate": null,
        "population": 100,
        "population_estimated": true,
        "size_category": 1,
        "trade": null,
        "source": null,
        "tags": [],
        "notes": [],
        "history": {
          "province_2512": null,
          "province_2276": null,
          "ruler_2515": null,
          "ruler_2512": null,
          "ruler_2276": null
        },
        "wiki": {
          "title": null,
          "url": null,
          "description": null,
          "image": null
        },
        "svg_layer": "Estalia"
      }
    },
    {
      "type": "Feature",
      "id": "text127",
      "geometry": {
        "type": "Point",
        "coordinates": [
          -12.609375,
          46.269164
        ]
      },
      "properties": {
        "id": "text127",
        "name": "Puerto Bajamar",
        "category": "settlement",
        "dataset": "estalia",
        "in_gazetteer": false,
        "type": null,
        "region": "Estalia",
        "province": null,
        "estate": null,
        "population": 190,
        "population_estimated": true,
        "size_category": 1,
        "trade": null,
        "source": null,
        "tags": [],
        "notes": [],
        "history": {
          "province_2512": null,
          "province_2276": null,
          "ruler_2515": null,
          "ruler_2512": null,
          "ruler_2276": null
        },
        "wiki": {
          "title": null,
          "url": null,
          "description": null,
          "image": null
        },
        "svg_layer": "Estalia"
      }
    },
    {
      "type": "Feature",
      "id": "text128",
      "geometry": {
        "type": "Point",
        "coordinates": [
          -12.666668,
          46.374632
        ]
      },
      "properties": {
        "id": "text128",
        "name": "Santo de Verna",
        "category": "settlement",
        "dataset": "estalia",
        "in_gazetteer": false,
        "type": null,
        "region": "Estalia",
        "province": null,
        "estate": null,
        "population": 203,
        "population_estimated": true,
        "size_category": 1,
        "trade": null,
        "source": null,
        "tags": [],
        "notes": [],
        "history": {
          "province_2512": null,
          "province_2276": null,
          "ruler_2515": null,
          "ruler_2512": null,
          "ruler_2276": null
        },
        "wiki": {
          "title": null,
          "url": null,
          "description": null,
          "image": null
        },
        "svg_layer": "Estalia"
      }
    },
    {
      "type": "Feature",
      "id": "text129",
      "geometry": {
        "type": "Point",
        "coordinates": [
          -11.831148,
          46.036532
        ]
      },
      "properties": {
        "id": "text129",
        "name": "Satorre",
        "category": "settlement",
        "dataset": "estalia",
        "in_gazetteer": false,
        "type": null,
        "region": "Estalia",
        "province": null,
        "estate": null,
        "population": 88,
        "population_estimated": true,
        "size_category": 1,
        "trade": null,
        "source": null,
        "tags": [],
        "notes": [],
        "history": {
          "province_2512": null,
          "province_2276": null,
          "ruler_2515": null,
          "ruler_2512": null,
          "ruler_2276": null
        },
        "wiki": {
          "title": null,
          "url": null,
          "description": null,
          "image": null
        },
        "svg_layer": "Estalia"
      }
    },
    {
      "type": "Feature",
      "id": "text130",
      "geometry": {
        "type": "Point",
        "coordinates": [
          -12.278758,
          45.745621
        ]
      },
      "properties": {
        "id": "text130",
        "name": "Balmaseda",
        "category": "settlement",
        "dataset": "estalia",
        "in_gazetteer": false,
        "type": null,
        "region": "Estalia",
        "province": null,
        "estate": null,
        "population": 147,
        "population_estimated": true,
        "size_category": 1,
        "trade": null,
        "source": null,
        "tags": [],
        "notes": [],
        "history": {
          "province_2512": null,
          "province_2276": null,
          "ruler_2515": null,
          "ruler_2512": null,
          "ruler_2276": null
        },
        "wiki": {
          "title": null,
          "url": null,
          "description": null,
          "image": null
        },
        "svg_layer": "Estalia"
      }
    },
    {
      "type": "Feature",
      "id": "text131",
      "geometry": {
        "type": "Point",
        "coordinates": [
          -11.986472,
          45.483766
        ]
      },
      "properties": {
        "id": "text131",
        "name": "Loaysa",
        "category": "settlement",
        "dataset": "estalia",
        "in_gazetteer": false,
        "type": null,
        "region": "Estalia",
        "province": null,
        "estate": null,
        "population": 193,
        "population_estimated": true,
        "size_category": 1,
        "trade": null,
        "source": null,
        "tags": [],
        "notes": [],
        "history": {
          "province_2512": null,
          "province_2276": null,
          "ruler_2515": null,
          "ruler_2512": null,
          "ruler_2276": null
        },
        "wiki": {
          "title": null,
          "url": null,
          "description": null,
          "image": null
        },
        "svg_layer": "Estalia"
      }
    },
    {
      "type": "Feature",
      "id": "text132",
      "geometry": {
        "type": "Point",
        "coordinates": [
          -11.739078,
          45.327584
        ]
      },
      "properties": {
        "id": "text132",
        "name": "Conqua",
        "category": "settlement",
        "dataset": "estalia",
        "in_gazetteer": false,
        "type": null,
        "region": "Estalia",
        "province": null,
        "estate": null,
        "population": 141,
        "population_estimated": true,
        "size_category": 1,
        "trade": null,
        "source": null,
        "tags": [],
        "notes": [],
        "history": {
          "province_2512": null,
          "province_2276": null,
          "ruler_2515": null,
          "ruler_2512": null,
          "ruler_2276": null
        },
        "wiki": {
          "title": null,
          "url": null,
          "description": null,
          "image": null
        },
        "svg_layer": "Estalia"
      }
    },
    {
      "type": "Feature",
      "id": "text133",
      "geometry": {
        "type": "Point",
        "coordinates": [
          -11.52015,
          44.918122
        ]
      },
      "properties": {
        "id": "text133",
        "name": "Sou",
        "category": "settlement",
        "dataset": "estalia",
        "in_gazetteer": false,
        "type": null,
        "region": "Estalia",
        "province": null,
        "estate": null,
        "population": 281,
        "population_estimated": true,
        "size_category": 1,
        "trade": null,
        "source": null,
        "tags": [],
        "notes": [],
        "history": {
          "province_2512": null,
          "province_2276": null,
          "ruler_2515": null,
          "ruler_2512": null,
          "ruler_2276": null
        },
        "wiki": {
          "title": null,
          "url": null,
          "description": null,
          "image": null
        },
        "svg_layer": "Estalia"
      }
    },
    {
      "type": "Feature",
      "id": "text134",
      "geometry": {
        "type": "Point",
        "coordinates": [
          -11.002509,
          45.392034
        ]
      },
      "properties": {
        "id": "text134",
        "name": "Irund",
        "category": "settlement",
        "dataset": "estalia",
        "in_gazetteer": false,
        "type": null,
        "region": "Estalia",
        "province": null,
        "estate": null,
        "population": 126,
        "population_estimated": true,
        "size_category": 1,
        "trade": null,
        "source": null,
        "tags": [],
        "notes": [],
        "history": {
          "province_2512": null,
          "province_2276": null,
          "ruler_2515": null,
          "ruler_2512": null,
          "ruler_2276": null
        },
        "wiki": {
          "title": null,
          "url": null,
          "description": null,
          "image": null
        },
        "svg_layer": "Estalia"
      }
    },
    {
      "type": "Feature",
      "id": "text135",
      "geometry": {
        "type": "Point",
        "coordinates": [
          -11.103786,
          45.112137
        ]
      },
      "properties": {
        "id": "text135",
        "name": "Zamurgui",
        "category": "settlement",
        "dataset": "estalia",
        "in_gazetteer": false,
        "type": null,
        "region": "Estalia",
        "province": null,
        "estate": null,
        "population": 259,
        "population_estimated": true,
        "size_category": 1,
        "trade": null,
        "source": null,
        "tags": [],
        "notes": [],
        "history": {
          "province_2512": null,
          "province_2276": null,
          "ruler_2515": null,
          "ruler_2512": null,
          "ruler_2276": null
        },
        "wiki": {
          "title": null,
          "url": null,
          "description": null,
          "image": null
        },
        "svg_layer": "Estalia"
      }
    },
    {
      "type": "Feature",
      "id": "text136",
      "geometry": {
        "type": "Point",
        "coordinates": [
          -10.987777,
          44.898532
        ]
      },
      "properties": {
        "id": "text136",
        "name": "Fierro",
        "category": "settlement",
        "dataset": "estalia",
        "in_gazetteer": false,
        "type": null,
        "region": "Estalia",
        "province": null,
        "estate": null,
        "population": 242,
        "population_estimated": true,
        "size_category": 1,
        "trade": null,
        "source": null,
        "tags": [],
        "notes": [],
        "history": {
          "province_2512": null,
          "province_2276": null,
          "ruler_2515": null,
          "ruler_2512": null,
          "ruler_2276": null
        },
        "wiki": {
          "title": null,
          "url": null,
          "description": null,
          "image": null
        },
        "svg_layer": "Estalia"
      }
    },
    {
      "type": "Feature",
      "id": "text137",
      "geometry": {
        "type": "Point",
        "coordinates": [
          -11.982145,
          44.810143
        ]
      },
      "properties": {
        "id": "text137",
        "name": "Souet",
        "category": "settlement",
        "dataset": "estalia",
        "in_gazetteer": false,
        "type": null,
        "region": "Estalia",
        "province": null,
        "estate": null,
        "population": 131,
        "population_estimated": true,
        "size_category": 1,
        "trade": null,
        "source": null,
        "tags": [],
        "notes": [],
        "history": {
          "province_2512": null,
          "province_2276": null,
          "ruler_2515": null,
          "ruler_2512": null,
          "ruler_2276": null
        },
        "wiki": {
          "title": null,
          "url": null,
          "description": null,
          "image": null
        },
        "svg_layer": "Estalia"
      }
    },
    {
      "type": "Feature",
      "id": "text138",
      "geometry": {
        "type": "Point",
        "coordinates": [
          -12.685569,
          45.379143
        ]
      },
      "properties": {
        "id": "text138",
        "name": "Torrija",
        "category": "settlement",
        "dataset": "estalia",
        "in_gazetteer": false,
        "type": null,
        "region": "Estalia",
        "province": null,
        "estate": null,
        "population": 183,
        "population_estimated": true,
        "size_category": 1,
        "trade": null,
        "source": null,
        "tags": [],
        "notes": [],
        "history": {
          "province_2512": null,
          "province_2276": null,
          "ruler_2515": null,
          "ruler_2512": null,
          "ruler_2276": null
        },
        "wiki": {
          "title": null,
          "url": null,
          "description": null,
          "image": null
        },
        "svg_layer": "Estalia"
      }
    },
    {
      "type": "Feature",
      "id": "text139",
      "geometry": {
        "type": "Point",
        "coordinates": [
          -12.329153,
          45.176379
        ]
      },
      "properties": {
        "id": "text139",
        "name": "Cabral",
        "category": "settlement",
        "dataset": "estalia",
        "in_gazetteer": false,
        "type": null,
        "region": "Estalia",
        "province": null,
        "estate": null,
        "population": 126,
        "population_estimated": true,
        "size_category": 1,
        "trade": null,
        "source": null,
        "tags": [],
        "notes": [],
        "history": {
          "province_2512": null,
          "province_2276": null,
          "ruler_2515": null,
          "ruler_2512": null,
          "ruler_2276": null
        },
        "wiki": {
          "title": null,
          "url": null,
          "description": null,
          "image": null
        },
        "svg_layer": "Estalia"
      }
    },
    {
      "type": "Feature",
      "id": "text140",
      "geometry": {
        "type": "Point",
        "coordinates": [
          -12.528646,
          44.749631
        ]
      },
      "properties": {
        "id": "text140",
        "name": "Payena",
        "category": "settlement",
        "dataset": "estalia",
        "in_gazetteer": true,
        "type": null,
        "region": "Estalia",
        "province": null,
        "estate": null,
        "population": 79,
        "population_estimated": true,
        "size_category": 1,
        "trade": null,
        "source": "Swords of the South Estalia Supplement (unofficial)",
        "tags": [],
        "notes": [],
        "history": {
          "province_2512": null,
          "province_2276": null,
          "ruler_2515": null,
          "ruler_2512": null,
          "ruler_2276": null
        },
        "wiki": {
          "title": null,
          "url": null,
          "description": null,
          "image": null
        },
        "svg_layer": "Estalia"
      }
    },
    {
      "type": "Feature",
      "id": "text141",
      "geometry": {
        "type": "Point",
        "coordinates": [
          -13.714844,
          47.150674
        ]
      },
      "properties": {
        "id": "text141",
        "name": "La Carraca",
        "category": "settlement",
        "dataset": "estalia",
        "in_gazetteer": false,
        "type": null,
        "region": "Estalia",
        "province": null,
        "estate": null,
        "population": 122,
        "population_estimated": true,
        "size_category": 1,
        "trade": null,
        "source": null,
        "tags": [],
        "notes": [],
        "history": {
          "province_2512": null,
          "province_2276": null,
          "ruler_2515": null,
          "ruler_2512": null,
          "ruler_2276": null
        },
        "wiki": {
          "title": null,
          "url": null,
          "description": null,
          "image": null
        },
        "svg_layer": "Estalia"
      }
    },
    {
      "type": "Feature",
      "id": "text142",
      "geometry": {
        "type": "Point",
        "coordinates": [
          -14.11849,
          47.314735
        ]
      },
      "properties": {
        "id": "text142",
        "name": "Laredo",
        "category": "settlement",
        "dataset": "estalia",
        "in_gazetteer": false,
        "type": null,
        "region": "Estalia",
        "province": null,
        "estate": null,
        "population": 134,
        "population_estimated": true,
        "size_category": 1,
        "trade": null,
        "source": null,
        "tags": [],
        "notes": [],
        "history": {
          "province_2512": null,
          "province_2276": null,
          "ruler_2515": null,
          "ruler_2512": null,
          "ruler_2276": null
        },
        "wiki": {
          "title": null,
          "url": null,
          "description": null,
          "image": null
        },
        "svg_layer": "Estalia"
      }
    },
    {
      "type": "Feature",
      "id": "text143",
      "geometry": {
        "type": "Point",
        "coordinates": [
          -14.266927,
          47.118121
        ]
      },
      "properties": {
        "id": "text143",
        "name": "Villa-Pando",
        "category": "settlement",
        "dataset": "estalia",
        "in_gazetteer": false,
        "type": null,
        "region": "Estalia",
        "province": null,
        "estate": null,
        "population": 203,
        "population_estimated": true,
        "size_category": 1,
        "trade": null,
        "source": null,
        "tags": [],
        "notes": [],
        "history": {
          "province_2512": null,
          "province_2276": null,
          "ruler_2515": null,
          "ruler_2512": null,
          "ruler_2276": null
        },
        "wiki": {
          "title": null,
          "url": null,
          "description": null,
          "image": null
        },
        "svg_layer": "Estalia"
      }
    },
    {
      "type": "Feature",
      "id": "text144",
      "geometry": {
        "type": "Point",
        "coordinates": [
          -14.845052,
          47.118122
        ]
      },
      "properties": {
        "id": "text144",
        "name": "Villa-Manzanas",
        "category": "settlement",
        "dataset": "estalia",
        "in_gazetteer": false,
        "type": null,
        "region": "Estalia",
        "province": null,
        "estate": null,
        "population": 540,
        "population_estimated": true,
        "size_category": 2,
        "trade": null,
        "source": null,
        "tags": [],
        "notes": [],
        "history": {
          "province_2512": null,
          "province_2276": null,
          "ruler_2515": null,
          "ruler_2512": null,
          "ruler_2276": null
        },
        "wiki": {
          "title": null,
          "url": null,
          "description": null,
          "image": null
        },
        "svg_layer": "Estalia"
      }
    },
    {
      "type": "Feature",
      "id": "text145",
      "geometry": {
        "type": "Point",
        "coordinates": [
          -14.64323,
          47.675414
        ]
      },
      "properties": {
        "id": "text145",
        "name": "Cudillero",
        "category": "settlement",
        "dataset": "estalia",
        "in_gazetteer": false,
        "type": null,
        "region": "Estalia",
        "province": null,
        "estate": null,
        "population": 152,
        "population_estimated": true,
        "size_category": 1,
        "trade": null,
        "source": null,
        "tags": [],
        "notes": [],
        "history": {
          "province_2512": null,
          "province_2276": null,
          "ruler_2515": null,
          "ruler_2512": null,
          "ruler_2276": null
        },
        "wiki": {
          "title": null,
          "url": null,
          "description": null,
          "image": null
        },
        "svg_layer": "Estalia"
      }
    },
    {
      "type": "Feature",
      "id": "text146",
      "geometry": {
        "type": "Point",
        "coordinates": [
          -15.878907,
          47.095986
        ]
      },
      "properties": {
        "id": "text146",
        "name": "Cantillana",
        "category": "settlement",
        "dataset": "estalia",
        "in_gazetteer": false,
        "type": null,
        "region": "Estalia",
        "province": null,
        "estate": null,
        "population": 196,
        "population_estimated": true,
        "size_category": 1,
        "trade": null,
        "source": null,
        "tags": [],
        "notes": [],
        "history": {
          "province_2512": null,
          "province_2276": null,
          "ruler_2515": null,
          "ruler_2512": null,
          "ruler_2276": null
        },
        "wiki": {
          "title": null,
          "url": null,
          "description": null,
          "image": null
        },
        "svg_layer": "Estalia"
      }
    },
    {
      "type": "Feature",
      "id": "text147",
      "geometry": {
        "type": "Point",
        "coordinates": [
          -16.359375,
          46.836871
        ]
      },
      "properties": {
        "id": "text147",
        "name": "Churruca",
        "category": "settlement",
        "dataset": "estalia",
        "in_gazetteer": false,
        "type": null,
        "region": "Estalia",
        "province": null,
        "estate": null,
        "population": 109,
        "population_estimated": true,
        "size_category": 1,
        "trade": null,
        "source": null,
        "tags": [],
        "notes": [],
        "history": {
          "province_2512": null,
          "province_2276": null,
          "ruler_2515": null,
          "ruler_2512": null,
          "ruler_2276": null
        },
        "wiki": {
          "title": null,
          "url": null,
          "description": null,
          "image": null
        },
        "svg_layer": "Estalia"
      }
    },
    {
      "type": "Feature",
      "id": "text148",
      "geometry": {
        "type": "Point",
        "coordinates": [
          -15.997396,
          46.920205
        ]
      },
      "properties": {
        "id": "text148",
        "name": "Bulnes",
        "category": "settlement",
        "dataset": "estalia",
        "in_gazetteer": false,
        "type": null,
        "region": "Estalia",
        "province": null,
        "estate": null,
        "population": 350,
        "population_estimated": true,
        "size_category": 2,
        "trade": null,
        "source": null,
        "tags": [],
        "notes": [],
        "history": {
          "province_2512": null,
          "province_2276": null,
          "ruler_2515": null,
          "ruler_2512": null,
          "ruler_2276": null
        },
        "wiki": {
          "title": null,
          "url": null,
          "description": null,
          "image": null
        },
        "svg_layer": "Estalia"
      }
    },
    {
      "type": "Feature",
      "id": "text149",
      "geometry": {
        "type": "Point",
        "coordinates": [
          -16.188802,
          45.704059
        ]
      },
      "properties": {
        "id": "text149",
        "name": "Urdaneta",
        "category": "settlement",
        "dataset": "estalia",
        "in_gazetteer": false,
        "type": null,
        "region": "Estalia",
        "province": null,
        "estate": null,
        "population": 93,
        "population_estimated": true,
        "size_category": 1,
        "trade": null,
        "source": null,
        "tags": [],
        "notes": [],
        "history": {
          "province_2512": null,
          "province_2276": null,
          "ruler_2515": null,
          "ruler_2512": null,
          "ruler_2276": null
        },
        "wiki": {
          "title": null,
          "url": null,
          "description": null,
          "image": null
        },
        "svg_layer": "Estalia"
      }
    },
    {
      "type": "Feature",
      "id": "text150",
      "geometry": {
        "type": "Point",
        "coordinates": [
          -17.247397,
          45.974892
        ]
      },
      "properties": {
        "id": "text150",
        "name": "Camposanto",
        "category": "settlement",
        "dataset": "estalia",
        "in_gazetteer": false,
        "type": null,
        "region": "Estalia",
        "province": null,
        "estate": null,
        "population": 211,
        "population_estimated": true,
        "size_category": 1,
        "trade": null,
        "source": null,
        "tags": [],
        "notes": [],
        "history": {
          "province_2512": null,
          "province_2276": null,
          "ruler_2515": null,
          "ruler_2512": null,
          "ruler_2276": null
        },
        "wiki": {
          "title": null,
          "url": null,
          "description": null,
          "image": null
        },
        "svg_layer": "Estalia"
      }
    },
    {
      "type": "Feature",
      "id": "text151",
      "geometry": {
        "type": "Point",
        "coordinates": [
          -18.401042,
          47.325153
        ]
      },
      "properties": {
        "id": "text151",
        "name": "Lucus",
        "category": "settlement",
        "dataset": "estalia",
        "in_gazetteer": false,
        "type": null,
        "region": "Estalia",
        "province": null,
        "estate": null,
        "population": 232,
        "population_estimated": true,
        "size_category": 1,
        "trade": null,
        "source": null,
        "tags": [],
        "notes": [],
        "history": {
          "province_2512": null,
          "province_2276": null,
          "ruler_2515": null,
          "ruler_2512": null,
          "ruler_2276": null
        },
        "wiki": {
          "title": null,
          "url": null,
          "description": null,
          "image": null
        },
        "svg_layer": "Estalia"
      }
    },
    {
      "type": "Feature",
      "id": "text152",
      "geometry": {
        "type": "Point",
        "coordinates": [
          -18.880209,
          47.008747
        ]
      },
      "properties": {
        "id": "text152",
        "name": "Porto Branco",
        "category": "settlement",
        "dataset": "estalia",
        "in_gazetteer": false,
        "type": null,
        "region": "Estalia",
        "province": null,
        "estate": null,
        "population": 211,
        "population_estimated": true,
        "size_category": 1,
        "trade": null,
        "source": null,
        "tags": [],
        "notes": [],
        "history": {
          "province_2512": null,
          "province_2276": null,
          "ruler_2515": null,
          "ruler_2512": null,
          "ruler_2276": null
        },
        "wiki": {
          "title": null,
          "url": null,
          "description": null,
          "image": null
        },
        "svg_layer": "Estalia"
      }
    },
    {
      "type": "Feature",
      "id": "text153",
      "geometry": {
        "type": "Point",
        "coordinates": [
          -18.117188,
          47.05432
        ]
      },
      "properties": {
        "id": "text153",
        "name": "San Ronro",
        "category": "settlement",
        "dataset": "estalia",
        "in_gazetteer": false,
        "type": null,
        "region": "Estalia",
        "province": null,
        "estate": null,
        "population": 171,
        "population_estimated": true,
        "size_category": 1,
        "trade": null,
        "source": null,
        "tags": [],
        "notes": [],
        "history": {
          "province_2512": null,
          "province_2276": null,
          "ruler_2515": null,
          "ruler_2512": null,
          "ruler_2276": null
        },
        "wiki": {
          "title": null,
          "url": null,
          "description": null,
          "image": null
        },
        "svg_layer": "Estalia"
      }
    },
    {
      "type": "Feature",
      "id": "text154",
      "geometry": {
        "type": "Point",
        "coordinates": [
          -17.425782,
          47.283486
        ]
      },
      "properties": {
        "id": "text154",
        "name": "Legazpi",
        "category": "settlement",
        "dataset": "estalia",
        "in_gazetteer": false,
        "type": null,
        "region": "Estalia",
        "province": null,
        "estate": null,
        "population": 111,
        "population_estimated": true,
        "size_category": 1,
        "trade": null,
        "source": null,
        "tags": [],
        "notes": [],
        "history": {
          "province_2512": null,
          "province_2276": null,
          "ruler_2515": null,
          "ruler_2512": null,
          "ruler_2276": null
        },
        "wiki": {
          "title": null,
          "url": null,
          "description": null,
          "image": null
        },
        "svg_layer": "Estalia"
      }
    },
    {
      "type": "Feature",
      "id": "text155",
      "geometry": {
        "type": "Point",
        "coordinates": [
          -16.569011,
          46.278277
        ]
      },
      "properties": {
        "id": "text155",
        "name": "Treviño",
        "category": "settlement",
        "dataset": "estalia",
        "in_gazetteer": false,
        "type": null,
        "region": "Estalia",
        "province": null,
        "estate": null,
        "population": 302,
        "population_estimated": true,
        "size_category": 2,
        "trade": null,
        "source": null,
        "tags": [],
        "notes": [],
        "history": {
          "province_2512": null,
          "province_2276": null,
          "ruler_2515": null,
          "ruler_2512": null,
          "ruler_2276": null
        },
        "wiki": {
          "title": null,
          "url": null,
          "description": null,
          "image": null
        },
        "svg_layer": "Estalia"
      }
    },
    {
      "type": "Feature",
      "id": "text156",
      "geometry": {
        "type": "Point",
        "coordinates": [
          -15.920573,
          45.753538
        ]
      },
      "properties": {
        "id": "text156",
        "name": "Pucheros",
        "category": "settlement",
        "dataset": "estalia",
        "in_gazetteer": false,
        "type": null,
        "region": "Estalia",
        "province": null,
        "estate": null,
        "population": 151,
        "population_estimated": true,
        "size_category": 1,
        "trade": null,
        "source": null,
        "tags": [],
        "notes": [],
        "history": {
          "province_2512": null,
          "province_2276": null,
          "ruler_2515": null,
          "ruler_2512": null,
          "ruler_2276": null
        },
        "wiki": {
          "title": null,
          "url": null,
          "description": null,
          "image": null
        },
        "svg_layer": "Estalia"
      }
    },
    {
      "type": "Feature",
      "id": "text157",
      "geometry": {
        "type": "Point",
        "coordinates": [
          -15.816407,
          45.964476
        ]
      },
      "properties": {
        "id": "text157",
        "name": "Guisando",
        "category": "settlement",
        "dataset": "estalia",
        "in_gazetteer": false,
        "type": null,
        "region": "Estalia",
        "province": null,
        "estate": null,
        "population": 131,
        "population_estimated": true,
        "size_category": 1,
        "trade": null,
        "source": null,
        "tags": [],
        "notes": [],
        "history": {
          "province_2512": null,
          "province_2276": null,
          "ruler_2515": null,
          "ruler_2512": null,
          "ruler_2276": null
        },
        "wiki": {
          "title": null,
          "url": null,
          "description": null,
          "image": null
        },
        "svg_layer": "Estalia"
      }
    },
    {
      "type": "Feature",
      "id": "text158",
      "geometry": {
        "type": "Point",
        "coordinates": [
          -14.903646,
          45.986611
        ]
      },
      "properties": {
        "id": "text158",
        "name": "Cauca",
        "category": "settlement",
        "dataset": "estalia",
        "in_gazetteer": false,
        "type": null,
        "region": "Estalia",
        "province": null,
        "estate": null,
        "population": 113,
        "population_estimated": true,
        "size_category": 1,
        "trade": null,
        "source": null,
        "tags": [],
        "notes": [],
        "history": {
          "province_2512": null,
          "province_2276": null,
          "ruler_2515": null,
          "ruler_2512": null,
          "ruler_2276": null
        },
        "wiki": {
          "title": null,
          "url": null,
          "description": null,
          "image": null
        },
        "svg_layer": "Estalia"
      }
    },
    {
      "type": "Feature",
      "id": "text159",
      "geometry": {
        "type": "Point",
        "coordinates": [
          -13.764323,
          45.840778
        ]
      },
      "properties": {
        "id": "text159",
        "name": "Rueda",
        "category": "settlement",
        "dataset": "estalia",
        "in_gazetteer": false,
        "type": null,
        "region": "Estalia",
        "province": null,
        "estate": null,
        "population": 185,
        "population_estimated": true,
        "size_category": 1,
        "trade": null,
        "source": null,
        "tags": [],
        "notes": [],
        "history": {
          "province_2512": null,
          "province_2276": null,
          "ruler_2515": null,
          "ruler_2512": null,
          "ruler_2276": null
        },
        "wiki": {
          "title": null,
          "url": null,
          "description": null,
          "image": null
        },
        "svg_layer": "Estalia"
      }
    },
    {
      "type": "Feature",
      "id": "text160",
      "geometry": {
        "type": "Point",
        "coordinates": [
          -14.102865,
          45.734006
        ]
      },
      "properties": {
        "id": "text160",
        "name": "La Fresca",
        "category": "settlement",
        "dataset": "estalia",
        "in_gazetteer": false,
        "type": null,
        "region": "Estalia",
        "province": null,
        "estate": null,
        "population": 86,
        "population_estimated": true,
        "size_category": 1,
        "trade": null,
        "source": null,
        "tags": [],
        "notes": [],
        "history": {
          "province_2512": null,
          "province_2276": null,
          "ruler_2515": null,
          "ruler_2512": null,
          "ruler_2276": null
        },
        "wiki": {
          "title": null,
          "url": null,
          "description": null,
          "image": null
        },
        "svg_layer": "Estalia"
      }
    },
    {
      "type": "Feature",
      "id": "text161",
      "geometry": {
        "type": "Point",
        "coordinates": [
          -13.098959,
          45.684528
        ]
      },
      "properties": {
        "id": "text161",
        "name": "Haro",
        "category": "settlement",
        "dataset": "estalia",
        "in_gazetteer": false,
        "type": null,
        "region": "Estalia",
        "province": null,
        "estate": null,
        "population": 77,
        "population_estimated": true,
        "size_category": 1,
        "trade": null,
        "source": null,
        "tags": [],
        "notes": [],
        "history": {
          "province_2512": null,
          "province_2276": null,
          "ruler_2515": null,
          "ruler_2512": null,
          "ruler_2276": null
        },
        "wiki": {
          "title": null,
          "url": null,
          "description": null,
          "image": null
        },
        "svg_layer": "Estalia"
      }
    },
    {
      "type": "Feature",
      "id": "text162",
      "geometry": {
        "type": "Point",
        "coordinates": [
          -13.739584,
          46.133746
        ]
      },
      "properties": {
        "id": "text162",
        "name": "Vaina",
        "category": "settlement",
        "dataset": "estalia",
        "in_gazetteer": false,
        "type": null,
        "region": "Estalia",
        "province": null,
        "estate": null,
        "population": 142,
        "population_estimated": true,
        "size_category": 1,
        "trade": null,
        "source": null,
        "tags": [],
        "notes": [],
        "history": {
          "province_2512": null,
          "province_2276": null,
          "ruler_2515": null,
          "ruler_2512": null,
          "ruler_2276": null
        },
        "wiki": {
          "title": null,
          "url": null,
          "description": null,
          "image": null
        },
        "svg_layer": "Estalia"
      }
    },
    {
      "type": "Feature",
      "id": "text163",
      "geometry": {
        "type": "Point",
        "coordinates": [
          -12.877604,
          45.856402
        ]
      },
      "properties": {
        "id": "text163",
        "name": "Ribera",
        "category": "settlement",
        "dataset": "estalia",
        "in_gazetteer": false,
        "type": null,
        "region": "Estalia",
        "province": null,
        "estate": null,
        "population": 103,
        "population_estimated": true,
        "size_category": 1,
        "trade": null,
        "source": null,
        "tags": [],
        "notes": [],
        "history": {
          "province_2512": null,
          "province_2276": null,
          "ruler_2515": null,
          "ruler_2512": null,
          "ruler_2276": null
        },
        "wiki": {
          "title": null,
          "url": null,
          "description": null,
          "image": null
        },
        "svg_layer": "Estalia"
      }
    },
    {
      "type": "Feature",
      "id": "text164",
      "geometry": {
        "type": "Point",
        "coordinates": [
          -13.062501,
          46.088173
        ]
      },
      "properties": {
        "id": "text164",
        "name": "Fallagra",
        "category": "settlement",
        "dataset": "estalia",
        "in_gazetteer": false,
        "type": null,
        "region": "Estalia",
        "province": null,
        "estate": null,
        "population": 80,
        "population_estimated": true,
        "size_category": 1,
        "trade": null,
        "source": null,
        "tags": [],
        "notes": [],
        "history": {
          "province_2512": null,
          "province_2276": null,
          "ruler_2515": null,
          "ruler_2512": null,
          "ruler_2276": null
        },
        "wiki": {
          "title": null,
          "url": null,
          "description": null,
          "image": null
        },
        "svg_layer": "Estalia"
      }
    },
    {
      "type": "Feature",
      "id": "text165",
      "geometry": {
        "type": "Point",
        "coordinates": [
          -15.167521,
          44.994025
        ]
      },
      "properties": {
        "id": "text165",
        "name": "Lamento",
        "category": "settlement",
        "dataset": "estalia",
        "in_gazetteer": false,
        "type": null,
        "region": "Estalia",
        "province": null,
        "estate": null,
        "population": 440,
        "population_estimated": true,
        "size_category": 2,
        "trade": null,
        "source": null,
        "tags": [],
        "notes": [],
        "history": {
          "province_2512": null,
          "province_2276": null,
          "ruler_2515": null,
          "ruler_2512": null,
          "ruler_2276": null
        },
        "wiki": {
          "title": null,
          "url": null,
          "description": null,
          "image": null
        },
        "svg_layer": "Estalia"
      }
    },
    {
      "type": "Feature",
      "id": "text166",
      "geometry": {
        "type": "Point",
        "coordinates": [
          -16.427748,
          44.511834
        ]
      },
      "properties": {
        "id": "text166",
        "name": "Uxama",
        "category": "settlement",
        "dataset": "estalia",
        "in_gazetteer": false,
        "type": null,
        "region": "Estalia",
        "province": null,
        "estate": null,
        "population": 78,
        "population_estimated": true,
        "size_category": 1,
        "trade": null,
        "source": null,
        "tags": [],
        "notes": [],
        "history": {
          "province_2512": null,
          "province_2276": null,
          "ruler_2515": null,
          "ruler_2512": null,
          "ruler_2276": null
        },
        "wiki": {
          "title": null,
          "url": null,
          "description": null,
          "image": null
        },
        "svg_layer": "Estalia"
      }
    },
    {
      "type": "Feature",
      "id": "text167",
      "geometry": {
        "type": "Point",
        "coordinates": [
          -16.780895,
          45.633261
        ]
      },
      "properties": {
        "id": "text167",
        "name": "Villamediana",
        "category": "settlement",
        "dataset": "estalia",
        "in_gazetteer": false,
        "type": null,
        "region": "Estalia",
        "province": null,
        "estate": null,
        "population": 113,
        "population_estimated": true,
        "size_category": 1,
        "trade": null,
        "source": null,
        "tags": [],
        "notes": [],
        "history": {
          "province_2512": null,
          "province_2276": null,
          "ruler_2515": null,
          "ruler_2512": null,
          "ruler_2276": null
        },
        "wiki": {
          "title": null,
          "url": null,
          "description": null,
          "image": null
        },
        "svg_layer": "Estalia"
      }
    },
    {
      "type": "Feature",
      "id": "text168",
      "geometry": {
        "type": "Point",
        "coordinates": [
          -16.106935,
          45.450959
        ]
      },
      "properties": {
        "id": "text168",
        "name": "Pedriza",
        "category": "settlement",
        "dataset": "estalia",
        "in_gazetteer": false,
        "type": null,
        "region": "Estalia",
        "province": null,
        "estate": null,
        "population": 243,
        "population_estimated": true,
        "size_category": 1,
        "trade": null,
        "source": null,
        "tags": [],
        "notes": [],
        "history": {
          "province_2512": null,
          "province_2276": null,
          "ruler_2515": null,
          "ruler_2512": null,
          "ruler_2276": null
        },
        "wiki": {
          "title": null,
          "url": null,
          "description": null,
          "image": null
        },
        "svg_layer": "Estalia"
      }
    },
    {
      "type": "Feature",
      "id": "text169",
      "geometry": {
        "type": "Point",
        "coordinates": [
          -17.375677,
          45.55408
        ]
      },
      "properties": {
        "id": "text169",
        "name": "Carantoña",
        "category": "settlement",
        "dataset": "estalia",
        "in_gazetteer": false,
        "type": null,
        "region": "Estalia",
        "province": null,
        "estate": null,
        "population": 104,
        "population_estimated": true,
        "size_category": 1,
        "trade": null,
        "source": null,
        "tags": [],
        "notes": [],
        "history": {
          "province_2512": null,
          "province_2276": null,
          "ruler_2515": null,
          "ruler_2512": null,
          "ruler_2276": null
        },
        "wiki": {
          "title": null,
          "url": null,
          "description": null,
          "image": null
        },
        "svg_layer": "Estalia"
      }
    },
    {
      "type": "Feature",
      "id": "text170",
      "geometry": {
        "type": "Point",
        "coordinates": [
          -19.22373,
          44.680665
        ]
      },
      "properties": {
        "id": "text170",
        "name": "Vila-Nova",
        "category": "settlement",
        "dataset": "estalia",
        "in_gazetteer": false,
        "type": null,
        "region": "Estalia",
        "province": null,
        "estate": null,
        "population": 161,
        "population_estimated": true,
        "size_category": 1,
        "trade": null,
        "source": null,
        "tags": [],
        "notes": [],
        "history": {
          "province_2512": null,
          "province_2276": null,
          "ruler_2515": null,
          "ruler_2512": null,
          "ruler_2276": null
        },
        "wiki": {
          "title": null,
          "url": null,
          "description": null,
          "image": null
        },
        "svg_layer": "Estalia"
      }
    },
    {
      "type": "Feature",
      "id": "text172",
      "geometry": {
        "type": "Point",
        "coordinates": [
          -19.121346,
          46.21331
        ]
      },
      "properties": {
        "id": "text172",
        "name": "Gaia",
        "category": "settlement",
        "dataset": "estalia",
        "in_gazetteer": false,
        "type": null,
        "region": "Estalia",
        "province": null,
        "estate": null,
        "population": 151,
        "population_estimated": true,
        "size_category": 1,
        "trade": null,
        "source": null,
        "tags": [],
        "notes": [],
        "history": {
          "province_2512": null,
          "province_2276": null,
          "ruler_2515": null,
          "ruler_2512": null,
          "ruler_2276": null
        },
        "wiki": {
          "title": null,
          "url": null,
          "description": null,
          "image": null
        },
        "svg_layer": "Estalia"
      }
    },
    {
      "type": "Feature",
      "id": "text173",
      "geometry": {
        "type": "Point",
        "coordinates": [
          -19.711028,
          44.068152
        ]
      },
      "properties": {
        "id": "text173",
        "name": "Os Muros",
        "category": "settlement",
        "dataset": "estalia",
        "in_gazetteer": true,
        "type": null,
        "region": "Estalia",
        "province": null,
        "estate": null,
        "population": 3000,
        "population_estimated": false,
        "size_category": 3,
        "trade": null,
        "source": "Alfred \"MadAlfred\" Nuñez Jr. (unofficial)",
        "tags": [],
        "notes": [],
        "history": {
          "province_2512": null,
          "province_2276": null,
          "ruler_2515": null,
          "ruler_2512": null,
          "ruler_2276": null
        },
        "wiki": {
          "title": null,
          "url": null,
          "description": null,
          "image": null
        },
        "svg_layer": "Estalia"
      }
    },
    {
      "type": "Feature",
      "id": "text174",
      "geometry": {
        "type": "Point",
        "coordinates": [
          -19.592018,
          44.277649
        ]
      },
      "properties": {
        "id": "text174",
        "name": "Sintia",
        "category": "settlement",
        "dataset": "estalia",
        "in_gazetteer": false,
        "type": null,
        "region": "Estalia",
        "province": null,
        "estate": null,
        "population": 557,
        "population_estimated": true,
        "size_category": 2,
        "trade": null,
        "source": null,
        "tags": [],
        "notes": [],
        "history": {
          "province_2512": null,
          "province_2276": null,
          "ruler_2515": null,
          "ruler_2512": null,
          "ruler_2276": null
        },
        "wiki": {
          "title": null,
          "url": null,
          "description": null,
          "image": null
        },
        "svg_layer": "Estalia"
      }
    },
    {
      "type": "Feature",
      "id": "text175",
      "geometry": {
        "type": "Point",
        "coordinates": [
          -19.947918,
          43.909788
        ]
      },
      "properties": {
        "id": "text175",
        "name": "Oliveira",
        "category": "settlement",
        "dataset": "estalia",
        "in_gazetteer": false,
        "type": null,
        "region": "Estalia",
        "province": null,
        "estate": null,
        "population": 373,
        "population_estimated": true,
        "size_category": 2,
        "trade": null,
        "source": null,
        "tags": [],
        "notes": [],
        "history": {
          "province_2512": null,
          "province_2276": null,
          "ruler_2515": null,
          "ruler_2512": null,
          "ruler_2276": null
        },
        "wiki": {
          "title": null,
          "url": null,
          "description": null,
          "image": null
        },
        "svg_layer": "Estalia"
      }
    },
    {
      "type": "Feature",
      "id": "text176",
      "geometry": {
        "type": "Point",
        "coordinates": [
          -20.371673,
          43.383962
        ]
      },
      "properties": {
        "id": "text176",
        "name": "Alparreña",
        "category": "settlement",
        "dataset": "estalia",
        "in_gazetteer": false,
        "type": null,
        "region": "Estalia",
        "province": null,
        "estate": null,
        "population": 320,
        "population_estimated": true,
        "size_category": 2,
        "trade": null,
        "source": null,
        "tags": [],
        "notes": [],
        "history": {
          "province_2512": null,
          "province_2276": null,
          "ruler_2515": null,
          "ruler_2512": null,
          "ruler_2276": null
        },
        "wiki": {
          "title": null,
          "url": null,
          "description": null,
          "image": null
        },
        "svg_layer": "Estalia"
      }
    },
    {
      "type": "Feature",
      "id": "text177",
      "geometry": {
        "type": "Point",
        "coordinates": [
          -20.631313,
          43.17496
        ]
      },
      "properties": {
        "id": "text177",
        "name": "Candelaria",
        "category": "settlement",
        "dataset": "estalia",
        "in_gazetteer": false,
        "type": null,
        "region": "Estalia",
        "province": null,
        "estate": null,
        "population": 111,
        "population_estimated": true,
        "size_category": 1,
        "trade": null,
        "source": null,
        "tags": [],
        "notes": [],
        "history": {
          "province_2512": null,
          "province_2276": null,
          "ruler_2515": null,
          "ruler_2512": null,
          "ruler_2276": null
        },
        "wiki": {
          "title": null,
          "url": null,
          "description": null,
          "image": null
        },
        "svg_layer": "Estalia"
      }
    },
    {
      "type": "Feature",
      "id": "text178",
      "geometry": {
        "type": "Point",
        "coordinates": [
          -20.968295,
          41.486377
        ]
      },
      "properties": {
        "id": "text178",
        "name": "Gaidir",
        "category": "settlement",
        "dataset": "estalia",
        "in_gazetteer": false,
        "type": null,
        "region": "Estalia",
        "province": null,
        "estate": null,
        "population": 99,
        "population_estimated": true,
        "size_category": 1,
        "trade": null,
        "source": null,
        "tags": [],
        "notes": [],
        "history": {
          "province_2512": null,
          "province_2276": null,
          "ruler_2515": null,
          "ruler_2512": null,
          "ruler_2276": null
        },
        "wiki": {
          "title": null,
          "url": null,
          "description": null,
          "image": null
        },
        "svg_layer": "Estalia"
      }
    },
    {
      "type": "Feature",
      "id": "text179",
      "geometry": {
        "type": "Point",
        "coordinates": [
          -20.333003,
          41.653945
        ]
      },
      "properties": {
        "id": "text179",
        "name": "El Peliciego",
        "category": "settlement",
        "dataset": "estalia",
        "in_gazetteer": false,
        "type": null,
        "region": "Estalia",
        "province": null,
        "estate": null,
        "population": 202,
        "population_estimated": true,
        "size_category": 1,
        "trade": null,
        "source": null,
        "tags": [],
        "notes": [],
        "history": {
          "province_2512": null,
          "province_2276": null,
          "ruler_2515": null,
          "ruler_2512": null,
          "ruler_2276": null
        },
        "wiki": {
          "title": null,
          "url": null,
          "description": null,
          "image": null
        },
        "svg_layer": "Estalia"
      }
    },
    {
      "type": "Feature",
      "id": "text180",
      "geometry": {
        "type": "Point",
        "coordinates": [
          -21.277653,
          41.834404
        ]
      },
      "properties": {
        "id": "text180",
        "name": "Cartuva",
        "category": "settlement",
        "dataset": "estalia",
        "in_gazetteer": false,
        "type": null,
        "region": "Estalia",
        "province": null,
        "estate": null,
        "population": 186,
        "population_estimated": true,
        "size_category": 1,
        "trade": null,
        "source": null,
        "tags": [],
        "notes": [],
        "history": {
          "province_2512": null,
          "province_2276": null,
          "ruler_2515": null,
          "ruler_2512": null,
          "ruler_2276": null
        },
        "wiki": {
          "title": null,
          "url": null,
          "description": null,
          "image": null
        },
        "svg_layer": "Estalia"
      }
    },
    {
      "type": "Feature",
      "id": "text181",
      "geometry": {
        "type": "Point",
        "coordinates": [
          -19.325744,
          42.340794
        ]
      },
      "properties": {
        "id": "text181",
        "name": "Algeciras",
        "category": "settlement",
        "dataset": "estalia",
        "in_gazetteer": false,
        "type": null,
        "region": "Estalia",
        "province": null,
        "estate": null,
        "population": 230,
        "population_estimated": true,
        "size_category": 1,
        "trade": null,
        "source": null,
        "tags": [],
        "notes": [],
        "history": {
          "province_2512": null,
          "province_2276": null,
          "ruler_2515": null,
          "ruler_2512": null,
          "ruler_2276": null
        },
        "wiki": {
          "title": null,
          "url": null,
          "description": null,
          "image": null
        },
        "svg_layer": "Estalia"
      }
    },
    {
      "type": "Feature",
      "id": "text182",
      "geometry": {
        "type": "Point",
        "coordinates": [
          -19.767685,
          42.228469
        ]
      },
      "properties": {
        "id": "text182",
        "name": "Torrox",
        "category": "settlement",
        "dataset": "estalia",
        "in_gazetteer": false,
        "type": null,
        "region": "Estalia",
        "province": null,
        "estate": null,
        "population": 283,
        "population_estimated": true,
        "size_category": 1,
        "trade": null,
        "source": null,
        "tags": [],
        "notes": [],
        "history": {
          "province_2512": null,
          "province_2276": null,
          "ruler_2515": null,
          "ruler_2512": null,
          "ruler_2276": null
        },
        "wiki": {
          "title": null,
          "url": null,
          "description": null,
          "image": null
        },
        "svg_layer": "Estalia"
      }
    },
    {
      "type": "Feature",
      "id": "text183",
      "geometry": {
        "type": "Point",
        "coordinates": [
          -18.152757,
          42.661203
        ]
      },
      "properties": {
        "id": "text183",
        "name": "Morro",
        "category": "settlement",
        "dataset": "estalia",
        "in_gazetteer": false,
        "type": null,
        "region": "Estalia",
        "province": null,
        "estate": null,
        "population": 412,
        "population_estimated": true,
        "size_category": 2,
        "trade": null,
        "source": null,
        "tags": [],
        "notes": [],
        "history": {
          "province_2512": null,
          "province_2276": null,
          "ruler_2515": null,
          "ruler_2512": null,
          "ruler_2276": null
        },
        "wiki": {
          "title": null,
          "url": null,
          "description": null,
          "image": null
        },
        "svg_layer": "Estalia"
      }
    },
    {
      "type": "Feature",
      "id": "text184",
      "geometry": {
        "type": "Point",
        "coordinates": [
          -18.679404,
          41.7276
        ]
      },
      "properties": {
        "id": "text184",
        "name": "Egea",
        "category": "settlement",
        "dataset": "estalia",
        "in_gazetteer": false,
        "type": null,
        "region": "Estalia",
        "province": null,
        "estate": null,
        "population": 89,
        "population_estimated": true,
        "size_category": 1,
        "trade": null,
        "source": null,
        "tags": [],
        "notes": [],
        "history": {
          "province_2512": null,
          "province_2276": null,
          "ruler_2515": null,
          "ruler_2512": null,
          "ruler_2276": null
        },
        "wiki": {
          "title": null,
          "url": null,
          "description": null,
          "image": null
        },
        "svg_layer": "Estalia"
      }
    },
    {
      "type": "Feature",
      "id": "text185",
      "geometry": {
        "type": "Point",
        "coordinates": [
          -16.248724,
          41.5987
        ]
      },
      "properties": {
        "id": "text185",
        "name": "Gormaz",
        "category": "settlement",
        "dataset": "estalia",
        "in_gazetteer": false,
        "type": null,
        "region": "Estalia",
        "province": null,
        "estate": null,
        "population": 97,
        "population_estimated": true,
        "size_category": 1,
        "trade": null,
        "source": null,
        "tags": [],
        "notes": [],
        "history": {
          "province_2512": null,
          "province_2276": null,
          "ruler_2515": null,
          "ruler_2512": null,
          "ruler_2276": null
        },
        "wiki": {
          "title": null,
          "url": null,
          "description": null,
          "image": null
        },
        "svg_layer": "Estalia"
      }
    },
    {
      "type": "Feature",
      "id": "text186",
      "geometry": {
        "type": "Point",
        "coordinates": [
          -16.02223,
          42.033277
        ]
      },
      "properties": {
        "id": "text186",
        "name": "Torreezno",
        "category": "settlement",
        "dataset": "estalia",
        "in_gazetteer": false,
        "type": null,
        "region": "Estalia",
        "province": null,
        "estate": null,
        "population": 71,
        "population_estimated": true,
        "size_category": 1,
        "trade": null,
        "source": null,
        "tags": [],
        "notes": [],
        "history": {
          "province_2512": null,
          "province_2276": null,
          "ruler_2515": null,
          "ruler_2512": null,
          "ruler_2276": null
        },
        "wiki": {
          "title": null,
          "url": null,
          "description": null,
          "image": null
        },
        "svg_layer": "Estalia"
      }
    },
    {
      "type": "Feature",
      "id": "text187",
      "geometry": {
        "type": "Point",
        "coordinates": [
          -17.755009,
          42.716445
        ]
      },
      "properties": {
        "id": "text187",
        "name": "Maragata",
        "category": "settlement",
        "dataset": "estalia",
        "in_gazetteer": false,
        "type": null,
        "region": "Estalia",
        "province": null,
        "estate": null,
        "population": 332,
        "population_estimated": true,
        "size_category": 2,
        "trade": null,
        "source": null,
        "tags": [],
        "notes": [],
        "history": {
          "province_2512": null,
          "province_2276": null,
          "ruler_2515": null,
          "ruler_2512": null,
          "ruler_2276": null
        },
        "wiki": {
          "title": null,
          "url": null,
          "description": null,
          "image": null
        },
        "svg_layer": "Estalia"
      }
    },
    {
      "type": "Feature",
      "id": "text188",
      "geometry": {
        "type": "Point",
        "coordinates": [
          -16.407087,
          41.858343
        ]
      },
      "properties": {
        "id": "text188",
        "name": "Pucela",
        "category": "settlement",
        "dataset": "estalia",
        "in_gazetteer": false,
        "type": null,
        "region": "Estalia",
        "province": null,
        "estate": null,
        "population": 122,
        "population_estimated": true,
        "size_category": 1,
        "trade": null,
        "source": null,
        "tags": [],
        "notes": [],
        "history": {
          "province_2512": null,
          "province_2276": null,
          "ruler_2515": null,
          "ruler_2512": null,
          "ruler_2276": null
        },
        "wiki": {
          "title": null,
          "url": null,
          "description": null,
          "image": null
        },
        "svg_layer": "Estalia"
      }
    },
    {
      "type": "Feature",
      "id": "text189",
      "geometry": {
        "type": "Point",
        "coordinates": [
          -15.688932,
          41.777319
        ]
      },
      "properties": {
        "id": "text189",
        "name": "El Escorial",
        "category": "settlement",
        "dataset": "estalia",
        "in_gazetteer": false,
        "type": null,
        "region": "Estalia",
        "province": null,
        "estate": null,
        "population": 132,
        "population_estimated": true,
        "size_category": 1,
        "trade": null,
        "source": null,
        "tags": [],
        "notes": [],
        "history": {
          "province_2512": null,
          "province_2276": null,
          "ruler_2515": null,
          "ruler_2512": null,
          "ruler_2276": null
        },
        "wiki": {
          "title": null,
          "url": null,
          "description": null,
          "image": null
        },
        "svg_layer": "Estalia"
      }
    },
    {
      "type": "Feature",
      "id": "text190",
      "geometry": {
        "type": "Point",
        "coordinates": [
          -13.679939,
          42.403404
        ]
      },
      "properties": {
        "id": "text190",
        "name": "Peñalara",
        "category": "settlement",
        "dataset": "estalia",
        "in_gazetteer": false,
        "type": null,
        "region": "Estalia",
        "province": null,
        "estate": null,
        "population": 149,
        "population_estimated": true,
        "size_category": 1,
        "trade": null,
        "source": null,
        "tags": [],
        "notes": [],
        "history": {
          "province_2512": null,
          "province_2276": null,
          "ruler_2515": null,
          "ruler_2512": null,
          "ruler_2276": null
        },
        "wiki": {
          "title": null,
          "url": null,
          "description": null,
          "image": null
        },
        "svg_layer": "Estalia"
      }
    },
    {
      "type": "Feature",
      "id": "text191",
      "geometry": {
        "type": "Point",
        "coordinates": [
          -14.714818,
          42.729337
        ]
      },
      "properties": {
        "id": "text191",
        "name": "Termancia",
        "category": "settlement",
        "dataset": "estalia",
        "in_gazetteer": false,
        "type": null,
        "region": "Estalia",
        "province": null,
        "estate": null,
        "population": 85,
        "population_estimated": true,
        "size_category": 1,
        "trade": null,
        "source": null,
        "tags": [],
        "notes": [],
        "history": {
          "province_2512": null,
          "province_2276": null,
          "ruler_2515": null,
          "ruler_2512": null,
          "ruler_2276": null
        },
        "wiki": {
          "title": null,
          "url": null,
          "description": null,
          "image": null
        },
        "svg_layer": "Estalia"
      }
    },
    {
      "type": "Feature",
      "id": "text192",
      "geometry": {
        "type": "Point",
        "coordinates": [
          -15.042591,
          41.565557
        ]
      },
      "properties": {
        "id": "text192",
        "name": "Benisili",
        "category": "settlement",
        "dataset": "estalia",
        "in_gazetteer": false,
        "type": null,
        "region": "Estalia",
        "province": null,
        "estate": null,
        "population": 164,
        "population_estimated": true,
        "size_category": 1,
        "trade": null,
        "source": null,
        "tags": [],
        "notes": [],
        "history": {
          "province_2512": null,
          "province_2276": null,
          "ruler_2515": null,
          "ruler_2512": null,
          "ruler_2276": null
        },
        "wiki": {
          "title": null,
          "url": null,
          "description": null,
          "image": null
        },
        "svg_layer": "Estalia"
      }
    },
    {
      "type": "Feature",
      "id": "text193",
      "geometry": {
        "type": "Point",
        "coordinates": [
          -14.944996,
          41.501104
        ]
      },
      "properties": {
        "id": "text193",
        "name": "Pago",
        "category": "settlement",
        "dataset": "estalia",
        "in_gazetteer": false,
        "type": null,
        "region": "Estalia",
        "province": null,
        "estate": null,
        "population": 242,
        "population_estimated": true,
        "size_category": 1,
        "trade": null,
        "source": null,
        "tags": [],
        "notes": [],
        "history": {
          "province_2512": null,
          "province_2276": null,
          "ruler_2515": null,
          "ruler_2512": null,
          "ruler_2276": null
        },
        "wiki": {
          "title": null,
          "url": null,
          "description": null,
          "image": null
        },
        "svg_layer": "Estalia"
      }
    },
    {
      "type": "Feature",
      "id": "text194",
      "geometry": {
        "type": "Point",
        "coordinates": [
          -15.28566,
          40.164232
        ]
      },
      "properties": {
        "id": "text194",
        "name": "Gandiana",
        "category": "settlement",
        "dataset": "estalia",
        "in_gazetteer": false,
        "type": null,
        "region": "Estalia",
        "province": null,
        "estate": null,
        "population": 74,
        "population_estimated": true,
        "size_category": 1,
        "trade": null,
        "source": null,
        "tags": [],
        "notes": [],
        "history": {
          "province_2512": null,
          "province_2276": null,
          "ruler_2515": null,
          "ruler_2512": null,
          "ruler_2276": null
        },
        "wiki": {
          "title": null,
          "url": null,
          "description": null,
          "image": null
        },
        "svg_layer": "Estalia"
      }
    },
    {
      "type": "Feature",
      "id": "text196",
      "geometry": {
        "type": "Point",
        "coordinates": [
          -14.390728,
          40.900802
        ]
      },
      "properties": {
        "id": "text196",
        "name": "Venta del Moro",
        "category": "settlement",
        "dataset": "estalia",
        "in_gazetteer": false,
        "type": null,
        "region": "Estalia",
        "province": null,
        "estate": null,
        "population": 188,
        "population_estimated": true,
        "size_category": 1,
        "trade": null,
        "source": null,
        "tags": [],
        "notes": [],
        "history": {
          "province_2512": null,
          "province_2276": null,
          "ruler_2515": null,
          "ruler_2512": null,
          "ruler_2276": null
        },
        "wiki": {
          "title": null,
          "url": null,
          "description": null,
          "image": null
        },
        "svg_layer": "Estalia"
      }
    },
    {
      "type": "Feature",
      "id": "text197",
      "geometry": {
        "type": "Point",
        "coordinates": [
          -14.298657,
          41.031539
        ]
      },
      "properties": {
        "id": "text197",
        "name": "El Viso",
        "category": "settlement",
        "dataset": "estalia",
        "in_gazetteer": false,
        "type": null,
        "region": "Estalia",
        "province": null,
        "estate": null,
        "population": 97,
        "population_estimated": true,
        "size_category": 1,
        "trade": null,
        "source": null,
        "tags": [],
        "notes": [],
        "history": {
          "province_2512": null,
          "province_2276": null,
          "ruler_2515": null,
          "ruler_2512": null,
          "ruler_2276": null
        },
        "wiki": {
          "title": null,
          "url": null,
          "description": null,
          "image": null
        },
        "svg_layer": "Estalia"
      }
    },
    {
      "type": "Feature",
      "id": "text198",
      "geometry": {
        "type": "Point",
        "coordinates": [
          -13.370579,
          39.333751
        ]
      },
      "properties": {
        "id": "text198",
        "name": "Valentia",
        "category": "settlement",
        "dataset": "estalia",
        "in_gazetteer": false,
        "type": null,
        "region": "Estalia",
        "province": null,
        "estate": null,
        "population": 61,
        "population_estimated": true,
        "size_category": 1,
        "trade": null,
        "source": null,
        "tags": [],
        "notes": [],
        "history": {
          "province_2512": null,
          "province_2276": null,
          "ruler_2515": null,
          "ruler_2512": null,
          "ruler_2276": null
        },
        "wiki": {
          "title": null,
          "url": null,
          "description": null,
          "image": null
        },
        "svg_layer": "Estalia"
      }
    },
    {
      "type": "Feature",
      "id": "text199",
      "geometry": {
        "type": "Point",
        "coordinates": [
          -13.996663,
          39.269303
        ]
      },
      "properties": {
        "id": "text199",
        "name": "Burguis",
        "category": "settlement",
        "dataset": "estalia",
        "in_gazetteer": false,
        "type": null,
        "region": "Estalia",
        "province": null,
        "estate": null,
        "population": 75,
        "population_estimated": true,
        "size_category": 1,
        "trade": null,
        "source": null,
        "tags": [],
        "notes": [],
        "history": {
          "province_2512": null,
          "province_2276": null,
          "ruler_2515": null,
          "ruler_2512": null,
          "ruler_2276": null
        },
        "wiki": {
          "title": null,
          "url": null,
          "description": null,
          "image": null
        },
        "svg_layer": "Estalia"
      }
    },
    {
      "type": "Feature",
      "id": "text200",
      "geometry": {
        "type": "Point",
        "coordinates": [
          -13.131194,
          39.558406
        ]
      },
      "properties": {
        "id": "text200",
        "name": "Lirena",
        "category": "settlement",
        "dataset": "estalia",
        "in_gazetteer": false,
        "type": null,
        "region": "Estalia",
        "province": null,
        "estate": null,
        "population": 170,
        "population_estimated": true,
        "size_category": 1,
        "trade": null,
        "source": null,
        "tags": [],
        "notes": [],
        "history": {
          "province_2512": null,
          "province_2276": null,
          "ruler_2515": null,
          "ruler_2512": null,
          "ruler_2276": null
        },
        "wiki": {
          "title": null,
          "url": null,
          "description": null,
          "image": null
        },
        "svg_layer": "Estalia"
      }
    },
    {
      "type": "Feature",
      "id": "text201",
      "geometry": {
        "type": "Point",
        "coordinates": [
          -12.442502,
          39.751756
        ]
      },
      "properties": {
        "id": "text201",
        "name": "Ulot",
        "category": "settlement",
        "dataset": "estalia",
        "in_gazetteer": false,
        "type": null,
        "region": "Estalia",
        "province": null,
        "estate": null,
        "population": 181,
        "population_estimated": true,
        "size_category": 1,
        "trade": null,
        "source": null,
        "tags": [],
        "notes": [],
        "history": {
          "province_2512": null,
          "province_2276": null,
          "ruler_2515": null,
          "ruler_2512": null,
          "ruler_2276": null
        },
        "wiki": {
          "title": null,
          "url": null,
          "description": null,
          "image": null
        },
        "svg_layer": "Estalia"
      }
    },
    {
      "type": "Feature",
      "id": "text202",
      "geometry": {
        "type": "Point",
        "coordinates": [
          -12.972832,
          40.353898
        ]
      },
      "properties": {
        "id": "text202",
        "name": "Albarracin",
        "category": "settlement",
        "dataset": "estalia",
        "in_gazetteer": false,
        "type": null,
        "region": "Estalia",
        "province": null,
        "estate": null,
        "population": 327,
        "population_estimated": true,
        "size_category": 2,
        "trade": null,
        "source": null,
        "tags": [],
        "notes": [],
        "history": {
          "province_2512": null,
          "province_2276": null,
          "ruler_2515": null,
          "ruler_2512": null,
          "ruler_2276": null
        },
        "wiki": {
          "title": null,
          "url": null,
          "description": null,
          "image": null
        },
        "svg_layer": "Estalia"
      }
    },
    {
      "type": "Feature",
      "id": "text203",
      "geometry": {
        "type": "Point",
        "coordinates": [
          -12.91943,
          40.530675
        ]
      },
      "properties": {
        "id": "text203",
        "name": "Lezo",
        "category": "settlement",
        "dataset": "estalia",
        "in_gazetteer": false,
        "type": null,
        "region": "Estalia",
        "province": null,
        "estate": null,
        "population": 109,
        "population_estimated": true,
        "size_category": 1,
        "trade": null,
        "source": null,
        "tags": [],
        "notes": [],
        "history": {
          "province_2512": null,
          "province_2276": null,
          "ruler_2515": null,
          "ruler_2512": null,
          "ruler_2276": null
        },
        "wiki": {
          "title": null,
          "url": null,
          "description": null,
          "image": null
        },
        "svg_layer": "Estalia"
      }
    },
    {
      "type": "Feature",
      "id": "text204",
      "geometry": {
        "type": "Point",
        "coordinates": [
          -12.50511,
          40.856605
        ]
      },
      "properties": {
        "id": "text204",
        "name": "Pertegaces",
        "category": "settlement",
        "dataset": "estalia",
        "in_gazetteer": false,
        "type": null,
        "region": "Estalia",
        "province": null,
        "estate": null,
        "population": 221,
        "population_estimated": true,
        "size_category": 1,
        "trade": null,
        "source": null,
        "tags": [],
        "notes": [],
        "history": {
          "province_2512": null,
          "province_2276": null,
          "ruler_2515": null,
          "ruler_2512": null,
          "ruler_2276": null
        },
        "wiki": {
          "title": null,
          "url": null,
          "description": null,
          "image": null
        },
        "svg_layer": "Estalia"
      }
    },
    {
      "type": "Feature",
      "id": "text205",
      "geometry": {
        "type": "Point",
        "coordinates": [
          -12.587974,
          40.716658
        ]
      },
      "properties": {
        "id": "text205",
        "name": "Turol",
        "category": "settlement",
        "dataset": "estalia",
        "in_gazetteer": false,
        "type": null,
        "region": "Estalia",
        "province": null,
        "estate": null,
        "population": 114,
        "population_estimated": true,
        "size_category": 1,
        "trade": null,
        "source": null,
        "tags": [],
        "notes": [],
        "history": {
          "province_2512": null,
          "province_2276": null,
          "ruler_2515": null,
          "ruler_2512": null,
          "ruler_2276": null
        },
        "wiki": {
          "title": null,
          "url": null,
          "description": null,
          "image": null
        },
        "svg_layer": "Estalia"
      }
    },
    {
      "type": "Feature",
      "id": "text206",
      "geometry": {
        "type": "Point",
        "coordinates": [
          -14.110831,
          40.07032
        ]
      },
      "properties": {
        "id": "text206",
        "name": "Sendra",
        "category": "settlement",
        "dataset": "estalia",
        "in_gazetteer": false,
        "type": null,
        "region": "Estalia",
        "province": null,
        "estate": null,
        "population": 202,
        "population_estimated": true,
        "size_category": 1,
        "trade": null,
        "source": null,
        "tags": [],
        "notes": [],
        "history": {
          "province_2512": null,
          "province_2276": null,
          "ruler_2515": null,
          "ruler_2512": null,
          "ruler_2276": null
        },
        "wiki": {
          "title": null,
          "url": null,
          "description": null,
          "image": null
        },
        "svg_layer": "Estalia"
      }
    },
    {
      "type": "Feature",
      "id": "text207",
      "geometry": {
        "type": "Point",
        "coordinates": [
          -14.027967,
          40.190014
        ]
      },
      "properties": {
        "id": "text207",
        "name": "Alcodia",
        "category": "settlement",
        "dataset": "estalia",
        "in_gazetteer": false,
        "type": null,
        "region": "Estalia",
        "province": null,
        "estate": null,
        "population": 160,
        "population_estimated": true,
        "size_category": 1,
        "trade": null,
        "source": null,
        "tags": [],
        "notes": [],
        "history": {
          "province_2512": null,
          "province_2276": null,
          "ruler_2515": null,
          "ruler_2512": null,
          "ruler_2276": null
        },
        "wiki": {
          "title": null,
          "url": null,
          "description": null,
          "image": null
        },
        "svg_layer": "Estalia"
      }
    },
    {
      "type": "Feature",
      "id": "text208",
      "geometry": {
        "type": "Point",
        "coordinates": [
          -13.858556,
          40.526994
        ]
      },
      "properties": {
        "id": "text208",
        "name": "Alcadir",
        "category": "settlement",
        "dataset": "estalia",
        "in_gazetteer": false,
        "type": null,
        "region": "Estalia",
        "province": null,
        "estate": null,
        "population": 72,
        "population_estimated": true,
        "size_category": 1,
        "trade": null,
        "source": null,
        "tags": [],
        "notes": [],
        "history": {
          "province_2512": null,
          "province_2276": null,
          "ruler_2515": null,
          "ruler_2512": null,
          "ruler_2276": null
        },
        "wiki": {
          "title": null,
          "url": null,
          "description": null,
          "image": null
        },
        "svg_layer": "Estalia"
      }
    },
    {
      "type": "Feature",
      "id": "text209",
      "geometry": {
        "type": "Point",
        "coordinates": [
          -13.088841,
          40.744281
        ]
      },
      "properties": {
        "id": "text209",
        "name": "Percimuelle",
        "category": "settlement",
        "dataset": "estalia",
        "in_gazetteer": false,
        "type": null,
        "region": "Estalia",
        "province": null,
        "estate": null,
        "population": 173,
        "population_estimated": true,
        "size_category": 1,
        "trade": null,
        "source": null,
        "tags": [],
        "notes": [],
        "history": {
          "province_2512": null,
          "province_2276": null,
          "ruler_2515": null,
          "ruler_2512": null,
          "ruler_2276": null
        },
        "wiki": {
          "title": null,
          "url": null,
          "description": null,
          "image": null
        },
        "svg_layer": "Estalia"
      }
    },
    {
      "type": "Feature",
      "id": "text210",
      "geometry": {
        "type": "Point",
        "coordinates": [
          -13.401283,
          41.575124
        ]
      },
      "properties": {
        "id": "text210",
        "name": "Usca",
        "category": "settlement",
        "dataset": "estalia",
        "in_gazetteer": false,
        "type": null,
        "region": "Estalia",
        "province": null,
        "estate": null,
        "population": 239,
        "population_estimated": true,
        "size_category": 1,
        "trade": null,
        "source": null,
        "tags": [],
        "notes": [],
        "history": {
          "province_2512": null,
          "province_2276": null,
          "ruler_2515": null,
          "ruler_2512": null,
          "ruler_2276": null
        },
        "wiki": {
          "title": null,
          "url": null,
          "description": null,
          "image": null
        },
        "svg_layer": "Estalia"
      }
    },
    {
      "type": "Feature",
      "id": "text211",
      "geometry": {
        "type": "Point",
        "coordinates": [
          -12.283855,
          38.430624
        ]
      },
      "properties": {
        "id": "text211",
        "name": "Rosas",
        "category": "settlement",
        "dataset": "estalia",
        "in_gazetteer": false,
        "type": null,
        "region": "Estalia",
        "province": null,
        "estate": null,
        "population": 106,
        "population_estimated": true,
        "size_category": 1,
        "trade": null,
        "source": null,
        "tags": [],
        "notes": [],
        "history": {
          "province_2512": null,
          "province_2276": null,
          "ruler_2515": null,
          "ruler_2512": null,
          "ruler_2276": null
        },
        "wiki": {
          "title": null,
          "url": null,
          "description": null,
          "image": null
        },
        "svg_layer": "Estalia"
      }
    },
    {
      "type": "Feature",
      "id": "text212",
      "geometry": {
        "type": "Point",
        "coordinates": [
          -13.020709,
          37.800767
        ]
      },
      "properties": {
        "id": "text212",
        "name": "Porto Nadal",
        "category": "settlement",
        "dataset": "estalia",
        "in_gazetteer": false,
        "type": null,
        "region": "Estalia",
        "province": null,
        "estate": null,
        "population": 89,
        "population_estimated": true,
        "size_category": 1,
        "trade": null,
        "source": null,
        "tags": [],
        "notes": [],
        "history": {
          "province_2512": null,
          "province_2276": null,
          "ruler_2515": null,
          "ruler_2512": null,
          "ruler_2276": null
        },
        "wiki": {
          "title": null,
          "url": null,
          "description": null,
          "image": null
        },
        "svg_layer": "Estalia"
      }
    },
    {
      "type": "Feature",
      "id": "text213",
      "geometry": {
        "type": "Point",
        "coordinates": [
          -12.317285,
          37.424196
        ]
      },
      "properties": {
        "id": "text213",
        "name": "San Antonio",
        "category": "settlement",
        "dataset": "estalia",
        "in_gazetteer": false,
        "type": null,
        "region": "Estalia",
        "province": null,
        "estate": null,
        "population": 142,
        "population_estimated": true,
        "size_category": 1,
        "trade": null,
        "source": null,
        "tags": [],
        "notes": [],
        "history": {
          "province_2512": null,
          "province_2276": null,
          "ruler_2515": null,
          "ruler_2512": null,
          "ruler_2276": null
        },
        "wiki": {
          "title": null,
          "url": null,
          "description": null,
          "image": null
        },
        "svg_layer": "Estalia"
      }
    },
    {
      "type": "Feature",
      "id": "text214",
      "geometry": {
        "type": "Point",
        "coordinates": [
          -12.084636,
          46.125934
        ]
      },
      "properties": {
        "id": "text214",
        "name": "Torremocha",
        "category": "settlement",
        "dataset": "estalia",
        "in_gazetteer": false,
        "type": null,
        "region": "Estalia",
        "province": null,
        "estate": null,
        "population": 213,
        "population_estimated": true,
        "size_category": 1,
        "trade": null,
        "source": null,
        "tags": [],
        "notes": [],
        "history": {
          "province_2512": null,
          "province_2276": null,
          "ruler_2515": null,
          "ruler_2512": null,
          "ruler_2276": null
        },
        "wiki": {
          "title": null,
          "url": null,
          "description": null,
          "image": null
        },
        "svg_layer": "Estalia"
      }
    },
    {
      "type": "Feature",
      "id": "text215",
      "geometry": {
        "type": "Point",
        "coordinates": [
          -13.764323,
          46.691038
        ]
      },
      "properties": {
        "id": "text215",
        "name": "Las Barcenas",
        "category": "settlement",
        "dataset": "estalia",
        "in_gazetteer": false,
        "type": null,
        "region": "Estalia",
        "province": null,
        "estate": null,
        "population": 75,
        "population_estimated": true,
        "size_category": 1,
        "trade": null,
        "source": null,
        "tags": [],
        "notes": [],
        "history": {
          "province_2512": null,
          "province_2276": null,
          "ruler_2515": null,
          "ruler_2512": null,
          "ruler_2276": null
        },
        "wiki": {
          "title": null,
          "url": null,
          "description": null,
          "image": null
        },
        "svg_layer": "Estalia"
      }
    },
    {
      "type": "Feature",
      "id": "text216",
      "geometry": {
        "type": "Point",
        "coordinates": [
          -14.98698,
          46.526975
        ]
      },
      "properties": {
        "id": "text216",
        "name": "La Almarcha",
        "category": "settlement",
        "dataset": "estalia",
        "in_gazetteer": false,
        "type": null,
        "region": "Estalia",
        "province": null,
        "estate": null,
        "population": 99,
        "population_estimated": true,
        "size_category": 1,
        "trade": null,
        "source": null,
        "tags": [],
        "notes": [],
        "history": {
          "province_2512": null,
          "province_2276": null,
          "ruler_2515": null,
          "ruler_2512": null,
          "ruler_2276": null
        },
        "wiki": {
          "title": null,
          "url": null,
          "description": null,
          "image": null
        },
        "svg_layer": "Estalia"
      }
    },
    {
      "type": "Feature",
      "id": "text217",
      "geometry": {
        "type": "Point",
        "coordinates": [
          -16.895834,
          46.696246
        ]
      },
      "properties": {
        "id": "text217",
        "name": "Catropiedra",
        "category": "settlement",
        "dataset": "estalia",
        "in_gazetteer": false,
        "type": null,
        "region": "Estalia",
        "province": null,
        "estate": null,
        "population": 214,
        "population_estimated": true,
        "size_category": 1,
        "trade": null,
        "source": null,
        "tags": [],
        "notes": [],
        "history": {
          "province_2512": null,
          "province_2276": null,
          "ruler_2515": null,
          "ruler_2512": null,
          "ruler_2276": null
        },
        "wiki": {
          "title": null,
          "url": null,
          "description": null,
          "image": null
        },
        "svg_layer": "Estalia"
      }
    },
    {
      "type": "Feature",
      "id": "text218",
      "geometry": {
        "type": "Point",
        "coordinates": [
          -18.793113,
          42.037422
        ]
      },
      "properties": {
        "id": "text218",
        "name": "Palos",
        "category": "settlement",
        "dataset": "estalia",
        "in_gazetteer": false,
        "type": null,
        "region": "Estalia",
        "province": null,
        "estate": null,
        "population": 168,
        "population_estimated": true,
        "size_category": 1,
        "trade": null,
        "source": null,
        "tags": [],
        "notes": [],
        "history": {
          "province_2512": null,
          "province_2276": null,
          "ruler_2515": null,
          "ruler_2512": null,
          "ruler_2276": null
        },
        "wiki": {
          "title": null,
          "url": null,
          "description": null,
          "image": null
        },
        "svg_layer": "Estalia"
      }
    },
    {
      "type": "Feature",
      "id": "text219",
      "geometry": {
        "type": "Point",
        "coordinates": [
          -18.440018,
          41.499262
        ]
      },
      "properties": {
        "id": "text219",
        "name": "Moriles",
        "category": "settlement",
        "dataset": "estalia",
        "in_gazetteer": false,
        "type": null,
        "region": "Estalia",
        "province": null,
        "estate": null,
        "population": 247,
        "population_estimated": true,
        "size_category": 1,
        "trade": null,
        "source": null,
        "tags": [],
        "notes": [],
        "history": {
          "province_2512": null,
          "province_2276": null,
          "ruler_2515": null,
          "ruler_2512": null,
          "ruler_2276": null
        },
        "wiki": {
          "title": null,
          "url": null,
          "description": null,
          "image": null
        },
        "svg_layer": "Estalia"
      }
    },
    {
      "type": "Feature",
      "id": "text220",
      "geometry": {
        "type": "Point",
        "coordinates": [
          -17.939152,
          41.471646
        ]
      },
      "properties": {
        "id": "text220",
        "name": "Islero",
        "category": "settlement",
        "dataset": "estalia",
        "in_gazetteer": false,
        "type": null,
        "region": "Estalia",
        "province": null,
        "estate": null,
        "population": 106,
        "population_estimated": true,
        "size_category": 1,
        "trade": null,
        "source": null,
        "tags": [],
        "notes": [],
        "history": {
          "province_2512": null,
          "province_2276": null,
          "ruler_2515": null,
          "ruler_2512": null,
          "ruler_2276": null
        },
        "wiki": {
          "title": null,
          "url": null,
          "description": null,
          "image": null
        },
        "svg_layer": "Estalia"
      }
    },
    {
      "type": "Feature",
      "id": "text221",
      "geometry": {
        "type": "Point",
        "coordinates": [
          -17.591122,
          41.212003
        ]
      },
      "properties": {
        "id": "text221",
        "name": "Aguaclara",
        "category": "settlement",
        "dataset": "estalia",
        "in_gazetteer": false,
        "type": null,
        "region": "Estalia",
        "province": null,
        "estate": null,
        "population": 183,
        "population_estimated": true,
        "size_category": 1,
        "trade": null,
        "source": null,
        "tags": [],
        "notes": [],
        "history": {
          "province_2512": null,
          "province_2276": null,
          "ruler_2515": null,
          "ruler_2512": null,
          "ruler_2276": null
        },
        "wiki": {
          "title": null,
          "url": null,
          "description": null,
          "image": null
        },
        "svg_layer": "Estalia"
      }
    },
    {
      "type": "Feature",
      "id": "text222",
      "geometry": {
        "type": "Point",
        "coordinates": [
          -16.219262,
          41.547143
        ]
      },
      "properties": {
        "id": "text222",
        "name": "Retales",
        "category": "settlement",
        "dataset": "estalia",
        "in_gazetteer": false,
        "type": null,
        "region": "Estalia",
        "province": null,
        "estate": null,
        "population": 329,
        "population_estimated": true,
        "size_category": 2,
        "trade": null,
        "source": null,
        "tags": [],
        "notes": [],
        "history": {
          "province_2512": null,
          "province_2276": null,
          "ruler_2515": null,
          "ruler_2512": null,
          "ruler_2276": null
        },
        "wiki": {
          "title": null,
          "url": null,
          "description": null,
          "image": null
        },
        "svg_layer": "Estalia"
      }
    },
    {
      "type": "Feature",
      "id": "text223",
      "geometry": {
        "type": "Point",
        "coordinates": [
          -17.799204,
          43.000026
        ]
      },
      "properties": {
        "id": "text223",
        "name": "Villafulano",
        "category": "settlement",
        "dataset": "estalia",
        "in_gazetteer": false,
        "type": null,
        "region": "Estalia",
        "province": null,
        "estate": null,
        "population": 337,
        "population_estimated": true,
        "size_category": 2,
        "trade": null,
        "source": null,
        "tags": [],
        "notes": [],
        "history": {
          "province_2512": null,
          "province_2276": null,
          "ruler_2515": null,
          "ruler_2512": null,
          "ruler_2276": null
        },
        "wiki": {
          "title": null,
          "url": null,
          "description": null,
          "image": null
        },
        "svg_layer": "Estalia"
      }
    },
    {
      "type": "Feature",
      "id": "text224",
      "geometry": {
        "type": "Point",
        "coordinates": [
          -19.097407,
          42.924526
        ]
      },
      "properties": {
        "id": "text224",
        "name": "Salamantica",
        "category": "settlement",
        "dataset": "estalia",
        "in_gazetteer": false,
        "type": null,
        "region": "Estalia",
        "province": null,
        "estate": null,
        "population": 257,
        "population_estimated": true,
        "size_category": 1,
        "trade": null,
        "source": null,
        "tags": [],
        "notes": [],
        "history": {
          "province_2512": null,
          "province_2276": null,
          "ruler_2515": null,
          "ruler_2512": null,
          "ruler_2276": null
        },
        "wiki": {
          "title": null,
          "url": null,
          "description": null,
          "image": null
        },
        "svg_layer": "Estalia"
      }
    },
    {
      "type": "Feature",
      "id": "text225",
      "geometry": {
        "type": "Point",
        "coordinates": [
          -16.195323,
          41.33722
        ]
      },
      "properties": {
        "id": "text225",
        "name": "Almera",
        "category": "settlement",
        "dataset": "estalia",
        "in_gazetteer": false,
        "type": null,
        "region": "Estalia",
        "province": null,
        "estate": null,
        "population": 97,
        "population_estimated": true,
        "size_category": 1,
        "trade": null,
        "source": null,
        "tags": [],
        "notes": [],
        "history": {
          "province_2512": null,
          "province_2276": null,
          "ruler_2515": null,
          "ruler_2512": null,
          "ruler_2276": null
        },
        "wiki": {
          "title": null,
          "url": null,
          "description": null,
          "image": null
        },
        "svg_layer": "Estalia"
      }
    },
    {
      "type": "Feature",
      "id": "text226",
      "geometry": {
        "type": "Point",
        "coordinates": [
          -16.138239,
          41.442182
        ]
      },
      "properties": {
        "id": "text226",
        "name": "Pinares del Rio",
        "category": "settlement",
        "dataset": "estalia",
        "in_gazetteer": false,
        "type": null,
        "region": "Estalia",
        "province": null,
        "estate": null,
        "population": 141,
        "population_estimated": true,
        "size_category": 1,
        "trade": null,
        "source": null,
        "tags": [],
        "notes": [],
        "history": {
          "province_2512": null,
          "province_2276": null,
          "ruler_2515": null,
          "ruler_2512": null,
          "ruler_2276": null
        },
        "wiki": {
          "title": null,
          "url": null,
          "description": null,
          "image": null
        },
        "svg_layer": "Estalia"
      }
    },
    {
      "type": "Feature",
      "id": "text227",
      "geometry": {
        "type": "Point",
        "coordinates": [
          -14.880546,
          40.004028
        ]
      },
      "properties": {
        "id": "text227",
        "name": "Valendra",
        "category": "settlement",
        "dataset": "estalia",
        "in_gazetteer": false,
        "type": null,
        "region": "Estalia",
        "province": null,
        "estate": null,
        "population": 93,
        "population_estimated": true,
        "size_category": 1,
        "trade": null,
        "source": null,
        "tags": [],
        "notes": [],
        "history": {
          "province_2512": null,
          "province_2276": null,
          "ruler_2515": null,
          "ruler_2512": null,
          "ruler_2276": null
        },
        "wiki": {
          "title": null,
          "url": null,
          "description": null,
          "image": null
        },
        "svg_layer": "Estalia"
      }
    },
    {
      "type": "Feature",
      "id": "text228",
      "geometry": {
        "type": "Point",
        "coordinates": [
          -15.420084,
          40.309706
        ]
      },
      "properties": {
        "id": "text228",
        "name": "Lucenia",
        "category": "settlement",
        "dataset": "estalia",
        "in_gazetteer": false,
        "type": null,
        "region": "Estalia",
        "province": null,
        "estate": null,
        "population": 119,
        "population_estimated": true,
        "size_category": 1,
        "trade": null,
        "source": null,
        "tags": [],
        "notes": [],
        "history": {
          "province_2512": null,
          "province_2276": null,
          "ruler_2515": null,
          "ruler_2512": null,
          "ruler_2276": null
        },
        "wiki": {
          "title": null,
          "url": null,
          "description": null,
          "image": null
        },
        "svg_layer": "Estalia"
      }
    },
    {
      "type": "Feature",
      "id": "text229",
      "geometry": {
        "type": "Point",
        "coordinates": [
          -15.035227,
          41.663153
        ]
      },
      "properties": {
        "id": "text229",
        "name": "Olivares",
        "category": "settlement",
        "dataset": "estalia",
        "in_gazetteer": false,
        "type": null,
        "region": "Estalia",
        "province": null,
        "estate": null,
        "population": 91,
        "population_estimated": true,
        "size_category": 1,
        "trade": null,
        "source": null,
        "tags": [],
        "notes": [],
        "history": {
          "province_2512": null,
          "province_2276": null,
          "ruler_2515": null,
          "ruler_2512": null,
          "ruler_2276": null
        },
        "wiki": {
          "title": null,
          "url": null,
          "description": null,
          "image": null
        },
        "svg_layer": "Estalia"
      }
    },
    {
      "type": "Feature",
      "id": "text230",
      "geometry": {
        "type": "Point",
        "coordinates": [
          -14.068478,
          41.302231
        ]
      },
      "properties": {
        "id": "text230",
        "name": "Quintasnar",
        "category": "settlement",
        "dataset": "estalia",
        "in_gazetteer": false,
        "type": null,
        "region": "Estalia",
        "province": null,
        "estate": null,
        "population": 383,
        "population_estimated": true,
        "size_category": 2,
        "trade": null,
        "source": null,
        "tags": [],
        "notes": [],
        "history": {
          "province_2512": null,
          "province_2276": null,
          "ruler_2515": null,
          "ruler_2512": null,
          "ruler_2276": null
        },
        "wiki": {
          "title": null,
          "url": null,
          "description": null,
          "image": null
        },
        "svg_layer": "Estalia"
      }
    },
    {
      "type": "Feature",
      "id": "text231",
      "geometry": {
        "type": "Point",
        "coordinates": [
          -22.021589,
          40.917373
        ]
      },
      "properties": {
        "id": "text231",
        "name": "Puerto Principe",
        "category": "settlement",
        "dataset": "estalia",
        "in_gazetteer": false,
        "type": null,
        "region": "Estalia",
        "province": null,
        "estate": null,
        "population": 241,
        "population_estimated": true,
        "size_category": 1,
        "trade": null,
        "source": null,
        "tags": [],
        "notes": [],
        "history": {
          "province_2512": null,
          "province_2276": null,
          "ruler_2515": null,
          "ruler_2512": null,
          "ruler_2276": null
        },
        "wiki": {
          "title": null,
          "url": null,
          "description": null,
          "image": null
        },
        "svg_layer": "Estalia"
      }
    },
    {
      "type": "Feature",
      "id": "text232",
      "geometry": {
        "type": "Point",
        "coordinates": [
          -17.208107,
          42.895063
        ]
      },
      "properties": {
        "id": "text232",
        "name": "Alcazar de la Sierra",
        "category": "settlement",
        "dataset": "estalia",
        "in_gazetteer": false,
        "type": null,
        "region": "Estalia",
        "province": null,
        "estate": null,
        "population": 104,
        "population_estimated": true,
        "size_category": 1,
        "trade": null,
        "source": null,
        "tags": [],
        "notes": [],
        "history": {
          "province_2512": null,
          "province_2276": null,
          "ruler_2515": null,
          "ruler_2512": null,
          "ruler_2276": null
        },
        "wiki": {
          "title": null,
          "url": null,
          "description": null,
          "image": null
        },
        "svg_layer": "Estalia"
      }
    },
    {
      "type": "Feature",
      "id": "text233",
      "geometry": {
        "type": "Point",
        "coordinates": [
          -18.156439,
          42.416295
        ]
      },
      "properties": {
        "id": "text233",
        "name": "Tulayta",
        "category": "settlement",
        "dataset": "estalia",
        "in_gazetteer": false,
        "type": null,
        "region": "Estalia",
        "province": null,
        "estate": null,
        "population": 77,
        "population_estimated": true,
        "size_category": 1,
        "trade": null,
        "source": null,
        "tags": [],
        "notes": [],
        "history": {
          "province_2512": null,
          "province_2276": null,
          "ruler_2515": null,
          "ruler_2512": null,
          "ruler_2276": null
        },
        "wiki": {
          "title": null,
          "url": null,
          "description": null,
          "image": null
        },
        "svg_layer": "Estalia"
      }
    },
    {
      "type": "Feature",
      "id": "text234",
      "geometry": {
        "type": "Point",
        "coordinates": [
          -16.666728,
          42.261615
        ]
      },
      "properties": {
        "id": "text234",
        "name": "Argantonia",
        "category": "settlement",
        "dataset": "estalia",
        "in_gazetteer": false,
        "type": null,
        "region": "Estalia",
        "province": null,
        "estate": null,
        "population": 115,
        "population_estimated": true,
        "size_category": 1,
        "trade": null,
        "source": null,
        "tags": [],
        "notes": [],
        "history": {
          "province_2512": null,
          "province_2276": null,
          "ruler_2515": null,
          "ruler_2512": null,
          "ruler_2276": null
        },
        "wiki": {
          "title": null,
          "url": null,
          "description": null,
          "image": null
        },
        "svg_layer": "Estalia"
      }
    },
    {
      "type": "Feature",
      "id": "text235",
      "geometry": {
        "type": "Point",
        "coordinates": [
          -16.337113,
          42.154811
        ]
      },
      "properties": {
        "id": "text235",
        "name": "Los Pantios",
        "category": "settlement",
        "dataset": "estalia",
        "in_gazetteer": false,
        "type": null,
        "region": "Estalia",
        "province": null,
        "estate": null,
        "population": 234,
        "population_estimated": true,
        "size_category": 1,
        "trade": null,
        "source": null,
        "tags": [],
        "notes": [],
        "history": {
          "province_2512": null,
          "province_2276": null,
          "ruler_2515": null,
          "ruler_2512": null,
          "ruler_2276": null
        },
        "wiki": {
          "title": null,
          "url": null,
          "description": null,
          "image": null
        },
        "svg_layer": "Estalia"
      }
    },
    {
      "type": "Feature",
      "id": "text236",
      "geometry": {
        "type": "Point",
        "coordinates": [
          -16.677777,
          42.547035
        ]
      },
      "properties": {
        "id": "text236",
        "name": "El Placebo",
        "category": "settlement",
        "dataset": "estalia",
        "in_gazetteer": false,
        "type": null,
        "region": "Estalia",
        "province": null,
        "estate": null,
        "population": 96,
        "population_estimated": true,
        "size_category": 1,
        "trade": null,
        "source": null,
        "tags": [],
        "notes": [],
        "history": {
          "province_2512": null,
          "province_2276": null,
          "ruler_2515": null,
          "ruler_2512": null,
          "ruler_2276": null
        },
        "wiki": {
          "title": null,
          "url": null,
          "description": null,
          "image": null
        },
        "svg_layer": "Estalia"
      }
    },
    {
      "type": "Feature",
      "id": "text237",
      "geometry": {
        "type": "Point",
        "coordinates": [
          -11.851563,
          44.558225
        ]
      },
      "properties": {
        "id": "text237",
        "name": "San Adreas",
        "category": "settlement",
        "dataset": "estalia",
        "in_gazetteer": false,
        "type": null,
        "region": "Estalia",
        "province": null,
        "estate": null,
        "population": 244,
        "population_estimated": true,
        "size_category": 1,
        "trade": null,
        "source": null,
        "tags": [],
        "notes": [],
        "history": {
          "province_2512": null,
          "province_2276": null,
          "ruler_2515": null,
          "ruler_2512": null,
          "ruler_2276": null
        },
        "wiki": {
          "title": null,
          "url": null,
          "description": null,
          "image": null
        },
        "svg_layer": "Estalia"
      }
    },
    {
      "type": "Feature",
      "id": "text238",
      "geometry": {
        "type": "Point",
        "coordinates": [
          -11.858073,
          43.658486
        ]
      },
      "properties": {
        "id": "text238",
        "name": "Serpicio",
        "category": "settlement",
        "dataset": "estalia",
        "in_gazetteer": true,
        "type": null,
        "region": "Estalia",
        "province": null,
        "estate": null,
        "population": 138,
        "population_estimated": true,
        "size_category": 1,
        "trade": null,
        "source": "Swords of the South Estalia Supplement (unofficial)",
        "tags": [],
        "notes": [],
        "history": {
          "province_2512": null,
          "province_2276": null,
          "ruler_2515": null,
          "ruler_2512": null,
          "ruler_2276": null
        },
        "wiki": {
          "title": "Serpicio",
          "url": "https://warhammerfantasy.fandom.com/wiki/Serpicio",
          "description": "Serpicio is a town of the Estalian Kingdom of Novareno.",
          "image": "https://static.wikia.nocookie.net/warhammerfb/images/b/b5/Novareno.png/revision/latest?cb=20250222183354"
        },
        "svg_layer": "Estalia"
      }
    },
    {
      "type": "Feature",
      "id": "text239",
      "geometry": {
        "type": "Point",
        "coordinates": [
          -11.285156,
          43.030882
        ]
      },
      "properties": {
        "id": "text239",
        "name": "Tarambana",
        "category": "settlement",
        "dataset": "estalia",
        "in_gazetteer": false,
        "type": null,
        "region": "Estalia",
        "province": null,
        "estate": null,
        "population": 74,
        "population_estimated": true,
        "size_category": 1,
        "trade": null,
        "source": null,
        "tags": [],
        "notes": [],
        "history": {
          "province_2512": null,
          "province_2276": null,
          "ruler_2515": null,
          "ruler_2512": null,
          "ruler_2276": null
        },
        "wiki": {
          "title": null,
          "url": null,
          "description": null,
          "image": null
        },
        "svg_layer": "Estalia"
      }
    },
    {
      "type": "Feature",
      "id": "text240",
      "geometry": {
        "type": "Point",
        "coordinates": [
          -11.28125,
          41.868124
        ]
      },
      "properties": {
        "id": "text240",
        "name": "Epila",
        "category": "settlement",
        "dataset": "estalia",
        "in_gazetteer": false,
        "type": null,
        "region": "Estalia",
        "province": null,
        "estate": null,
        "population": 224,
        "population_estimated": true,
        "size_category": 1,
        "trade": null,
        "source": null,
        "tags": [],
        "notes": [],
        "history": {
          "province_2512": null,
          "province_2276": null,
          "ruler_2515": null,
          "ruler_2512": null,
          "ruler_2276": null
        },
        "wiki": {
          "title": null,
          "url": null,
          "description": null,
          "image": null
        },
        "svg_layer": "Estalia"
      }
    },
    {
      "type": "Feature",
      "id": "text241",
      "geometry": {
        "type": "Point",
        "coordinates": [
          -10.770834,
          41.90979
        ]
      },
      "properties": {
        "id": "text241",
        "name": "Gardanigo",
        "category": "settlement",
        "dataset": "estalia",
        "in_gazetteer": false,
        "type": null,
        "region": "Estalia",
        "province": null,
        "estate": null,
        "population": 93,
        "population_estimated": true,
        "size_category": 1,
        "trade": null,
        "source": null,
        "tags": [],
        "notes": [],
        "history": {
          "province_2512": null,
          "province_2276": null,
          "ruler_2515": null,
          "ruler_2512": null,
          "ruler_2276": null
        },
        "wiki": {
          "title": null,
          "url": null,
          "description": null,
          "image": null
        },
        "svg_layer": "Estalia"
      }
    },
    {
      "type": "Feature",
      "id": "text242",
      "geometry": {
        "type": "Point",
        "coordinates": [
          -11.850261,
          41.336874
        ]
      },
      "properties": {
        "id": "text242",
        "name": "La Almunia",
        "category": "settlement",
        "dataset": "estalia",
        "in_gazetteer": false,
        "type": null,
        "region": "Estalia",
        "province": null,
        "estate": null,
        "population": 81,
        "population_estimated": true,
        "size_category": 1,
        "trade": null,
        "source": null,
        "tags": [],
        "notes": [],
        "history": {
          "province_2512": null,
          "province_2276": null,
          "ruler_2515": null,
          "ruler_2512": null,
          "ruler_2276": null
        },
        "wiki": {
          "title": null,
          "url": null,
          "description": null,
          "image": null
        },
        "svg_layer": "Estalia"
      }
    },
    {
      "type": "Feature",
      "id": "text243",
      "geometry": {
        "type": "Point",
        "coordinates": [
          -12.070534,
          41.064689
        ]
      },
      "properties": {
        "id": "text243",
        "name": "Jiloca",
        "category": "settlement",
        "dataset": "estalia",
        "in_gazetteer": false,
        "type": null,
        "region": "Estalia",
        "province": null,
        "estate": null,
        "population": 76,
        "population_estimated": true,
        "size_category": 1,
        "trade": null,
        "source": null,
        "tags": [],
        "notes": [],
        "history": {
          "province_2512": null,
          "province_2276": null,
          "ruler_2515": null,
          "ruler_2512": null,
          "ruler_2276": null
        },
        "wiki": {
          "title": null,
          "url": null,
          "description": null,
          "image": null
        },
        "svg_layer": "Estalia"
      }
    },
    {
      "type": "Feature",
      "id": "text244",
      "geometry": {
        "type": "Point",
        "coordinates": [
          -12.409356,
          40.374152
        ]
      },
      "properties": {
        "id": "text244",
        "name": "Manzanera",
        "category": "settlement",
        "dataset": "estalia",
        "in_gazetteer": false,
        "type": null,
        "region": "Estalia",
        "province": null,
        "estate": null,
        "population": 94,
        "population_estimated": true,
        "size_category": 1,
        "trade": null,
        "source": null,
        "tags": [],
        "notes": [],
        "history": {
          "province_2512": null,
          "province_2276": null,
          "ruler_2515": null,
          "ruler_2512": null,
          "ruler_2276": null
        },
        "wiki": {
          "title": null,
          "url": null,
          "description": null,
          "image": null
        },
        "svg_layer": "Estalia"
      }
    },
    {
      "type": "Feature",
      "id": "text247",
      "geometry": {
        "type": "Point",
        "coordinates": [
          -12.685228,
          40.472667
        ]
      },
      "properties": {
        "id": "text247",
        "name": "Chelvén",
        "category": "settlement",
        "dataset": "estalia",
        "in_gazetteer": true,
        "type": null,
        "region": "Estalia",
        "province": null,
        "estate": null,
        "population": 199,
        "population_estimated": true,
        "size_category": 1,
        "trade": null,
        "source": "Swords of the South Estalia Supplement (unofficial)",
        "tags": [],
        "notes": [],
        "history": {
          "province_2512": null,
          "province_2276": null,
          "ruler_2515": null,
          "ruler_2512": null,
          "ruler_2276": null
        },
        "wiki": {
          "title": "Chelvén",
          "url": "https://warhammerfantasy.fandom.com/wiki/Chelv%C3%A9n",
          "description": "Chelvén is a town of the Estalian kingdom of Cantonia.",
          "image": "https://static.wikia.nocookie.net/warhammerfb/images/d/d6/Cantonia_01-25.png/revision/latest?cb=20250222192731"
        },
        "svg_layer": "Estalia"
      }
    },
    {
      "type": "Feature",
      "id": "text260",
      "geometry": {
        "type": "Point",
        "coordinates": [
          -12.617437,
          39.050171
        ]
      },
      "properties": {
        "id": "text260",
        "name": "Fantasporto",
        "category": "settlement",
        "dataset": "estalia",
        "in_gazetteer": true,
        "type": null,
        "region": "Estalia",
        "province": null,
        "estate": null,
        "population": 89,
        "population_estimated": true,
        "size_category": 1,
        "trade": null,
        "source": "Swords of the South Estalia Supplement (unofficial)",
        "tags": [],
        "notes": [],
        "history": {
          "province_2512": null,
          "province_2276": null,
          "ruler_2515": null,
          "ruler_2512": null,
          "ruler_2276": null
        },
        "wiki": {
          "title": null,
          "url": null,
          "description": null,
          "image": null
        },
        "svg_layer": "Estalia"
      }
    },
    {
      "type": "Feature",
      "id": "text51",
      "geometry": {
        "type": "Point",
        "coordinates": [
          -13.018867,
          42.111536
        ]
      },
      "properties": {
        "id": "text51",
        "name": "Xaca",
        "category": "settlement",
        "dataset": "estalia",
        "in_gazetteer": false,
        "type": null,
        "region": "Estalia",
        "province": null,
        "estate": null,
        "population": 161,
        "population_estimated": true,
        "size_category": 1,
        "trade": null,
        "source": null,
        "tags": [],
        "notes": [],
        "history": {
          "province_2512": null,
          "province_2276": null,
          "ruler_2515": null,
          "ruler_2512": null,
          "ruler_2276": null
        },
        "wiki": {
          "title": null,
          "url": null,
          "description": null,
          "image": null
        },
        "svg_layer": "Estalia"
      }
    },
    {
      "type": "Feature",
      "id": "text102",
      "geometry": {
        "type": "Point",
        "coordinates": [
          -12.873393,
          42.469694
        ]
      },
      "properties": {
        "id": "text102",
        "name": "Aranoa",
        "category": "settlement",
        "dataset": "estalia",
        "in_gazetteer": false,
        "type": null,
        "region": "Estalia",
        "province": null,
        "estate": null,
        "population": 167,
        "population_estimated": true,
        "size_category": 1,
        "trade": null,
        "source": null,
        "tags": [],
        "notes": [],
        "history": {
          "province_2512": null,
          "province_2276": null,
          "ruler_2515": null,
          "ruler_2512": null,
          "ruler_2276": null
        },
        "wiki": {
          "title": null,
          "url": null,
          "description": null,
          "image": null
        },
        "svg_layer": "Estalia"
      }
    },
    {
      "type": "Feature",
      "id": "text258",
      "geometry": {
        "type": "Point",
        "coordinates": [
          -14.985507,
          41.954095
        ]
      },
      "properties": {
        "id": "text258",
        "name": "Villainfante",
        "category": "settlement",
        "dataset": "estalia",
        "in_gazetteer": false,
        "type": null,
        "region": "Estalia",
        "province": null,
        "estate": null,
        "population": 168,
        "population_estimated": true,
        "size_category": 1,
        "trade": null,
        "source": null,
        "tags": [],
        "notes": [],
        "history": {
          "province_2512": null,
          "province_2276": null,
          "ruler_2515": null,
          "ruler_2512": null,
          "ruler_2276": null
        },
        "wiki": {
          "title": null,
          "url": null,
          "description": null,
          "image": null
        },
        "svg_layer": "Estalia"
      }
    },
    {
      "type": "Feature",
      "id": "text267",
      "geometry": {
        "type": "Point",
        "coordinates": [
          -14.819779,
          41.968825
        ]
      },
      "properties": {
        "id": "text267",
        "name": "Leganejos",
        "category": "settlement",
        "dataset": "estalia",
        "in_gazetteer": false,
        "type": null,
        "region": "Estalia",
        "province": null,
        "estate": null,
        "population": 126,
        "population_estimated": true,
        "size_category": 1,
        "trade": null,
        "source": null,
        "tags": [],
        "notes": [],
        "history": {
          "province_2512": null,
          "province_2276": null,
          "ruler_2515": null,
          "ruler_2512": null,
          "ruler_2276": null
        },
        "wiki": {
          "title": null,
          "url": null,
          "description": null,
          "image": null
        },
        "svg_layer": "Estalia"
      }
    },
    {
      "type": "Feature",
      "id": "text268",
      "geometry": {
        "type": "Point",
        "coordinates": [
          -14.887912,
          43.001865
        ]
      },
      "properties": {
        "id": "text268",
        "name": "El Sabinar",
        "category": "settlement",
        "dataset": "estalia",
        "in_gazetteer": false,
        "type": null,
        "region": "Estalia",
        "province": null,
        "estate": null,
        "population": 133,
        "population_estimated": true,
        "size_category": 1,
        "trade": null,
        "source": null,
        "tags": [],
        "notes": [],
        "history": {
          "province_2512": null,
          "province_2276": null,
          "ruler_2515": null,
          "ruler_2512": null,
          "ruler_2276": null
        },
        "wiki": {
          "title": null,
          "url": null,
          "description": null,
          "image": null
        },
        "svg_layer": "Estalia"
      }
    },
    {
      "type": "Feature",
      "id": "text269",
      "geometry": {
        "type": "Point",
        "coordinates": [
          -13.910116,
          42.048007
        ]
      },
      "properties": {
        "id": "text269",
        "name": "Talabante de la Sierra",
        "category": "settlement",
        "dataset": "estalia",
        "in_gazetteer": false,
        "type": null,
        "region": "Estalia",
        "province": null,
        "estate": null,
        "population": 135,
        "population_estimated": true,
        "size_category": 1,
        "trade": null,
        "source": null,
        "tags": [],
        "notes": [],
        "history": {
          "province_2512": null,
          "province_2276": null,
          "ruler_2515": null,
          "ruler_2512": null,
          "ruler_2276": null
        },
        "wiki": {
          "title": null,
          "url": null,
          "description": null,
          "image": null
        },
        "svg_layer": "Estalia"
      }
    },
    {
      "type": "Feature",
      "id": "text270",
      "geometry": {
        "type": "Point",
        "coordinates": [
          -14.477274,
          42.182432
        ]
      },
      "properties": {
        "id": "text270",
        "name": "Madrigal",
        "category": "settlement",
        "dataset": "estalia",
        "in_gazetteer": false,
        "type": null,
        "region": "Estalia",
        "province": null,
        "estate": null,
        "population": 96,
        "population_estimated": true,
        "size_category": 1,
        "trade": null,
        "source": null,
        "tags": [],
        "notes": [],
        "history": {
          "province_2512": null,
          "province_2276": null,
          "ruler_2515": null,
          "ruler_2512": null,
          "ruler_2276": null
        },
        "wiki": {
          "title": null,
          "url": null,
          "description": null,
          "image": null
        },
        "svg_layer": "Estalia"
      }
    },
    {
      "type": "Feature",
      "id": "text271",
      "geometry": {
        "type": "Point",
        "coordinates": [
          -14.412825,
          41.874913
        ]
      },
      "properties": {
        "id": "text271",
        "name": "El Toboso",
        "category": "settlement",
        "dataset": "estalia",
        "in_gazetteer": false,
        "type": null,
        "region": "Estalia",
        "province": null,
        "estate": null,
        "population": 224,
        "population_estimated": true,
        "size_category": 1,
        "trade": null,
        "source": null,
        "tags": [],
        "notes": [],
        "history": {
          "province_2512": null,
          "province_2276": null,
          "ruler_2515": null,
          "ruler_2512": null,
          "ruler_2276": null
        },
        "wiki": {
          "title": null,
          "url": null,
          "description": null,
          "image": null
        },
        "svg_layer": "Estalia"
      }
    },
    {
      "type": "Feature",
      "id": "text272",
      "geometry": {
        "type": "Point",
        "coordinates": [
          -14.138453,
          41.679724
        ]
      },
      "properties": {
        "id": "text272",
        "name": "Alcarria",
        "category": "settlement",
        "dataset": "estalia",
        "in_gazetteer": false,
        "type": null,
        "region": "Estalia",
        "province": null,
        "estate": null,
        "population": 91,
        "population_estimated": true,
        "size_category": 1,
        "trade": null,
        "source": null,
        "tags": [],
        "notes": [],
        "history": {
          "province_2512": null,
          "province_2276": null,
          "ruler_2515": null,
          "ruler_2512": null,
          "ruler_2276": null
        },
        "wiki": {
          "title": null,
          "url": null,
          "description": null,
          "image": null
        },
        "svg_layer": "Estalia"
      }
    },
    {
      "type": "Feature",
      "id": "text273",
      "geometry": {
        "type": "Point",
        "coordinates": [
          -13.989297,
          41.495581
        ]
      },
      "properties": {
        "id": "text273",
        "name": "Almanza",
        "category": "settlement",
        "dataset": "estalia",
        "in_gazetteer": false,
        "type": null,
        "region": "Estalia",
        "province": null,
        "estate": null,
        "population": 152,
        "population_estimated": true,
        "size_category": 1,
        "trade": null,
        "source": null,
        "tags": [],
        "notes": [],
        "history": {
          "province_2512": null,
          "province_2276": null,
          "ruler_2515": null,
          "ruler_2512": null,
          "ruler_2276": null
        },
        "wiki": {
          "title": null,
          "url": null,
          "description": null,
          "image": null
        },
        "svg_layer": "Estalia"
      }
    },
    {
      "type": "Feature",
      "id": "text274",
      "geometry": {
        "type": "Point",
        "coordinates": [
          -15.510313,
          40.792157
        ]
      },
      "properties": {
        "id": "text274",
        "name": "Lorquia",
        "category": "settlement",
        "dataset": "estalia",
        "in_gazetteer": false,
        "type": null,
        "region": "Estalia",
        "province": null,
        "estate": null,
        "population": 161,
        "population_estimated": true,
        "size_category": 1,
        "trade": null,
        "source": null,
        "tags": [],
        "notes": [],
        "history": {
          "province_2512": null,
          "province_2276": null,
          "ruler_2515": null,
          "ruler_2512": null,
          "ruler_2276": null
        },
        "wiki": {
          "title": null,
          "url": null,
          "description": null,
          "image": null
        },
        "svg_layer": "Estalia"
      }
    },
    {
      "type": "Feature",
      "id": "text275",
      "geometry": {
        "type": "Point",
        "coordinates": [
          -15.434815,
          40.687196
        ]
      },
      "properties": {
        "id": "text275",
        "name": "Murta",
        "category": "settlement",
        "dataset": "estalia",
        "in_gazetteer": false,
        "type": null,
        "region": "Estalia",
        "province": null,
        "estate": null,
        "population": 150,
        "population_estimated": true,
        "size_category": 1,
        "trade": null,
        "source": null,
        "tags": [],
        "notes": [],
        "history": {
          "province_2512": null,
          "province_2276": null,
          "ruler_2515": null,
          "ruler_2512": null,
          "ruler_2276": null
        },
        "wiki": {
          "title": null,
          "url": null,
          "description": null,
          "image": null
        },
        "svg_layer": "Estalia"
      }
    },
    {
      "type": "Feature",
      "id": "text276",
      "geometry": {
        "type": "Point",
        "coordinates": [
          -14.961569,
          40.352055
        ]
      },
      "properties": {
        "id": "text276",
        "name": "Absaila",
        "category": "settlement",
        "dataset": "estalia",
        "in_gazetteer": false,
        "type": null,
        "region": "Estalia",
        "province": null,
        "estate": null,
        "population": 92,
        "population_estimated": true,
        "size_category": 1,
        "trade": null,
        "source": null,
        "tags": [],
        "notes": [],
        "history": {
          "province_2512": null,
          "province_2276": null,
          "ruler_2515": null,
          "ruler_2512": null,
          "ruler_2276": null
        },
        "wiki": {
          "title": null,
          "url": null,
          "description": null,
          "image": null
        },
        "svg_layer": "Estalia"
      }
    },
    {
      "type": "Feature",
      "id": "text280",
      "geometry": {
        "type": "Point",
        "coordinates": [
          -13.939579,
          41.937524
        ]
      },
      "properties": {
        "id": "text280",
        "name": "Los Montoyas",
        "category": "settlement",
        "dataset": "estalia",
        "in_gazetteer": false,
        "type": null,
        "region": "Estalia",
        "province": null,
        "estate": null,
        "population": 165,
        "population_estimated": true,
        "size_category": 1,
        "trade": null,
        "source": null,
        "tags": [],
        "notes": [],
        "history": {
          "province_2512": null,
          "province_2276": null,
          "ruler_2515": null,
          "ruler_2512": null,
          "ruler_2276": null
        },
        "wiki": {
          "title": null,
          "url": null,
          "description": null,
          "image": null
        },
        "svg_layer": "Estalia"
      }
    },
    {
      "type": "Feature",
      "id": "text281",
      "geometry": {
        "type": "Point",
        "coordinates": [
          -13.435028,
          42.53046
        ]
      },
      "properties": {
        "id": "text281",
        "name": "Belinfante",
        "category": "settlement",
        "dataset": "estalia",
        "in_gazetteer": false,
        "type": null,
        "region": "Estalia",
        "province": null,
        "estate": null,
        "population": 118,
        "population_estimated": true,
        "size_category": 1,
        "trade": null,
        "source": null,
        "tags": [],
        "notes": [],
        "history": {
          "province_2512": null,
          "province_2276": null,
          "ruler_2515": null,
          "ruler_2512": null,
          "ruler_2276": null
        },
        "wiki": {
          "title": null,
          "url": null,
          "description": null,
          "image": null
        },
        "svg_layer": "Estalia"
      }
    },
    {
      "type": "Feature",
      "id": "text282",
      "geometry": {
        "type": "Point",
        "coordinates": [
          -14.571187,
          41.99829
        ]
      },
      "properties": {
        "id": "text282",
        "name": "Modrejos",
        "category": "settlement",
        "dataset": "estalia",
        "in_gazetteer": false,
        "type": null,
        "region": "Estalia",
        "province": null,
        "estate": null,
        "population": 156,
        "population_estimated": true,
        "size_category": 1,
        "trade": null,
        "source": null,
        "tags": [],
        "notes": [],
        "history": {
          "province_2512": null,
          "province_2276": null,
          "ruler_2515": null,
          "ruler_2512": null,
          "ruler_2276": null
        },
        "wiki": {
          "title": null,
          "url": null,
          "description": null,
          "image": null
        },
        "svg_layer": "Estalia"
      }
    },
    {
      "type": "Feature",
      "id": "text283",
      "geometry": {
        "type": "Point",
        "coordinates": [
          -18.578125,
          42.33343
        ]
      },
      "properties": {
        "id": "text283",
        "name": "Ayamonte",
        "category": "settlement",
        "dataset": "estalia",
        "in_gazetteer": false,
        "type": null,
        "region": "Estalia",
        "province": null,
        "estate": null,
        "population": 129,
        "population_estimated": true,
        "size_category": 1,
        "trade": null,
        "source": null,
        "tags": [],
        "notes": [],
        "history": {
          "province_2512": null,
          "province_2276": null,
          "ruler_2515": null,
          "ruler_2512": null,
          "ruler_2276": null
        },
        "wiki": {
          "title": null,
          "url": null,
          "description": null,
          "image": null
        },
        "svg_layer": "Estalia"
      }
    },
    {
      "type": "Feature",
      "id": "text284",
      "geometry": {
        "type": "Point",
        "coordinates": [
          -19.946303,
          43.672145
        ]
      },
      "properties": {
        "id": "text284",
        "name": "Almonte",
        "category": "settlement",
        "dataset": "estalia",
        "in_gazetteer": false,
        "type": null,
        "region": "Estalia",
        "province": null,
        "estate": null,
        "population": 375,
        "population_estimated": true,
        "size_category": 2,
        "trade": null,
        "source": null,
        "tags": [],
        "notes": [],
        "history": {
          "province_2512": null,
          "province_2276": null,
          "ruler_2515": null,
          "ruler_2512": null,
          "ruler_2276": null
        },
        "wiki": {
          "title": null,
          "url": null,
          "description": null,
          "image": null
        },
        "svg_layer": "Estalia"
      }
    },
    {
      "type": "Feature",
      "id": "text285",
      "geometry": {
        "type": "Point",
        "coordinates": [
          -19.764004,
          43.592964
        ]
      },
      "properties": {
        "id": "text285",
        "name": "Monserrín",
        "category": "settlement",
        "dataset": "estalia",
        "in_gazetteer": false,
        "type": null,
        "region": "Estalia",
        "province": null,
        "estate": null,
        "population": 90,
        "population_estimated": true,
        "size_category": 1,
        "trade": null,
        "source": null,
        "tags": [],
        "notes": [],
        "history": {
          "province_2512": null,
          "province_2276": null,
          "ruler_2515": null,
          "ruler_2512": null,
          "ruler_2276": null
        },
        "wiki": {
          "title": null,
          "url": null,
          "description": null,
          "image": null
        },
        "svg_layer": "Estalia"
      }
    },
    {
      "type": "Feature",
      "id": "text287",
      "geometry": {
        "type": "Point",
        "coordinates": [
          -19.334952,
          42.543353
        ]
      },
      "properties": {
        "id": "text287",
        "name": "Jodar",
        "category": "settlement",
        "dataset": "estalia",
        "in_gazetteer": false,
        "type": null,
        "region": "Estalia",
        "province": null,
        "estate": null,
        "population": 125,
        "population_estimated": true,
        "size_category": 1,
        "trade": null,
        "source": null,
        "tags": [],
        "notes": [],
        "history": {
          "province_2512": null,
          "province_2276": null,
          "ruler_2515": null,
          "ruler_2512": null,
          "ruler_2276": null
        },
        "wiki": {
          "title": null,
          "url": null,
          "description": null,
          "image": null
        },
        "svg_layer": "Estalia"
      }
    },
    {
      "type": "Feature",
      "id": "text288",
      "geometry": {
        "type": "Point",
        "coordinates": [
          -19.404924,
          43.799203
        ]
      },
      "properties": {
        "id": "text288",
        "name": "Buzaco",
        "category": "settlement",
        "dataset": "estalia",
        "in_gazetteer": false,
        "type": null,
        "region": "Estalia",
        "province": null,
        "estate": null,
        "population": 201,
        "population_estimated": true,
        "size_category": 1,
        "trade": null,
        "source": null,
        "tags": [],
        "notes": [],
        "history": {
          "province_2512": null,
          "province_2276": null,
          "ruler_2515": null,
          "ruler_2512": null,
          "ruler_2276": null
        },
        "wiki": {
          "title": null,
          "url": null,
          "description": null,
          "image": null
        },
        "svg_layer": "Estalia"
      }
    },
    {
      "type": "Feature",
      "id": "text289",
      "geometry": {
        "type": "Point",
        "coordinates": [
          -17.259666,
          43.005547
        ]
      },
      "properties": {
        "id": "text289",
        "name": "El Toro",
        "category": "settlement",
        "dataset": "estalia",
        "in_gazetteer": false,
        "type": null,
        "region": "Estalia",
        "province": null,
        "estate": null,
        "population": 167,
        "population_estimated": true,
        "size_category": 1,
        "trade": null,
        "source": null,
        "tags": [],
        "notes": [],
        "history": {
          "province_2512": null,
          "province_2276": null,
          "ruler_2515": null,
          "ruler_2512": null,
          "ruler_2276": null
        },
        "wiki": {
          "title": null,
          "url": null,
          "description": null,
          "image": null
        },
        "svg_layer": "Estalia"
      }
    },
    {
      "type": "Feature",
      "id": "text290",
      "geometry": {
        "type": "Point",
        "coordinates": [
          -16.911637,
          43.454855
        ]
      },
      "properties": {
        "id": "text290",
        "name": "Cabra",
        "category": "settlement",
        "dataset": "estalia",
        "in_gazetteer": false,
        "type": null,
        "region": "Estalia",
        "province": null,
        "estate": null,
        "population": 363,
        "population_estimated": true,
        "size_category": 2,
        "trade": null,
        "source": null,
        "tags": [],
        "notes": [],
        "history": {
          "province_2512": null,
          "province_2276": null,
          "ruler_2515": null,
          "ruler_2512": null,
          "ruler_2276": null
        },
        "wiki": {
          "title": null,
          "url": null,
          "description": null,
          "image": null
        },
        "svg_layer": "Estalia"
      }
    },
    {
      "type": "Feature",
      "id": "text291",
      "geometry": {
        "type": "Point",
        "coordinates": [
          -15.569238,
          42.333429
        ]
      },
      "properties": {
        "id": "text291",
        "name": "El Tembleque",
        "category": "settlement",
        "dataset": "estalia",
        "in_gazetteer": false,
        "type": null,
        "region": "Estalia",
        "province": null,
        "estate": null,
        "population": 233,
        "population_estimated": true,
        "size_category": 1,
        "trade": null,
        "source": null,
        "tags": [],
        "notes": [],
        "history": {
          "province_2512": null,
          "province_2276": null,
          "ruler_2515": null,
          "ruler_2512": null,
          "ruler_2276": null
        },
        "wiki": {
          "title": null,
          "url": null,
          "description": null,
          "image": null
        },
        "svg_layer": "Estalia"
      }
    },
    {
      "type": "Feature",
      "id": "text195",
      "geometry": {
        "type": "Point",
        "coordinates": [
          -22.174624,
          41.73431
        ]
      },
      "properties": {
        "id": "text195",
        "name": "Alzahar",
        "category": "settlement",
        "dataset": "estalia",
        "in_gazetteer": false,
        "type": null,
        "region": "Estalia",
        "province": null,
        "estate": null,
        "population": 187,
        "population_estimated": true,
        "size_category": 1,
        "trade": null,
        "source": null,
        "tags": [],
        "notes": [],
        "history": {
          "province_2512": null,
          "province_2276": null,
          "ruler_2515": null,
          "ruler_2512": null,
          "ruler_2276": null
        },
        "wiki": {
          "title": null,
          "url": null,
          "description": null,
          "image": null
        },
        "svg_layer": "Estalia"
      }
    },
    {
      "type": "Feature",
      "id": "text292",
      "geometry": {
        "type": "Point",
        "coordinates": [
          -21.915365,
          42.325152
        ]
      },
      "properties": {
        "id": "text292",
        "name": "Cox",
        "category": "settlement",
        "dataset": "estalia",
        "in_gazetteer": false,
        "type": null,
        "region": "Estalia",
        "province": null,
        "estate": null,
        "population": 192,
        "population_estimated": true,
        "size_category": 1,
        "trade": null,
        "source": null,
        "tags": [],
        "notes": [],
        "history": {
          "province_2512": null,
          "province_2276": null,
          "ruler_2515": null,
          "ruler_2512": null,
          "ruler_2276": null
        },
        "wiki": {
          "title": null,
          "url": null,
          "description": null,
          "image": null
        },
        "svg_layer": "Estalia"
      }
    },
    {
      "type": "Feature",
      "id": "text293",
      "geometry": {
        "type": "Point",
        "coordinates": [
          -20.841145,
          41.774371
        ]
      },
      "properties": {
        "id": "text293",
        "name": "La Ronda",
        "category": "settlement",
        "dataset": "estalia",
        "in_gazetteer": false,
        "type": null,
        "region": "Estalia",
        "province": null,
        "estate": null,
        "population": 93,
        "population_estimated": true,
        "size_category": 1,
        "trade": null,
        "source": null,
        "tags": [],
        "notes": [],
        "history": {
          "province_2512": null,
          "province_2276": null,
          "ruler_2515": null,
          "ruler_2512": null,
          "ruler_2276": null
        },
        "wiki": {
          "title": null,
          "url": null,
          "description": null,
          "image": null
        },
        "svg_layer": "Estalia"
      }
    },
    {
      "type": "Feature",
      "id": "text294",
      "geometry": {
        "type": "Point",
        "coordinates": [
          -19.868489,
          43.382444
        ]
      },
      "properties": {
        "id": "text294",
        "name": "Graná",
        "category": "settlement",
        "dataset": "estalia",
        "in_gazetteer": false,
        "type": null,
        "region": "Estalia",
        "province": null,
        "estate": null,
        "population": 71,
        "population_estimated": true,
        "size_category": 1,
        "trade": null,
        "source": null,
        "tags": [],
        "notes": [],
        "history": {
          "province_2512": null,
          "province_2276": null,
          "ruler_2515": null,
          "ruler_2512": null,
          "ruler_2276": null
        },
        "wiki": {
          "title": null,
          "url": null,
          "description": null,
          "image": null
        },
        "svg_layer": "Estalia"
      }
    },
    {
      "type": "Feature",
      "id": "text295",
      "geometry": {
        "type": "Point",
        "coordinates": [
          -19.164062,
          44.796507
        ]
      },
      "properties": {
        "id": "text295",
        "name": "Aveiro",
        "category": "settlement",
        "dataset": "estalia",
        "in_gazetteer": false,
        "type": null,
        "region": "Estalia",
        "province": null,
        "estate": null,
        "population": 192,
        "population_estimated": true,
        "size_category": 1,
        "trade": null,
        "source": null,
        "tags": [],
        "notes": [],
        "history": {
          "province_2512": null,
          "province_2276": null,
          "ruler_2515": null,
          "ruler_2512": null,
          "ruler_2276": null
        },
        "wiki": {
          "title": null,
          "url": null,
          "description": null,
          "image": null
        },
        "svg_layer": "Estalia"
      }
    },
    {
      "type": "Feature",
      "id": "text296",
      "geometry": {
        "type": "Point",
        "coordinates": [
          -18.751302,
          46.102496
        ]
      },
      "properties": {
        "id": "text296",
        "name": "Lambreco",
        "category": "settlement",
        "dataset": "estalia",
        "in_gazetteer": false,
        "type": null,
        "region": "Estalia",
        "province": null,
        "estate": null,
        "population": 78,
        "population_estimated": true,
        "size_category": 1,
        "trade": null,
        "source": null,
        "tags": [],
        "notes": [],
        "history": {
          "province_2512": null,
          "province_2276": null,
          "ruler_2515": null,
          "ruler_2512": null,
          "ruler_2276": null
        },
        "wiki": {
          "title": null,
          "url": null,
          "description": null,
          "image": null
        },
        "svg_layer": "Estalia"
      }
    },
    {
      "type": "Feature",
      "id": "text297",
      "geometry": {
        "type": "Point",
        "coordinates": [
          -17.834634,
          45.313433
        ]
      },
      "properties": {
        "id": "text297",
        "name": "El Brezo",
        "category": "settlement",
        "dataset": "estalia",
        "in_gazetteer": false,
        "type": null,
        "region": "Estalia",
        "province": null,
        "estate": null,
        "population": 91,
        "population_estimated": true,
        "size_category": 1,
        "trade": null,
        "source": null,
        "tags": [],
        "notes": [],
        "history": {
          "province_2512": null,
          "province_2276": null,
          "ruler_2515": null,
          "ruler_2512": null,
          "ruler_2276": null
        },
        "wiki": {
          "title": null,
          "url": null,
          "description": null,
          "image": null
        },
        "svg_layer": "Estalia"
      }
    },
    {
      "type": "Feature",
      "id": "text298",
      "geometry": {
        "type": "Point",
        "coordinates": [
          -16.800781,
          45.084267
        ]
      },
      "properties": {
        "id": "text298",
        "name": "La Losa",
        "category": "settlement",
        "dataset": "estalia",
        "in_gazetteer": false,
        "type": null,
        "region": "Estalia",
        "province": null,
        "estate": null,
        "population": 100,
        "population_estimated": true,
        "size_category": 1,
        "trade": null,
        "source": null,
        "tags": [],
        "notes": [],
        "history": {
          "province_2512": null,
          "province_2276": null,
          "ruler_2515": null,
          "ruler_2512": null,
          "ruler_2276": null
        },
        "wiki": {
          "title": null,
          "url": null,
          "description": null,
          "image": null
        },
        "svg_layer": "Estalia"
      }
    },
    {
      "type": "Feature",
      "id": "text299",
      "geometry": {
        "type": "Point",
        "coordinates": [
          -15.735676,
          45.006142
        ]
      },
      "properties": {
        "id": "text299",
        "name": "La Puebla",
        "category": "settlement",
        "dataset": "estalia",
        "in_gazetteer": false,
        "type": null,
        "region": "Estalia",
        "province": null,
        "estate": null,
        "population": 146,
        "population_estimated": true,
        "size_category": 1,
        "trade": null,
        "source": null,
        "tags": [],
        "notes": [],
        "history": {
          "province_2512": null,
          "province_2276": null,
          "ruler_2515": null,
          "ruler_2512": null,
          "ruler_2276": null
        },
        "wiki": {
          "title": null,
          "url": null,
          "description": null,
          "image": null
        },
        "svg_layer": "Estalia"
      }
    },
    {
      "type": "Feature",
      "id": "text300",
      "geometry": {
        "type": "Point",
        "coordinates": [
          -15.734374,
          44.732704
        ]
      },
      "properties": {
        "id": "text300",
        "name": "Chiqueros",
        "category": "settlement",
        "dataset": "estalia",
        "in_gazetteer": false,
        "type": null,
        "region": "Estalia",
        "province": null,
        "estate": null,
        "population": 91,
        "population_estimated": true,
        "size_category": 1,
        "trade": null,
        "source": null,
        "tags": [],
        "notes": [],
        "history": {
          "province_2512": null,
          "province_2276": null,
          "ruler_2515": null,
          "ruler_2512": null,
          "ruler_2276": null
        },
        "wiki": {
          "title": null,
          "url": null,
          "description": null,
          "image": null
        },
        "svg_layer": "Estalia"
      }
    },
    {
      "type": "Feature",
      "id": "text301",
      "geometry": {
        "type": "Point",
        "coordinates": [
          -15.123697,
          44.813434
        ]
      },
      "properties": {
        "id": "text301",
        "name": "Láqueno",
        "category": "settlement",
        "dataset": "estalia",
        "in_gazetteer": true,
        "type": null,
        "region": "Estalia",
        "province": null,
        "estate": null,
        "population": 196,
        "population_estimated": true,
        "size_category": 1,
        "trade": null,
        "source": "Swords of the South Estalia Supplement (unofficial)",
        "tags": [],
        "notes": [],
        "history": {
          "province_2512": null,
          "province_2276": null,
          "ruler_2515": null,
          "ruler_2512": null,
          "ruler_2276": null
        },
        "wiki": {
          "title": null,
          "url": null,
          "description": null,
          "image": null
        },
        "svg_layer": "Estalia"
      }
    },
    {
      "type": "Feature",
      "id": "text302",
      "geometry": {
        "type": "Point",
        "coordinates": [
          -14.561197,
          44.299111
        ]
      },
      "properties": {
        "id": "text302",
        "name": "Cameros",
        "category": "settlement",
        "dataset": "estalia",
        "in_gazetteer": false,
        "type": null,
        "region": "Estalia",
        "province": null,
        "estate": null,
        "population": 180,
        "population_estimated": true,
        "size_category": 1,
        "trade": null,
        "source": null,
        "tags": [],
        "notes": [],
        "history": {
          "province_2512": null,
          "province_2276": null,
          "ruler_2515": null,
          "ruler_2512": null,
          "ruler_2276": null
        },
        "wiki": {
          "title": null,
          "url": null,
          "description": null,
          "image": null
        },
        "svg_layer": "Estalia"
      }
    },
    {
      "type": "Feature",
      "id": "text303",
      "geometry": {
        "type": "Point",
        "coordinates": [
          -12.173176,
          44.421507
        ]
      },
      "properties": {
        "id": "text303",
        "name": "Somied",
        "category": "settlement",
        "dataset": "estalia",
        "in_gazetteer": false,
        "type": null,
        "region": "Estalia",
        "province": null,
        "estate": null,
        "population": 260,
        "population_estimated": true,
        "size_category": 1,
        "trade": null,
        "source": null,
        "tags": [],
        "notes": [],
        "history": {
          "province_2512": null,
          "province_2276": null,
          "ruler_2515": null,
          "ruler_2512": null,
          "ruler_2276": null
        },
        "wiki": {
          "title": null,
          "url": null,
          "description": null,
          "image": null
        },
        "svg_layer": "Estalia"
      }
    },
    {
      "type": "Feature",
      "id": "text304",
      "geometry": {
        "type": "Point",
        "coordinates": [
          -13.559895,
          45.599893
        ]
      },
      "properties": {
        "id": "text304",
        "name": "Medina",
        "category": "settlement",
        "dataset": "estalia",
        "in_gazetteer": false,
        "type": null,
        "region": "Estalia",
        "province": null,
        "estate": null,
        "population": 107,
        "population_estimated": true,
        "size_category": 1,
        "trade": null,
        "source": null,
        "tags": [],
        "notes": [],
        "history": {
          "province_2512": null,
          "province_2276": null,
          "ruler_2515": null,
          "ruler_2512": null,
          "ruler_2276": null
        },
        "wiki": {
          "title": null,
          "url": null,
          "description": null,
          "image": null
        },
        "svg_layer": "Estalia"
      }
    },
    {
      "type": "Feature",
      "id": "text305",
      "geometry": {
        "type": "Point",
        "coordinates": [
          -13.498697,
          45.257444
        ]
      },
      "properties": {
        "id": "text305",
        "name": "Pajizo",
        "category": "settlement",
        "dataset": "estalia",
        "in_gazetteer": false,
        "type": null,
        "region": "Estalia",
        "province": null,
        "estate": null,
        "population": 179,
        "population_estimated": true,
        "size_category": 1,
        "trade": null,
        "source": null,
        "tags": [],
        "notes": [],
        "history": {
          "province_2512": null,
          "province_2276": null,
          "ruler_2515": null,
          "ruler_2512": null,
          "ruler_2276": null
        },
        "wiki": {
          "title": null,
          "url": null,
          "description": null,
          "image": null
        },
        "svg_layer": "Estalia"
      }
    },
    {
      "type": "Feature",
      "id": "text6753",
      "geometry": {
        "type": "Point",
        "coordinates": [
          -16.639567,
          46.652489
        ]
      },
      "properties": {
        "id": "text6753",
        "name": "Cadreta",
        "category": "settlement",
        "dataset": "estalia",
        "in_gazetteer": false,
        "type": null,
        "region": "Estalia",
        "province": null,
        "estate": null,
        "population": 577,
        "population_estimated": true,
        "size_category": 2,
        "trade": null,
        "source": null,
        "tags": [],
        "notes": [],
        "history": {
          "province_2512": null,
          "province_2276": null,
          "ruler_2515": null,
          "ruler_2512": null,
          "ruler_2276": null
        },
        "wiki": {
          "title": null,
          "url": null,
          "description": null,
          "image": null
        },
        "svg_layer": "Estalia"
      }
    },
    {
      "type": "Feature",
      "id": "text6754",
      "geometry": {
        "type": "Point",
        "coordinates": [
          -16.759115,
          46.391562
        ]
      },
      "properties": {
        "id": "text6754",
        "name": "La Mocha",
        "category": "settlement",
        "dataset": "estalia",
        "in_gazetteer": false,
        "type": null,
        "region": "Estalia",
        "province": null,
        "estate": null,
        "population": 121,
        "population_estimated": true,
        "size_category": 1,
        "trade": null,
        "source": null,
        "tags": [],
        "notes": [],
        "history": {
          "province_2512": null,
          "province_2276": null,
          "ruler_2515": null,
          "ruler_2512": null,
          "ruler_2276": null
        },
        "wiki": {
          "title": null,
          "url": null,
          "description": null,
          "image": null
        },
        "svg_layer": "Estalia"
      }
    },
    {
      "type": "Feature",
      "id": "text6755",
      "geometry": {
        "type": "Point",
        "coordinates": [
          -16.944012,
          46.360963
        ]
      },
      "properties": {
        "id": "text6755",
        "name": "Villaneuva de Bilbali",
        "category": "settlement",
        "dataset": "estalia",
        "in_gazetteer": false,
        "type": null,
        "region": "Estalia",
        "province": null,
        "estate": null,
        "population": 115,
        "population_estimated": true,
        "size_category": 1,
        "trade": null,
        "source": null,
        "tags": [],
        "notes": [],
        "history": {
          "province_2512": null,
          "province_2276": null,
          "ruler_2515": null,
          "ruler_2512": null,
          "ruler_2276": null
        },
        "wiki": {
          "title": null,
          "url": null,
          "description": null,
          "image": null
        },
        "svg_layer": "Estalia"
      }
    },
    {
      "type": "Feature",
      "id": "text6756",
      "geometry": {
        "type": "Point",
        "coordinates": [
          -16.596354,
          46.731405
        ]
      },
      "properties": {
        "id": "text6756",
        "name": "San Sebastian de la Lanza",
        "category": "settlement",
        "dataset": "estalia",
        "in_gazetteer": false,
        "type": null,
        "region": "Estalia",
        "province": null,
        "estate": null,
        "population": 158,
        "population_estimated": true,
        "size_category": 1,
        "trade": null,
        "source": null,
        "tags": [],
        "notes": [],
        "history": {
          "province_2512": null,
          "province_2276": null,
          "ruler_2515": null,
          "ruler_2512": null,
          "ruler_2276": null
        },
        "wiki": {
          "title": null,
          "url": null,
          "description": null,
          "image": null
        },
        "svg_layer": "Estalia"
      }
    },
    {
      "type": "Feature",
      "id": "text6757",
      "geometry": {
        "type": "Point",
        "coordinates": [
          -17.104167,
          46.797812
        ]
      },
      "properties": {
        "id": "text6757",
        "name": "Alagon",
        "category": "settlement",
        "dataset": "estalia",
        "in_gazetteer": false,
        "type": null,
        "region": "Estalia",
        "province": null,
        "estate": null,
        "population": 204,
        "population_estimated": true,
        "size_category": 1,
        "trade": null,
        "source": null,
        "tags": [],
        "notes": [],
        "history": {
          "province_2512": null,
          "province_2276": null,
          "ruler_2515": null,
          "ruler_2512": null,
          "ruler_2276": null
        },
        "wiki": {
          "title": null,
          "url": null,
          "description": null,
          "image": null
        },
        "svg_layer": "Estalia"
      }
    },
    {
      "type": "Feature",
      "id": "text6758",
      "geometry": {
        "type": "Point",
        "coordinates": [
          -16.885417,
          46.864218
        ]
      },
      "properties": {
        "id": "text6758",
        "name": "Zuere",
        "category": "settlement",
        "dataset": "estalia",
        "in_gazetteer": false,
        "type": null,
        "region": "Estalia",
        "province": null,
        "estate": null,
        "population": 117,
        "population_estimated": true,
        "size_category": 1,
        "trade": null,
        "source": null,
        "tags": [],
        "notes": [],
        "history": {
          "province_2512": null,
          "province_2276": null,
          "ruler_2515": null,
          "ruler_2512": null,
          "ruler_2276": null
        },
        "wiki": {
          "title": null,
          "url": null,
          "description": null,
          "image": null
        },
        "svg_layer": "Estalia"
      }
    },
    {
      "type": "Feature",
      "id": "text6759",
      "geometry": {
        "type": "Point",
        "coordinates": [
          -16.630209,
          47.017864
        ]
      },
      "properties": {
        "id": "text6759",
        "name": "Caspar",
        "category": "settlement",
        "dataset": "estalia",
        "in_gazetteer": false,
        "type": null,
        "region": "Estalia",
        "province": null,
        "estate": null,
        "population": 112,
        "population_estimated": true,
        "size_category": 1,
        "trade": null,
        "source": null,
        "tags": [],
        "notes": [],
        "history": {
          "province_2512": null,
          "province_2276": null,
          "ruler_2515": null,
          "ruler_2512": null,
          "ruler_2276": null
        },
        "wiki": {
          "title": null,
          "url": null,
          "description": null,
          "image": null
        },
        "svg_layer": "Estalia"
      }
    },
    {
      "type": "Feature",
      "id": "text6760",
      "geometry": {
        "type": "Point",
        "coordinates": [
          -16.303386,
          46.935832
        ]
      },
      "properties": {
        "id": "text6760",
        "name": "La Jaca",
        "category": "settlement",
        "dataset": "estalia",
        "in_gazetteer": false,
        "type": null,
        "region": "Estalia",
        "province": null,
        "estate": null,
        "population": 139,
        "population_estimated": true,
        "size_category": 1,
        "trade": null,
        "source": null,
        "tags": [],
        "notes": [],
        "history": {
          "province_2512": null,
          "province_2276": null,
          "ruler_2515": null,
          "ruler_2512": null,
          "ruler_2276": null
        },
        "wiki": {
          "title": null,
          "url": null,
          "description": null,
          "image": null
        },
        "svg_layer": "Estalia"
      }
    },
    {
      "type": "Feature",
      "id": "text6761",
      "geometry": {
        "type": "Point",
        "coordinates": [
          -16.449219,
          46.241822
        ]
      },
      "properties": {
        "id": "text6761",
        "name": "Mirmidura",
        "category": "settlement",
        "dataset": "estalia",
        "in_gazetteer": false,
        "type": null,
        "region": "Estalia",
        "province": null,
        "estate": null,
        "population": 140,
        "population_estimated": true,
        "size_category": 1,
        "trade": null,
        "source": null,
        "tags": [],
        "notes": [],
        "history": {
          "province_2512": null,
          "province_2276": null,
          "ruler_2515": null,
          "ruler_2512": null,
          "ruler_2276": null
        },
        "wiki": {
          "title": null,
          "url": null,
          "description": null,
          "image": null
        },
        "svg_layer": "Estalia"
      }
    },
    {
      "type": "Feature",
      "id": "text6819",
      "geometry": {
        "type": "Point",
        "coordinates": [
          -15.24515,
          41.941208
        ]
      },
      "properties": {
        "id": "text6819",
        "name": "Benitagla",
        "category": "settlement",
        "dataset": "estalia",
        "in_gazetteer": false,
        "type": null,
        "region": "Estalia",
        "province": null,
        "estate": null,
        "population": 138,
        "population_estimated": true,
        "size_category": 1,
        "trade": null,
        "source": null,
        "tags": [],
        "notes": [],
        "history": {
          "province_2512": null,
          "province_2276": null,
          "ruler_2515": null,
          "ruler_2512": null,
          "ruler_2276": null
        },
        "wiki": {
          "title": null,
          "url": null,
          "description": null,
          "image": null
        },
        "svg_layer": "Estalia"
      }
    },
    {
      "type": "Feature",
      "id": "text6820",
      "geometry": {
        "type": "Point",
        "coordinates": [
          -15.023257,
          41.923714
        ]
      },
      "properties": {
        "id": "text6820",
        "name": "Laroya",
        "category": "settlement",
        "dataset": "estalia",
        "in_gazetteer": false,
        "type": null,
        "region": "Estalia",
        "province": null,
        "estate": null,
        "population": 153,
        "population_estimated": true,
        "size_category": 1,
        "trade": null,
        "source": null,
        "tags": [],
        "notes": [],
        "history": {
          "province_2512": null,
          "province_2276": null,
          "ruler_2515": null,
          "ruler_2512": null,
          "ruler_2276": null
        },
        "wiki": {
          "title": null,
          "url": null,
          "description": null,
          "image": null
        },
        "svg_layer": "Estalia"
      }
    },
    {
      "type": "Feature",
      "id": "text6821",
      "geometry": {
        "type": "Point",
        "coordinates": [
          -15.242386,
          41.710109
        ]
      },
      "properties": {
        "id": "text6821",
        "name": "Puerto Torilles",
        "category": "settlement",
        "dataset": "estalia",
        "in_gazetteer": false,
        "type": null,
        "region": "Estalia",
        "province": null,
        "estate": null,
        "population": 176,
        "population_estimated": true,
        "size_category": 1,
        "trade": null,
        "source": null,
        "tags": [],
        "notes": [],
        "history": {
          "province_2512": null,
          "province_2276": null,
          "ruler_2515": null,
          "ruler_2512": null,
          "ruler_2276": null
        },
        "wiki": {
          "title": null,
          "url": null,
          "description": null,
          "image": null
        },
        "svg_layer": "Estalia"
      }
    },
    {
      "type": "Feature",
      "id": "text6822",
      "geometry": {
        "type": "Point",
        "coordinates": [
          -15.386939,
          41.772718
        ]
      },
      "properties": {
        "id": "text6822",
        "name": "Santa Ana de Nulno",
        "category": "settlement",
        "dataset": "estalia",
        "in_gazetteer": false,
        "type": null,
        "region": "Estalia",
        "province": null,
        "estate": null,
        "population": 125,
        "population_estimated": true,
        "size_category": 1,
        "trade": null,
        "source": null,
        "tags": [],
        "notes": [],
        "history": {
          "province_2512": null,
          "province_2276": null,
          "ruler_2515": null,
          "ruler_2512": null,
          "ruler_2276": null
        },
        "wiki": {
          "title": null,
          "url": null,
          "description": null,
          "image": null
        },
        "svg_layer": "Estalia"
      }
    },
    {
      "type": "Feature",
      "id": "text6823",
      "geometry": {
        "type": "Point",
        "coordinates": [
          -15.041671,
          41.867551
        ]
      },
      "properties": {
        "id": "text6823",
        "name": "Bayárca",
        "category": "settlement",
        "dataset": "estalia",
        "in_gazetteer": false,
        "type": null,
        "region": "Estalia",
        "province": null,
        "estate": null,
        "population": 98,
        "population_estimated": true,
        "size_category": 1,
        "trade": null,
        "source": null,
        "tags": [],
        "notes": [],
        "history": {
          "province_2512": null,
          "province_2276": null,
          "ruler_2515": null,
          "ruler_2512": null,
          "ruler_2276": null
        },
        "wiki": {
          "title": null,
          "url": null,
          "description": null,
          "image": null
        },
        "svg_layer": "Estalia"
      }
    },
    {
      "type": "Feature",
      "id": "text6824",
      "geometry": {
        "type": "Point",
        "coordinates": [
          -15.461517,
          41.741412
        ]
      },
      "properties": {
        "id": "text6824",
        "name": "Rioja",
        "category": "settlement",
        "dataset": "estalia",
        "in_gazetteer": false,
        "type": null,
        "region": "Estalia",
        "province": null,
        "estate": null,
        "population": 155,
        "population_estimated": true,
        "size_category": 1,
        "trade": null,
        "source": null,
        "tags": [],
        "notes": [],
        "history": {
          "province_2512": null,
          "province_2276": null,
          "ruler_2515": null,
          "ruler_2512": null,
          "ruler_2276": null
        },
        "wiki": {
          "title": null,
          "url": null,
          "description": null,
          "image": null
        },
        "svg_layer": "Estalia"
      }
    },
    {
      "type": "Feature",
      "id": "text6825",
      "geometry": {
        "type": "Point",
        "coordinates": [
          -15.941207,
          41.41272
        ]
      },
      "properties": {
        "id": "text6825",
        "name": "Villaluenga de la Luna",
        "category": "settlement",
        "dataset": "estalia",
        "in_gazetteer": false,
        "type": null,
        "region": "Estalia",
        "province": null,
        "estate": null,
        "population": 343,
        "population_estimated": true,
        "size_category": 2,
        "trade": null,
        "source": null,
        "tags": [],
        "notes": [],
        "history": {
          "province_2512": null,
          "province_2276": null,
          "ruler_2515": null,
          "ruler_2512": null,
          "ruler_2276": null
        },
        "wiki": {
          "title": null,
          "url": null,
          "description": null,
          "image": null
        },
        "svg_layer": "Estalia"
      }
    },
    {
      "type": "Feature",
      "id": "text6826",
      "geometry": {
        "type": "Point",
        "coordinates": [
          -15.932001,
          41.329855
        ]
      },
      "properties": {
        "id": "text6826",
        "name": "Zahara",
        "category": "settlement",
        "dataset": "estalia",
        "in_gazetteer": false,
        "type": null,
        "region": "Estalia",
        "province": null,
        "estate": null,
        "population": 170,
        "population_estimated": true,
        "size_category": 1,
        "trade": null,
        "source": null,
        "tags": [],
        "notes": [],
        "history": {
          "province_2512": null,
          "province_2276": null,
          "ruler_2515": null,
          "ruler_2512": null,
          "ruler_2276": null
        },
        "wiki": {
          "title": null,
          "url": null,
          "description": null,
          "image": null
        },
        "svg_layer": "Estalia"
      }
    },
    {
      "type": "Feature",
      "id": "text6827",
      "geometry": {
        "type": "Point",
        "coordinates": [
          -15.093232,
          41.207398
        ]
      },
      "properties": {
        "id": "text6827",
        "name": "Puerto del Rey",
        "category": "settlement",
        "dataset": "estalia",
        "in_gazetteer": false,
        "type": null,
        "region": "Estalia",
        "province": null,
        "estate": null,
        "population": 167,
        "population_estimated": true,
        "size_category": 1,
        "trade": null,
        "source": null,
        "tags": [],
        "notes": [],
        "history": {
          "province_2512": null,
          "province_2276": null,
          "ruler_2515": null,
          "ruler_2512": null,
          "ruler_2276": null
        },
        "wiki": {
          "title": null,
          "url": null,
          "description": null,
          "image": null
        },
        "svg_layer": "Estalia"
      }
    },
    {
      "type": "Feature",
      "id": "text6828",
      "geometry": {
        "type": "Point",
        "coordinates": [
          -15.15584,
          41.049957
        ]
      },
      "properties": {
        "id": "text6828",
        "name": "Puerto Conquista",
        "category": "settlement",
        "dataset": "estalia",
        "in_gazetteer": false,
        "type": null,
        "region": "Estalia",
        "province": null,
        "estate": null,
        "population": 263,
        "population_estimated": true,
        "size_category": 1,
        "trade": null,
        "source": null,
        "tags": [],
        "notes": [],
        "history": {
          "province_2512": null,
          "province_2276": null,
          "ruler_2515": null,
          "ruler_2512": null,
          "ruler_2276": null
        },
        "wiki": {
          "title": null,
          "url": null,
          "description": null,
          "image": null
        },
        "svg_layer": "Estalia"
      }
    },
    {
      "type": "Feature",
      "id": "text6829",
      "geometry": {
        "type": "Point",
        "coordinates": [
          -15.15584,
          41.1586
        ]
      },
      "properties": {
        "id": "text6829",
        "name": "Zucheros",
        "category": "settlement",
        "dataset": "estalia",
        "in_gazetteer": false,
        "type": null,
        "region": "Estalia",
        "province": null,
        "estate": null,
        "population": 483,
        "population_estimated": true,
        "size_category": 2,
        "trade": null,
        "source": null,
        "tags": [],
        "notes": [],
        "history": {
          "province_2512": null,
          "province_2276": null,
          "ruler_2515": null,
          "ruler_2512": null,
          "ruler_2276": null
        },
        "wiki": {
          "title": null,
          "url": null,
          "description": null,
          "image": null
        },
        "svg_layer": "Estalia"
      }
    },
    {
      "type": "Feature",
      "id": "text6830",
      "geometry": {
        "type": "Point",
        "coordinates": [
          -15.404432,
          40.757173
        ]
      },
      "properties": {
        "id": "text6830",
        "name": "Santa Emmana del Sol",
        "category": "settlement",
        "dataset": "estalia",
        "in_gazetteer": false,
        "type": null,
        "region": "Estalia",
        "province": null,
        "estate": null,
        "population": 156,
        "population_estimated": true,
        "size_category": 1,
        "trade": null,
        "source": null,
        "tags": [],
        "notes": [],
        "history": {
          "province_2512": null,
          "province_2276": null,
          "ruler_2515": null,
          "ruler_2512": null,
          "ruler_2276": null
        },
        "wiki": {
          "title": null,
          "url": null,
          "description": null,
          "image": null
        },
        "svg_layer": "Estalia"
      }
    },
    {
      "type": "Feature",
      "id": "text6831",
      "geometry": {
        "type": "Point",
        "coordinates": [
          -15.159522,
          41.883202
        ]
      },
      "properties": {
        "id": "text6831",
        "name": "Fuente Rojar",
        "category": "settlement",
        "dataset": "estalia",
        "in_gazetteer": false,
        "type": null,
        "region": "Estalia",
        "province": null,
        "estate": null,
        "population": 247,
        "population_estimated": true,
        "size_category": 1,
        "trade": null,
        "source": null,
        "tags": [],
        "notes": [],
        "history": {
          "province_2512": null,
          "province_2276": null,
          "ruler_2515": null,
          "ruler_2512": null,
          "ruler_2276": null
        },
        "wiki": {
          "title": null,
          "url": null,
          "description": null,
          "image": null
        },
        "svg_layer": "Estalia"
      }
    },
    {
      "type": "Feature",
      "id": "text6832",
      "geometry": {
        "type": "Point",
        "coordinates": [
          -15.024178,
          41.745095
        ]
      },
      "properties": {
        "id": "text6832",
        "name": "Lobres",
        "category": "settlement",
        "dataset": "estalia",
        "in_gazetteer": false,
        "type": null,
        "region": "Estalia",
        "province": null,
        "estate": null,
        "population": 88,
        "population_estimated": true,
        "size_category": 1,
        "trade": null,
        "source": null,
        "tags": [],
        "notes": [],
        "history": {
          "province_2512": null,
          "province_2276": null,
          "ruler_2515": null,
          "ruler_2512": null,
          "ruler_2276": null
        },
        "wiki": {
          "title": null,
          "url": null,
          "description": null,
          "image": null
        },
        "svg_layer": "Estalia"
      }
    },
    {
      "type": "Feature",
      "id": "text6833",
      "geometry": {
        "type": "Point",
        "coordinates": [
          -14.92382,
          42.106937
        ]
      },
      "properties": {
        "id": "text6833",
        "name": "Juviles",
        "category": "settlement",
        "dataset": "estalia",
        "in_gazetteer": false,
        "type": null,
        "region": "Estalia",
        "province": null,
        "estate": null,
        "population": 167,
        "population_estimated": true,
        "size_category": 1,
        "trade": null,
        "source": null,
        "tags": [],
        "notes": [],
        "history": {
          "province_2512": null,
          "province_2276": null,
          "ruler_2515": null,
          "ruler_2512": null,
          "ruler_2276": null
        },
        "wiki": {
          "title": null,
          "url": null,
          "description": null,
          "image": null
        },
        "svg_layer": "Estalia"
      }
    },
    {
      "type": "Feature",
      "id": "text6834",
      "geometry": {
        "type": "Point",
        "coordinates": [
          -15.363921,
          42.179671
        ]
      },
      "properties": {
        "id": "text6834",
        "name": "Cástara",
        "category": "settlement",
        "dataset": "estalia",
        "in_gazetteer": false,
        "type": null,
        "region": "Estalia",
        "province": null,
        "estate": null,
        "population": 231,
        "population_estimated": true,
        "size_category": 1,
        "trade": null,
        "source": null,
        "tags": [],
        "notes": [],
        "history": {
          "province_2512": null,
          "province_2276": null,
          "ruler_2515": null,
          "ruler_2512": null,
          "ruler_2276": null
        },
        "wiki": {
          "title": null,
          "url": null,
          "description": null,
          "image": null
        },
        "svg_layer": "Estalia"
      }
    },
    {
      "type": "Feature",
      "id": "text6835",
      "geometry": {
        "type": "Point",
        "coordinates": [
          -14.785714,
          42.2432
        ]
      },
      "properties": {
        "id": "text6835",
        "name": "Agrón",
        "category": "settlement",
        "dataset": "estalia",
        "in_gazetteer": false,
        "type": null,
        "region": "Estalia",
        "province": null,
        "estate": null,
        "population": 369,
        "population_estimated": true,
        "size_category": 2,
        "trade": null,
        "source": null,
        "tags": [],
        "notes": [],
        "history": {
          "province_2512": null,
          "province_2276": null,
          "ruler_2515": null,
          "ruler_2512": null,
          "ruler_2276": null
        },
        "wiki": {
          "title": null,
          "url": null,
          "description": null,
          "image": null
        },
        "svg_layer": "Estalia"
      }
    },
    {
      "type": "Feature",
      "id": "text6836",
      "geometry": {
        "type": "Point",
        "coordinates": [
          -14.687198,
          42.02315
        ]
      },
      "properties": {
        "id": "text6836",
        "name": "Áron",
        "category": "settlement",
        "dataset": "estalia",
        "in_gazetteer": false,
        "type": null,
        "region": "Estalia",
        "province": null,
        "estate": null,
        "population": 124,
        "population_estimated": true,
        "size_category": 1,
        "trade": null,
        "source": null,
        "tags": [],
        "notes": [],
        "history": {
          "province_2512": null,
          "province_2276": null,
          "ruler_2515": null,
          "ruler_2512": null,
          "ruler_2276": null
        },
        "wiki": {
          "title": null,
          "url": null,
          "description": null,
          "image": null
        },
        "svg_layer": "Estalia"
      }
    },
    {
      "type": "Feature",
      "id": "text6837",
      "geometry": {
        "type": "Point",
        "coordinates": [
          -14.528834,
          42.289236
        ]
      },
      "properties": {
        "id": "text6837",
        "name": "Lairon",
        "category": "settlement",
        "dataset": "estalia",
        "in_gazetteer": false,
        "type": null,
        "region": "Estalia",
        "province": null,
        "estate": null,
        "population": 256,
        "population_estimated": true,
        "size_category": 1,
        "trade": null,
        "source": null,
        "tags": [],
        "notes": [],
        "history": {
          "province_2512": null,
          "province_2276": null,
          "ruler_2515": null,
          "ruler_2512": null,
          "ruler_2276": null
        },
        "wiki": {
          "title": null,
          "url": null,
          "description": null,
          "image": null
        },
        "svg_layer": "Estalia"
      }
    },
    {
      "type": "Feature",
      "id": "text6838",
      "geometry": {
        "type": "Point",
        "coordinates": [
          -15.0785,
          41.609752
        ]
      },
      "properties": {
        "id": "text6838",
        "name": "Villalanza",
        "category": "settlement",
        "dataset": "estalia",
        "in_gazetteer": false,
        "type": null,
        "region": "Estalia",
        "province": null,
        "estate": null,
        "population": 167,
        "population_estimated": true,
        "size_category": 1,
        "trade": null,
        "source": null,
        "tags": [],
        "notes": [],
        "history": {
          "province_2512": null,
          "province_2276": null,
          "ruler_2515": null,
          "ruler_2512": null,
          "ruler_2276": null
        },
        "wiki": {
          "title": null,
          "url": null,
          "description": null,
          "image": null
        },
        "svg_layer": "Estalia"
      }
    },
    {
      "type": "Feature",
      "id": "text6839",
      "geometry": {
        "type": "Point",
        "coordinates": [
          -15.358396,
          41.361161
        ]
      },
      "properties": {
        "id": "text6839",
        "name": "Puerto Mirmidia",
        "category": "settlement",
        "dataset": "estalia",
        "in_gazetteer": false,
        "type": null,
        "region": "Estalia",
        "province": null,
        "estate": null,
        "population": 98,
        "population_estimated": true,
        "size_category": 1,
        "trade": null,
        "source": null,
        "tags": [],
        "notes": [],
        "history": {
          "province_2512": null,
          "province_2276": null,
          "ruler_2515": null,
          "ruler_2512": null,
          "ruler_2276": null
        },
        "wiki": {
          "title": null,
          "url": null,
          "description": null,
          "image": null
        },
        "svg_layer": "Estalia"
      }
    },
    {
      "type": "Feature",
      "id": "text6840",
      "geometry": {
        "type": "Point",
        "coordinates": [
          -16.338954,
          41.261724
        ]
      },
      "properties": {
        "id": "text6840",
        "name": "Villazalia",
        "category": "settlement",
        "dataset": "estalia",
        "in_gazetteer": false,
        "type": null,
        "region": "Estalia",
        "province": null,
        "estate": null,
        "population": 110,
        "population_estimated": true,
        "size_category": 1,
        "trade": null,
        "source": null,
        "tags": [],
        "notes": [],
        "history": {
          "province_2512": null,
          "province_2276": null,
          "ruler_2515": null,
          "ruler_2512": null,
          "ruler_2276": null
        },
        "wiki": {
          "title": null,
          "url": null,
          "description": null,
          "image": null
        },
        "svg_layer": "Estalia"
      }
    },
    {
      "type": "Feature",
      "id": "text6841",
      "geometry": {
        "type": "Point",
        "coordinates": [
          -14.817939,
          41.365763
        ]
      },
      "properties": {
        "id": "text6841",
        "name": "Veraverena",
        "category": "settlement",
        "dataset": "estalia",
        "in_gazetteer": false,
        "type": null,
        "region": "Estalia",
        "province": null,
        "estate": null,
        "population": 84,
        "population_estimated": true,
        "size_category": 1,
        "trade": null,
        "source": null,
        "tags": [],
        "notes": [],
        "history": {
          "province_2512": null,
          "province_2276": null,
          "ruler_2515": null,
          "ruler_2512": null,
          "ruler_2276": null
        },
        "wiki": {
          "title": null,
          "url": null,
          "description": null,
          "image": null
        },
        "svg_layer": "Estalia"
      }
    },
    {
      "type": "Feature",
      "id": "text6842",
      "geometry": {
        "type": "Point",
        "coordinates": [
          -14.997478,
          41.354716
        ]
      },
      "properties": {
        "id": "text6842",
        "name": "Valle de Barbar",
        "category": "settlement",
        "dataset": "estalia",
        "in_gazetteer": false,
        "type": null,
        "region": "Estalia",
        "province": null,
        "estate": null,
        "population": 308,
        "population_estimated": true,
        "size_category": 2,
        "trade": null,
        "source": null,
        "tags": [],
        "notes": [],
        "history": {
          "province_2512": null,
          "province_2276": null,
          "ruler_2515": null,
          "ruler_2512": null,
          "ruler_2276": null
        },
        "wiki": {
          "title": null,
          "url": null,
          "description": null,
          "image": null
        },
        "svg_layer": "Estalia"
      }
    },
    {
      "type": "Feature",
      "id": "text6843",
      "geometry": {
        "type": "Point",
        "coordinates": [
          -15.047196,
          41.311437
        ]
      },
      "properties": {
        "id": "text6843",
        "name": "Arguis",
        "category": "settlement",
        "dataset": "estalia",
        "in_gazetteer": false,
        "type": null,
        "region": "Estalia",
        "province": null,
        "estate": null,
        "population": 159,
        "population_estimated": true,
        "size_category": 1,
        "trade": null,
        "source": null,
        "tags": [],
        "notes": [],
        "history": {
          "province_2512": null,
          "province_2276": null,
          "ruler_2515": null,
          "ruler_2512": null,
          "ruler_2276": null
        },
        "wiki": {
          "title": null,
          "url": null,
          "description": null,
          "image": null
        },
        "svg_layer": "Estalia"
      }
    },
    {
      "type": "Feature",
      "id": "text6844",
      "geometry": {
        "type": "Point",
        "coordinates": [
          -15.832563,
          41.559113
        ]
      },
      "properties": {
        "id": "text6844",
        "name": "Bonanza",
        "category": "settlement",
        "dataset": "estalia",
        "in_gazetteer": false,
        "type": null,
        "region": "Estalia",
        "province": null,
        "estate": null,
        "population": 81,
        "population_estimated": true,
        "size_category": 1,
        "trade": null,
        "source": null,
        "tags": [],
        "notes": [],
        "history": {
          "province_2512": null,
          "province_2276": null,
          "ruler_2515": null,
          "ruler_2512": null,
          "ruler_2276": null
        },
        "wiki": {
          "title": null,
          "url": null,
          "description": null,
          "image": null
        },
        "svg_layer": "Estalia"
      }
    },
    {
      "type": "Feature",
      "id": "text6845",
      "geometry": {
        "type": "Point",
        "coordinates": [
          -15.813229,
          41.734968
        ]
      },
      "properties": {
        "id": "text6845",
        "name": "Veralanza",
        "category": "settlement",
        "dataset": "estalia",
        "in_gazetteer": false,
        "type": null,
        "region": "Estalia",
        "province": null,
        "estate": null,
        "population": 144,
        "population_estimated": true,
        "size_category": 1,
        "trade": null,
        "source": null,
        "tags": [],
        "notes": [],
        "history": {
          "province_2512": null,
          "province_2276": null,
          "ruler_2515": null,
          "ruler_2512": null,
          "ruler_2276": null
        },
        "wiki": {
          "title": null,
          "url": null,
          "description": null,
          "image": null
        },
        "svg_layer": "Estalia"
      }
    },
    {
      "type": "Feature",
      "id": "text6846",
      "geometry": {
        "type": "Point",
        "coordinates": [
          -13.597074,
          42.482586
        ]
      },
      "properties": {
        "id": "text6846",
        "name": "Torre la Riberito",
        "category": "settlement",
        "dataset": "estalia",
        "in_gazetteer": false,
        "type": null,
        "region": "Estalia",
        "province": null,
        "estate": null,
        "population": 432,
        "population_estimated": true,
        "size_category": 2,
        "trade": null,
        "source": null,
        "tags": [],
        "notes": [],
        "history": {
          "province_2512": null,
          "province_2276": null,
          "ruler_2515": null,
          "ruler_2512": null,
          "ruler_2276": null
        },
        "wiki": {
          "title": null,
          "url": null,
          "description": null,
          "image": null
        },
        "svg_layer": "Estalia"
      }
    },
    {
      "type": "Feature",
      "id": "text6847",
      "geometry": {
        "type": "Point",
        "coordinates": [
          -12.959022,
          42.290157
        ]
      },
      "properties": {
        "id": "text6847",
        "name": "Castigala",
        "category": "settlement",
        "dataset": "estalia",
        "in_gazetteer": false,
        "type": null,
        "region": "Estalia",
        "province": null,
        "estate": null,
        "population": 204,
        "population_estimated": true,
        "size_category": 1,
        "trade": null,
        "source": null,
        "tags": [],
        "notes": [],
        "history": {
          "province_2512": null,
          "province_2276": null,
          "ruler_2515": null,
          "ruler_2512": null,
          "ruler_2276": null
        },
        "wiki": {
          "title": null,
          "url": null,
          "description": null,
          "image": null
        },
        "svg_layer": "Estalia"
      }
    },
    {
      "type": "Feature",
      "id": "text6848",
      "geometry": {
        "type": "Point",
        "coordinates": [
          -13.383469,
          41.657628
        ]
      },
      "properties": {
        "id": "text6848",
        "name": "Usca Alta",
        "category": "settlement",
        "dataset": "estalia",
        "in_gazetteer": false,
        "type": null,
        "region": "Estalia",
        "province": null,
        "estate": null,
        "population": 123,
        "population_estimated": true,
        "size_category": 1,
        "trade": null,
        "source": null,
        "tags": [],
        "notes": [],
        "history": {
          "province_2512": null,
          "province_2276": null,
          "ruler_2515": null,
          "ruler_2512": null,
          "ruler_2276": null
        },
        "wiki": {
          "title": null,
          "url": null,
          "description": null,
          "image": null
        },
        "svg_layer": "Estalia"
      }
    },
    {
      "type": "Feature",
      "id": "text6849",
      "geometry": {
        "type": "Point",
        "coordinates": [
          -11.716981,
          41.515841
        ]
      },
      "properties": {
        "id": "text6849",
        "name": "Torres de Alcalzar",
        "category": "settlement",
        "dataset": "estalia",
        "in_gazetteer": false,
        "type": null,
        "region": "Estalia",
        "province": null,
        "estate": null,
        "population": 87,
        "population_estimated": true,
        "size_category": 1,
        "trade": null,
        "source": null,
        "tags": [],
        "notes": [],
        "history": {
          "province_2512": null,
          "province_2276": null,
          "ruler_2515": null,
          "ruler_2512": null,
          "ruler_2276": null
        },
        "wiki": {
          "title": null,
          "url": null,
          "description": null,
          "image": null
        },
        "svg_layer": "Estalia"
      }
    },
    {
      "type": "Feature",
      "id": "text6850",
      "geometry": {
        "type": "Point",
        "coordinates": [
          -11.782351,
          41.422847
        ]
      },
      "properties": {
        "id": "text6850",
        "name": "Castelflorite",
        "category": "settlement",
        "dataset": "estalia",
        "in_gazetteer": false,
        "type": null,
        "region": "Estalia",
        "province": null,
        "estate": null,
        "population": 101,
        "population_estimated": true,
        "size_category": 1,
        "trade": null,
        "source": null,
        "tags": [],
        "notes": [],
        "history": {
          "province_2512": null,
          "province_2276": null,
          "ruler_2515": null,
          "ruler_2512": null,
          "ruler_2276": null
        },
        "wiki": {
          "title": null,
          "url": null,
          "description": null,
          "image": null
        },
        "svg_layer": "Estalia"
      }
    },
    {
      "type": "Feature",
      "id": "text6851",
      "geometry": {
        "type": "Point",
        "coordinates": [
          -11.761175,
          41.19451
        ]
      },
      "properties": {
        "id": "text6851",
        "name": "Lascuarre",
        "category": "settlement",
        "dataset": "estalia",
        "in_gazetteer": false,
        "type": null,
        "region": "Estalia",
        "province": null,
        "estate": null,
        "population": 76,
        "population_estimated": true,
        "size_category": 1,
        "trade": null,
        "source": null,
        "tags": [],
        "notes": [],
        "history": {
          "province_2512": null,
          "province_2276": null,
          "ruler_2515": null,
          "ruler_2512": null,
          "ruler_2276": null
        },
        "wiki": {
          "title": null,
          "url": null,
          "description": null,
          "image": null
        },
        "svg_layer": "Estalia"
      }
    },
    {
      "type": "Feature",
      "id": "text6852",
      "geometry": {
        "type": "Point",
        "coordinates": [
          -11.774985,
          41.149394
        ]
      },
      "properties": {
        "id": "text6852",
        "name": "Andahuesca",
        "category": "settlement",
        "dataset": "estalia",
        "in_gazetteer": false,
        "type": null,
        "region": "Estalia",
        "province": null,
        "estate": null,
        "population": 286,
        "population_estimated": true,
        "size_category": 1,
        "trade": null,
        "source": null,
        "tags": [],
        "notes": [],
        "history": {
          "province_2512": null,
          "province_2276": null,
          "ruler_2515": null,
          "ruler_2512": null,
          "ruler_2276": null
        },
        "wiki": {
          "title": null,
          "url": null,
          "description": null,
          "image": null
        },
        "svg_layer": "Estalia"
      }
    },
    {
      "type": "Feature",
      "id": "text6853",
      "geometry": {
        "type": "Point",
        "coordinates": [
          -11.380921,
          41.052719
        ]
      },
      "properties": {
        "id": "text6853",
        "name": "Santa Martina de Dulcis",
        "category": "settlement",
        "dataset": "estalia",
        "in_gazetteer": false,
        "type": null,
        "region": "Estalia",
        "province": null,
        "estate": null,
        "population": 161,
        "population_estimated": true,
        "size_category": 1,
        "trade": null,
        "source": null,
        "tags": [],
        "notes": [],
        "history": {
          "province_2512": null,
          "province_2276": null,
          "ruler_2515": null,
          "ruler_2512": null,
          "ruler_2276": null
        },
        "wiki": {
          "title": null,
          "url": null,
          "description": null,
          "image": null
        },
        "svg_layer": "Estalia"
      }
    },
    {
      "type": "Feature",
      "id": "text6854",
      "geometry": {
        "type": "Point",
        "coordinates": [
          -11.454578,
          41.126379
        ]
      },
      "properties": {
        "id": "text6854",
        "name": "Alerre",
        "category": "settlement",
        "dataset": "estalia",
        "in_gazetteer": false,
        "type": null,
        "region": "Estalia",
        "province": null,
        "estate": null,
        "population": 410,
        "population_estimated": true,
        "size_category": 2,
        "trade": null,
        "source": null,
        "tags": [],
        "notes": [],
        "history": {
          "province_2512": null,
          "province_2276": null,
          "ruler_2515": null,
          "ruler_2512": null,
          "ruler_2276": null
        },
        "wiki": {
          "title": null,
          "url": null,
          "description": null,
          "image": null
        },
        "svg_layer": "Estalia"
      }
    },
    {
      "type": "Feature",
      "id": "text6855",
      "geometry": {
        "type": "Point",
        "coordinates": [
          -10.805858,
          40.941529
        ]
      },
      "properties": {
        "id": "text6855",
        "name": "Puerta Mirmidia",
        "category": "settlement",
        "dataset": "estalia",
        "in_gazetteer": false,
        "type": null,
        "region": "Estalia",
        "province": null,
        "estate": null,
        "population": 79,
        "population_estimated": true,
        "size_category": 1,
        "trade": null,
        "source": null,
        "tags": [],
        "notes": [],
        "history": {
          "province_2512": null,
          "province_2276": null,
          "ruler_2515": null,
          "ruler_2512": null,
          "ruler_2276": null
        },
        "wiki": {
          "title": null,
          "url": null,
          "description": null,
          "image": null
        },
        "svg_layer": "Estalia"
      }
    },
    {
      "type": "Feature",
      "id": "text6856",
      "geometry": {
        "type": "Point",
        "coordinates": [
          -10.856771,
          40.884401
        ]
      },
      "properties": {
        "id": "text6856",
        "name": "Villamistad",
        "category": "settlement",
        "dataset": "estalia",
        "in_gazetteer": false,
        "type": null,
        "region": "Estalia",
        "province": null,
        "estate": null,
        "population": 228,
        "population_estimated": true,
        "size_category": 1,
        "trade": null,
        "source": null,
        "tags": [],
        "notes": [],
        "history": {
          "province_2512": null,
          "province_2276": null,
          "ruler_2515": null,
          "ruler_2512": null,
          "ruler_2276": null
        },
        "wiki": {
          "title": null,
          "url": null,
          "description": null,
          "image": null
        },
        "svg_layer": "Estalia"
      }
    },
    {
      "type": "Feature",
      "id": "text6857",
      "geometry": {
        "type": "Point",
        "coordinates": [
          -11.205078,
          40.762655
        ]
      },
      "properties": {
        "id": "text6857",
        "name": "San Luís el Silencio",
        "category": "settlement",
        "dataset": "estalia",
        "in_gazetteer": false,
        "type": null,
        "region": "Estalia",
        "province": null,
        "estate": null,
        "population": 334,
        "population_estimated": true,
        "size_category": 2,
        "trade": null,
        "source": null,
        "tags": [],
        "notes": [],
        "history": {
          "province_2512": null,
          "province_2276": null,
          "ruler_2515": null,
          "ruler_2512": null,
          "ruler_2276": null
        },
        "wiki": {
          "title": null,
          "url": null,
          "description": null,
          "image": null
        },
        "svg_layer": "Estalia"
      }
    },
    {
      "type": "Feature",
      "id": "text6858",
      "geometry": {
        "type": "Point",
        "coordinates": [
          -11.409506,
          40.824504
        ]
      },
      "properties": {
        "id": "text6858",
        "name": "Caldearenas",
        "category": "settlement",
        "dataset": "estalia",
        "in_gazetteer": false,
        "type": null,
        "region": "Estalia",
        "province": null,
        "estate": null,
        "population": 128,
        "population_estimated": true,
        "size_category": 1,
        "trade": null,
        "source": null,
        "tags": [],
        "notes": [],
        "history": {
          "province_2512": null,
          "province_2276": null,
          "ruler_2515": null,
          "ruler_2512": null,
          "ruler_2276": null
        },
        "wiki": {
          "title": null,
          "url": null,
          "description": null,
          "image": null
        },
        "svg_layer": "Estalia"
      }
    },
    {
      "type": "Feature",
      "id": "text6859",
      "geometry": {
        "type": "Point",
        "coordinates": [
          -11.94336,
          41.00354
        ]
      },
      "properties": {
        "id": "text6859",
        "name": "Campo Sombra",
        "category": "settlement",
        "dataset": "estalia",
        "in_gazetteer": false,
        "type": null,
        "region": "Estalia",
        "province": null,
        "estate": null,
        "population": 83,
        "population_estimated": true,
        "size_category": 1,
        "trade": null,
        "source": null,
        "tags": [],
        "notes": [],
        "history": {
          "province_2512": null,
          "province_2276": null,
          "ruler_2515": null,
          "ruler_2512": null,
          "ruler_2276": null
        },
        "wiki": {
          "title": null,
          "url": null,
          "description": null,
          "image": null
        },
        "svg_layer": "Estalia"
      }
    },
    {
      "type": "Feature",
      "id": "text6860",
      "geometry": {
        "type": "Point",
        "coordinates": [
          -14.886719,
          41.814738
        ]
      },
      "properties": {
        "id": "text6860",
        "name": "Laspuña",
        "category": "settlement",
        "dataset": "estalia",
        "in_gazetteer": false,
        "type": null,
        "region": "Estalia",
        "province": null,
        "estate": null,
        "population": 150,
        "population_estimated": true,
        "size_category": 1,
        "trade": null,
        "source": null,
        "tags": [],
        "notes": [],
        "history": {
          "province_2512": null,
          "province_2276": null,
          "ruler_2515": null,
          "ruler_2512": null,
          "ruler_2276": null
        },
        "wiki": {
          "title": null,
          "url": null,
          "description": null,
          "image": null
        },
        "svg_layer": "Estalia"
      }
    },
    {
      "type": "Feature",
      "id": "text6861",
      "geometry": {
        "type": "Point",
        "coordinates": [
          -15.238282,
          41.881144
        ]
      },
      "properties": {
        "id": "text6861",
        "name": "Abiego",
        "category": "settlement",
        "dataset": "estalia",
        "in_gazetteer": false,
        "type": null,
        "region": "Estalia",
        "province": null,
        "estate": null,
        "population": 108,
        "population_estimated": true,
        "size_category": 1,
        "trade": null,
        "source": null,
        "tags": [],
        "notes": [],
        "history": {
          "province_2512": null,
          "province_2276": null,
          "ruler_2515": null,
          "ruler_2512": null,
          "ruler_2276": null
        },
        "wiki": {
          "title": null,
          "url": null,
          "description": null,
          "image": null
        },
        "svg_layer": "Estalia"
      }
    },
    {
      "type": "Feature",
      "id": "text6862",
      "geometry": {
        "type": "Point",
        "coordinates": [
          -15.473959,
          42.241822
        ]
      },
      "properties": {
        "id": "text6862",
        "name": "Isábena",
        "category": "settlement",
        "dataset": "estalia",
        "in_gazetteer": false,
        "type": null,
        "region": "Estalia",
        "province": null,
        "estate": null,
        "population": 76,
        "population_estimated": true,
        "size_category": 1,
        "trade": null,
        "source": null,
        "tags": [],
        "notes": [],
        "history": {
          "province_2512": null,
          "province_2276": null,
          "ruler_2515": null,
          "ruler_2512": null,
          "ruler_2276": null
        },
        "wiki": {
          "title": null,
          "url": null,
          "description": null,
          "image": null
        },
        "svg_layer": "Estalia"
      }
    },
    {
      "type": "Feature",
      "id": "text6863",
      "geometry": {
        "type": "Point",
        "coordinates": [
          -15.333334,
          41.728801
        ]
      },
      "properties": {
        "id": "text6863",
        "name": "Loarre",
        "category": "settlement",
        "dataset": "estalia",
        "in_gazetteer": false,
        "type": null,
        "region": "Estalia",
        "province": null,
        "estate": null,
        "population": 117,
        "population_estimated": true,
        "size_category": 1,
        "trade": null,
        "source": null,
        "tags": [],
        "notes": [],
        "history": {
          "province_2512": null,
          "province_2276": null,
          "ruler_2515": null,
          "ruler_2512": null,
          "ruler_2276": null
        },
        "wiki": {
          "title": null,
          "url": null,
          "description": null,
          "image": null
        },
        "svg_layer": "Estalia"
      }
    },
    {
      "type": "Feature",
      "id": "text6864",
      "geometry": {
        "type": "Point",
        "coordinates": [
          -14.695313,
          42.399374
        ]
      },
      "properties": {
        "id": "text6864",
        "name": "La Puebla de Castro",
        "category": "settlement",
        "dataset": "estalia",
        "in_gazetteer": false,
        "type": null,
        "region": "Estalia",
        "province": null,
        "estate": null,
        "population": 97,
        "population_estimated": true,
        "size_category": 1,
        "trade": null,
        "source": null,
        "tags": [],
        "notes": [],
        "history": {
          "province_2512": null,
          "province_2276": null,
          "ruler_2515": null,
          "ruler_2512": null,
          "ruler_2276": null
        },
        "wiki": {
          "title": null,
          "url": null,
          "description": null,
          "image": null
        },
        "svg_layer": "Estalia"
      }
    },
    {
      "type": "Feature",
      "id": "text6866",
      "geometry": {
        "type": "Point",
        "coordinates": [
          -14.575521,
          42.516562
        ]
      },
      "properties": {
        "id": "text6866",
        "name": "Alcalá del Obispo",
        "category": "settlement",
        "dataset": "estalia",
        "in_gazetteer": false,
        "type": null,
        "region": "Estalia",
        "province": null,
        "estate": null,
        "population": 93,
        "population_estimated": true,
        "size_category": 1,
        "trade": null,
        "source": null,
        "tags": [],
        "notes": [],
        "history": {
          "province_2512": null,
          "province_2276": null,
          "ruler_2515": null,
          "ruler_2512": null,
          "ruler_2276": null
        },
        "wiki": {
          "title": null,
          "url": null,
          "description": null,
          "image": null
        },
        "svg_layer": "Estalia"
      }
    },
    {
      "type": "Feature",
      "id": "text6867",
      "geometry": {
        "type": "Point",
        "coordinates": [
          -13.716146,
          42.274374
        ]
      },
      "properties": {
        "id": "text6867",
        "name": "Villanueva de Sigmara",
        "category": "settlement",
        "dataset": "estalia",
        "in_gazetteer": false,
        "type": null,
        "region": "Estalia",
        "province": null,
        "estate": null,
        "population": 93,
        "population_estimated": true,
        "size_category": 1,
        "trade": null,
        "source": null,
        "tags": [],
        "notes": [],
        "history": {
          "province_2512": null,
          "province_2276": null,
          "ruler_2515": null,
          "ruler_2512": null,
          "ruler_2276": null
        },
        "wiki": {
          "title": null,
          "url": null,
          "description": null,
          "image": null
        },
        "svg_layer": "Estalia"
      }
    },
    {
      "type": "Feature",
      "id": "text6868",
      "geometry": {
        "type": "Point",
        "coordinates": [
          -14.140625,
          41.886353
        ]
      },
      "properties": {
        "id": "text6868",
        "name": "Sena",
        "category": "settlement",
        "dataset": "estalia",
        "in_gazetteer": false,
        "type": null,
        "region": "Estalia",
        "province": null,
        "estate": null,
        "population": 219,
        "population_estimated": true,
        "size_category": 1,
        "trade": null,
        "source": null,
        "tags": [],
        "notes": [],
        "history": {
          "province_2512": null,
          "province_2276": null,
          "ruler_2515": null,
          "ruler_2512": null,
          "ruler_2276": null
        },
        "wiki": {
          "title": null,
          "url": null,
          "description": null,
          "image": null
        },
        "svg_layer": "Estalia"
      }
    },
    {
      "type": "Feature",
      "id": "text6869",
      "geometry": {
        "type": "Point",
        "coordinates": [
          -15.375001,
          42.09729
        ]
      },
      "properties": {
        "id": "text6869",
        "name": "Estadilla",
        "category": "settlement",
        "dataset": "estalia",
        "in_gazetteer": false,
        "type": null,
        "region": "Estalia",
        "province": null,
        "estate": null,
        "population": 201,
        "population_estimated": true,
        "size_category": 1,
        "trade": null,
        "source": null,
        "tags": [],
        "notes": [],
        "history": {
          "province_2512": null,
          "province_2276": null,
          "ruler_2515": null,
          "ruler_2512": null,
          "ruler_2276": null
        },
        "wiki": {
          "title": null,
          "url": null,
          "description": null,
          "image": null
        },
        "svg_layer": "Estalia"
      }
    },
    {
      "type": "Feature",
      "id": "text6870",
      "geometry": {
        "type": "Point",
        "coordinates": [
          -13.651042,
          42.575155
        ]
      },
      "properties": {
        "id": "text6870",
        "name": "Valle de Hecho",
        "category": "settlement",
        "dataset": "estalia",
        "in_gazetteer": false,
        "type": null,
        "region": "Estalia",
        "province": null,
        "estate": null,
        "population": 90,
        "population_estimated": true,
        "size_category": 1,
        "trade": null,
        "source": null,
        "tags": [],
        "notes": [],
        "history": {
          "province_2512": null,
          "province_2276": null,
          "ruler_2515": null,
          "ruler_2512": null,
          "ruler_2276": null
        },
        "wiki": {
          "title": null,
          "url": null,
          "description": null,
          "image": null
        },
        "svg_layer": "Estalia"
      }
    },
    {
      "type": "Feature",
      "id": "text6871",
      "geometry": {
        "type": "Point",
        "coordinates": [
          -14.408854,
          42.855103
        ]
      },
      "properties": {
        "id": "text6871",
        "name": "Ballobar",
        "category": "settlement",
        "dataset": "estalia",
        "in_gazetteer": false,
        "type": null,
        "region": "Estalia",
        "province": null,
        "estate": null,
        "population": 409,
        "population_estimated": true,
        "size_category": 2,
        "trade": null,
        "source": null,
        "tags": [],
        "notes": [],
        "history": {
          "province_2512": null,
          "province_2276": null,
          "ruler_2515": null,
          "ruler_2512": null,
          "ruler_2276": null
        },
        "wiki": {
          "title": null,
          "url": null,
          "description": null,
          "image": null
        },
        "svg_layer": "Estalia"
      }
    },
    {
      "type": "Feature",
      "id": "text6872",
      "geometry": {
        "type": "Point",
        "coordinates": [
          -13.959636,
          42.920207
        ]
      },
      "properties": {
        "id": "text6872",
        "name": "Torrente de Cinco",
        "category": "settlement",
        "dataset": "estalia",
        "in_gazetteer": false,
        "type": null,
        "region": "Estalia",
        "province": null,
        "estate": null,
        "population": 91,
        "population_estimated": true,
        "size_category": 1,
        "trade": null,
        "source": null,
        "tags": [],
        "notes": [],
        "history": {
          "province_2512": null,
          "province_2276": null,
          "ruler_2515": null,
          "ruler_2512": null,
          "ruler_2276": null
        },
        "wiki": {
          "title": null,
          "url": null,
          "description": null,
          "image": null
        },
        "svg_layer": "Estalia"
      }
    },
    {
      "type": "Feature",
      "id": "text6873",
      "geometry": {
        "type": "Point",
        "coordinates": [
          -15.600261,
          42.65979
        ]
      },
      "properties": {
        "id": "text6873",
        "name": "El Fonz",
        "category": "settlement",
        "dataset": "estalia",
        "in_gazetteer": false,
        "type": null,
        "region": "Estalia",
        "province": null,
        "estate": null,
        "population": 199,
        "population_estimated": true,
        "size_category": 1,
        "trade": null,
        "source": null,
        "tags": [],
        "notes": [],
        "history": {
          "province_2512": null,
          "province_2276": null,
          "ruler_2515": null,
          "ruler_2512": null,
          "ruler_2276": null
        },
        "wiki": {
          "title": null,
          "url": null,
          "description": null,
          "image": null
        },
        "svg_layer": "Estalia"
      }
    },
    {
      "type": "Feature",
      "id": "text1094",
      "geometry": {
        "type": "Point",
        "coordinates": [
          -17.458089,
          42.766236
        ]
      },
      "properties": {
        "id": "text1094",
        "name": "Villagallos",
        "category": "settlement",
        "dataset": "estalia",
        "in_gazetteer": false,
        "type": null,
        "region": "Estalia",
        "province": null,
        "estate": null,
        "population": 139,
        "population_estimated": true,
        "size_category": 1,
        "trade": null,
        "source": null,
        "tags": [],
        "notes": [],
        "history": {
          "province_2512": null,
          "province_2276": null,
          "ruler_2515": null,
          "ruler_2512": null,
          "ruler_2276": null
        },
        "wiki": {
          "title": null,
          "url": null,
          "description": null,
          "image": null
        },
        "svg_layer": "Estalia"
      }
    }
  ]
}