{
  "type": "FeatureCollection",
  "name": "settlements_tilea",
  "schema_version": 2,
  "features": [
    {
      "type": "Feature",
      "id": "copy_text_13967",
      "geometry": {
        "type": "Point",
        "coordinates": [
          -9.915449,
          41.087874
        ]
      },
      "properties": {
        "id": "copy_text_13967",
        "name": "Tobaro",
        "category": "settlement",
        "dataset": "tilea",
        "in_gazetteer": true,
        "type": null,
        "region": "Tilea",
        "province": "Tobaro",
        "estate": null,
        "population": 36122,
        "population_estimated": false,
        "size_category": 5,
        "trade": null,
        "source": "Warhammer Fantasy Roleplay 4e: Up in Arms",
        "tags": [],
        "notes": [
          "35000"
        ],
        "history": {
          "province_2512": null,
          "province_2276": null,
          "ruler_2515": null,
          "ruler_2512": null,
          "ruler_2276": null
        },
        "wiki": {
          "title": "Tobaro",
          "url": "https://warhammerfantasy.fandom.com/wiki/Tobaro",
          "description": "Tobaro, formally the Principality of Tobaro, or Tolarie as it was known to the High Elves, is also called the \" City of Sirens \" or sometimes the \" City of Fools \", and is the only great Tilean city-state on the western shores of the Tilean Sea. The city is also said in some sources, confusingly, to be called \" Vedenza the True \" by those who love her. [Note 1]",
          "image": "https://static.wikia.nocookie.net/warhammerfb/images/0/03/Tobaro_borders.png/revision/latest?cb=20250123201725"
        },
        "svg_layer": "Tilea"
      }
    },
    {
      "type": "Feature",
      "id": "copy_text_13968",
      "geometry": {
        "type": "Point",
        "coordinates": [
          -6.82472,
          41.17315
        ]
      },
      "properties": {
        "id": "copy_text_13968",
        "name": "Miragliano",
        "category": "settlement",
        "dataset": "tilea",
        "in_gazetteer": true,
        "type": null,
        "region": "Tilea",
        "province": "Miragliano",
        "estate": null,
        "population": 38935,
        "population_estimated": false,
        "size_category": 5,
        "trade": null,
        "source": "Warhammer Fantasy Roleplay 4e: Up in Arms",
        "tags": [],
        "notes": [
          "25000"
        ],
        "history": {
          "province_2512": null,
          "province_2276": null,
          "ruler_2515": null,
          "ruler_2512": null,
          "ruler_2276": null
        },
        "wiki": {
          "title": "Miragliano",
          "url": "https://warhammerfantasy.fandom.com/wiki/Miragliano",
          "description": "Miragliano, officially the Mighty Principality of Miragliano and also known known as \" Miragliano the Serene \", is one of the most powerful city-states in Tilea, famed for its expert crossbowmen; Miragliano is a bastion of defiance against the Skaven hordes of the Under-Empire.",
          "image": "https://static.wikia.nocookie.net/warhammerfb/images/1/1e/Miragliano_2300_IC.png/revision/latest?cb=20250218124555"
        },
        "svg_layer": "Tilea"
      }
    },
    {
      "type": "Feature",
      "id": "copy_text_13969",
      "geometry": {
        "type": "Point",
        "coordinates": [
          -6.618269,
          38.69108
        ]
      },
      "properties": {
        "id": "copy_text_13969",
        "name": "Remas",
        "category": "settlement",
        "dataset": "tilea",
        "in_gazetteer": true,
        "type": null,
        "region": "Tilea",
        "province": "Remas",
        "estate": null,
        "population": 55281,
        "population_estimated": false,
        "size_category": 6,
        "trade": null,
        "source": "Warhammer Fantasy Roleplay 4e: Up in Arms",
        "tags": [],
        "notes": [
          "40000"
        ],
        "history": {
          "province_2512": null,
          "province_2276": null,
          "ruler_2515": null,
          "ruler_2512": null,
          "ruler_2276": null
        },
        "wiki": {
          "title": "Remas",
          "url": "https://warhammerfantasy.fandom.com/wiki/Remas",
          "description": "Remas, officially the Republic of Remas and sometimes called the \" Rebellious Republic of Remas \", is a large, prosperous, and ancient city-state located on the western coast of central Tilea. Remas is believed by some academics to have once been the heart and capital city of the ancient Reman Empire, which is thought to have ruled over the southern realms of the Old World, including all of Tilea and Estalia.",
          "image": "https://static.wikia.nocookie.net/warhammerfb/images/8/81/Reman_domains.png/revision/latest?cb=20250218083422"
        },
        "svg_layer": "Tilea"
      }
    },
    {
      "type": "Feature",
      "id": "copy_text_13970",
      "geometry": {
        "type": "Point",
        "coordinates": [
          -8.825801,
          34.892748
        ]
      },
      "properties": {
        "id": "copy_text_13970",
        "name": "Luccini",
        "category": "settlement",
        "dataset": "tilea",
        "in_gazetteer": true,
        "type": null,
        "region": "Tilea",
        "province": "Luccini",
        "estate": null,
        "population": 43512,
        "population_estimated": false,
        "size_category": 5,
        "trade": null,
        "source": "Warhammer Fantasy Roleplay 4e: Up in Arms",
        "tags": [],
        "notes": [
          "30000"
        ],
        "history": {
          "province_2512": null,
          "province_2276": null,
          "ruler_2515": null,
          "ruler_2512": null,
          "ruler_2276": null
        },
        "wiki": {
          "title": "Luccini",
          "url": "https://warhammerfantasy.fandom.com/wiki/Luccini",
          "description": "Luccini, also spelled Lucini, formally the Ancient Principality of Luccini, is considered the oldest city in Tilea, at least according to the people that live there. Founded upon the ruins of an ancient High Elven city in the year 1 IC, by the legendary twins, Lucan and Luccina, king and queen of a tribe of nomadic shepherds who settled on the famous Elf -built Acropolis and built their palace at its summit. No wonder that the name of the city itself is taken from that of its first queen.",
          "image": "https://static.wikia.nocookie.net/warhammerfb/images/5/50/Luccinian_domain.png/revision/latest?cb=20250208083543"
        },
        "svg_layer": "Tilea"
      }
    },
    {
      "type": "Feature",
      "id": "copy_text_13971",
      "geometry": {
        "type": "Point",
        "coordinates": [
          -5.679652,
          40.194524
        ]
      },
      "properties": {
        "id": "copy_text_13971",
        "name": "Scorcio",
        "category": "settlement",
        "dataset": "tilea",
        "in_gazetteer": true,
        "type": null,
        "region": "Tilea",
        "province": "Trantio",
        "estate": null,
        "population": 6239,
        "population_estimated": false,
        "size_category": 4,
        "trade": null,
        "source": "Warhammer: The Old World",
        "tags": [],
        "notes": [],
        "history": {
          "province_2512": null,
          "province_2276": null,
          "ruler_2515": null,
          "ruler_2512": null,
          "ruler_2276": null
        },
        "wiki": {
          "title": "Scorcio",
          "url": "https://warhammerfantasy.fandom.com/wiki/Scorcio",
          "description": "Scorcio is a small town in the sun-blessed land of Tilea, and was the location of the Battle of Scorcio. It is not known when this battle took place and who fought against whom, but the location of the battlefield is marked on Tilean maps. The town is ruled by the Principality of Trantio, and lies north of that city between the Trantine Hills and the Gulf of Pearls.",
          "image": "https://static.wikia.nocookie.net/warhammerfb/images/2/22/Trantio_domains.png/revision/latest?cb=20250218101837"
        },
        "svg_layer": "Tilea"
      }
    },
    {
      "type": "Feature",
      "id": "copy_text_13972",
      "geometry": {
        "type": "Point",
        "coordinates": [
          -10.750294,
          34.335153
        ]
      },
      "properties": {
        "id": "copy_text_13972",
        "name": "Sartosa",
        "category": "settlement",
        "dataset": "tilea",
        "in_gazetteer": true,
        "type": null,
        "region": "Tilea",
        "province": "Sartosa",
        "estate": null,
        "population": 15594,
        "population_estimated": false,
        "size_category": 5,
        "trade": null,
        "source": "Warhammer Fantasy Roleplay 4e: Up in Arms",
        "tags": [],
        "notes": [
          "15500"
        ],
        "history": {
          "province_2512": null,
          "province_2276": null,
          "ruler_2515": null,
          "ruler_2512": null,
          "ruler_2276": null
        },
        "wiki": {
          "title": "Sartosa",
          "url": "https://warhammerfantasy.fandom.com/wiki/Sartosa",
          "description": "Sartosa, formally the Decadent Pirate Principality of Sartosa, known more politely by its swashbuckling inhabitants as the Free City of Sartosa or simply the \" City of Pirates,\" by nearly everyone else, is an anarchic island-stronghold controlled by pirates located south of war-torn Tilea, off the coast of the Tilean city-state of Luccini. This island is a notorious haven for criminals, harbouring all manner of pirates, brigands, lawless mercenaries and anyone else wanting to avoid the notice of the various legitimate powers of the Old World.",
          "image": "https://static.wikia.nocookie.net/warhammerfb/images/5/50/Luccinian_domain.png/revision/latest?cb=20250208083543"
        },
        "svg_layer": "Tilea"
      }
    },
    {
      "type": "Feature",
      "id": "copy_text_13973",
      "geometry": {
        "type": "Point",
        "coordinates": [
          -10.837401,
          34.301507
        ]
      },
      "properties": {
        "id": "copy_text_13973",
        "name": "Roba",
        "category": "settlement",
        "dataset": "tilea",
        "in_gazetteer": false,
        "type": null,
        "region": "Tilea",
        "province": null,
        "estate": null,
        "population": 237,
        "population_estimated": true,
        "size_category": 1,
        "trade": null,
        "source": null,
        "tags": [],
        "notes": [],
        "history": {
          "province_2512": null,
          "province_2276": null,
          "ruler_2515": null,
          "ruler_2512": null,
          "ruler_2276": null
        },
        "wiki": {
          "title": null,
          "url": null,
          "description": null,
          "image": null
        },
        "svg_layer": "Tilea"
      }
    },
    {
      "type": "Feature",
      "id": "copy_text_13974",
      "geometry": {
        "type": "Point",
        "coordinates": [
          -11.405798,
          33.681419
        ]
      },
      "properties": {
        "id": "copy_text_13974",
        "name": "Caprio",
        "category": "settlement",
        "dataset": "tilea",
        "in_gazetteer": false,
        "type": null,
        "region": "Tilea",
        "province": null,
        "estate": null,
        "population": 134,
        "population_estimated": true,
        "size_category": 1,
        "trade": null,
        "source": null,
        "tags": [],
        "notes": [],
        "history": {
          "province_2512": null,
          "province_2276": null,
          "ruler_2515": null,
          "ruler_2512": null,
          "ruler_2276": null
        },
        "wiki": {
          "title": null,
          "url": null,
          "description": null,
          "image": null
        },
        "svg_layer": "Tilea"
      }
    },
    {
      "type": "Feature",
      "id": "copy_text_13975",
      "geometry": {
        "type": "Point",
        "coordinates": [
          -11.293227,
          33.742004
        ]
      },
      "properties": {
        "id": "copy_text_13975",
        "name": "Ossomunte",
        "category": "settlement",
        "dataset": "tilea",
        "in_gazetteer": false,
        "type": null,
        "region": "Tilea",
        "province": null,
        "estate": null,
        "population": 124,
        "population_estimated": true,
        "size_category": 1,
        "trade": null,
        "source": null,
        "tags": [],
        "notes": [],
        "history": {
          "province_2512": null,
          "province_2276": null,
          "ruler_2515": null,
          "ruler_2512": null,
          "ruler_2276": null
        },
        "wiki": {
          "title": null,
          "url": null,
          "description": null,
          "image": null
        },
        "svg_layer": "Tilea"
      }
    },
    {
      "type": "Feature",
      "id": "copy_text_13976",
      "geometry": {
        "type": "Point",
        "coordinates": [
          -11.184749,
          33.764925
        ]
      },
      "properties": {
        "id": "copy_text_13976",
        "name": "Senelite",
        "category": "settlement",
        "dataset": "tilea",
        "in_gazetteer": false,
        "type": null,
        "region": "Tilea",
        "province": null,
        "estate": null,
        "population": 408,
        "population_estimated": true,
        "size_category": 2,
        "trade": null,
        "source": null,
        "tags": [],
        "notes": [],
        "history": {
          "province_2512": null,
          "province_2276": null,
          "ruler_2515": null,
          "ruler_2512": null,
          "ruler_2276": null
        },
        "wiki": {
          "title": null,
          "url": null,
          "description": null,
          "image": null
        },
        "svg_layer": "Tilea"
      }
    },
    {
      "type": "Feature",
      "id": "copy_text_13977",
      "geometry": {
        "type": "Point",
        "coordinates": [
          -10.924812,
          33.707616
        ]
      },
      "properties": {
        "id": "copy_text_13977",
        "name": "Caragio",
        "category": "settlement",
        "dataset": "tilea",
        "in_gazetteer": false,
        "type": null,
        "region": "Tilea",
        "province": null,
        "estate": null,
        "population": 104,
        "population_estimated": true,
        "size_category": 1,
        "trade": null,
        "source": null,
        "tags": [],
        "notes": [],
        "history": {
          "province_2512": null,
          "province_2276": null,
          "ruler_2515": null,
          "ruler_2512": null,
          "ruler_2276": null
        },
        "wiki": {
          "title": null,
          "url": null,
          "description": null,
          "image": null
        },
        "svg_layer": "Tilea"
      }
    },
    {
      "type": "Feature",
      "id": "copy_text_13978",
      "geometry": {
        "type": "Point",
        "coordinates": [
          -10.249384,
          33.294996
        ]
      },
      "properties": {
        "id": "copy_text_13978",
        "name": "Beffardo",
        "category": "settlement",
        "dataset": "tilea",
        "in_gazetteer": false,
        "type": null,
        "region": "Tilea",
        "province": null,
        "estate": null,
        "population": 198,
        "population_estimated": true,
        "size_category": 1,
        "trade": null,
        "source": null,
        "tags": [],
        "notes": [],
        "history": {
          "province_2512": null,
          "province_2276": null,
          "ruler_2515": null,
          "ruler_2512": null,
          "ruler_2276": null
        },
        "wiki": {
          "title": null,
          "url": null,
          "description": null,
          "image": null
        },
        "svg_layer": "Tilea"
      }
    },
    {
      "type": "Feature",
      "id": "copy_text_13979",
      "geometry": {
        "type": "Point",
        "coordinates": [
          -9.983307,
          33.334287
        ]
      },
      "properties": {
        "id": "copy_text_13979",
        "name": "Vermunte",
        "category": "settlement",
        "dataset": "tilea",
        "in_gazetteer": false,
        "type": null,
        "region": "Tilea",
        "province": null,
        "estate": null,
        "population": 97,
        "population_estimated": true,
        "size_category": 1,
        "trade": null,
        "source": null,
        "tags": [],
        "notes": [],
        "history": {
          "province_2512": null,
          "province_2276": null,
          "ruler_2515": null,
          "ruler_2512": null,
          "ruler_2276": null
        },
        "wiki": {
          "title": null,
          "url": null,
          "description": null,
          "image": null
        },
        "svg_layer": "Tilea"
      }
    },
    {
      "type": "Feature",
      "id": "copy_text_13980",
      "geometry": {
        "type": "Point",
        "coordinates": [
          -9.65378,
          33.47838
        ]
      },
      "properties": {
        "id": "copy_text_13980",
        "name": "Verenzo",
        "category": "settlement",
        "dataset": "tilea",
        "in_gazetteer": false,
        "type": null,
        "region": "Tilea",
        "province": null,
        "estate": null,
        "population": 154,
        "population_estimated": true,
        "size_category": 1,
        "trade": null,
        "source": null,
        "tags": [],
        "notes": [],
        "history": {
          "province_2512": null,
          "province_2276": null,
          "ruler_2515": null,
          "ruler_2512": null,
          "ruler_2276": null
        },
        "wiki": {
          "title": null,
          "url": null,
          "description": null,
          "image": null
        },
        "svg_layer": "Tilea"
      }
    },
    {
      "type": "Feature",
      "id": "copy_text_13981",
      "geometry": {
        "type": "Point",
        "coordinates": [
          -10.079504,
          33.578265
        ]
      },
      "properties": {
        "id": "copy_text_13981",
        "name": "Ragilia",
        "category": "settlement",
        "dataset": "tilea",
        "in_gazetteer": false,
        "type": null,
        "region": "Tilea",
        "province": null,
        "estate": null,
        "population": 134,
        "population_estimated": true,
        "size_category": 1,
        "trade": null,
        "source": null,
        "tags": [],
        "notes": [],
        "history": {
          "province_2512": null,
          "province_2276": null,
          "ruler_2515": null,
          "ruler_2512": null,
          "ruler_2276": null
        },
        "wiki": {
          "title": null,
          "url": null,
          "description": null,
          "image": null
        },
        "svg_layer": "Tilea"
      }
    },
    {
      "type": "Feature",
      "id": "copy_text_13983",
      "geometry": {
        "type": "Point",
        "coordinates": [
          -6.886287,
          41.805728
        ]
      },
      "properties": {
        "id": "copy_text_13983",
        "name": "Udolpho",
        "category": "settlement",
        "dataset": "tilea",
        "in_gazetteer": true,
        "type": null,
        "region": "Tilea",
        "province": "Miragliano",
        "estate": null,
        "population": 912,
        "population_estimated": false,
        "size_category": 3,
        "trade": null,
        "source": "Warhammer Fantasy Roleplay 4e: Up in Arms",
        "tags": [],
        "notes": [
          "100"
        ],
        "history": {
          "province_2512": null,
          "province_2276": null,
          "ruler_2515": null,
          "ruler_2512": null,
          "ruler_2276": null
        },
        "wiki": {
          "title": "Udolpho",
          "url": "https://warhammerfantasy.fandom.com/wiki/Udolpho",
          "description": "Udolpho is a Tilean hamlet of the Principality of Miragliano located near the village of Zeluco. It is reviled as the haunted estate of the House of Udolpho. Some maps of the 23rd century IC indicate Udolpho was once part of the territory of the Principality of Tobaro, on a road which links the weastern city-state with Miragliano.",
          "image": "https://static.wikia.nocookie.net/warhammerfb/images/1/1e/Miragliano_2300_IC.png/revision/latest?cb=20250218124555"
        },
        "svg_layer": "Tilea"
      }
    },
    {
      "type": "Feature",
      "id": "copy_text_13984",
      "geometry": {
        "type": "Point",
        "coordinates": [
          -6.335873,
          41.481757
        ]
      },
      "properties": {
        "id": "copy_text_13984",
        "name": "Vedona",
        "category": "settlement",
        "dataset": "tilea",
        "in_gazetteer": false,
        "type": null,
        "region": "Tilea",
        "province": null,
        "estate": null,
        "population": 782,
        "population_estimated": true,
        "size_category": 2,
        "trade": null,
        "source": null,
        "tags": [],
        "notes": [],
        "history": {
          "province_2512": null,
          "province_2276": null,
          "ruler_2515": null,
          "ruler_2512": null,
          "ruler_2276": null
        },
        "wiki": {
          "title": null,
          "url": null,
          "description": null,
          "image": null
        },
        "svg_layer": "Tilea"
      }
    },
    {
      "type": "Feature",
      "id": "copy_text_13985",
      "geometry": {
        "type": "Point",
        "coordinates": [
          -6.030934,
          41.105669
        ]
      },
      "properties": {
        "id": "copy_text_13985",
        "name": "Barzo",
        "category": "settlement",
        "dataset": "tilea",
        "in_gazetteer": false,
        "type": null,
        "region": "Tilea",
        "province": null,
        "estate": null,
        "population": 134,
        "population_estimated": true,
        "size_category": 1,
        "trade": null,
        "source": null,
        "tags": [],
        "notes": [],
        "history": {
          "province_2512": null,
          "province_2276": null,
          "ruler_2515": null,
          "ruler_2512": null,
          "ruler_2276": null
        },
        "wiki": {
          "title": null,
          "url": null,
          "description": null,
          "image": null
        },
        "svg_layer": "Tilea"
      }
    },
    {
      "type": "Feature",
      "id": "copy_text_13986",
      "geometry": {
        "type": "Point",
        "coordinates": [
          -6.52577,
          41.838071
        ]
      },
      "properties": {
        "id": "copy_text_13986",
        "name": "Gerosa",
        "category": "settlement",
        "dataset": "tilea",
        "in_gazetteer": false,
        "type": null,
        "region": "Tilea",
        "province": null,
        "estate": null,
        "population": 136,
        "population_estimated": true,
        "size_category": 1,
        "trade": null,
        "source": null,
        "tags": [],
        "notes": [],
        "history": {
          "province_2512": null,
          "province_2276": null,
          "ruler_2515": null,
          "ruler_2512": null,
          "ruler_2276": null
        },
        "wiki": {
          "title": null,
          "url": null,
          "description": null,
          "image": null
        },
        "svg_layer": "Tilea"
      }
    },
    {
      "type": "Feature",
      "id": "copy_text_13987",
      "geometry": {
        "type": "Point",
        "coordinates": [
          -6.377305,
          41.909889
        ]
      },
      "properties": {
        "id": "copy_text_13987",
        "name": "Peghera",
        "category": "settlement",
        "dataset": "tilea",
        "in_gazetteer": false,
        "type": null,
        "region": "Tilea",
        "province": null,
        "estate": null,
        "population": 128,
        "population_estimated": true,
        "size_category": 1,
        "trade": null,
        "source": null,
        "tags": [],
        "notes": [],
        "history": {
          "province_2512": null,
          "province_2276": null,
          "ruler_2515": null,
          "ruler_2512": null,
          "ruler_2276": null
        },
        "wiki": {
          "title": null,
          "url": null,
          "description": null,
          "image": null
        },
        "svg_layer": "Tilea"
      }
    },
    {
      "type": "Feature",
      "id": "copy_text_13988",
      "geometry": {
        "type": "Point",
        "coordinates": [
          -7.04224,
          41.98246
        ]
      },
      "properties": {
        "id": "copy_text_13988",
        "name": "Blanco",
        "category": "settlement",
        "dataset": "tilea",
        "in_gazetteer": false,
        "type": null,
        "region": "Tilea",
        "province": null,
        "estate": null,
        "population": 405,
        "population_estimated": true,
        "size_category": 2,
        "trade": null,
        "source": null,
        "tags": [],
        "notes": [],
        "history": {
          "province_2512": null,
          "province_2276": null,
          "ruler_2515": null,
          "ruler_2512": null,
          "ruler_2276": null
        },
        "wiki": {
          "title": null,
          "url": null,
          "description": null,
          "image": null
        },
        "svg_layer": "Tilea"
      }
    },
    {
      "type": "Feature",
      "id": "copy_text_13989",
      "geometry": {
        "type": "Point",
        "coordinates": [
          -6.822276,
          41.755594
        ]
      },
      "properties": {
        "id": "copy_text_13989",
        "name": "Fraggo",
        "category": "settlement",
        "dataset": "tilea",
        "in_gazetteer": false,
        "type": null,
        "region": "Tilea",
        "province": null,
        "estate": null,
        "population": 340,
        "population_estimated": true,
        "size_category": 2,
        "trade": null,
        "source": null,
        "tags": [],
        "notes": [],
        "history": {
          "province_2512": null,
          "province_2276": null,
          "ruler_2515": null,
          "ruler_2512": null,
          "ruler_2276": null
        },
        "wiki": {
          "title": null,
          "url": null,
          "description": null,
          "image": null
        },
        "svg_layer": "Tilea"
      }
    },
    {
      "type": "Feature",
      "id": "copy_text_13990",
      "geometry": {
        "type": "Point",
        "coordinates": [
          -5.754673,
          41.923699
        ]
      },
      "properties": {
        "id": "copy_text_13990",
        "name": "Velaris",
        "category": "settlement",
        "dataset": "tilea",
        "in_gazetteer": false,
        "type": null,
        "region": "Tilea",
        "province": null,
        "estate": null,
        "population": 152,
        "population_estimated": true,
        "size_category": 1,
        "trade": null,
        "source": null,
        "tags": [],
        "notes": [],
        "history": {
          "province_2512": null,
          "province_2276": null,
          "ruler_2515": null,
          "ruler_2512": null,
          "ruler_2276": null
        },
        "wiki": {
          "title": null,
          "url": null,
          "description": null,
          "image": null
        },
        "svg_layer": "Tilea"
      }
    },
    {
      "type": "Feature",
      "id": "copy_text_13991",
      "geometry": {
        "type": "Point",
        "coordinates": [
          -5.614279,
          40.369822
        ]
      },
      "properties": {
        "id": "copy_text_13991",
        "name": "Belunno",
        "category": "settlement",
        "dataset": "tilea",
        "in_gazetteer": false,
        "type": null,
        "region": "Tilea",
        "province": null,
        "estate": null,
        "population": 276,
        "population_estimated": true,
        "size_category": 1,
        "trade": null,
        "source": null,
        "tags": [],
        "notes": [],
        "history": {
          "province_2512": null,
          "province_2276": null,
          "ruler_2515": null,
          "ruler_2512": null,
          "ruler_2276": null
        },
        "wiki": {
          "title": null,
          "url": null,
          "description": null,
          "image": null
        },
        "svg_layer": "Tilea"
      }
    },
    {
      "type": "Feature",
      "id": "copy_text_13992",
      "geometry": {
        "type": "Point",
        "coordinates": [
          -4.522473,
          40.509456
        ]
      },
      "properties": {
        "id": "copy_text_13992",
        "name": "Ornica",
        "category": "settlement",
        "dataset": "tilea",
        "in_gazetteer": false,
        "type": null,
        "region": "Tilea",
        "province": null,
        "estate": null,
        "population": 155,
        "population_estimated": true,
        "size_category": 1,
        "trade": null,
        "source": null,
        "tags": [],
        "notes": [],
        "history": {
          "province_2512": null,
          "province_2276": null,
          "ruler_2515": null,
          "ruler_2512": null,
          "ruler_2276": null
        },
        "wiki": {
          "title": null,
          "url": null,
          "description": null,
          "image": null
        },
        "svg_layer": "Tilea"
      }
    },
    {
      "type": "Feature",
      "id": "copy_text_13993",
      "geometry": {
        "type": "Point",
        "coordinates": [
          -5.408869,
          41.166991
        ]
      },
      "properties": {
        "id": "copy_text_13993",
        "name": "Padula",
        "category": "settlement",
        "dataset": "tilea",
        "in_gazetteer": false,
        "type": null,
        "region": "Tilea",
        "province": null,
        "estate": null,
        "population": 370,
        "population_estimated": true,
        "size_category": 2,
        "trade": null,
        "source": null,
        "tags": [],
        "notes": [],
        "history": {
          "province_2512": null,
          "province_2276": null,
          "ruler_2515": null,
          "ruler_2512": null,
          "ruler_2276": null
        },
        "wiki": {
          "title": null,
          "url": null,
          "description": null,
          "image": null
        },
        "svg_layer": "Tilea"
      }
    },
    {
      "type": "Feature",
      "id": "copy_text_13994",
      "geometry": {
        "type": "Point",
        "coordinates": [
          -5.477536,
          41.104273
        ]
      },
      "properties": {
        "id": "copy_text_13994",
        "name": "Dubino",
        "category": "settlement",
        "dataset": "tilea",
        "in_gazetteer": false,
        "type": null,
        "region": "Tilea",
        "province": null,
        "estate": null,
        "population": 251,
        "population_estimated": true,
        "size_category": 1,
        "trade": null,
        "source": null,
        "tags": [],
        "notes": [],
        "history": {
          "province_2512": null,
          "province_2276": null,
          "ruler_2515": null,
          "ruler_2512": null,
          "ruler_2276": null
        },
        "wiki": {
          "title": null,
          "url": null,
          "description": null,
          "image": null
        },
        "svg_layer": "Tilea"
      }
    },
    {
      "type": "Feature",
      "id": "copy_text_13995",
      "geometry": {
        "type": "Point",
        "coordinates": [
          -7.262537,
          40.624573
        ]
      },
      "properties": {
        "id": "copy_text_13995",
        "name": "Olino",
        "category": "settlement",
        "dataset": "tilea",
        "in_gazetteer": false,
        "type": null,
        "region": "Tilea",
        "province": null,
        "estate": null,
        "population": 145,
        "population_estimated": true,
        "size_category": 1,
        "trade": null,
        "source": null,
        "tags": [],
        "notes": [],
        "history": {
          "province_2512": null,
          "province_2276": null,
          "ruler_2515": null,
          "ruler_2512": null,
          "ruler_2276": null
        },
        "wiki": {
          "title": null,
          "url": null,
          "description": null,
          "image": null
        },
        "svg_layer": "Tilea"
      }
    },
    {
      "type": "Feature",
      "id": "copy_text_13996",
      "geometry": {
        "type": "Point",
        "coordinates": [
          -6.294375,
          41.006005
        ]
      },
      "properties": {
        "id": "copy_text_13996",
        "name": "Lazatta",
        "category": "settlement",
        "dataset": "tilea",
        "in_gazetteer": false,
        "type": null,
        "region": "Tilea",
        "province": null,
        "estate": null,
        "population": 209,
        "population_estimated": true,
        "size_category": 1,
        "trade": null,
        "source": null,
        "tags": [],
        "notes": [],
        "history": {
          "province_2512": null,
          "province_2276": null,
          "ruler_2515": null,
          "ruler_2512": null,
          "ruler_2276": null
        },
        "wiki": {
          "title": null,
          "url": null,
          "description": null,
          "image": null
        },
        "svg_layer": "Tilea"
      }
    },
    {
      "type": "Feature",
      "id": "copy_text_13997",
      "geometry": {
        "type": "Point",
        "coordinates": [
          -5.457585,
          40.617621
        ]
      },
      "properties": {
        "id": "copy_text_13997",
        "name": "Turate",
        "category": "settlement",
        "dataset": "tilea",
        "in_gazetteer": false,
        "type": null,
        "region": "Tilea",
        "province": null,
        "estate": null,
        "population": 161,
        "population_estimated": true,
        "size_category": 1,
        "trade": null,
        "source": null,
        "tags": [],
        "notes": [],
        "history": {
          "province_2512": null,
          "province_2276": null,
          "ruler_2515": null,
          "ruler_2512": null,
          "ruler_2276": null
        },
        "wiki": {
          "title": null,
          "url": null,
          "description": null,
          "image": null
        },
        "svg_layer": "Tilea"
      }
    },
    {
      "type": "Feature",
      "id": "copy_text_13998",
      "geometry": {
        "type": "Point",
        "coordinates": [
          -5.754495,
          40.95146
        ]
      },
      "properties": {
        "id": "copy_text_13998",
        "name": "Meda",
        "category": "settlement",
        "dataset": "tilea",
        "in_gazetteer": false,
        "type": null,
        "region": "Tilea",
        "province": null,
        "estate": null,
        "population": 128,
        "population_estimated": true,
        "size_category": 1,
        "trade": null,
        "source": null,
        "tags": [],
        "notes": [],
        "history": {
          "province_2512": null,
          "province_2276": null,
          "ruler_2515": null,
          "ruler_2512": null,
          "ruler_2276": null
        },
        "wiki": {
          "title": null,
          "url": null,
          "description": null,
          "image": null
        },
        "svg_layer": "Tilea"
      }
    },
    {
      "type": "Feature",
      "id": "copy_text_13999",
      "geometry": {
        "type": "Point",
        "coordinates": [
          -5.072309,
          40.925203
        ]
      },
      "properties": {
        "id": "copy_text_13999",
        "name": "Ebino",
        "category": "settlement",
        "dataset": "tilea",
        "in_gazetteer": true,
        "type": null,
        "region": "Tilea",
        "province": "Miragliano",
        "estate": null,
        "population": 2320,
        "population_estimated": false,
        "size_category": 3,
        "trade": null,
        "source": "Alfred \"MadAlfred\" Nuñez Jr. (unofficial)",
        "tags": [],
        "notes": [],
        "history": {
          "province_2512": null,
          "province_2276": null,
          "ruler_2515": null,
          "ruler_2512": null,
          "ruler_2276": null
        },
        "wiki": {
          "title": "Ebino",
          "url": "https://warhammerfantasy.fandom.com/wiki/Ebino",
          "description": "Ebino is a Tilean town located in the Principality of Miragliano. The town was built on the River Arena which connects it to Toscania and Ravola to the north. Ebino was originally a fan-made settlement created by the freelance writer Alfred Nuñez Jr..",
          "image": "https://static.wikia.nocookie.net/warhammerfb/images/1/1e/Miragliano_2300_IC.png/revision/latest?cb=20250218124555"
        },
        "svg_layer": "Tilea"
      }
    },
    {
      "type": "Feature",
      "id": "copy_text_14000",
      "geometry": {
        "type": "Point",
        "coordinates": [
          -6.842265,
          36.705102
        ]
      },
      "properties": {
        "id": "copy_text_14000",
        "name": "Ciabbatta",
        "category": "settlement",
        "dataset": "tilea",
        "in_gazetteer": true,
        "type": null,
        "region": "Tilea",
        "province": "Verezzo",
        "estate": null,
        "population": 854,
        "population_estimated": false,
        "size_category": 2,
        "trade": null,
        "source": "Warhammer Fantasy Roleplay 4e: Up in Arms",
        "tags": [],
        "notes": [
          "394"
        ],
        "history": {
          "province_2512": null,
          "province_2276": null,
          "ruler_2515": null,
          "ruler_2512": null,
          "ruler_2276": null
        },
        "wiki": {
          "title": "Ciabbatta",
          "url": "https://warhammerfantasy.fandom.com/wiki/Ciabbatta",
          "description": "Ciabbatta, is a poor Tilean village controlled by the Republic of Verezzo. Ciabatta is renowned as the site of a famed battle in Tilea in which Gossippa Lotta ordered his cannons set up on the flanks of his army, which proved to be very advantageous compared to the general's original battle plan -- where they were placed together in the middle of the battleline.",
          "image": "https://static.wikia.nocookie.net/warhammerfb/images/b/b2/Verezzo_domains.png/revision/latest?cb=20250213193851"
        },
        "svg_layer": "Tilea"
      }
    },
    {
      "type": "Feature",
      "id": "copy_text_14001",
      "geometry": {
        "type": "Point",
        "coordinates": [
          -5.361457,
          41.343953
        ]
      },
      "properties": {
        "id": "copy_text_14001",
        "name": "Branzi",
        "category": "settlement",
        "dataset": "tilea",
        "in_gazetteer": false,
        "type": null,
        "region": "Tilea",
        "province": null,
        "estate": null,
        "population": 189,
        "population_estimated": true,
        "size_category": 1,
        "trade": null,
        "source": null,
        "tags": [],
        "notes": [],
        "history": {
          "province_2512": null,
          "province_2276": null,
          "ruler_2515": null,
          "ruler_2512": null,
          "ruler_2276": null
        },
        "wiki": {
          "title": null,
          "url": null,
          "description": null,
          "image": null
        },
        "svg_layer": "Tilea"
      }
    },
    {
      "type": "Feature",
      "id": "copy_text_14002",
      "geometry": {
        "type": "Point",
        "coordinates": [
          -5.414051,
          41.429091
        ]
      },
      "properties": {
        "id": "copy_text_14002",
        "name": "Seregno",
        "category": "settlement",
        "dataset": "tilea",
        "in_gazetteer": false,
        "type": null,
        "region": "Tilea",
        "province": null,
        "estate": null,
        "population": 150,
        "population_estimated": true,
        "size_category": 1,
        "trade": null,
        "source": null,
        "tags": [],
        "notes": [],
        "history": {
          "province_2512": null,
          "province_2276": null,
          "ruler_2515": null,
          "ruler_2512": null,
          "ruler_2276": null
        },
        "wiki": {
          "title": null,
          "url": null,
          "description": null,
          "image": null
        },
        "svg_layer": "Tilea"
      }
    },
    {
      "type": "Feature",
      "id": "copy_text_14003",
      "geometry": {
        "type": "Point",
        "coordinates": [
          -4.402912,
          41.46577
        ]
      },
      "properties": {
        "id": "copy_text_14003",
        "name": "Urio",
        "category": "settlement",
        "dataset": "tilea",
        "in_gazetteer": false,
        "type": null,
        "region": "Tilea",
        "province": null,
        "estate": null,
        "population": 116,
        "population_estimated": true,
        "size_category": 1,
        "trade": null,
        "source": null,
        "tags": [],
        "notes": [],
        "history": {
          "province_2512": null,
          "province_2276": null,
          "ruler_2515": null,
          "ruler_2512": null,
          "ruler_2276": null
        },
        "wiki": {
          "title": null,
          "url": null,
          "description": null,
          "image": null
        },
        "svg_layer": "Tilea"
      }
    },
    {
      "type": "Feature",
      "id": "copy_text_14004",
      "geometry": {
        "type": "Point",
        "coordinates": [
          -4.419733,
          41.393787
        ]
      },
      "properties": {
        "id": "copy_text_14004",
        "name": "Pangata",
        "category": "settlement",
        "dataset": "tilea",
        "in_gazetteer": false,
        "type": null,
        "region": "Tilea",
        "province": null,
        "estate": null,
        "population": 127,
        "population_estimated": true,
        "size_category": 1,
        "trade": null,
        "source": null,
        "tags": [],
        "notes": [],
        "history": {
          "province_2512": null,
          "province_2276": null,
          "ruler_2515": null,
          "ruler_2512": null,
          "ruler_2276": null
        },
        "wiki": {
          "title": null,
          "url": null,
          "description": null,
          "image": null
        },
        "svg_layer": "Tilea"
      }
    },
    {
      "type": "Feature",
      "id": "copy_text_14005",
      "geometry": {
        "type": "Point",
        "coordinates": [
          -4.506319,
          41.322873
        ]
      },
      "properties": {
        "id": "copy_text_14005",
        "name": "Liporno",
        "category": "settlement",
        "dataset": "tilea",
        "in_gazetteer": false,
        "type": null,
        "region": "Tilea",
        "province": null,
        "estate": null,
        "population": 316,
        "population_estimated": true,
        "size_category": 2,
        "trade": null,
        "source": null,
        "tags": [],
        "notes": [],
        "history": {
          "province_2512": null,
          "province_2276": null,
          "ruler_2515": null,
          "ruler_2512": null,
          "ruler_2276": null
        },
        "wiki": {
          "title": null,
          "url": null,
          "description": null,
          "image": null
        },
        "svg_layer": "Tilea"
      }
    },
    {
      "type": "Feature",
      "id": "copy_text_14006",
      "geometry": {
        "type": "Point",
        "coordinates": [
          -4.390868,
          41.087692
        ]
      },
      "properties": {
        "id": "copy_text_14006",
        "name": "Curcio",
        "category": "settlement",
        "dataset": "tilea",
        "in_gazetteer": false,
        "type": null,
        "region": "Tilea",
        "province": null,
        "estate": null,
        "population": 66,
        "population_estimated": true,
        "size_category": 1,
        "trade": null,
        "source": null,
        "tags": [],
        "notes": [],
        "history": {
          "province_2512": null,
          "province_2276": null,
          "ruler_2515": null,
          "ruler_2512": null,
          "ruler_2276": null
        },
        "wiki": {
          "title": null,
          "url": null,
          "description": null,
          "image": null
        },
        "svg_layer": "Tilea"
      }
    },
    {
      "type": "Feature",
      "id": "copy_text_14007",
      "geometry": {
        "type": "Point",
        "coordinates": [
          -3.762714,
          40.979988
        ]
      },
      "properties": {
        "id": "copy_text_14007",
        "name": "Toscania",
        "category": "settlement",
        "dataset": "tilea",
        "in_gazetteer": true,
        "type": null,
        "region": "Tilea",
        "province": "Miragliano",
        "estate": null,
        "population": 3128,
        "population_estimated": false,
        "size_category": 4,
        "trade": null,
        "source": "Warhammer Fantasy Roleplay 4e: Up in Arms",
        "tags": [],
        "notes": [
          "365"
        ],
        "history": {
          "province_2512": null,
          "province_2276": null,
          "ruler_2515": null,
          "ruler_2512": null,
          "ruler_2276": null
        },
        "wiki": {
          "title": "Toscania",
          "url": "https://warhammerfantasy.fandom.com/wiki/Toscania",
          "description": "A map depicting the Principality of Miragliano in northern Tilea at the time of the Anarchy in ca. 2276 IC. Toscania is a poor village in the north of Tilea south of the Novalone Pass and to the west of Campogrotta. A Dwarf trading post has been established here.",
          "image": "https://static.wikia.nocookie.net/warhammerfb/images/8/85/North_Tilea.png/revision/latest?cb=20210727081641"
        },
        "svg_layer": "Tilea"
      }
    },
    {
      "type": "Feature",
      "id": "copy_text_14008",
      "geometry": {
        "type": "Point",
        "coordinates": [
          -3.92706,
          41.187128
        ]
      },
      "properties": {
        "id": "copy_text_14008",
        "name": "Traona",
        "category": "settlement",
        "dataset": "tilea",
        "in_gazetteer": false,
        "type": null,
        "region": "Tilea",
        "province": null,
        "estate": null,
        "population": 192,
        "population_estimated": true,
        "size_category": 1,
        "trade": null,
        "source": null,
        "tags": [],
        "notes": [],
        "history": {
          "province_2512": null,
          "province_2276": null,
          "ruler_2515": null,
          "ruler_2512": null,
          "ruler_2276": null
        },
        "wiki": {
          "title": null,
          "url": null,
          "description": null,
          "image": null
        },
        "svg_layer": "Tilea"
      }
    },
    {
      "type": "Feature",
      "id": "copy_text_14009",
      "geometry": {
        "type": "Point",
        "coordinates": [
          -5.379226,
          40.913109
        ]
      },
      "properties": {
        "id": "copy_text_14009",
        "name": "Talamona",
        "category": "settlement",
        "dataset": "tilea",
        "in_gazetteer": false,
        "type": null,
        "region": "Tilea",
        "province": null,
        "estate": null,
        "population": 236,
        "population_estimated": true,
        "size_category": 1,
        "trade": null,
        "source": null,
        "tags": [],
        "notes": [],
        "history": {
          "province_2512": null,
          "province_2276": null,
          "ruler_2515": null,
          "ruler_2512": null,
          "ruler_2276": null
        },
        "wiki": {
          "title": null,
          "url": null,
          "description": null,
          "image": null
        },
        "svg_layer": "Tilea"
      }
    },
    {
      "type": "Feature",
      "id": "copy_text_14010",
      "geometry": {
        "type": "Point",
        "coordinates": [
          -3.525399,
          40.827131
        ]
      },
      "properties": {
        "id": "copy_text_14010",
        "name": "Ravola",
        "category": "settlement",
        "dataset": "tilea",
        "in_gazetteer": true,
        "type": null,
        "region": "Tilea",
        "province": "Miragliano",
        "estate": null,
        "population": 9565,
        "population_estimated": false,
        "size_category": 4,
        "trade": null,
        "source": "Warhammer Fantasy Roleplay 4e: Up in Arms",
        "tags": [],
        "notes": [
          "9500"
        ],
        "history": {
          "province_2512": null,
          "province_2276": null,
          "ruler_2515": null,
          "ruler_2512": null,
          "ruler_2276": null
        },
        "wiki": {
          "title": "Ravola",
          "url": "https://warhammerfantasy.fandom.com/wiki/Ravola",
          "description": "Ravola is a bustling Tilean town under Miragliano 's domain, famous for its vineyards which are considered the finest in all Tilea. In 1425 IC, the Prince of Miragliano started negotiations with the Bretonnians under the leadership of the Baron du Bors to end the repeated attacks by Bretonnian nobles on the territory of Tilea.",
          "image": "https://static.wikia.nocookie.net/warhammerfb/images/1/1e/Miragliano_2300_IC.png/revision/latest?cb=20250218124555"
        },
        "svg_layer": "Tilea"
      }
    },
    {
      "type": "Feature",
      "id": "copy_text_14011",
      "geometry": {
        "type": "Point",
        "coordinates": [
          -4.007623,
          40.534345
        ]
      },
      "properties": {
        "id": "copy_text_14011",
        "name": "Pusiano",
        "category": "settlement",
        "dataset": "tilea",
        "in_gazetteer": false,
        "type": null,
        "region": "Tilea",
        "province": null,
        "estate": null,
        "population": 93,
        "population_estimated": true,
        "size_category": 1,
        "trade": null,
        "source": null,
        "tags": [],
        "notes": [],
        "history": {
          "province_2512": null,
          "province_2276": null,
          "ruler_2515": null,
          "ruler_2512": null,
          "ruler_2276": null
        },
        "wiki": {
          "title": null,
          "url": null,
          "description": null,
          "image": null
        },
        "svg_layer": "Tilea"
      }
    },
    {
      "type": "Feature",
      "id": "copy_text_14012",
      "geometry": {
        "type": "Point",
        "coordinates": [
          -4.743007,
          40.628419
        ]
      },
      "properties": {
        "id": "copy_text_14012",
        "name": "Forte",
        "category": "settlement",
        "dataset": "tilea",
        "in_gazetteer": false,
        "type": null,
        "region": "Tilea",
        "province": null,
        "estate": null,
        "population": 204,
        "population_estimated": true,
        "size_category": 1,
        "trade": null,
        "source": null,
        "tags": [],
        "notes": [],
        "history": {
          "province_2512": null,
          "province_2276": null,
          "ruler_2515": null,
          "ruler_2512": null,
          "ruler_2276": null
        },
        "wiki": {
          "title": null,
          "url": null,
          "description": null,
          "image": null
        },
        "svg_layer": "Tilea"
      }
    },
    {
      "type": "Feature",
      "id": "copy_text_14013",
      "geometry": {
        "type": "Point",
        "coordinates": [
          -4.478616,
          40.347651
        ]
      },
      "properties": {
        "id": "copy_text_14013",
        "name": "Firento",
        "category": "settlement",
        "dataset": "tilea",
        "in_gazetteer": true,
        "type": null,
        "region": "Tilea",
        "province": "Trantio",
        "estate": null,
        "population": 1823,
        "population_estimated": false,
        "size_category": 3,
        "trade": null,
        "source": null,
        "tags": [],
        "notes": [],
        "history": {
          "province_2512": null,
          "province_2276": null,
          "ruler_2515": null,
          "ruler_2512": null,
          "ruler_2276": null
        },
        "wiki": {
          "title": "Firento",
          "url": "https://warhammerfantasy.fandom.com/wiki/Firento",
          "description": "Firento is a northern Tilean town located between the Gulf of Pearls and the Tettoverde Wood in the domain of the Principality of Trantio. Firento is the only Tilean town added to the Warhammer: The Old World interactive map by Games Workshop not originally created by MadAlfred.",
          "image": "https://static.wikia.nocookie.net/warhammerfb/images/2/22/Trantio_domains.png/revision/latest?cb=20250218101837"
        },
        "svg_layer": "Tilea"
      }
    },
    {
      "type": "Feature",
      "id": "copy_text_14014",
      "geometry": {
        "type": "Point",
        "coordinates": [
          -4.135371,
          40.401763
        ]
      },
      "properties": {
        "id": "copy_text_14014",
        "name": "Frera",
        "category": "settlement",
        "dataset": "tilea",
        "in_gazetteer": false,
        "type": null,
        "region": "Tilea",
        "province": null,
        "estate": null,
        "population": 150,
        "population_estimated": true,
        "size_category": 1,
        "trade": null,
        "source": null,
        "tags": [],
        "notes": [],
        "history": {
          "province_2512": null,
          "province_2276": null,
          "ruler_2515": null,
          "ruler_2512": null,
          "ruler_2276": null
        },
        "wiki": {
          "title": null,
          "url": null,
          "description": null,
          "image": null
        },
        "svg_layer": "Tilea"
      }
    },
    {
      "type": "Feature",
      "id": "copy_text_14015",
      "geometry": {
        "type": "Point",
        "coordinates": [
          -4.024949,
          40.242916
        ]
      },
      "properties": {
        "id": "copy_text_14015",
        "name": "Risollo",
        "category": "settlement",
        "dataset": "tilea",
        "in_gazetteer": false,
        "type": null,
        "region": "Tilea",
        "province": null,
        "estate": null,
        "population": 199,
        "population_estimated": true,
        "size_category": 1,
        "trade": null,
        "source": null,
        "tags": [],
        "notes": [],
        "history": {
          "province_2512": null,
          "province_2276": null,
          "ruler_2515": null,
          "ruler_2512": null,
          "ruler_2276": null
        },
        "wiki": {
          "title": null,
          "url": null,
          "description": null,
          "image": null
        },
        "svg_layer": "Tilea"
      }
    },
    {
      "type": "Feature",
      "id": "copy_text_14016",
      "geometry": {
        "type": "Point",
        "coordinates": [
          -3.983454,
          40.079513
        ]
      },
      "properties": {
        "id": "copy_text_14016",
        "name": "Bonomia",
        "category": "settlement",
        "dataset": "tilea",
        "in_gazetteer": false,
        "type": null,
        "region": "Tilea",
        "province": null,
        "estate": null,
        "population": 68,
        "population_estimated": true,
        "size_category": 1,
        "trade": null,
        "source": null,
        "tags": [],
        "notes": [],
        "history": {
          "province_2512": null,
          "province_2276": null,
          "ruler_2515": null,
          "ruler_2512": null,
          "ruler_2276": null
        },
        "wiki": {
          "title": null,
          "url": null,
          "description": null,
          "image": null
        },
        "svg_layer": "Tilea"
      }
    },
    {
      "type": "Feature",
      "id": "copy_text_14017",
      "geometry": {
        "type": "Point",
        "coordinates": [
          -5.135494,
          40.55368
        ]
      },
      "properties": {
        "id": "copy_text_14017",
        "name": "Sazzo",
        "category": "settlement",
        "dataset": "tilea",
        "in_gazetteer": false,
        "type": null,
        "region": "Tilea",
        "province": null,
        "estate": null,
        "population": 178,
        "population_estimated": true,
        "size_category": 1,
        "trade": null,
        "source": null,
        "tags": [],
        "notes": [],
        "history": {
          "province_2512": null,
          "province_2276": null,
          "ruler_2515": null,
          "ruler_2512": null,
          "ruler_2276": null
        },
        "wiki": {
          "title": null,
          "url": null,
          "description": null,
          "image": null
        },
        "svg_layer": "Tilea"
      }
    },
    {
      "type": "Feature",
      "id": "copy_text_14018",
      "geometry": {
        "type": "Point",
        "coordinates": [
          -5.291699,
          40.67371
        ]
      },
      "properties": {
        "id": "copy_text_14018",
        "name": "Satarena",
        "category": "settlement",
        "dataset": "tilea",
        "in_gazetteer": false,
        "type": null,
        "region": "Tilea",
        "province": null,
        "estate": null,
        "population": 679,
        "population_estimated": true,
        "size_category": 2,
        "trade": null,
        "source": null,
        "tags": [],
        "notes": [],
        "history": {
          "province_2512": null,
          "province_2276": null,
          "ruler_2515": null,
          "ruler_2512": null,
          "ruler_2276": null
        },
        "wiki": {
          "title": null,
          "url": null,
          "description": null,
          "image": null
        },
        "svg_layer": "Tilea"
      }
    },
    {
      "type": "Feature",
      "id": "copy_text_14019",
      "geometry": {
        "type": "Point",
        "coordinates": [
          -5.639585,
          40.463451
        ]
      },
      "properties": {
        "id": "copy_text_14019",
        "name": "Zelbo",
        "category": "settlement",
        "dataset": "tilea",
        "in_gazetteer": false,
        "type": null,
        "region": "Tilea",
        "province": null,
        "estate": null,
        "population": 176,
        "population_estimated": true,
        "size_category": 1,
        "trade": null,
        "source": null,
        "tags": [],
        "notes": [],
        "history": {
          "province_2512": null,
          "province_2276": null,
          "ruler_2515": null,
          "ruler_2512": null,
          "ruler_2276": null
        },
        "wiki": {
          "title": null,
          "url": null,
          "description": null,
          "image": null
        },
        "svg_layer": "Tilea"
      }
    },
    {
      "type": "Feature",
      "id": "copy_text_14020",
      "geometry": {
        "type": "Point",
        "coordinates": [
          -6.39802,
          38.556654
        ]
      },
      "properties": {
        "id": "copy_text_14020",
        "name": "Torro",
        "category": "settlement",
        "dataset": "tilea",
        "in_gazetteer": false,
        "type": null,
        "region": "Tilea",
        "province": null,
        "estate": null,
        "population": 134,
        "population_estimated": true,
        "size_category": 1,
        "trade": null,
        "source": null,
        "tags": [],
        "notes": [],
        "history": {
          "province_2512": null,
          "province_2276": null,
          "ruler_2515": null,
          "ruler_2512": null,
          "ruler_2276": null
        },
        "wiki": {
          "title": null,
          "url": null,
          "description": null,
          "image": null
        },
        "svg_layer": "Tilea"
      }
    },
    {
      "type": "Feature",
      "id": "copy_text_14021",
      "geometry": {
        "type": "Point",
        "coordinates": [
          -6.327816,
          38.683712
        ]
      },
      "properties": {
        "id": "copy_text_14021",
        "name": "Polo",
        "category": "settlement",
        "dataset": "tilea",
        "in_gazetteer": false,
        "type": null,
        "region": "Tilea",
        "province": null,
        "estate": null,
        "population": 138,
        "population_estimated": true,
        "size_category": 1,
        "trade": null,
        "source": null,
        "tags": [],
        "notes": [],
        "history": {
          "province_2512": null,
          "province_2276": null,
          "ruler_2515": null,
          "ruler_2512": null,
          "ruler_2276": null
        },
        "wiki": {
          "title": null,
          "url": null,
          "description": null,
          "image": null
        },
        "svg_layer": "Tilea"
      }
    },
    {
      "type": "Feature",
      "id": "copy_text_14022",
      "geometry": {
        "type": "Point",
        "coordinates": [
          -6.04815,
          38.575989
        ]
      },
      "properties": {
        "id": "copy_text_14022",
        "name": "Stiani",
        "category": "settlement",
        "dataset": "tilea",
        "in_gazetteer": true,
        "type": null,
        "region": "Tilea",
        "province": "Remas",
        "estate": null,
        "population": 912,
        "population_estimated": false,
        "size_category": 3,
        "trade": null,
        "source": "Alfred \"MadAlfred\" Nuñez Jr. (unofficial)",
        "tags": [],
        "notes": [],
        "history": {
          "province_2512": null,
          "province_2276": null,
          "ruler_2515": null,
          "ruler_2512": null,
          "ruler_2276": null
        },
        "wiki": {
          "title": "Stiani",
          "url": "https://warhammerfantasy.fandom.com/wiki/Stiani",
          "description": "Stiani is an inland Tilean town located on the road known as the Via Aurelia, which lies between the larger settlements of Remas and Astiano. The town is ruled by the Republic of Remas. Stiani was originally a fan-made settlement created by the freelance writer Alfred Nuñez Jr..",
          "image": "https://static.wikia.nocookie.net/warhammerfb/images/8/81/Reman_domains.png/revision/latest?cb=20250218083422"
        },
        "svg_layer": "Tilea"
      }
    },
    {
      "type": "Feature",
      "id": "copy_text_14023",
      "geometry": {
        "type": "Point",
        "coordinates": [
          -5.666055,
          38.577834
        ]
      },
      "properties": {
        "id": "copy_text_14023",
        "name": "Perugia",
        "category": "settlement",
        "dataset": "tilea",
        "in_gazetteer": false,
        "type": null,
        "region": "Tilea",
        "province": null,
        "estate": null,
        "population": 296,
        "population_estimated": true,
        "size_category": 1,
        "trade": null,
        "source": null,
        "tags": [],
        "notes": [],
        "history": {
          "province_2512": null,
          "province_2276": null,
          "ruler_2515": null,
          "ruler_2512": null,
          "ruler_2276": null
        },
        "wiki": {
          "title": null,
          "url": null,
          "description": null,
          "image": null
        },
        "svg_layer": "Tilea"
      }
    },
    {
      "type": "Feature",
      "id": "copy_text_14024",
      "geometry": {
        "type": "Point",
        "coordinates": [
          -6.689533,
          38.835603
        ]
      },
      "properties": {
        "id": "copy_text_14024",
        "name": "Catrazza",
        "category": "settlement",
        "dataset": "tilea",
        "in_gazetteer": true,
        "type": null,
        "region": "Tilea",
        "province": "Remas",
        "estate": null,
        "population": 14129,
        "population_estimated": false,
        "size_category": 4,
        "trade": null,
        "source": "Warhammer Fantasy Roleplay 4e: Up in Arms",
        "tags": [],
        "notes": [
          "14000"
        ],
        "history": {
          "province_2512": null,
          "province_2276": null,
          "ruler_2515": null,
          "ruler_2512": null,
          "ruler_2276": null
        },
        "wiki": {
          "title": "Catrazza",
          "url": "https://warhammerfantasy.fandom.com/wiki/Catrazza",
          "description": "Catrazza is a prosperous Tilean town of the Republic of Remas. The famous mercenary company known as the Birdmen of Catrazza got their name in this town thanks to their great deed. Despite being guarded by many crossbowmen, they succeeded on behalf of a certain Alfeo Romeo of Remas to rescue his lover Isabella Dellecta from the tower.",
          "image": "https://static.wikia.nocookie.net/warhammerfb/images/8/81/Reman_domains.png/revision/latest?cb=20250218083422"
        },
        "svg_layer": "Tilea"
      }
    },
    {
      "type": "Feature",
      "id": "copy_text_14025",
      "geometry": {
        "type": "Point",
        "coordinates": [
          -6.631651,
          38.803406
        ]
      },
      "properties": {
        "id": "copy_text_14025",
        "name": "Atto",
        "category": "settlement",
        "dataset": "tilea",
        "in_gazetteer": false,
        "type": null,
        "region": "Tilea",
        "province": null,
        "estate": null,
        "population": 148,
        "population_estimated": true,
        "size_category": 1,
        "trade": null,
        "source": null,
        "tags": [],
        "notes": [],
        "history": {
          "province_2512": null,
          "province_2276": null,
          "ruler_2515": null,
          "ruler_2512": null,
          "ruler_2276": null
        },
        "wiki": {
          "title": null,
          "url": null,
          "description": null,
          "image": null
        },
        "svg_layer": "Tilea"
      }
    },
    {
      "type": "Feature",
      "id": "copy_text_14026",
      "geometry": {
        "type": "Point",
        "coordinates": [
          -6.501601,
          38.964531
        ]
      },
      "properties": {
        "id": "copy_text_14026",
        "name": "Ranco",
        "category": "settlement",
        "dataset": "tilea",
        "in_gazetteer": false,
        "type": null,
        "region": "Tilea",
        "province": null,
        "estate": null,
        "population": 139,
        "population_estimated": true,
        "size_category": 1,
        "trade": null,
        "source": null,
        "tags": [],
        "notes": [],
        "history": {
          "province_2512": null,
          "province_2276": null,
          "ruler_2515": null,
          "ruler_2512": null,
          "ruler_2276": null
        },
        "wiki": {
          "title": null,
          "url": null,
          "description": null,
          "image": null
        },
        "svg_layer": "Tilea"
      }
    },
    {
      "type": "Feature",
      "id": "copy_text_14027",
      "geometry": {
        "type": "Point",
        "coordinates": [
          -6.342778,
          38.824583
        ]
      },
      "properties": {
        "id": "copy_text_14027",
        "name": "Vonmano",
        "category": "settlement",
        "dataset": "tilea",
        "in_gazetteer": false,
        "type": null,
        "region": "Tilea",
        "province": null,
        "estate": null,
        "population": 122,
        "population_estimated": true,
        "size_category": 1,
        "trade": null,
        "source": null,
        "tags": [],
        "notes": [],
        "history": {
          "province_2512": null,
          "province_2276": null,
          "ruler_2515": null,
          "ruler_2512": null,
          "ruler_2276": null
        },
        "wiki": {
          "title": null,
          "url": null,
          "description": null,
          "image": null
        },
        "svg_layer": "Tilea"
      }
    },
    {
      "type": "Feature",
      "id": "copy_text_14028",
      "geometry": {
        "type": "Point",
        "coordinates": [
          -5.830632,
          40.281147
        ]
      },
      "properties": {
        "id": "copy_text_14028",
        "name": "Degna",
        "category": "settlement",
        "dataset": "tilea",
        "in_gazetteer": false,
        "type": null,
        "region": "Tilea",
        "province": null,
        "estate": null,
        "population": 163,
        "population_estimated": true,
        "size_category": 1,
        "trade": null,
        "source": null,
        "tags": [],
        "notes": [],
        "history": {
          "province_2512": null,
          "province_2276": null,
          "ruler_2515": null,
          "ruler_2512": null,
          "ruler_2276": null
        },
        "wiki": {
          "title": null,
          "url": null,
          "description": null,
          "image": null
        },
        "svg_layer": "Tilea"
      }
    },
    {
      "type": "Feature",
      "id": "copy_text_14029",
      "geometry": {
        "type": "Point",
        "coordinates": [
          -6.157485,
          40.062938
        ]
      },
      "properties": {
        "id": "copy_text_14029",
        "name": "Matte",
        "category": "settlement",
        "dataset": "tilea",
        "in_gazetteer": false,
        "type": null,
        "region": "Tilea",
        "province": null,
        "estate": null,
        "population": 74,
        "population_estimated": true,
        "size_category": 1,
        "trade": null,
        "source": null,
        "tags": [],
        "notes": [],
        "history": {
          "province_2512": null,
          "province_2276": null,
          "ruler_2515": null,
          "ruler_2512": null,
          "ruler_2276": null
        },
        "wiki": {
          "title": null,
          "url": null,
          "description": null,
          "image": null
        },
        "svg_layer": "Tilea"
      }
    },
    {
      "type": "Feature",
      "id": "copy_text_14030",
      "geometry": {
        "type": "Point",
        "coordinates": [
          -5.934212,
          40.054652
        ]
      },
      "properties": {
        "id": "copy_text_14030",
        "name": "Corvo",
        "category": "settlement",
        "dataset": "tilea",
        "in_gazetteer": false,
        "type": null,
        "region": "Tilea",
        "province": null,
        "estate": null,
        "population": 93,
        "population_estimated": true,
        "size_category": 1,
        "trade": null,
        "source": null,
        "tags": [],
        "notes": [],
        "history": {
          "province_2512": null,
          "province_2276": null,
          "ruler_2515": null,
          "ruler_2512": null,
          "ruler_2276": null
        },
        "wiki": {
          "title": null,
          "url": null,
          "description": null,
          "image": null
        },
        "svg_layer": "Tilea"
      }
    },
    {
      "type": "Feature",
      "id": "copy_text_14031",
      "geometry": {
        "type": "Point",
        "coordinates": [
          -5.71094,
          39.851175
        ]
      },
      "properties": {
        "id": "copy_text_14031",
        "name": "Lirone",
        "category": "settlement",
        "dataset": "tilea",
        "in_gazetteer": false,
        "type": null,
        "region": "Tilea",
        "province": null,
        "estate": null,
        "population": 161,
        "population_estimated": true,
        "size_category": 1,
        "trade": null,
        "source": null,
        "tags": [],
        "notes": [],
        "history": {
          "province_2512": null,
          "province_2276": null,
          "ruler_2515": null,
          "ruler_2512": null,
          "ruler_2276": null
        },
        "wiki": {
          "title": null,
          "url": null,
          "description": null,
          "image": null
        },
        "svg_layer": "Tilea"
      }
    },
    {
      "type": "Feature",
      "id": "copy_text_14032",
      "geometry": {
        "type": "Point",
        "coordinates": [
          -5.402501,
          39.912862
        ]
      },
      "properties": {
        "id": "copy_text_14032",
        "name": "Dosso",
        "category": "settlement",
        "dataset": "tilea",
        "in_gazetteer": false,
        "type": null,
        "region": "Tilea",
        "province": null,
        "estate": null,
        "population": 157,
        "population_estimated": true,
        "size_category": 1,
        "trade": null,
        "source": null,
        "tags": [],
        "notes": [],
        "history": {
          "province_2512": null,
          "province_2276": null,
          "ruler_2515": null,
          "ruler_2512": null,
          "ruler_2276": null
        },
        "wiki": {
          "title": null,
          "url": null,
          "description": null,
          "image": null
        },
        "svg_layer": "Tilea"
      }
    },
    {
      "type": "Feature",
      "id": "copy_text_14033",
      "geometry": {
        "type": "Point",
        "coordinates": [
          -6.767617,
          38.984496
        ]
      },
      "properties": {
        "id": "copy_text_14033",
        "name": "Urbimo",
        "category": "settlement",
        "dataset": "tilea",
        "in_gazetteer": true,
        "type": null,
        "region": "Tilea",
        "province": "Trantio",
        "estate": null,
        "population": 5623,
        "population_estimated": false,
        "size_category": 4,
        "trade": null,
        "source": "Alfred \"MadAlfred\" Nuñez Jr. (unofficial)",
        "tags": [],
        "notes": [],
        "history": {
          "province_2512": null,
          "province_2276": null,
          "ruler_2515": null,
          "ruler_2512": null,
          "ruler_2276": null
        },
        "wiki": {
          "title": "Urbimo",
          "url": "https://warhammerfantasy.fandom.com/wiki/Urbimo",
          "description": "Urbimo, also known as Urbino, is a large port town in north-eastern Tilea located on the Sea of Trantio that has been ruled in the past by the Republic of Remas, but is currently (as of 2517 IC ) under the control of the Principality of Trantio. It is Trantio's primary outlet on the Tilean Sea.",
          "image": "https://static.wikia.nocookie.net/warhammerfb/images/2/22/Trantio_domains.png/revision/latest?cb=20250218101837"
        },
        "svg_layer": "Tilea"
      }
    },
    {
      "type": "Feature",
      "id": "copy_text_14034",
      "geometry": {
        "type": "Point",
        "coordinates": [
          -6.096487,
          39.818952
        ]
      },
      "properties": {
        "id": "copy_text_14034",
        "name": "Rezzo",
        "category": "settlement",
        "dataset": "tilea",
        "in_gazetteer": false,
        "type": null,
        "region": "Tilea",
        "province": null,
        "estate": null,
        "population": 235,
        "population_estimated": true,
        "size_category": 1,
        "trade": null,
        "source": null,
        "tags": [],
        "notes": [],
        "history": {
          "province_2512": null,
          "province_2276": null,
          "ruler_2515": null,
          "ruler_2512": null,
          "ruler_2276": null
        },
        "wiki": {
          "title": null,
          "url": null,
          "description": null,
          "image": null
        },
        "svg_layer": "Tilea"
      }
    },
    {
      "type": "Feature",
      "id": "copy_text_14035",
      "geometry": {
        "type": "Point",
        "coordinates": [
          -5.989455,
          39.464478
        ]
      },
      "properties": {
        "id": "copy_text_14035",
        "name": "Pico",
        "category": "settlement",
        "dataset": "tilea",
        "in_gazetteer": false,
        "type": null,
        "region": "Tilea",
        "province": null,
        "estate": null,
        "population": 117,
        "population_estimated": true,
        "size_category": 1,
        "trade": null,
        "source": null,
        "tags": [],
        "notes": [],
        "history": {
          "province_2512": null,
          "province_2276": null,
          "ruler_2515": null,
          "ruler_2512": null,
          "ruler_2276": null
        },
        "wiki": {
          "title": null,
          "url": null,
          "description": null,
          "image": null
        },
        "svg_layer": "Tilea"
      }
    },
    {
      "type": "Feature",
      "id": "copy_text_14036",
      "geometry": {
        "type": "Point",
        "coordinates": [
          -5.500049,
          39.09838
        ]
      },
      "properties": {
        "id": "copy_text_14036",
        "name": "Varieno",
        "category": "settlement",
        "dataset": "tilea",
        "in_gazetteer": true,
        "type": null,
        "region": "Tilea",
        "province": "Trantio",
        "estate": null,
        "population": 2317,
        "population_estimated": false,
        "size_category": 3,
        "trade": null,
        "source": "Alfred \"MadAlfred\" Nuñez Jr. (unofficial)",
        "tags": [],
        "notes": [],
        "history": {
          "province_2512": null,
          "province_2276": null,
          "ruler_2515": null,
          "ruler_2512": null,
          "ruler_2276": null
        },
        "wiki": {
          "title": "Varieno",
          "url": "https://warhammerfantasy.fandom.com/wiki/Varieno",
          "description": "Varieno is an inland Tilean town of the Principality of Trantio on the border of the Trantine Hills. Varieno was originally a fan-made settlement created by the freelance writer Alfred Nuñez Jr.. The town was later confirmed in Warhammer canon with the release of Warhammer: The Old World.",
          "image": "https://static.wikia.nocookie.net/warhammerfb/images/2/22/Trantio_domains.png/revision/latest?cb=20250218101837"
        },
        "svg_layer": "Tilea"
      }
    },
    {
      "type": "Feature",
      "id": "copy_text_14037",
      "geometry": {
        "type": "Point",
        "coordinates": [
          -6.932034,
          39.263763
        ]
      },
      "properties": {
        "id": "copy_text_14037",
        "name": "Padulle",
        "category": "settlement",
        "dataset": "tilea",
        "in_gazetteer": false,
        "type": null,
        "region": "Tilea",
        "province": null,
        "estate": null,
        "population": 395,
        "population_estimated": true,
        "size_category": 2,
        "trade": null,
        "source": null,
        "tags": [],
        "notes": [],
        "history": {
          "province_2512": null,
          "province_2276": null,
          "ruler_2515": null,
          "ruler_2512": null,
          "ruler_2276": null
        },
        "wiki": {
          "title": null,
          "url": null,
          "description": null,
          "image": null
        },
        "svg_layer": "Tilea"
      }
    },
    {
      "type": "Feature",
      "id": "copy_text_14038",
      "geometry": {
        "type": "Point",
        "coordinates": [
          -7.010294,
          39.692813
        ]
      },
      "properties": {
        "id": "copy_text_14038",
        "name": "Casiado",
        "category": "settlement",
        "dataset": "tilea",
        "in_gazetteer": false,
        "type": null,
        "region": "Tilea",
        "province": null,
        "estate": null,
        "population": 85,
        "population_estimated": true,
        "size_category": 1,
        "trade": null,
        "source": null,
        "tags": [],
        "notes": [],
        "history": {
          "province_2512": null,
          "province_2276": null,
          "ruler_2515": null,
          "ruler_2512": null,
          "ruler_2276": null
        },
        "wiki": {
          "title": null,
          "url": null,
          "description": null,
          "image": null
        },
        "svg_layer": "Tilea"
      }
    },
    {
      "type": "Feature",
      "id": "copy_text_14039",
      "geometry": {
        "type": "Point",
        "coordinates": [
          -6.599426,
          39.211281
        ]
      },
      "properties": {
        "id": "copy_text_14039",
        "name": "Malacappa",
        "category": "settlement",
        "dataset": "tilea",
        "in_gazetteer": false,
        "type": null,
        "region": "Tilea",
        "province": null,
        "estate": null,
        "population": 82,
        "population_estimated": true,
        "size_category": 1,
        "trade": null,
        "source": null,
        "tags": [],
        "notes": [],
        "history": {
          "province_2512": null,
          "province_2276": null,
          "ruler_2515": null,
          "ruler_2512": null,
          "ruler_2276": null
        },
        "wiki": {
          "title": null,
          "url": null,
          "description": null,
          "image": null
        },
        "svg_layer": "Tilea"
      }
    },
    {
      "type": "Feature",
      "id": "copy_text_14040",
      "geometry": {
        "type": "Point",
        "coordinates": [
          -5.187284,
          38.968213
        ]
      },
      "properties": {
        "id": "copy_text_14040",
        "name": "Maciera",
        "category": "settlement",
        "dataset": "tilea",
        "in_gazetteer": false,
        "type": null,
        "region": "Tilea",
        "province": null,
        "estate": null,
        "population": 62,
        "population_estimated": true,
        "size_category": 1,
        "trade": null,
        "source": null,
        "tags": [],
        "notes": [],
        "history": {
          "province_2512": null,
          "province_2276": null,
          "ruler_2515": null,
          "ruler_2512": null,
          "ruler_2276": null
        },
        "wiki": {
          "title": null,
          "url": null,
          "description": null,
          "image": null
        },
        "svg_layer": "Tilea"
      }
    },
    {
      "type": "Feature",
      "id": "copy_text_14041",
      "geometry": {
        "type": "Point",
        "coordinates": [
          -7.210549,
          38.59072
        ]
      },
      "properties": {
        "id": "copy_text_14041",
        "name": "Staggiana",
        "category": "settlement",
        "dataset": "tilea",
        "in_gazetteer": false,
        "type": null,
        "region": "Tilea",
        "province": null,
        "estate": null,
        "population": 106,
        "population_estimated": true,
        "size_category": 1,
        "trade": null,
        "source": null,
        "tags": [],
        "notes": [],
        "history": {
          "province_2512": null,
          "province_2276": null,
          "ruler_2515": null,
          "ruler_2512": null,
          "ruler_2276": null
        },
        "wiki": {
          "title": null,
          "url": null,
          "description": null,
          "image": null
        },
        "svg_layer": "Tilea"
      }
    },
    {
      "type": "Feature",
      "id": "copy_text_14042",
      "geometry": {
        "type": "Point",
        "coordinates": [
          -7.010294,
          38.452614
        ]
      },
      "properties": {
        "id": "copy_text_14042",
        "name": "Alta",
        "category": "settlement",
        "dataset": "tilea",
        "in_gazetteer": false,
        "type": null,
        "region": "Tilea",
        "province": null,
        "estate": null,
        "population": 118,
        "population_estimated": true,
        "size_category": 1,
        "trade": null,
        "source": null,
        "tags": [],
        "notes": [],
        "history": {
          "province_2512": null,
          "province_2276": null,
          "ruler_2515": null,
          "ruler_2512": null,
          "ruler_2276": null
        },
        "wiki": {
          "title": null,
          "url": null,
          "description": null,
          "image": null
        },
        "svg_layer": "Tilea"
      }
    },
    {
      "type": "Feature",
      "id": "copy_text_14043",
      "geometry": {
        "type": "Point",
        "coordinates": [
          -6.803134,
          38.514303
        ]
      },
      "properties": {
        "id": "copy_text_14043",
        "name": "Balante",
        "category": "settlement",
        "dataset": "tilea",
        "in_gazetteer": false,
        "type": null,
        "region": "Tilea",
        "province": null,
        "estate": null,
        "population": 251,
        "population_estimated": true,
        "size_category": 1,
        "trade": null,
        "source": null,
        "tags": [],
        "notes": [],
        "history": {
          "province_2512": null,
          "province_2276": null,
          "ruler_2515": null,
          "ruler_2512": null,
          "ruler_2276": null
        },
        "wiki": {
          "title": null,
          "url": null,
          "description": null,
          "image": null
        },
        "svg_layer": "Tilea"
      }
    },
    {
      "type": "Feature",
      "id": "copy_text_14044",
      "geometry": {
        "type": "Point",
        "coordinates": [
          -6.726966,
          38.320672
        ]
      },
      "properties": {
        "id": "copy_text_14044",
        "name": "Monte Negro",
        "category": "settlement",
        "dataset": "tilea",
        "in_gazetteer": true,
        "type": null,
        "region": "Tilea",
        "province": "Remas",
        "estate": null,
        "population": 3120,
        "population_estimated": false,
        "size_category": 4,
        "trade": null,
        "source": "Warhammer Fantasy Roleplay 4e: Up in Arms",
        "tags": [],
        "notes": [
          "450"
        ],
        "history": {
          "province_2512": null,
          "province_2276": null,
          "ruler_2515": null,
          "ruler_2512": null,
          "ruler_2276": null
        },
        "wiki": {
          "title": "Monte Negro",
          "url": "https://warhammerfantasy.fandom.com/wiki/Monte_Negro",
          "description": "Monte Negro is a bustling Tilean town located near the city-state of Remas. It is the birthplace of Prince Giovanni Lanfranchi, once home to the Priory of the Spear -- a former priory of a Myrmidian order of vampire hunters that is now an institution affiliated with the Morrite Fellowship of the Shroud.",
          "image": "https://static.wikia.nocookie.net/warhammerfb/images/8/81/Reman_domains.png/revision/latest?cb=20250218083422"
        },
        "svg_layer": "Tilea"
      }
    },
    {
      "type": "Feature",
      "id": "copy_text_14045",
      "geometry": {
        "type": "Point",
        "coordinates": [
          -6.880244,
          38.140495
        ]
      },
      "properties": {
        "id": "copy_text_14045",
        "name": "Santomenna",
        "category": "settlement",
        "dataset": "tilea",
        "in_gazetteer": false,
        "type": null,
        "region": "Tilea",
        "province": null,
        "estate": null,
        "population": 100,
        "population_estimated": true,
        "size_category": 1,
        "trade": null,
        "source": null,
        "tags": [],
        "notes": [],
        "history": {
          "province_2512": null,
          "province_2276": null,
          "ruler_2515": null,
          "ruler_2512": null,
          "ruler_2276": null
        },
        "wiki": {
          "title": null,
          "url": null,
          "description": null,
          "image": null
        },
        "svg_layer": "Tilea"
      }
    },
    {
      "type": "Feature",
      "id": "copy_text_14046",
      "geometry": {
        "type": "Point",
        "coordinates": [
          -6.496997,
          38.046579
        ]
      },
      "properties": {
        "id": "copy_text_14046",
        "name": "Rapone",
        "category": "settlement",
        "dataset": "tilea",
        "in_gazetteer": false,
        "type": null,
        "region": "Tilea",
        "province": null,
        "estate": null,
        "population": 62,
        "population_estimated": true,
        "size_category": 1,
        "trade": null,
        "source": null,
        "tags": [],
        "notes": [],
        "history": {
          "province_2512": null,
          "province_2276": null,
          "ruler_2515": null,
          "ruler_2512": null,
          "ruler_2276": null
        },
        "wiki": {
          "title": null,
          "url": null,
          "description": null,
          "image": null
        },
        "svg_layer": "Tilea"
      }
    },
    {
      "type": "Feature",
      "id": "copy_text_14047",
      "geometry": {
        "type": "Point",
        "coordinates": [
          -6.068866,
          38.007911
        ]
      },
      "properties": {
        "id": "copy_text_14047",
        "name": "Parino",
        "category": "settlement",
        "dataset": "tilea",
        "in_gazetteer": false,
        "type": null,
        "region": "Tilea",
        "province": null,
        "estate": null,
        "population": 180,
        "population_estimated": true,
        "size_category": 1,
        "trade": null,
        "source": null,
        "tags": [],
        "notes": [],
        "history": {
          "province_2512": null,
          "province_2276": null,
          "ruler_2515": null,
          "ruler_2512": null,
          "ruler_2276": null
        },
        "wiki": {
          "title": null,
          "url": null,
          "description": null,
          "image": null
        },
        "svg_layer": "Tilea"
      }
    },
    {
      "type": "Feature",
      "id": "copy_text_14048",
      "geometry": {
        "type": "Point",
        "coordinates": [
          -6.493045,
          37.839734
        ]
      },
      "properties": {
        "id": "copy_text_14048",
        "name": "Ginestre",
        "category": "settlement",
        "dataset": "tilea",
        "in_gazetteer": false,
        "type": null,
        "region": "Tilea",
        "province": null,
        "estate": null,
        "population": 258,
        "population_estimated": true,
        "size_category": 1,
        "trade": null,
        "source": null,
        "tags": [],
        "notes": [],
        "history": {
          "province_2512": null,
          "province_2276": null,
          "ruler_2515": null,
          "ruler_2512": null,
          "ruler_2276": null
        },
        "wiki": {
          "title": null,
          "url": null,
          "description": null,
          "image": null
        },
        "svg_layer": "Tilea"
      }
    },
    {
      "type": "Feature",
      "id": "copy_text_14049",
      "geometry": {
        "type": "Point",
        "coordinates": [
          -6.732535,
          37.797809
        ]
      },
      "properties": {
        "id": "copy_text_14049",
        "name": "Caro",
        "category": "settlement",
        "dataset": "tilea",
        "in_gazetteer": false,
        "type": null,
        "region": "Tilea",
        "province": null,
        "estate": null,
        "population": 197,
        "population_estimated": true,
        "size_category": 1,
        "trade": null,
        "source": null,
        "tags": [],
        "notes": [],
        "history": {
          "province_2512": null,
          "province_2276": null,
          "ruler_2515": null,
          "ruler_2512": null,
          "ruler_2276": null
        },
        "wiki": {
          "title": null,
          "url": null,
          "description": null,
          "image": null
        },
        "svg_layer": "Tilea"
      }
    },
    {
      "type": "Feature",
      "id": "copy_text_14050",
      "geometry": {
        "type": "Point",
        "coordinates": [
          -6.97185,
          37.832862
        ]
      },
      "properties": {
        "id": "copy_text_14050",
        "name": "Casalle",
        "category": "settlement",
        "dataset": "tilea",
        "in_gazetteer": false,
        "type": null,
        "region": "Tilea",
        "province": null,
        "estate": null,
        "population": 163,
        "population_estimated": true,
        "size_category": 1,
        "trade": null,
        "source": null,
        "tags": [],
        "notes": [],
        "history": {
          "province_2512": null,
          "province_2276": null,
          "ruler_2515": null,
          "ruler_2512": null,
          "ruler_2276": null
        },
        "wiki": {
          "title": null,
          "url": null,
          "description": null,
          "image": null
        },
        "svg_layer": "Tilea"
      }
    },
    {
      "type": "Feature",
      "id": "copy_text_14051",
      "geometry": {
        "type": "Point",
        "coordinates": [
          -6.648112,
          37.604209
        ]
      },
      "properties": {
        "id": "copy_text_14051",
        "name": "Arputino",
        "category": "settlement",
        "dataset": "tilea",
        "in_gazetteer": false,
        "type": null,
        "region": "Tilea",
        "province": null,
        "estate": null,
        "population": 143,
        "population_estimated": true,
        "size_category": 1,
        "trade": null,
        "source": null,
        "tags": [],
        "notes": [],
        "history": {
          "province_2512": null,
          "province_2276": null,
          "ruler_2515": null,
          "ruler_2512": null,
          "ruler_2276": null
        },
        "wiki": {
          "title": null,
          "url": null,
          "description": null,
          "image": null
        },
        "svg_layer": "Tilea"
      }
    },
    {
      "type": "Feature",
      "id": "copy_text_14052",
      "geometry": {
        "type": "Point",
        "coordinates": [
          -6.12739,
          37.513122
        ]
      },
      "properties": {
        "id": "copy_text_14052",
        "name": "Castel Bianco",
        "category": "settlement",
        "dataset": "tilea",
        "in_gazetteer": false,
        "type": null,
        "region": "Tilea",
        "province": null,
        "estate": null,
        "population": 101,
        "population_estimated": true,
        "size_category": 1,
        "trade": null,
        "source": null,
        "tags": [],
        "notes": [],
        "history": {
          "province_2512": null,
          "province_2276": null,
          "ruler_2515": null,
          "ruler_2512": null,
          "ruler_2276": null
        },
        "wiki": {
          "title": null,
          "url": null,
          "description": null,
          "image": null
        },
        "svg_layer": "Tilea"
      }
    },
    {
      "type": "Feature",
      "id": "copy_text_14053",
      "geometry": {
        "type": "Point",
        "coordinates": [
          -6.504797,
          37.407002
        ]
      },
      "properties": {
        "id": "copy_text_14053",
        "name": "Pierno",
        "category": "settlement",
        "dataset": "tilea",
        "in_gazetteer": false,
        "type": null,
        "region": "Tilea",
        "province": null,
        "estate": null,
        "population": 445,
        "population_estimated": true,
        "size_category": 2,
        "trade": null,
        "source": null,
        "tags": [],
        "notes": [],
        "history": {
          "province_2512": null,
          "province_2276": null,
          "ruler_2515": null,
          "ruler_2512": null,
          "ruler_2276": null
        },
        "wiki": {
          "title": null,
          "url": null,
          "description": null,
          "image": null
        },
        "svg_layer": "Tilea"
      }
    },
    {
      "type": "Feature",
      "id": "copy_text_14054",
      "geometry": {
        "type": "Point",
        "coordinates": [
          -6.648655,
          37.174236
        ]
      },
      "properties": {
        "id": "copy_text_14054",
        "name": "Rifraffa",
        "category": "settlement",
        "dataset": "tilea",
        "in_gazetteer": true,
        "type": null,
        "region": "Tilea",
        "province": "Remas",
        "estate": null,
        "population": 1301,
        "population_estimated": false,
        "size_category": 3,
        "trade": null,
        "source": "Alfred \"MadAlfred\" Nuñez Jr. (unofficial)",
        "tags": [],
        "notes": [],
        "history": {
          "province_2512": null,
          "province_2276": null,
          "ruler_2515": null,
          "ruler_2512": null,
          "ruler_2276": null
        },
        "wiki": {
          "title": "Rifraffa",
          "url": "https://warhammerfantasy.fandom.com/wiki/Rifraffa",
          "description": "Rifraffa, also sometimes mistakenly spelled Riffraffa, is a Tilean coastal village on the Bay of Remas controlled by the Republic of Remas, famous as the site of the Battle of Rifraffa.",
          "image": "https://static.wikia.nocookie.net/warhammerfb/images/8/81/Reman_domains.png/revision/latest?cb=20250218083422"
        },
        "svg_layer": "Tilea"
      }
    },
    {
      "type": "Feature",
      "id": "copy_text_14055",
      "geometry": {
        "type": "Point",
        "coordinates": [
          -6.467469,
          37.063372
        ]
      },
      "properties": {
        "id": "copy_text_14055",
        "name": "Appio",
        "category": "settlement",
        "dataset": "tilea",
        "in_gazetteer": false,
        "type": null,
        "region": "Tilea",
        "province": null,
        "estate": null,
        "population": 194,
        "population_estimated": true,
        "size_category": 1,
        "trade": null,
        "source": null,
        "tags": [],
        "notes": [],
        "history": {
          "province_2512": null,
          "province_2276": null,
          "ruler_2515": null,
          "ruler_2512": null,
          "ruler_2276": null
        },
        "wiki": {
          "title": null,
          "url": null,
          "description": null,
          "image": null
        },
        "svg_layer": "Tilea"
      }
    },
    {
      "type": "Feature",
      "id": "copy_text_14056",
      "geometry": {
        "type": "Point",
        "coordinates": [
          -6.236896,
          37.2474
        ]
      },
      "properties": {
        "id": "copy_text_14056",
        "name": "Incarico",
        "category": "settlement",
        "dataset": "tilea",
        "in_gazetteer": false,
        "type": null,
        "region": "Tilea",
        "province": null,
        "estate": null,
        "population": 129,
        "population_estimated": true,
        "size_category": 1,
        "trade": null,
        "source": null,
        "tags": [],
        "notes": [],
        "history": {
          "province_2512": null,
          "province_2276": null,
          "ruler_2515": null,
          "ruler_2512": null,
          "ruler_2276": null
        },
        "wiki": {
          "title": null,
          "url": null,
          "description": null,
          "image": null
        },
        "svg_layer": "Tilea"
      }
    },
    {
      "type": "Feature",
      "id": "copy_text_14057",
      "geometry": {
        "type": "Point",
        "coordinates": [
          -6.654669,
          36.910422
        ]
      },
      "properties": {
        "id": "copy_text_14057",
        "name": "Senarico",
        "category": "settlement",
        "dataset": "tilea",
        "in_gazetteer": false,
        "type": null,
        "region": "Tilea",
        "province": null,
        "estate": null,
        "population": 330,
        "population_estimated": true,
        "size_category": 2,
        "trade": null,
        "source": null,
        "tags": [],
        "notes": [],
        "history": {
          "province_2512": null,
          "province_2276": null,
          "ruler_2515": null,
          "ruler_2512": null,
          "ruler_2276": null
        },
        "wiki": {
          "title": null,
          "url": null,
          "description": null,
          "image": null
        },
        "svg_layer": "Tilea"
      }
    },
    {
      "type": "Feature",
      "id": "copy_text_14058",
      "geometry": {
        "type": "Point",
        "coordinates": [
          -6.198812,
          36.823604
        ]
      },
      "properties": {
        "id": "copy_text_14058",
        "name": "Maleno",
        "category": "settlement",
        "dataset": "tilea",
        "in_gazetteer": false,
        "type": null,
        "region": "Tilea",
        "province": null,
        "estate": null,
        "population": 77,
        "population_estimated": true,
        "size_category": 1,
        "trade": null,
        "source": null,
        "tags": [],
        "notes": [],
        "history": {
          "province_2512": null,
          "province_2276": null,
          "ruler_2515": null,
          "ruler_2512": null,
          "ruler_2276": null
        },
        "wiki": {
          "title": null,
          "url": null,
          "description": null,
          "image": null
        },
        "svg_layer": "Tilea"
      }
    },
    {
      "type": "Feature",
      "id": "copy_text_14059",
      "geometry": {
        "type": "Point",
        "coordinates": [
          -6.697252,
          36.763567
        ]
      },
      "properties": {
        "id": "copy_text_14059",
        "name": "Brezza",
        "category": "settlement",
        "dataset": "tilea",
        "in_gazetteer": false,
        "type": null,
        "region": "Tilea",
        "province": null,
        "estate": null,
        "population": 71,
        "population_estimated": true,
        "size_category": 1,
        "trade": null,
        "source": null,
        "tags": [],
        "notes": [],
        "history": {
          "province_2512": null,
          "province_2276": null,
          "ruler_2515": null,
          "ruler_2512": null,
          "ruler_2276": null
        },
        "wiki": {
          "title": null,
          "url": null,
          "description": null,
          "image": null
        },
        "svg_layer": "Tilea"
      }
    },
    {
      "type": "Feature",
      "id": "copy_text_14060",
      "geometry": {
        "type": "Point",
        "coordinates": [
          -7.074744,
          36.836765
        ]
      },
      "properties": {
        "id": "copy_text_14060",
        "name": "Fontanelle",
        "category": "settlement",
        "dataset": "tilea",
        "in_gazetteer": false,
        "type": null,
        "region": "Tilea",
        "province": null,
        "estate": null,
        "population": 144,
        "population_estimated": true,
        "size_category": 1,
        "trade": null,
        "source": null,
        "tags": [],
        "notes": [],
        "history": {
          "province_2512": null,
          "province_2276": null,
          "ruler_2515": null,
          "ruler_2512": null,
          "ruler_2276": null
        },
        "wiki": {
          "title": null,
          "url": null,
          "description": null,
          "image": null
        },
        "svg_layer": "Tilea"
      }
    },
    {
      "type": "Feature",
      "id": "copy_text_14061",
      "geometry": {
        "type": "Point",
        "coordinates": [
          -7.270395,
          36.887403
        ]
      },
      "properties": {
        "id": "copy_text_14061",
        "name": "Valema",
        "category": "settlement",
        "dataset": "tilea",
        "in_gazetteer": false,
        "type": null,
        "region": "Tilea",
        "province": null,
        "estate": null,
        "population": 96,
        "population_estimated": true,
        "size_category": 1,
        "trade": null,
        "source": null,
        "tags": [],
        "notes": [],
        "history": {
          "province_2512": null,
          "province_2276": null,
          "ruler_2515": null,
          "ruler_2512": null,
          "ruler_2276": null
        },
        "wiki": {
          "title": null,
          "url": null,
          "description": null,
          "image": null
        },
        "svg_layer": "Tilea"
      }
    },
    {
      "type": "Feature",
      "id": "copy_text_14062",
      "geometry": {
        "type": "Point",
        "coordinates": [
          -7.718667,
          37.048529
        ]
      },
      "properties": {
        "id": "copy_text_14062",
        "name": "Ninio",
        "category": "settlement",
        "dataset": "tilea",
        "in_gazetteer": false,
        "type": null,
        "region": "Tilea",
        "province": null,
        "estate": null,
        "population": 423,
        "population_estimated": true,
        "size_category": 2,
        "trade": null,
        "source": null,
        "tags": [],
        "notes": [],
        "history": {
          "province_2512": null,
          "province_2276": null,
          "ruler_2515": null,
          "ruler_2512": null,
          "ruler_2276": null
        },
        "wiki": {
          "title": null,
          "url": null,
          "description": null,
          "image": null
        },
        "svg_layer": "Tilea"
      }
    },
    {
      "type": "Feature",
      "id": "copy_text_14063",
      "geometry": {
        "type": "Point",
        "coordinates": [
          -7.559844,
          36.805064
        ]
      },
      "properties": {
        "id": "copy_text_14063",
        "name": "Olesi",
        "category": "settlement",
        "dataset": "tilea",
        "in_gazetteer": true,
        "type": null,
        "region": "Tilea",
        "province": "Verezzo",
        "estate": null,
        "population": 3127,
        "population_estimated": false,
        "size_category": 4,
        "trade": null,
        "source": "Alfred \"MadAlfred\" Nuñez Jr. (unofficial)",
        "tags": [],
        "notes": [],
        "history": {
          "province_2512": null,
          "province_2276": null,
          "ruler_2515": null,
          "ruler_2512": null,
          "ruler_2276": null
        },
        "wiki": {
          "title": "Olesi",
          "url": "https://warhammerfantasy.fandom.com/wiki/Olesi",
          "description": "Olesi is a port town of the Republic of Verezzo in western Tilea on the Olesi Coast. It acts as an outlet to the Tilean Sea for otherwise land-locked Verezzo. The Tilean Sea as depicted in Man O' War: Corsair.",
          "image": "https://static.wikia.nocookie.net/warhammerfb/images/b/b2/Verezzo_domains.png/revision/latest?cb=20250213193851"
        },
        "svg_layer": "Tilea"
      }
    },
    {
      "type": "Feature",
      "id": "copy_text_14064",
      "geometry": {
        "type": "Point",
        "coordinates": [
          -7.205946,
          36.576203
        ]
      },
      "properties": {
        "id": "copy_text_14064",
        "name": "Scauri",
        "category": "settlement",
        "dataset": "tilea",
        "in_gazetteer": false,
        "type": null,
        "region": "Tilea",
        "province": null,
        "estate": null,
        "population": 201,
        "population_estimated": true,
        "size_category": 1,
        "trade": null,
        "source": null,
        "tags": [],
        "notes": [],
        "history": {
          "province_2512": null,
          "province_2276": null,
          "ruler_2515": null,
          "ruler_2512": null,
          "ruler_2276": null
        },
        "wiki": {
          "title": null,
          "url": null,
          "description": null,
          "image": null
        },
        "svg_layer": "Tilea"
      }
    },
    {
      "type": "Feature",
      "id": "copy_text_14065",
      "geometry": {
        "type": "Point",
        "coordinates": [
          -6.665027,
          36.567916
        ]
      },
      "properties": {
        "id": "copy_text_14065",
        "name": "Verezzo",
        "category": "settlement",
        "dataset": "tilea",
        "in_gazetteer": true,
        "type": null,
        "region": "Tilea",
        "province": "Verezzo",
        "estate": null,
        "population": 37128,
        "population_estimated": false,
        "size_category": 5,
        "trade": null,
        "source": "Warhammer Fantasy Roleplay 4e: Up in Arms",
        "tags": [],
        "notes": [
          "36000"
        ],
        "history": {
          "province_2512": null,
          "province_2276": null,
          "ruler_2515": null,
          "ruler_2512": null,
          "ruler_2276": null
        },
        "wiki": {
          "title": "Verezzo",
          "url": "https://warhammerfantasy.fandom.com/wiki/Verezzo",
          "description": "Verezzo, formally the Serene Republic of Verezzo, is a wealthy, Tilean city-state located at the centre of the peninsula. As with Pavona, Verezzo lives pretty much in the shadow of its powerful rivals, especially Remas and Luccini, which have a direct outlet on the Tilean Sea.",
          "image": "https://static.wikia.nocookie.net/warhammerfb/images/b/b2/Verezzo_domains.png/revision/latest?cb=20250213193851"
        },
        "svg_layer": "Tilea"
      }
    },
    {
      "type": "Feature",
      "id": "copy_text_14066",
      "geometry": {
        "type": "Point",
        "coordinates": [
          -6.490092,
          36.680705
        ]
      },
      "properties": {
        "id": "copy_text_14066",
        "name": "Fossa",
        "category": "settlement",
        "dataset": "tilea",
        "in_gazetteer": false,
        "type": null,
        "region": "Tilea",
        "province": null,
        "estate": null,
        "population": 87,
        "population_estimated": true,
        "size_category": 1,
        "trade": null,
        "source": null,
        "tags": [],
        "notes": [],
        "history": {
          "province_2512": null,
          "province_2276": null,
          "ruler_2515": null,
          "ruler_2512": null,
          "ruler_2276": null
        },
        "wiki": {
          "title": null,
          "url": null,
          "description": null,
          "image": null
        },
        "svg_layer": "Tilea"
      }
    },
    {
      "type": "Feature",
      "id": "copy_text_14067",
      "geometry": {
        "type": "Point",
        "coordinates": [
          -6.220644,
          36.680898
        ]
      },
      "properties": {
        "id": "copy_text_14067",
        "name": "Calia",
        "category": "settlement",
        "dataset": "tilea",
        "in_gazetteer": false,
        "type": null,
        "region": "Tilea",
        "province": null,
        "estate": null,
        "population": 139,
        "population_estimated": true,
        "size_category": 1,
        "trade": null,
        "source": null,
        "tags": [],
        "notes": [],
        "history": {
          "province_2512": null,
          "province_2276": null,
          "ruler_2515": null,
          "ruler_2512": null,
          "ruler_2276": null
        },
        "wiki": {
          "title": null,
          "url": null,
          "description": null,
          "image": null
        },
        "svg_layer": "Tilea"
      }
    },
    {
      "type": "Feature",
      "id": "copy_text_14068",
      "geometry": {
        "type": "Point",
        "coordinates": [
          -6.295115,
          36.375554
        ]
      },
      "properties": {
        "id": "copy_text_14068",
        "name": "Magno",
        "category": "settlement",
        "dataset": "tilea",
        "in_gazetteer": false,
        "type": null,
        "region": "Tilea",
        "province": null,
        "estate": null,
        "population": 80,
        "population_estimated": true,
        "size_category": 1,
        "trade": null,
        "source": null,
        "tags": [],
        "notes": [],
        "history": {
          "province_2512": null,
          "province_2276": null,
          "ruler_2515": null,
          "ruler_2512": null,
          "ruler_2276": null
        },
        "wiki": {
          "title": null,
          "url": null,
          "description": null,
          "image": null
        },
        "svg_layer": "Tilea"
      }
    },
    {
      "type": "Feature",
      "id": "copy_text_14069",
      "geometry": {
        "type": "Point",
        "coordinates": [
          -6.486639,
          36.304824
        ]
      },
      "properties": {
        "id": "copy_text_14069",
        "name": "Trullo",
        "category": "settlement",
        "dataset": "tilea",
        "in_gazetteer": false,
        "type": null,
        "region": "Tilea",
        "province": null,
        "estate": null,
        "population": 105,
        "population_estimated": true,
        "size_category": 1,
        "trade": null,
        "source": null,
        "tags": [],
        "notes": [],
        "history": {
          "province_2512": null,
          "province_2276": null,
          "ruler_2515": null,
          "ruler_2512": null,
          "ruler_2276": null
        },
        "wiki": {
          "title": null,
          "url": null,
          "description": null,
          "image": null
        },
        "svg_layer": "Tilea"
      }
    },
    {
      "type": "Feature",
      "id": "copy_text_14070",
      "geometry": {
        "type": "Point",
        "coordinates": [
          -6.802842,
          36.300819
        ]
      },
      "properties": {
        "id": "copy_text_14070",
        "name": "Pantone",
        "category": "settlement",
        "dataset": "tilea",
        "in_gazetteer": false,
        "type": null,
        "region": "Tilea",
        "province": null,
        "estate": null,
        "population": 191,
        "population_estimated": true,
        "size_category": 1,
        "trade": null,
        "source": null,
        "tags": [],
        "notes": [],
        "history": {
          "province_2512": null,
          "province_2276": null,
          "ruler_2515": null,
          "ruler_2512": null,
          "ruler_2276": null
        },
        "wiki": {
          "title": null,
          "url": null,
          "description": null,
          "image": null
        },
        "svg_layer": "Tilea"
      }
    },
    {
      "type": "Feature",
      "id": "copy_text_14071",
      "geometry": {
        "type": "Point",
        "coordinates": [
          -7.165607,
          36.179867
        ]
      },
      "properties": {
        "id": "copy_text_14071",
        "name": "Moscufo",
        "category": "settlement",
        "dataset": "tilea",
        "in_gazetteer": false,
        "type": null,
        "region": "Tilea",
        "province": null,
        "estate": null,
        "population": 68,
        "population_estimated": true,
        "size_category": 1,
        "trade": null,
        "source": null,
        "tags": [],
        "notes": [],
        "history": {
          "province_2512": null,
          "province_2276": null,
          "ruler_2515": null,
          "ruler_2512": null,
          "ruler_2276": null
        },
        "wiki": {
          "title": null,
          "url": null,
          "description": null,
          "image": null
        },
        "svg_layer": "Tilea"
      }
    },
    {
      "type": "Feature",
      "id": "copy_text_14072",
      "geometry": {
        "type": "Point",
        "coordinates": [
          -6.747891,
          36.045873
        ]
      },
      "properties": {
        "id": "copy_text_14072",
        "name": "Elice",
        "category": "settlement",
        "dataset": "tilea",
        "in_gazetteer": false,
        "type": null,
        "region": "Tilea",
        "province": null,
        "estate": null,
        "population": 128,
        "population_estimated": true,
        "size_category": 1,
        "trade": null,
        "source": null,
        "tags": [],
        "notes": [],
        "history": {
          "province_2512": null,
          "province_2276": null,
          "ruler_2515": null,
          "ruler_2512": null,
          "ruler_2276": null
        },
        "wiki": {
          "title": null,
          "url": null,
          "description": null,
          "image": null
        },
        "svg_layer": "Tilea"
      }
    },
    {
      "type": "Feature",
      "id": "copy_text_14073",
      "geometry": {
        "type": "Point",
        "coordinates": [
          -7.140345,
          35.898562
        ]
      },
      "properties": {
        "id": "copy_text_14073",
        "name": "Raverno",
        "category": "settlement",
        "dataset": "tilea",
        "in_gazetteer": true,
        "type": null,
        "region": "Tilea",
        "province": "Verezzo",
        "estate": null,
        "population": 1832,
        "population_estimated": false,
        "size_category": 3,
        "trade": null,
        "source": "Alfred \"MadAlfred\" Nuñez Jr. (unofficial)",
        "tags": [],
        "notes": [],
        "history": {
          "province_2512": null,
          "province_2276": null,
          "ruler_2515": null,
          "ruler_2512": null,
          "ruler_2276": null
        },
        "wiki": {
          "title": "Raverno",
          "url": "https://warhammerfantasy.fandom.com/wiki/Raverno",
          "description": "Raverno is a Tilean town located inland between the cities of Luccini and Verezzo. The town is controlled by the Republic of Verezzo. Raverno was originally a fan-made settlement created by the freelance writer Alfred Nuñez Jr..",
          "image": "https://static.wikia.nocookie.net/warhammerfb/images/b/b2/Verezzo_domains.png/revision/latest?cb=20250213193851"
        },
        "svg_layer": "Tilea"
      }
    },
    {
      "type": "Feature",
      "id": "copy_text_14074",
      "geometry": {
        "type": "Point",
        "coordinates": [
          -7.024105,
          35.81846
        ]
      },
      "properties": {
        "id": "copy_text_14074",
        "name": "Galianni",
        "category": "settlement",
        "dataset": "tilea",
        "in_gazetteer": false,
        "type": null,
        "region": "Tilea",
        "province": null,
        "estate": null,
        "population": 79,
        "population_estimated": true,
        "size_category": 1,
        "trade": null,
        "source": null,
        "tags": [],
        "notes": [],
        "history": {
          "province_2512": null,
          "province_2276": null,
          "ruler_2515": null,
          "ruler_2512": null,
          "ruler_2276": null
        },
        "wiki": {
          "title": null,
          "url": null,
          "description": null,
          "image": null
        },
        "svg_layer": "Tilea"
      }
    },
    {
      "type": "Feature",
      "id": "copy_text_14075",
      "geometry": {
        "type": "Point",
        "coordinates": [
          -6.714515,
          35.873701
        ]
      },
      "properties": {
        "id": "copy_text_14075",
        "name": "Morte",
        "category": "settlement",
        "dataset": "tilea",
        "in_gazetteer": false,
        "type": null,
        "region": "Tilea",
        "province": null,
        "estate": null,
        "population": 655,
        "population_estimated": true,
        "size_category": 2,
        "trade": null,
        "source": null,
        "tags": [],
        "notes": [],
        "history": {
          "province_2512": null,
          "province_2276": null,
          "ruler_2515": null,
          "ruler_2512": null,
          "ruler_2276": null
        },
        "wiki": {
          "title": null,
          "url": null,
          "description": null,
          "image": null
        },
        "svg_layer": "Tilea"
      }
    },
    {
      "type": "Feature",
      "id": "copy_text_14076",
      "geometry": {
        "type": "Point",
        "coordinates": [
          -6.711063,
          35.530734
        ]
      },
      "properties": {
        "id": "copy_text_14076",
        "name": "Borgio",
        "category": "settlement",
        "dataset": "tilea",
        "in_gazetteer": false,
        "type": null,
        "region": "Tilea",
        "province": null,
        "estate": null,
        "population": 95,
        "population_estimated": true,
        "size_category": 1,
        "trade": null,
        "source": null,
        "tags": [],
        "notes": [],
        "history": {
          "province_2512": null,
          "province_2276": null,
          "ruler_2515": null,
          "ruler_2512": null,
          "ruler_2276": null
        },
        "wiki": {
          "title": null,
          "url": null,
          "description": null,
          "image": null
        },
        "svg_layer": "Tilea"
      }
    },
    {
      "type": "Feature",
      "id": "copy_text_14077",
      "geometry": {
        "type": "Point",
        "coordinates": [
          -6.490766,
          35.52183
        ]
      },
      "properties": {
        "id": "copy_text_14077",
        "name": "Casoli",
        "category": "settlement",
        "dataset": "tilea",
        "in_gazetteer": false,
        "type": null,
        "region": "Tilea",
        "province": null,
        "estate": null,
        "population": 86,
        "population_estimated": true,
        "size_category": 1,
        "trade": null,
        "source": null,
        "tags": [],
        "notes": [],
        "history": {
          "province_2512": null,
          "province_2276": null,
          "ruler_2515": null,
          "ruler_2512": null,
          "ruler_2276": null
        },
        "wiki": {
          "title": null,
          "url": null,
          "description": null,
          "image": null
        },
        "svg_layer": "Tilea"
      }
    },
    {
      "type": "Feature",
      "id": "copy_text_14078",
      "geometry": {
        "type": "Point",
        "coordinates": [
          -6.158217,
          35.481291
        ]
      },
      "properties": {
        "id": "copy_text_14078",
        "name": "Verdi",
        "category": "settlement",
        "dataset": "tilea",
        "in_gazetteer": false,
        "type": null,
        "region": "Tilea",
        "province": null,
        "estate": null,
        "population": 133,
        "population_estimated": true,
        "size_category": 1,
        "trade": null,
        "source": null,
        "tags": [],
        "notes": [],
        "history": {
          "province_2512": null,
          "province_2276": null,
          "ruler_2515": null,
          "ruler_2512": null,
          "ruler_2276": null
        },
        "wiki": {
          "title": null,
          "url": null,
          "description": null,
          "image": null
        },
        "svg_layer": "Tilea"
      }
    },
    {
      "type": "Feature",
      "id": "copy_text_14079",
      "geometry": {
        "type": "Point",
        "coordinates": [
          -6.885218,
          35.408654
        ]
      },
      "properties": {
        "id": "copy_text_14079",
        "name": "Cirqa",
        "category": "settlement",
        "dataset": "tilea",
        "in_gazetteer": false,
        "type": null,
        "region": "Tilea",
        "province": null,
        "estate": null,
        "population": 240,
        "population_estimated": true,
        "size_category": 1,
        "trade": null,
        "source": null,
        "tags": [],
        "notes": [],
        "history": {
          "province_2512": null,
          "province_2276": null,
          "ruler_2515": null,
          "ruler_2512": null,
          "ruler_2276": null
        },
        "wiki": {
          "title": null,
          "url": null,
          "description": null,
          "image": null
        },
        "svg_layer": "Tilea"
      }
    },
    {
      "type": "Feature",
      "id": "copy_text_14080",
      "geometry": {
        "type": "Point",
        "coordinates": [
          -7.661698,
          35.425313
        ]
      },
      "properties": {
        "id": "copy_text_14080",
        "name": "Luna",
        "category": "settlement",
        "dataset": "tilea",
        "in_gazetteer": false,
        "type": null,
        "region": "Tilea",
        "province": null,
        "estate": null,
        "population": 136,
        "population_estimated": true,
        "size_category": 1,
        "trade": null,
        "source": null,
        "tags": [],
        "notes": [],
        "history": {
          "province_2512": null,
          "province_2276": null,
          "ruler_2515": null,
          "ruler_2512": null,
          "ruler_2276": null
        },
        "wiki": {
          "title": null,
          "url": null,
          "description": null,
          "image": null
        },
        "svg_layer": "Tilea"
      }
    },
    {
      "type": "Feature",
      "id": "copy_text_14081",
      "geometry": {
        "type": "Point",
        "coordinates": [
          -7.323336,
          35.281682
        ]
      },
      "properties": {
        "id": "copy_text_14081",
        "name": "Conserta",
        "category": "settlement",
        "dataset": "tilea",
        "in_gazetteer": false,
        "type": null,
        "region": "Tilea",
        "province": null,
        "estate": null,
        "population": 87,
        "population_estimated": true,
        "size_category": 1,
        "trade": null,
        "source": null,
        "tags": [],
        "notes": [],
        "history": {
          "province_2512": null,
          "province_2276": null,
          "ruler_2515": null,
          "ruler_2512": null,
          "ruler_2276": null
        },
        "wiki": {
          "title": null,
          "url": null,
          "description": null,
          "image": null
        },
        "svg_layer": "Tilea"
      }
    },
    {
      "type": "Feature",
      "id": "copy_text_14082",
      "geometry": {
        "type": "Point",
        "coordinates": [
          -7.074744,
          35.166591
        ]
      },
      "properties": {
        "id": "copy_text_14082",
        "name": "Morro d'Oro",
        "category": "settlement",
        "dataset": "tilea",
        "in_gazetteer": false,
        "type": null,
        "region": "Tilea",
        "province": null,
        "estate": null,
        "population": 199,
        "population_estimated": true,
        "size_category": 1,
        "trade": null,
        "source": null,
        "tags": [],
        "notes": [],
        "history": {
          "province_2512": null,
          "province_2276": null,
          "ruler_2515": null,
          "ruler_2512": null,
          "ruler_2276": null
        },
        "wiki": {
          "title": null,
          "url": null,
          "description": null,
          "image": null
        },
        "svg_layer": "Tilea"
      }
    },
    {
      "type": "Feature",
      "id": "copy_text_14083",
      "geometry": {
        "type": "Point",
        "coordinates": [
          -8.322309,
          35.208948
        ]
      },
      "properties": {
        "id": "copy_text_14083",
        "name": "Tufino",
        "category": "settlement",
        "dataset": "tilea",
        "in_gazetteer": false,
        "type": null,
        "region": "Tilea",
        "province": null,
        "estate": null,
        "population": 94,
        "population_estimated": true,
        "size_category": 1,
        "trade": null,
        "source": null,
        "tags": [],
        "notes": [],
        "history": {
          "province_2512": null,
          "province_2276": null,
          "ruler_2515": null,
          "ruler_2512": null,
          "ruler_2276": null
        },
        "wiki": {
          "title": null,
          "url": null,
          "description": null,
          "image": null
        },
        "svg_layer": "Tilea"
      }
    },
    {
      "type": "Feature",
      "id": "copy_text_14084",
      "geometry": {
        "type": "Point",
        "coordinates": [
          -8.650313,
          35.385722
        ]
      },
      "properties": {
        "id": "copy_text_14084",
        "name": "Literno",
        "category": "settlement",
        "dataset": "tilea",
        "in_gazetteer": false,
        "type": null,
        "region": "Tilea",
        "province": null,
        "estate": null,
        "population": 183,
        "population_estimated": true,
        "size_category": 1,
        "trade": null,
        "source": null,
        "tags": [],
        "notes": [],
        "history": {
          "province_2512": null,
          "province_2276": null,
          "ruler_2515": null,
          "ruler_2512": null,
          "ruler_2276": null
        },
        "wiki": {
          "title": null,
          "url": null,
          "description": null,
          "image": null
        },
        "svg_layer": "Tilea"
      }
    },
    {
      "type": "Feature",
      "id": "copy_text_14085",
      "geometry": {
        "type": "Point",
        "coordinates": [
          -9.06118,
          35.254983
        ]
      },
      "properties": {
        "id": "copy_text_14085",
        "name": "Azzano",
        "category": "settlement",
        "dataset": "tilea",
        "in_gazetteer": false,
        "type": null,
        "region": "Tilea",
        "province": null,
        "estate": null,
        "population": 255,
        "population_estimated": true,
        "size_category": 1,
        "trade": null,
        "source": null,
        "tags": [],
        "notes": [],
        "history": {
          "province_2512": null,
          "province_2276": null,
          "ruler_2515": null,
          "ruler_2512": null,
          "ruler_2276": null
        },
        "wiki": {
          "title": null,
          "url": null,
          "description": null,
          "image": null
        },
        "svg_layer": "Tilea"
      }
    },
    {
      "type": "Feature",
      "id": "copy_text_14086",
      "geometry": {
        "type": "Point",
        "coordinates": [
          -9.173967,
          35.075441
        ]
      },
      "properties": {
        "id": "copy_text_14086",
        "name": "Caprafico",
        "category": "settlement",
        "dataset": "tilea",
        "in_gazetteer": false,
        "type": null,
        "region": "Tilea",
        "province": null,
        "estate": null,
        "population": 91,
        "population_estimated": true,
        "size_category": 1,
        "trade": null,
        "source": null,
        "tags": [],
        "notes": [],
        "history": {
          "province_2512": null,
          "province_2276": null,
          "ruler_2515": null,
          "ruler_2512": null,
          "ruler_2276": null
        },
        "wiki": {
          "title": null,
          "url": null,
          "description": null,
          "image": null
        },
        "svg_layer": "Tilea"
      }
    },
    {
      "type": "Feature",
      "id": "copy_text_14087",
      "geometry": {
        "type": "Point",
        "coordinates": [
          -9.209645,
          35.445568
        ]
      },
      "properties": {
        "id": "copy_text_14087",
        "name": "Sangria",
        "category": "settlement",
        "dataset": "tilea",
        "in_gazetteer": false,
        "type": null,
        "region": "Tilea",
        "province": null,
        "estate": null,
        "population": 242,
        "population_estimated": true,
        "size_category": 1,
        "trade": null,
        "source": null,
        "tags": [],
        "notes": [],
        "history": {
          "province_2512": null,
          "province_2276": null,
          "ruler_2515": null,
          "ruler_2512": null,
          "ruler_2276": null
        },
        "wiki": {
          "title": null,
          "url": null,
          "description": null,
          "image": null
        },
        "svg_layer": "Tilea"
      }
    },
    {
      "type": "Feature",
      "id": "copy_text_14088",
      "geometry": {
        "type": "Point",
        "coordinates": [
          -8.921922,
          35.745722
        ]
      },
      "properties": {
        "id": "copy_text_14088",
        "name": "Nardis",
        "category": "settlement",
        "dataset": "tilea",
        "in_gazetteer": false,
        "type": null,
        "region": "Tilea",
        "province": null,
        "estate": null,
        "population": 179,
        "population_estimated": true,
        "size_category": 1,
        "trade": null,
        "source": null,
        "tags": [],
        "notes": [],
        "history": {
          "province_2512": null,
          "province_2276": null,
          "ruler_2515": null,
          "ruler_2512": null,
          "ruler_2276": null
        },
        "wiki": {
          "title": null,
          "url": null,
          "description": null,
          "image": null
        },
        "svg_layer": "Tilea"
      }
    },
    {
      "type": "Feature",
      "id": "copy_text_14089",
      "geometry": {
        "type": "Point",
        "coordinates": [
          -8.413229,
          35.767817
        ]
      },
      "properties": {
        "id": "copy_text_14089",
        "name": "Frisca",
        "category": "settlement",
        "dataset": "tilea",
        "in_gazetteer": false,
        "type": null,
        "region": "Tilea",
        "province": null,
        "estate": null,
        "population": 115,
        "population_estimated": true,
        "size_category": 1,
        "trade": null,
        "source": null,
        "tags": [],
        "notes": [],
        "history": {
          "province_2512": null,
          "province_2276": null,
          "ruler_2515": null,
          "ruler_2512": null,
          "ruler_2276": null
        },
        "wiki": {
          "title": null,
          "url": null,
          "description": null,
          "image": null
        },
        "svg_layer": "Tilea"
      }
    },
    {
      "type": "Feature",
      "id": "copy_text_14090",
      "geometry": {
        "type": "Point",
        "coordinates": [
          -8.832153,
          35.048744
        ]
      },
      "properties": {
        "id": "copy_text_14090",
        "name": "Surbo",
        "category": "settlement",
        "dataset": "tilea",
        "in_gazetteer": false,
        "type": null,
        "region": "Tilea",
        "province": null,
        "estate": null,
        "population": 208,
        "population_estimated": true,
        "size_category": 1,
        "trade": null,
        "source": null,
        "tags": [],
        "notes": [],
        "history": {
          "province_2512": null,
          "province_2276": null,
          "ruler_2515": null,
          "ruler_2512": null,
          "ruler_2276": null
        },
        "wiki": {
          "title": null,
          "url": null,
          "description": null,
          "image": null
        },
        "svg_layer": "Tilea"
      }
    },
    {
      "type": "Feature",
      "id": "copy_text_14091",
      "geometry": {
        "type": "Point",
        "coordinates": [
          -8.089829,
          34.89222
        ]
      },
      "properties": {
        "id": "copy_text_14091",
        "name": "Urta",
        "category": "settlement",
        "dataset": "tilea",
        "in_gazetteer": false,
        "type": null,
        "region": "Tilea",
        "province": null,
        "estate": null,
        "population": 95,
        "population_estimated": true,
        "size_category": 1,
        "trade": null,
        "source": null,
        "tags": [],
        "notes": [],
        "history": {
          "province_2512": null,
          "province_2276": null,
          "ruler_2515": null,
          "ruler_2512": null,
          "ruler_2276": null
        },
        "wiki": {
          "title": null,
          "url": null,
          "description": null,
          "image": null
        },
        "svg_layer": "Tilea"
      }
    },
    {
      "type": "Feature",
      "id": "copy_text_14092",
      "geometry": {
        "type": "Point",
        "coordinates": [
          -9.111819,
          34.660203
        ]
      },
      "properties": {
        "id": "copy_text_14092",
        "name": "Peri",
        "category": "settlement",
        "dataset": "tilea",
        "in_gazetteer": false,
        "type": null,
        "region": "Tilea",
        "province": null,
        "estate": null,
        "population": 76,
        "population_estimated": true,
        "size_category": 1,
        "trade": null,
        "source": null,
        "tags": [],
        "notes": [],
        "history": {
          "province_2512": null,
          "province_2276": null,
          "ruler_2515": null,
          "ruler_2512": null,
          "ruler_2276": null
        },
        "wiki": {
          "title": null,
          "url": null,
          "description": null,
          "image": null
        },
        "svg_layer": "Tilea"
      }
    },
    {
      "type": "Feature",
      "id": "copy_text_14093",
      "geometry": {
        "type": "Point",
        "coordinates": [
          -8.848126,
          34.652566
        ]
      },
      "properties": {
        "id": "copy_text_14093",
        "name": "Trepuzzi",
        "category": "settlement",
        "dataset": "tilea",
        "in_gazetteer": false,
        "type": null,
        "region": "Tilea",
        "province": null,
        "estate": null,
        "population": 237,
        "population_estimated": true,
        "size_category": 1,
        "trade": null,
        "source": null,
        "tags": [],
        "notes": [],
        "history": {
          "province_2512": null,
          "province_2276": null,
          "ruler_2515": null,
          "ruler_2512": null,
          "ruler_2276": null
        },
        "wiki": {
          "title": null,
          "url": null,
          "description": null,
          "image": null
        },
        "svg_layer": "Tilea"
      }
    },
    {
      "type": "Feature",
      "id": "copy_text_14094",
      "geometry": {
        "type": "Point",
        "coordinates": [
          -8.734804,
          34.431662
        ]
      },
      "properties": {
        "id": "copy_text_14094",
        "name": "Forino",
        "category": "settlement",
        "dataset": "tilea",
        "in_gazetteer": false,
        "type": null,
        "region": "Tilea",
        "province": null,
        "estate": null,
        "population": 148,
        "population_estimated": true,
        "size_category": 1,
        "trade": null,
        "source": null,
        "tags": [],
        "notes": [],
        "history": {
          "province_2512": null,
          "province_2276": null,
          "ruler_2515": null,
          "ruler_2512": null,
          "ruler_2276": null
        },
        "wiki": {
          "title": null,
          "url": null,
          "description": null,
          "image": null
        },
        "svg_layer": "Tilea"
      }
    },
    {
      "type": "Feature",
      "id": "copy_text_14095",
      "geometry": {
        "type": "Point",
        "coordinates": [
          -9.361562,
          34.34808
        ]
      },
      "properties": {
        "id": "copy_text_14095",
        "name": "Retignano",
        "category": "settlement",
        "dataset": "tilea",
        "in_gazetteer": false,
        "type": null,
        "region": "Tilea",
        "province": null,
        "estate": null,
        "population": 239,
        "population_estimated": true,
        "size_category": 1,
        "trade": null,
        "source": null,
        "tags": [],
        "notes": [],
        "history": {
          "province_2512": null,
          "province_2276": null,
          "ruler_2515": null,
          "ruler_2512": null,
          "ruler_2276": null
        },
        "wiki": {
          "title": null,
          "url": null,
          "description": null,
          "image": null
        },
        "svg_layer": "Tilea"
      }
    },
    {
      "type": "Feature",
      "id": "copy_text_14096",
      "geometry": {
        "type": "Point",
        "coordinates": [
          -8.539606,
          34.029245
        ]
      },
      "properties": {
        "id": "copy_text_14096",
        "name": "Celzi",
        "category": "settlement",
        "dataset": "tilea",
        "in_gazetteer": false,
        "type": null,
        "region": "Tilea",
        "province": null,
        "estate": null,
        "population": 303,
        "population_estimated": true,
        "size_category": 2,
        "trade": null,
        "source": null,
        "tags": [],
        "notes": [],
        "history": {
          "province_2512": null,
          "province_2276": null,
          "ruler_2515": null,
          "ruler_2512": null,
          "ruler_2276": null
        },
        "wiki": {
          "title": null,
          "url": null,
          "description": null,
          "image": null
        },
        "svg_layer": "Tilea"
      }
    },
    {
      "type": "Feature",
      "id": "copy_text_14097",
      "geometry": {
        "type": "Point",
        "coordinates": [
          -8.094433,
          34.144601
        ]
      },
      "properties": {
        "id": "copy_text_14097",
        "name": "Orzalle",
        "category": "settlement",
        "dataset": "tilea",
        "in_gazetteer": false,
        "type": null,
        "region": "Tilea",
        "province": null,
        "estate": null,
        "population": 241,
        "population_estimated": true,
        "size_category": 1,
        "trade": null,
        "source": null,
        "tags": [],
        "notes": [],
        "history": {
          "province_2512": null,
          "province_2276": null,
          "ruler_2515": null,
          "ruler_2512": null,
          "ruler_2276": null
        },
        "wiki": {
          "title": null,
          "url": null,
          "description": null,
          "image": null
        },
        "svg_layer": "Tilea"
      }
    },
    {
      "type": "Feature",
      "id": "copy_text_14098",
      "geometry": {
        "type": "Point",
        "coordinates": [
          -7.884971,
          34.094885
        ]
      },
      "properties": {
        "id": "copy_text_14098",
        "name": "Limitti",
        "category": "settlement",
        "dataset": "tilea",
        "in_gazetteer": false,
        "type": null,
        "region": "Tilea",
        "province": null,
        "estate": null,
        "population": 69,
        "population_estimated": true,
        "size_category": 1,
        "trade": null,
        "source": null,
        "tags": [],
        "notes": [],
        "history": {
          "province_2512": null,
          "province_2276": null,
          "ruler_2515": null,
          "ruler_2512": null,
          "ruler_2276": null
        },
        "wiki": {
          "title": null,
          "url": null,
          "description": null,
          "image": null
        },
        "svg_layer": "Tilea"
      }
    },
    {
      "type": "Feature",
      "id": "copy_text_14099",
      "geometry": {
        "type": "Point",
        "coordinates": [
          -7.86243,
          33.905395
        ]
      },
      "properties": {
        "id": "copy_text_14099",
        "name": "Basati",
        "category": "settlement",
        "dataset": "tilea",
        "in_gazetteer": false,
        "type": null,
        "region": "Tilea",
        "province": null,
        "estate": null,
        "population": 222,
        "population_estimated": true,
        "size_category": 1,
        "trade": null,
        "source": null,
        "tags": [],
        "notes": [],
        "history": {
          "province_2512": null,
          "province_2276": null,
          "ruler_2515": null,
          "ruler_2512": null,
          "ruler_2276": null
        },
        "wiki": {
          "title": null,
          "url": null,
          "description": null,
          "image": null
        },
        "svg_layer": "Tilea"
      }
    },
    {
      "type": "Feature",
      "id": "copy_text_14100",
      "geometry": {
        "type": "Point",
        "coordinates": [
          -8.10364,
          33.146553
        ]
      },
      "properties": {
        "id": "copy_text_14100",
        "name": "Aldente",
        "category": "settlement",
        "dataset": "tilea",
        "in_gazetteer": true,
        "type": null,
        "region": "Tilea",
        "province": "Luccini",
        "estate": null,
        "population": 612,
        "population_estimated": false,
        "size_category": 2,
        "trade": null,
        "source": "Warhammer: The Old World",
        "tags": [],
        "notes": [],
        "history": {
          "province_2512": null,
          "province_2276": null,
          "ruler_2515": null,
          "ruler_2512": null,
          "ruler_2276": null
        },
        "wiki": {
          "title": "Aldente",
          "url": "https://warhammerfantasy.fandom.com/wiki/Aldente",
          "description": "Aldente is an inland town of southern Tilea under the control of the Principality of Luccini. It was the site of a battle at the Plain of Luccini on the southern tip of the peninsula near Cappo Cinno.",
          "image": "https://static.wikia.nocookie.net/warhammerfb/images/5/50/Luccinian_domain.png/revision/latest?cb=20250208083543"
        },
        "svg_layer": "Tilea"
      }
    },
    {
      "type": "Feature",
      "id": "copy_text_14101",
      "geometry": {
        "type": "Point",
        "coordinates": [
          -7.764127,
          33.424609
        ]
      },
      "properties": {
        "id": "copy_text_14101",
        "name": "Irpina",
        "category": "settlement",
        "dataset": "tilea",
        "in_gazetteer": false,
        "type": null,
        "region": "Tilea",
        "province": null,
        "estate": null,
        "population": 131,
        "population_estimated": true,
        "size_category": 1,
        "trade": null,
        "source": null,
        "tags": [],
        "notes": [],
        "history": {
          "province_2512": null,
          "province_2276": null,
          "ruler_2515": null,
          "ruler_2512": null,
          "ruler_2276": null
        },
        "wiki": {
          "title": null,
          "url": null,
          "description": null,
          "image": null
        },
        "svg_layer": "Tilea"
      }
    },
    {
      "type": "Feature",
      "id": "copy_text_14102",
      "geometry": {
        "type": "Point",
        "coordinates": [
          -5.945302,
          32.904784
        ]
      },
      "properties": {
        "id": "copy_text_14102",
        "name": "Pavezzano",
        "category": "settlement",
        "dataset": "tilea",
        "in_gazetteer": true,
        "type": null,
        "region": "Tilea",
        "province": "Luccini",
        "estate": null,
        "population": 4325,
        "population_estimated": false,
        "size_category": 4,
        "trade": null,
        "source": "Alfred \"MadAlfred\" Nuñez Jr. (unofficial)",
        "tags": [],
        "notes": [],
        "history": {
          "province_2512": null,
          "province_2276": null,
          "ruler_2515": null,
          "ruler_2512": null,
          "ruler_2276": null
        },
        "wiki": {
          "title": "Pavezzano",
          "url": "https://warhammerfantasy.fandom.com/wiki/Pavezzano",
          "description": "Pavezzano is a port town of the Principality of Luccini in southern Tilea, located on the Black Gulf. The Tilean Sea as depicted in Man O' War: Corsair. Each location's name matches those used in the game.",
          "image": "https://static.wikia.nocookie.net/warhammerfb/images/5/50/Luccinian_domain.png/revision/latest?cb=20250208083543"
        },
        "svg_layer": "Tilea"
      }
    },
    {
      "type": "Feature",
      "id": "copy_text_14103",
      "geometry": {
        "type": "Point",
        "coordinates": [
          -7.466047,
          33.125373
        ]
      },
      "properties": {
        "id": "copy_text_14103",
        "name": "Lanzara",
        "category": "settlement",
        "dataset": "tilea",
        "in_gazetteer": false,
        "type": null,
        "region": "Tilea",
        "province": null,
        "estate": null,
        "population": 99,
        "population_estimated": true,
        "size_category": 1,
        "trade": null,
        "source": null,
        "tags": [],
        "notes": [],
        "history": {
          "province_2512": null,
          "province_2276": null,
          "ruler_2515": null,
          "ruler_2512": null,
          "ruler_2276": null
        },
        "wiki": {
          "title": null,
          "url": null,
          "description": null,
          "image": null
        },
        "svg_layer": "Tilea"
      }
    },
    {
      "type": "Feature",
      "id": "copy_text_14104",
      "geometry": {
        "type": "Point",
        "coordinates": [
          -7.319942,
          33.603605
        ]
      },
      "properties": {
        "id": "copy_text_14104",
        "name": "Gallo",
        "category": "settlement",
        "dataset": "tilea",
        "in_gazetteer": false,
        "type": null,
        "region": "Tilea",
        "province": null,
        "estate": null,
        "population": 257,
        "population_estimated": true,
        "size_category": 1,
        "trade": null,
        "source": null,
        "tags": [],
        "notes": [],
        "history": {
          "province_2512": null,
          "province_2276": null,
          "ruler_2515": null,
          "ruler_2512": null,
          "ruler_2276": null
        },
        "wiki": {
          "title": null,
          "url": null,
          "description": null,
          "image": null
        },
        "svg_layer": "Tilea"
      }
    },
    {
      "type": "Feature",
      "id": "copy_text_14105",
      "geometry": {
        "type": "Point",
        "coordinates": [
          -7.337961,
          33.822577
        ]
      },
      "properties": {
        "id": "copy_text_14105",
        "name": "Forno",
        "category": "settlement",
        "dataset": "tilea",
        "in_gazetteer": false,
        "type": null,
        "region": "Tilea",
        "province": null,
        "estate": null,
        "population": 144,
        "population_estimated": true,
        "size_category": 1,
        "trade": null,
        "source": null,
        "tags": [],
        "notes": [],
        "history": {
          "province_2512": null,
          "province_2276": null,
          "ruler_2515": null,
          "ruler_2512": null,
          "ruler_2276": null
        },
        "wiki": {
          "title": null,
          "url": null,
          "description": null,
          "image": null
        },
        "svg_layer": "Tilea"
      }
    },
    {
      "type": "Feature",
      "id": "copy_text_14106",
      "geometry": {
        "type": "Point",
        "coordinates": [
          -6.768386,
          33.659229
        ]
      },
      "properties": {
        "id": "copy_text_14106",
        "name": "Torini",
        "category": "settlement",
        "dataset": "tilea",
        "in_gazetteer": false,
        "type": null,
        "region": "Tilea",
        "province": null,
        "estate": null,
        "population": 159,
        "population_estimated": true,
        "size_category": 1,
        "trade": null,
        "source": null,
        "tags": [],
        "notes": [],
        "history": {
          "province_2512": null,
          "province_2276": null,
          "ruler_2515": null,
          "ruler_2512": null,
          "ruler_2276": null
        },
        "wiki": {
          "title": null,
          "url": null,
          "description": null,
          "image": null
        },
        "svg_layer": "Tilea"
      }
    },
    {
      "type": "Feature",
      "id": "copy_text_14107",
      "geometry": {
        "type": "Point",
        "coordinates": [
          -6.985312,
          33.931761
        ]
      },
      "properties": {
        "id": "copy_text_14107",
        "name": "Cundera",
        "category": "settlement",
        "dataset": "tilea",
        "in_gazetteer": false,
        "type": null,
        "region": "Tilea",
        "province": null,
        "estate": null,
        "population": 252,
        "population_estimated": true,
        "size_category": 1,
        "trade": null,
        "source": null,
        "tags": [],
        "notes": [],
        "history": {
          "province_2512": null,
          "province_2276": null,
          "ruler_2515": null,
          "ruler_2512": null,
          "ruler_2276": null
        },
        "wiki": {
          "title": null,
          "url": null,
          "description": null,
          "image": null
        },
        "svg_layer": "Tilea"
      }
    },
    {
      "type": "Feature",
      "id": "copy_text_14108",
      "geometry": {
        "type": "Point",
        "coordinates": [
          -6.52692,
          33.897581
        ]
      },
      "properties": {
        "id": "copy_text_14108",
        "name": "Denci",
        "category": "settlement",
        "dataset": "tilea",
        "in_gazetteer": false,
        "type": null,
        "region": "Tilea",
        "province": null,
        "estate": null,
        "population": 295,
        "population_estimated": true,
        "size_category": 1,
        "trade": null,
        "source": null,
        "tags": [],
        "notes": [],
        "history": {
          "province_2512": null,
          "province_2276": null,
          "ruler_2515": null,
          "ruler_2512": null,
          "ruler_2276": null
        },
        "wiki": {
          "title": null,
          "url": null,
          "description": null,
          "image": null
        },
        "svg_layer": "Tilea"
      }
    },
    {
      "type": "Feature",
      "id": "copy_text_14109",
      "geometry": {
        "type": "Point",
        "coordinates": [
          -6.557994,
          34.301122
        ]
      },
      "properties": {
        "id": "copy_text_14109",
        "name": "Nusco",
        "category": "settlement",
        "dataset": "tilea",
        "in_gazetteer": false,
        "type": null,
        "region": "Tilea",
        "province": null,
        "estate": null,
        "population": 100,
        "population_estimated": true,
        "size_category": 1,
        "trade": null,
        "source": null,
        "tags": [],
        "notes": [],
        "history": {
          "province_2512": null,
          "province_2276": null,
          "ruler_2515": null,
          "ruler_2512": null,
          "ruler_2276": null
        },
        "wiki": {
          "title": null,
          "url": null,
          "description": null,
          "image": null
        },
        "svg_layer": "Tilea"
      }
    },
    {
      "type": "Feature",
      "id": "copy_text_14110",
      "geometry": {
        "type": "Point",
        "coordinates": [
          -6.667329,
          34.625216
        ]
      },
      "properties": {
        "id": "copy_text_14110",
        "name": "Secli",
        "category": "settlement",
        "dataset": "tilea",
        "in_gazetteer": false,
        "type": null,
        "region": "Tilea",
        "province": null,
        "estate": null,
        "population": 220,
        "population_estimated": true,
        "size_category": 1,
        "trade": null,
        "source": null,
        "tags": [],
        "notes": [],
        "history": {
          "province_2512": null,
          "province_2276": null,
          "ruler_2515": null,
          "ruler_2512": null,
          "ruler_2276": null
        },
        "wiki": {
          "title": null,
          "url": null,
          "description": null,
          "image": null
        },
        "svg_layer": "Tilea"
      }
    },
    {
      "type": "Feature",
      "id": "copy_text_14111",
      "geometry": {
        "type": "Point",
        "coordinates": [
          -6.889451,
          34.58102
        ]
      },
      "properties": {
        "id": "copy_text_14111",
        "name": "Neretti",
        "category": "settlement",
        "dataset": "tilea",
        "in_gazetteer": false,
        "type": null,
        "region": "Tilea",
        "province": null,
        "estate": null,
        "population": 162,
        "population_estimated": true,
        "size_category": 1,
        "trade": null,
        "source": null,
        "tags": [],
        "notes": [],
        "history": {
          "province_2512": null,
          "province_2276": null,
          "ruler_2515": null,
          "ruler_2512": null,
          "ruler_2276": null
        },
        "wiki": {
          "title": null,
          "url": null,
          "description": null,
          "image": null
        },
        "svg_layer": "Tilea"
      }
    },
    {
      "type": "Feature",
      "id": "copy_text_14112",
      "geometry": {
        "type": "Point",
        "coordinates": [
          -7.149412,
          34.272426
        ]
      },
      "properties": {
        "id": "copy_text_14112",
        "name": "Capelli",
        "category": "settlement",
        "dataset": "tilea",
        "in_gazetteer": true,
        "type": null,
        "region": "Tilea",
        "province": "Luccini",
        "estate": null,
        "population": 2812,
        "population_estimated": false,
        "size_category": 3,
        "trade": null,
        "source": "Alfred \"MadAlfred\" Nuñez Jr. (unofficial)",
        "tags": [],
        "notes": [],
        "history": {
          "province_2512": null,
          "province_2276": null,
          "ruler_2515": null,
          "ruler_2512": null,
          "ruler_2276": null
        },
        "wiki": {
          "title": "Capelli",
          "url": "https://warhammerfantasy.fandom.com/wiki/Capelli",
          "description": "Capelli is an inland town located south of the Sussurrio Wood in southern Tilea under the control of the Principality of Luccini. Capelli was originally a fan-made settlement created by the freelance writer Alfred Nuñez Jr.. The town was mentioned for the first time in Warhammer: The Old World.",
          "image": "https://static.wikia.nocookie.net/warhammerfb/images/5/50/Luccinian_domain.png/revision/latest?cb=20250208083543"
        },
        "svg_layer": "Tilea"
      }
    },
    {
      "type": "Feature",
      "id": "copy_text_14113",
      "geometry": {
        "type": "Point",
        "coordinates": [
          -7.465628,
          34.169574
        ]
      },
      "properties": {
        "id": "copy_text_14113",
        "name": "Lando",
        "category": "settlement",
        "dataset": "tilea",
        "in_gazetteer": false,
        "type": null,
        "region": "Tilea",
        "province": null,
        "estate": null,
        "population": 160,
        "population_estimated": true,
        "size_category": 1,
        "trade": null,
        "source": null,
        "tags": [],
        "notes": [],
        "history": {
          "province_2512": null,
          "province_2276": null,
          "ruler_2515": null,
          "ruler_2512": null,
          "ruler_2276": null
        },
        "wiki": {
          "title": null,
          "url": null,
          "description": null,
          "image": null
        },
        "svg_layer": "Tilea"
      }
    },
    {
      "type": "Feature",
      "id": "copy_text_14114",
      "geometry": {
        "type": "Point",
        "coordinates": [
          -7.796352,
          34.474216
        ]
      },
      "properties": {
        "id": "copy_text_14114",
        "name": "Novoli",
        "category": "settlement",
        "dataset": "tilea",
        "in_gazetteer": false,
        "type": null,
        "region": "Tilea",
        "province": null,
        "estate": null,
        "population": 170,
        "population_estimated": true,
        "size_category": 1,
        "trade": null,
        "source": null,
        "tags": [],
        "notes": [],
        "history": {
          "province_2512": null,
          "province_2276": null,
          "ruler_2515": null,
          "ruler_2512": null,
          "ruler_2276": null
        },
        "wiki": {
          "title": null,
          "url": null,
          "description": null,
          "image": null
        },
        "svg_layer": "Tilea"
      }
    },
    {
      "type": "Feature",
      "id": "copy_text_14115",
      "geometry": {
        "type": "Point",
        "coordinates": [
          -8.019625,
          34.460249
        ]
      },
      "properties": {
        "id": "copy_text_14115",
        "name": "Selva",
        "category": "settlement",
        "dataset": "tilea",
        "in_gazetteer": false,
        "type": null,
        "region": "Tilea",
        "province": null,
        "estate": null,
        "population": 152,
        "population_estimated": true,
        "size_category": 1,
        "trade": null,
        "source": null,
        "tags": [],
        "notes": [],
        "history": {
          "province_2512": null,
          "province_2276": null,
          "ruler_2515": null,
          "ruler_2512": null,
          "ruler_2276": null
        },
        "wiki": {
          "title": null,
          "url": null,
          "description": null,
          "image": null
        },
        "svg_layer": "Tilea"
      }
    },
    {
      "type": "Feature",
      "id": "copy_text_14116",
      "geometry": {
        "type": "Point",
        "coordinates": [
          -7.528195,
          34.825008
        ]
      },
      "properties": {
        "id": "copy_text_14116",
        "name": "Dragoni",
        "category": "settlement",
        "dataset": "tilea",
        "in_gazetteer": false,
        "type": null,
        "region": "Tilea",
        "province": null,
        "estate": null,
        "population": 115,
        "population_estimated": true,
        "size_category": 1,
        "trade": null,
        "source": null,
        "tags": [],
        "notes": [],
        "history": {
          "province_2512": null,
          "province_2276": null,
          "ruler_2515": null,
          "ruler_2512": null,
          "ruler_2276": null
        },
        "wiki": {
          "title": null,
          "url": null,
          "description": null,
          "image": null
        },
        "svg_layer": "Tilea"
      }
    },
    {
      "type": "Feature",
      "id": "copy_text_14117",
      "geometry": {
        "type": "Point",
        "coordinates": [
          -7.924775,
          34.871157
        ]
      },
      "properties": {
        "id": "copy_text_14117",
        "name": "Acaya",
        "category": "settlement",
        "dataset": "tilea",
        "in_gazetteer": false,
        "type": null,
        "region": "Tilea",
        "province": null,
        "estate": null,
        "population": 167,
        "population_estimated": true,
        "size_category": 1,
        "trade": null,
        "source": null,
        "tags": [],
        "notes": [],
        "history": {
          "province_2512": null,
          "province_2276": null,
          "ruler_2515": null,
          "ruler_2512": null,
          "ruler_2276": null
        },
        "wiki": {
          "title": null,
          "url": null,
          "description": null,
          "image": null
        },
        "svg_layer": "Tilea"
      }
    },
    {
      "type": "Feature",
      "id": "copy_text_14118",
      "geometry": {
        "type": "Point",
        "coordinates": [
          -7.791749,
          35.092014
        ]
      },
      "properties": {
        "id": "copy_text_14118",
        "name": "Fiume",
        "category": "settlement",
        "dataset": "tilea",
        "in_gazetteer": false,
        "type": null,
        "region": "Tilea",
        "province": null,
        "estate": null,
        "population": 220,
        "population_estimated": true,
        "size_category": 1,
        "trade": null,
        "source": null,
        "tags": [],
        "notes": [],
        "history": {
          "province_2512": null,
          "province_2276": null,
          "ruler_2515": null,
          "ruler_2512": null,
          "ruler_2276": null
        },
        "wiki": {
          "title": null,
          "url": null,
          "description": null,
          "image": null
        },
        "svg_layer": "Tilea"
      }
    },
    {
      "type": "Feature",
      "id": "copy_text_14119",
      "geometry": {
        "type": "Point",
        "coordinates": [
          -7.78139,
          35.285363
        ]
      },
      "properties": {
        "id": "copy_text_14119",
        "name": "Cenari",
        "category": "settlement",
        "dataset": "tilea",
        "in_gazetteer": false,
        "type": null,
        "region": "Tilea",
        "province": null,
        "estate": null,
        "population": 139,
        "population_estimated": true,
        "size_category": 1,
        "trade": null,
        "source": null,
        "tags": [],
        "notes": [],
        "history": {
          "province_2512": null,
          "province_2276": null,
          "ruler_2515": null,
          "ruler_2512": null,
          "ruler_2276": null
        },
        "wiki": {
          "title": null,
          "url": null,
          "description": null,
          "image": null
        },
        "svg_layer": "Tilea"
      }
    },
    {
      "type": "Feature",
      "id": "copy_text_14120",
      "geometry": {
        "type": "Point",
        "coordinates": [
          -8.004663,
          35.746643
        ]
      },
      "properties": {
        "id": "copy_text_14120",
        "name": "Colle",
        "category": "settlement",
        "dataset": "tilea",
        "in_gazetteer": false,
        "type": null,
        "region": "Tilea",
        "province": null,
        "estate": null,
        "population": 180,
        "population_estimated": true,
        "size_category": 1,
        "trade": null,
        "source": null,
        "tags": [],
        "notes": [],
        "history": {
          "province_2512": null,
          "province_2276": null,
          "ruler_2515": null,
          "ruler_2512": null,
          "ruler_2276": null
        },
        "wiki": {
          "title": null,
          "url": null,
          "description": null,
          "image": null
        },
        "svg_layer": "Tilea"
      }
    },
    {
      "type": "Feature",
      "id": "copy_text_14121",
      "geometry": {
        "type": "Point",
        "coordinates": [
          -7.615662,
          35.897639
        ]
      },
      "properties": {
        "id": "copy_text_14121",
        "name": "Polonezze",
        "category": "settlement",
        "dataset": "tilea",
        "in_gazetteer": false,
        "type": null,
        "region": "Tilea",
        "province": null,
        "estate": null,
        "population": 337,
        "population_estimated": true,
        "size_category": 2,
        "trade": null,
        "source": null,
        "tags": [],
        "notes": [],
        "history": {
          "province_2512": null,
          "province_2276": null,
          "ruler_2515": null,
          "ruler_2512": null,
          "ruler_2276": null
        },
        "wiki": {
          "title": null,
          "url": null,
          "description": null,
          "image": null
        },
        "svg_layer": "Tilea"
      }
    },
    {
      "type": "Feature",
      "id": "copy_text_14122",
      "geometry": {
        "type": "Point",
        "coordinates": [
          -7.454538,
          36.021012
        ]
      },
      "properties": {
        "id": "copy_text_14122",
        "name": "Alboretto",
        "category": "settlement",
        "dataset": "tilea",
        "in_gazetteer": false,
        "type": null,
        "region": "Tilea",
        "province": null,
        "estate": null,
        "population": 82,
        "population_estimated": true,
        "size_category": 1,
        "trade": null,
        "source": null,
        "tags": [],
        "notes": [],
        "history": {
          "province_2512": null,
          "province_2276": null,
          "ruler_2515": null,
          "ruler_2512": null,
          "ruler_2276": null
        },
        "wiki": {
          "title": null,
          "url": null,
          "description": null,
          "image": null
        },
        "svg_layer": "Tilea"
      }
    },
    {
      "type": "Feature",
      "id": "copy_text_14123",
      "geometry": {
        "type": "Point",
        "coordinates": [
          -7.752618,
          36.135184
        ]
      },
      "properties": {
        "id": "copy_text_14123",
        "name": "Arielli",
        "category": "settlement",
        "dataset": "tilea",
        "in_gazetteer": false,
        "type": null,
        "region": "Tilea",
        "province": null,
        "estate": null,
        "population": 88,
        "population_estimated": true,
        "size_category": 1,
        "trade": null,
        "source": null,
        "tags": [],
        "notes": [],
        "history": {
          "province_2512": null,
          "province_2276": null,
          "ruler_2515": null,
          "ruler_2512": null,
          "ruler_2276": null
        },
        "wiki": {
          "title": null,
          "url": null,
          "description": null,
          "image": null
        },
        "svg_layer": "Tilea"
      }
    },
    {
      "type": "Feature",
      "id": "copy_text_14124",
      "geometry": {
        "type": "Point",
        "coordinates": [
          -8.193409,
          35.943676
        ]
      },
      "properties": {
        "id": "copy_text_14124",
        "name": "Duplo",
        "category": "settlement",
        "dataset": "tilea",
        "in_gazetteer": false,
        "type": null,
        "region": "Tilea",
        "province": null,
        "estate": null,
        "population": 208,
        "population_estimated": true,
        "size_category": 1,
        "trade": null,
        "source": null,
        "tags": [],
        "notes": [],
        "history": {
          "province_2512": null,
          "province_2276": null,
          "ruler_2515": null,
          "ruler_2512": null,
          "ruler_2276": null
        },
        "wiki": {
          "title": null,
          "url": null,
          "description": null,
          "image": null
        },
        "svg_layer": "Tilea"
      }
    },
    {
      "type": "Feature",
      "id": "copy_text_14125",
      "geometry": {
        "type": "Point",
        "coordinates": [
          -7.531647,
          36.393902
        ]
      },
      "properties": {
        "id": "copy_text_14125",
        "name": "Ulmeta",
        "category": "settlement",
        "dataset": "tilea",
        "in_gazetteer": false,
        "type": null,
        "region": "Tilea",
        "province": null,
        "estate": null,
        "population": 190,
        "population_estimated": true,
        "size_category": 1,
        "trade": null,
        "source": null,
        "tags": [],
        "notes": [],
        "history": {
          "province_2512": null,
          "province_2276": null,
          "ruler_2515": null,
          "ruler_2512": null,
          "ruler_2276": null
        },
        "wiki": {
          "title": null,
          "url": null,
          "description": null,
          "image": null
        },
        "svg_layer": "Tilea"
      }
    },
    {
      "type": "Feature",
      "id": "copy_text_14126",
      "geometry": {
        "type": "Point",
        "coordinates": [
          -5.708638,
          36.483211
        ]
      },
      "properties": {
        "id": "copy_text_14126",
        "name": "Pronto",
        "category": "settlement",
        "dataset": "tilea",
        "in_gazetteer": false,
        "type": null,
        "region": "Tilea",
        "province": null,
        "estate": null,
        "population": 94,
        "population_estimated": true,
        "size_category": 1,
        "trade": null,
        "source": null,
        "tags": [],
        "notes": [],
        "history": {
          "province_2512": null,
          "province_2276": null,
          "ruler_2515": null,
          "ruler_2512": null,
          "ruler_2276": null
        },
        "wiki": {
          "title": null,
          "url": null,
          "description": null,
          "image": null
        },
        "svg_layer": "Tilea"
      }
    },
    {
      "type": "Feature",
      "id": "copy_text_14127",
      "geometry": {
        "type": "Point",
        "coordinates": [
          -5.753522,
          36.31564
        ]
      },
      "properties": {
        "id": "copy_text_14127",
        "name": "Celada",
        "category": "settlement",
        "dataset": "tilea",
        "in_gazetteer": false,
        "type": null,
        "region": "Tilea",
        "province": null,
        "estate": null,
        "population": 703,
        "population_estimated": true,
        "size_category": 2,
        "trade": null,
        "source": null,
        "tags": [],
        "notes": [],
        "history": {
          "province_2512": null,
          "province_2276": null,
          "ruler_2515": null,
          "ruler_2512": null,
          "ruler_2276": null
        },
        "wiki": {
          "title": null,
          "url": null,
          "description": null,
          "image": null
        },
        "svg_layer": "Tilea"
      }
    },
    {
      "type": "Feature",
      "id": "copy_text_14128",
      "geometry": {
        "type": "Point",
        "coordinates": [
          -5.729354,
          36.159119
        ]
      },
      "properties": {
        "id": "copy_text_14128",
        "name": "Menio",
        "category": "settlement",
        "dataset": "tilea",
        "in_gazetteer": false,
        "type": null,
        "region": "Tilea",
        "province": null,
        "estate": null,
        "population": 198,
        "population_estimated": true,
        "size_category": 1,
        "trade": null,
        "source": null,
        "tags": [],
        "notes": [],
        "history": {
          "province_2512": null,
          "province_2276": null,
          "ruler_2515": null,
          "ruler_2512": null,
          "ruler_2276": null
        },
        "wiki": {
          "title": null,
          "url": null,
          "description": null,
          "image": null
        },
        "svg_layer": "Tilea"
      }
    },
    {
      "type": "Feature",
      "id": "copy_text_14129",
      "geometry": {
        "type": "Point",
        "coordinates": [
          -5.327693,
          37.034716
        ]
      },
      "properties": {
        "id": "copy_text_14129",
        "name": "Scozzese",
        "category": "settlement",
        "dataset": "tilea",
        "in_gazetteer": true,
        "type": null,
        "region": "Tilea",
        "province": "Pavona",
        "estate": null,
        "population": 3120,
        "population_estimated": false,
        "size_category": 4,
        "trade": null,
        "source": "Spears of the Maiden Tilea Sourcebook (unofficial)",
        "tags": [],
        "notes": [],
        "history": {
          "province_2512": null,
          "province_2276": null,
          "ruler_2515": null,
          "ruler_2512": null,
          "ruler_2276": null
        },
        "wiki": {
          "title": "Scozzese",
          "url": "https://warhammerfantasy.fandom.com/wiki/Scozzese",
          "description": "Scozzese is a small, independent Tilean city-state allied with Pavona. The \" Men With No Names \" are a group of Roadwardens who patrol the highway between Scozzese and Remas. They are revered in stories and songs by the locals.",
          "image": "https://static.wikia.nocookie.net/warhammerfb/images/2/28/Pavona%2C_the_Old_World_map.png/revision/latest?cb=20250417190358"
        },
        "svg_layer": "Tilea"
      }
    },
    {
      "type": "Feature",
      "id": "copy_text_14130",
      "geometry": {
        "type": "Point",
        "coordinates": [
          -5.004293,
          36.955537
        ]
      },
      "properties": {
        "id": "copy_text_14130",
        "name": "Corsi",
        "category": "settlement",
        "dataset": "tilea",
        "in_gazetteer": false,
        "type": null,
        "region": "Tilea",
        "province": null,
        "estate": null,
        "population": 102,
        "population_estimated": true,
        "size_category": 1,
        "trade": null,
        "source": null,
        "tags": [],
        "notes": [],
        "history": {
          "province_2512": null,
          "province_2276": null,
          "ruler_2515": null,
          "ruler_2512": null,
          "ruler_2276": null
        },
        "wiki": {
          "title": null,
          "url": null,
          "description": null,
          "image": null
        },
        "svg_layer": "Tilea"
      }
    },
    {
      "type": "Feature",
      "id": "copy_text_14131",
      "geometry": {
        "type": "Point",
        "coordinates": [
          -4.736136,
          36.903979
        ]
      },
      "properties": {
        "id": "copy_text_14131",
        "name": "Picolo",
        "category": "settlement",
        "dataset": "tilea",
        "in_gazetteer": false,
        "type": null,
        "region": "Tilea",
        "province": null,
        "estate": null,
        "population": 128,
        "population_estimated": true,
        "size_category": 1,
        "trade": null,
        "source": null,
        "tags": [],
        "notes": [],
        "history": {
          "province_2512": null,
          "province_2276": null,
          "ruler_2515": null,
          "ruler_2512": null,
          "ruler_2276": null
        },
        "wiki": {
          "title": null,
          "url": null,
          "description": null,
          "image": null
        },
        "svg_layer": "Tilea"
      }
    },
    {
      "type": "Feature",
      "id": "copy_text_14132",
      "geometry": {
        "type": "Point",
        "coordinates": [
          -4.993935,
          36.752979
        ]
      },
      "properties": {
        "id": "copy_text_14132",
        "name": "Albo",
        "category": "settlement",
        "dataset": "tilea",
        "in_gazetteer": false,
        "type": null,
        "region": "Tilea",
        "province": null,
        "estate": null,
        "population": 91,
        "population_estimated": true,
        "size_category": 1,
        "trade": null,
        "source": null,
        "tags": [],
        "notes": [],
        "history": {
          "province_2512": null,
          "province_2276": null,
          "ruler_2515": null,
          "ruler_2512": null,
          "ruler_2276": null
        },
        "wiki": {
          "title": null,
          "url": null,
          "description": null,
          "image": null
        },
        "svg_layer": "Tilea"
      }
    },
    {
      "type": "Feature",
      "id": "copy_text_14133",
      "geometry": {
        "type": "Point",
        "coordinates": [
          -4.438055,
          36.952773
        ]
      },
      "properties": {
        "id": "copy_text_14133",
        "name": "Orno",
        "category": "settlement",
        "dataset": "tilea",
        "in_gazetteer": false,
        "type": null,
        "region": "Tilea",
        "province": null,
        "estate": null,
        "population": 112,
        "population_estimated": true,
        "size_category": 1,
        "trade": null,
        "source": null,
        "tags": [],
        "notes": [],
        "history": {
          "province_2512": null,
          "province_2276": null,
          "ruler_2515": null,
          "ruler_2512": null,
          "ruler_2276": null
        },
        "wiki": {
          "title": null,
          "url": null,
          "description": null,
          "image": null
        },
        "svg_layer": "Tilea"
      }
    },
    {
      "type": "Feature",
      "id": "copy_text_14134",
      "geometry": {
        "type": "Point",
        "coordinates": [
          -5.428971,
          37.203208
        ]
      },
      "properties": {
        "id": "copy_text_14134",
        "name": "Atella",
        "category": "settlement",
        "dataset": "tilea",
        "in_gazetteer": false,
        "type": null,
        "region": "Tilea",
        "province": null,
        "estate": null,
        "population": 169,
        "population_estimated": true,
        "size_category": 1,
        "trade": null,
        "source": null,
        "tags": [],
        "notes": [],
        "history": {
          "province_2512": null,
          "province_2276": null,
          "ruler_2515": null,
          "ruler_2512": null,
          "ruler_2276": null
        },
        "wiki": {
          "title": null,
          "url": null,
          "description": null,
          "image": null
        },
        "svg_layer": "Tilea"
      }
    },
    {
      "type": "Feature",
      "id": "copy_text_14135",
      "geometry": {
        "type": "Point",
        "coordinates": [
          -5.347258,
          37.39748
        ]
      },
      "properties": {
        "id": "copy_text_14135",
        "name": "Venosa",
        "category": "settlement",
        "dataset": "tilea",
        "in_gazetteer": false,
        "type": null,
        "region": "Tilea",
        "province": null,
        "estate": null,
        "population": 235,
        "population_estimated": true,
        "size_category": 1,
        "trade": null,
        "source": null,
        "tags": [],
        "notes": [],
        "history": {
          "province_2512": null,
          "province_2276": null,
          "ruler_2515": null,
          "ruler_2512": null,
          "ruler_2276": null
        },
        "wiki": {
          "title": null,
          "url": null,
          "description": null,
          "image": null
        },
        "svg_layer": "Tilea"
      }
    },
    {
      "type": "Feature",
      "id": "copy_text_14136",
      "geometry": {
        "type": "Point",
        "coordinates": [
          -5.76273,
          37.352365
        ]
      },
      "properties": {
        "id": "copy_text_14136",
        "name": "Olivia",
        "category": "settlement",
        "dataset": "tilea",
        "in_gazetteer": false,
        "type": null,
        "region": "Tilea",
        "province": null,
        "estate": null,
        "population": 70,
        "population_estimated": true,
        "size_category": 1,
        "trade": null,
        "source": null,
        "tags": [],
        "notes": [],
        "history": {
          "province_2512": null,
          "province_2276": null,
          "ruler_2515": null,
          "ruler_2512": null,
          "ruler_2276": null
        },
        "wiki": {
          "title": null,
          "url": null,
          "description": null,
          "image": null
        },
        "svg_layer": "Tilea"
      }
    },
    {
      "type": "Feature",
      "id": "copy_text_14137",
      "geometry": {
        "type": "Point",
        "coordinates": [
          -4.918636,
          37.914793
        ]
      },
      "properties": {
        "id": "copy_text_14137",
        "name": "Pavona",
        "category": "settlement",
        "dataset": "tilea",
        "in_gazetteer": true,
        "type": null,
        "region": "Tilea",
        "province": "Pavona",
        "estate": null,
        "population": 35405,
        "population_estimated": false,
        "size_category": 5,
        "trade": null,
        "source": "Warhammer Fantasy Roleplay 4e: Up in Arms",
        "tags": [],
        "notes": [
          "35000"
        ],
        "history": {
          "province_2512": null,
          "province_2276": null,
          "ruler_2515": null,
          "ruler_2512": null,
          "ruler_2276": null
        },
        "wiki": {
          "title": "Pavona",
          "url": "https://warhammerfantasy.fandom.com/wiki/Pavona",
          "description": "Pavona, officially the Principality of Pavona, sometimes referred to by outsiders as the \"Perfidious Principality of Pavona\", is a prosperous city-state situated in central Tilea. Located almost in the exact centre of Tilea, south of the Trantine Hills on the fertile plains between the River Remo and the Apuccini Mountains, Pavona is blessed by a much milder climate than the lands of the Empire, enjoying almost year round the kindly favours of the warm Tilean sun.",
          "image": "https://static.wikia.nocookie.net/warhammerfb/images/2/28/Pavona%2C_the_Old_World_map.png/revision/latest?cb=20250417190358"
        },
        "svg_layer": "Tilea"
      }
    },
    {
      "type": "Feature",
      "id": "copy_text_14138",
      "geometry": {
        "type": "Point",
        "coordinates": [
          -5.216018,
          37.994135
        ]
      },
      "properties": {
        "id": "copy_text_14138",
        "name": "Aquin",
        "category": "settlement",
        "dataset": "tilea",
        "in_gazetteer": false,
        "type": null,
        "region": "Tilea",
        "province": null,
        "estate": null,
        "population": 212,
        "population_estimated": true,
        "size_category": 1,
        "trade": null,
        "source": null,
        "tags": [],
        "notes": [],
        "history": {
          "province_2512": null,
          "province_2276": null,
          "ruler_2515": null,
          "ruler_2512": null,
          "ruler_2276": null
        },
        "wiki": {
          "title": null,
          "url": null,
          "description": null,
          "image": null
        },
        "svg_layer": "Tilea"
      }
    },
    {
      "type": "Feature",
      "id": "copy_text_14139",
      "geometry": {
        "type": "Point",
        "coordinates": [
          -4.907618,
          37.700392
        ]
      },
      "properties": {
        "id": "copy_text_14139",
        "name": "Nuncio",
        "category": "settlement",
        "dataset": "tilea",
        "in_gazetteer": false,
        "type": null,
        "region": "Tilea",
        "province": null,
        "estate": null,
        "population": 93,
        "population_estimated": true,
        "size_category": 1,
        "trade": null,
        "source": null,
        "tags": [],
        "notes": [],
        "history": {
          "province_2512": null,
          "province_2276": null,
          "ruler_2515": null,
          "ruler_2512": null,
          "ruler_2276": null
        },
        "wiki": {
          "title": null,
          "url": null,
          "description": null,
          "image": null
        },
        "svg_layer": "Tilea"
      }
    },
    {
      "type": "Feature",
      "id": "copy_text_14140",
      "geometry": {
        "type": "Point",
        "coordinates": [
          -4.787926,
          37.570572
        ]
      },
      "properties": {
        "id": "copy_text_14140",
        "name": "Barberi",
        "category": "settlement",
        "dataset": "tilea",
        "in_gazetteer": false,
        "type": null,
        "region": "Tilea",
        "province": null,
        "estate": null,
        "population": 142,
        "population_estimated": true,
        "size_category": 1,
        "trade": null,
        "source": null,
        "tags": [],
        "notes": [],
        "history": {
          "province_2512": null,
          "province_2276": null,
          "ruler_2515": null,
          "ruler_2512": null,
          "ruler_2276": null
        },
        "wiki": {
          "title": null,
          "url": null,
          "description": null,
          "image": null
        },
        "svg_layer": "Tilea"
      }
    },
    {
      "type": "Feature",
      "id": "copy_text_14141",
      "geometry": {
        "type": "Point",
        "coordinates": [
          -4.359795,
          37.518091
        ]
      },
      "properties": {
        "id": "copy_text_14141",
        "name": "Ausonia",
        "category": "settlement",
        "dataset": "tilea",
        "in_gazetteer": false,
        "type": null,
        "region": "Tilea",
        "province": null,
        "estate": null,
        "population": 229,
        "population_estimated": true,
        "size_category": 1,
        "trade": null,
        "source": null,
        "tags": [],
        "notes": [],
        "history": {
          "province_2512": null,
          "province_2276": null,
          "ruler_2515": null,
          "ruler_2512": null,
          "ruler_2276": null
        },
        "wiki": {
          "title": null,
          "url": null,
          "description": null,
          "image": null
        },
        "svg_layer": "Tilea"
      }
    },
    {
      "type": "Feature",
      "id": "copy_text_14142",
      "geometry": {
        "type": "Point",
        "coordinates": [
          -4.153785,
          37.56413
        ]
      },
      "properties": {
        "id": "copy_text_14142",
        "name": "Rucco",
        "category": "settlement",
        "dataset": "tilea",
        "in_gazetteer": false,
        "type": null,
        "region": "Tilea",
        "province": null,
        "estate": null,
        "population": 110,
        "population_estimated": true,
        "size_category": 1,
        "trade": null,
        "source": null,
        "tags": [],
        "notes": [],
        "history": {
          "province_2512": null,
          "province_2276": null,
          "ruler_2515": null,
          "ruler_2512": null,
          "ruler_2276": null
        },
        "wiki": {
          "title": null,
          "url": null,
          "description": null,
          "image": null
        },
        "svg_layer": "Tilea"
      }
    },
    {
      "type": "Feature",
      "id": "copy_text_14143",
      "geometry": {
        "type": "Point",
        "coordinates": [
          -4.008773,
          37.929652
        ]
      },
      "properties": {
        "id": "copy_text_14143",
        "name": "Cese",
        "category": "settlement",
        "dataset": "tilea",
        "in_gazetteer": false,
        "type": null,
        "region": "Tilea",
        "province": null,
        "estate": null,
        "population": 136,
        "population_estimated": true,
        "size_category": 1,
        "trade": null,
        "source": null,
        "tags": [],
        "notes": [],
        "history": {
          "province_2512": null,
          "province_2276": null,
          "ruler_2515": null,
          "ruler_2512": null,
          "ruler_2276": null
        },
        "wiki": {
          "title": null,
          "url": null,
          "description": null,
          "image": null
        },
        "svg_layer": "Tilea"
      }
    },
    {
      "type": "Feature",
      "id": "copy_text_14144",
      "geometry": {
        "type": "Point",
        "coordinates": [
          -4.322966,
          37.973845
        ]
      },
      "properties": {
        "id": "copy_text_14144",
        "name": "Mirenze",
        "category": "settlement",
        "dataset": "tilea",
        "in_gazetteer": false,
        "type": null,
        "region": "Tilea",
        "province": null,
        "estate": null,
        "population": 651,
        "population_estimated": true,
        "size_category": 2,
        "trade": null,
        "source": null,
        "tags": [],
        "notes": [],
        "history": {
          "province_2512": null,
          "province_2276": null,
          "ruler_2515": null,
          "ruler_2512": null,
          "ruler_2276": null
        },
        "wiki": {
          "title": null,
          "url": null,
          "description": null,
          "image": null
        },
        "svg_layer": "Tilea"
      }
    },
    {
      "type": "Feature",
      "id": "copy_text_14145",
      "geometry": {
        "type": "Point",
        "coordinates": [
          -3.873165,
          38.068004
        ]
      },
      "properties": {
        "id": "copy_text_14145",
        "name": "Varche",
        "category": "settlement",
        "dataset": "tilea",
        "in_gazetteer": false,
        "type": null,
        "region": "Tilea",
        "province": null,
        "estate": null,
        "population": 431,
        "population_estimated": true,
        "size_category": 2,
        "trade": null,
        "source": null,
        "tags": [],
        "notes": [],
        "history": {
          "province_2512": null,
          "province_2276": null,
          "ruler_2515": null,
          "ruler_2512": null,
          "ruler_2276": null
        },
        "wiki": {
          "title": null,
          "url": null,
          "description": null,
          "image": null
        },
        "svg_layer": "Tilea"
      }
    },
    {
      "type": "Feature",
      "id": "copy_text_14146",
      "geometry": {
        "type": "Point",
        "coordinates": [
          -3.724503,
          37.902952
        ]
      },
      "properties": {
        "id": "copy_text_14146",
        "name": "Palissa",
        "category": "settlement",
        "dataset": "tilea",
        "in_gazetteer": false,
        "type": null,
        "region": "Tilea",
        "province": null,
        "estate": null,
        "population": 188,
        "population_estimated": true,
        "size_category": 1,
        "trade": null,
        "source": null,
        "tags": [],
        "notes": [],
        "history": {
          "province_2512": null,
          "province_2276": null,
          "ruler_2515": null,
          "ruler_2512": null,
          "ruler_2276": null
        },
        "wiki": {
          "title": null,
          "url": null,
          "description": null,
          "image": null
        },
        "svg_layer": "Tilea"
      }
    },
    {
      "type": "Feature",
      "id": "copy_text_14147",
      "geometry": {
        "type": "Point",
        "coordinates": [
          -3.941335,
          38.144111
        ]
      },
      "properties": {
        "id": "copy_text_14147",
        "name": "Zuccea",
        "category": "settlement",
        "dataset": "tilea",
        "in_gazetteer": false,
        "type": null,
        "region": "Tilea",
        "province": null,
        "estate": null,
        "population": 265,
        "population_estimated": true,
        "size_category": 1,
        "trade": null,
        "source": null,
        "tags": [],
        "notes": [],
        "history": {
          "province_2512": null,
          "province_2276": null,
          "ruler_2515": null,
          "ruler_2512": null,
          "ruler_2276": null
        },
        "wiki": {
          "title": null,
          "url": null,
          "description": null,
          "image": null
        },
        "svg_layer": "Tilea"
      }
    },
    {
      "type": "Feature",
      "id": "copy_text_14148",
      "geometry": {
        "type": "Point",
        "coordinates": [
          -3.511589,
          38.388863
        ]
      },
      "properties": {
        "id": "copy_text_14148",
        "name": "Castel d'Avolo",
        "category": "settlement",
        "dataset": "tilea",
        "in_gazetteer": false,
        "type": null,
        "region": "Tilea",
        "province": null,
        "estate": null,
        "population": 77,
        "population_estimated": true,
        "size_category": 1,
        "trade": null,
        "source": null,
        "tags": [],
        "notes": [],
        "history": {
          "province_2512": null,
          "province_2276": null,
          "ruler_2515": null,
          "ruler_2512": null,
          "ruler_2276": null
        },
        "wiki": {
          "title": null,
          "url": null,
          "description": null,
          "image": null
        },
        "svg_layer": "Tilea"
      }
    },
    {
      "type": "Feature",
      "id": "copy_text_14149",
      "geometry": {
        "type": "Point",
        "coordinates": [
          -3.383839,
          37.947142
        ]
      },
      "properties": {
        "id": "copy_text_14149",
        "name": "Luppa",
        "category": "settlement",
        "dataset": "tilea",
        "in_gazetteer": false,
        "type": null,
        "region": "Tilea",
        "province": null,
        "estate": null,
        "population": 585,
        "population_estimated": true,
        "size_category": 2,
        "trade": null,
        "source": null,
        "tags": [],
        "notes": [],
        "history": {
          "province_2512": null,
          "province_2276": null,
          "ruler_2515": null,
          "ruler_2512": null,
          "ruler_2276": null
        },
        "wiki": {
          "title": null,
          "url": null,
          "description": null,
          "image": null
        },
        "svg_layer": "Tilea"
      }
    },
    {
      "type": "Feature",
      "id": "copy_text_14150",
      "geometry": {
        "type": "Point",
        "coordinates": [
          -4.991633,
          38.67911
        ]
      },
      "properties": {
        "id": "copy_text_14150",
        "name": "Gabbiano",
        "category": "settlement",
        "dataset": "tilea",
        "in_gazetteer": false,
        "type": null,
        "region": "Tilea",
        "province": null,
        "estate": null,
        "population": 228,
        "population_estimated": true,
        "size_category": 1,
        "trade": null,
        "source": null,
        "tags": [],
        "notes": [],
        "history": {
          "province_2512": null,
          "province_2276": null,
          "ruler_2515": null,
          "ruler_2512": null,
          "ruler_2276": null
        },
        "wiki": {
          "title": null,
          "url": null,
          "description": null,
          "image": null
        },
        "svg_layer": "Tilea"
      }
    },
    {
      "type": "Feature",
      "id": "copy_text_14151",
      "geometry": {
        "type": "Point",
        "coordinates": [
          -4.543937,
          38.73067
        ]
      },
      "properties": {
        "id": "copy_text_14151",
        "name": "Falco",
        "category": "settlement",
        "dataset": "tilea",
        "in_gazetteer": false,
        "type": null,
        "region": "Tilea",
        "province": null,
        "estate": null,
        "population": 95,
        "population_estimated": true,
        "size_category": 1,
        "trade": null,
        "source": null,
        "tags": [],
        "notes": [],
        "history": {
          "province_2512": null,
          "province_2276": null,
          "ruler_2515": null,
          "ruler_2512": null,
          "ruler_2276": null
        },
        "wiki": {
          "title": null,
          "url": null,
          "description": null,
          "image": null
        },
        "svg_layer": "Tilea"
      }
    },
    {
      "type": "Feature",
      "id": "copy_text_14152",
      "geometry": {
        "type": "Point",
        "coordinates": [
          -5.870913,
          38.4609
        ]
      },
      "properties": {
        "id": "copy_text_14152",
        "name": "Ezio",
        "category": "settlement",
        "dataset": "tilea",
        "in_gazetteer": false,
        "type": null,
        "region": "Tilea",
        "province": null,
        "estate": null,
        "population": 107,
        "population_estimated": true,
        "size_category": 1,
        "trade": null,
        "source": null,
        "tags": [],
        "notes": [],
        "history": {
          "province_2512": null,
          "province_2276": null,
          "ruler_2515": null,
          "ruler_2512": null,
          "ruler_2276": null
        },
        "wiki": {
          "title": null,
          "url": null,
          "description": null,
          "image": null
        },
        "svg_layer": "Tilea"
      }
    },
    {
      "type": "Feature",
      "id": "copy_text_14153",
      "geometry": {
        "type": "Point",
        "coordinates": [
          -5.301223,
          38.436041
        ]
      },
      "properties": {
        "id": "copy_text_14153",
        "name": "Stalliano",
        "category": "settlement",
        "dataset": "tilea",
        "in_gazetteer": false,
        "type": null,
        "region": "Tilea",
        "province": null,
        "estate": null,
        "population": 108,
        "population_estimated": true,
        "size_category": 1,
        "trade": null,
        "source": null,
        "tags": [],
        "notes": [],
        "history": {
          "province_2512": null,
          "province_2276": null,
          "ruler_2515": null,
          "ruler_2512": null,
          "ruler_2276": null
        },
        "wiki": {
          "title": null,
          "url": null,
          "description": null,
          "image": null
        },
        "svg_layer": "Tilea"
      }
    },
    {
      "type": "Feature",
      "id": "copy_text_14154",
      "geometry": {
        "type": "Point",
        "coordinates": [
          -5.353013,
          38.627549
        ]
      },
      "properties": {
        "id": "copy_text_14154",
        "name": "Val",
        "category": "settlement",
        "dataset": "tilea",
        "in_gazetteer": false,
        "type": null,
        "region": "Tilea",
        "province": null,
        "estate": null,
        "population": 69,
        "population_estimated": true,
        "size_category": 1,
        "trade": null,
        "source": null,
        "tags": [],
        "notes": [],
        "history": {
          "province_2512": null,
          "province_2276": null,
          "ruler_2515": null,
          "ruler_2512": null,
          "ruler_2276": null
        },
        "wiki": {
          "title": null,
          "url": null,
          "description": null,
          "image": null
        },
        "svg_layer": "Tilea"
      }
    },
    {
      "type": "Feature",
      "id": "copy_text_14155",
      "geometry": {
        "type": "Point",
        "coordinates": [
          -5.471554,
          38.17732
        ]
      },
      "properties": {
        "id": "copy_text_14155",
        "name": "Prato",
        "category": "settlement",
        "dataset": "tilea",
        "in_gazetteer": false,
        "type": null,
        "region": "Tilea",
        "province": null,
        "estate": null,
        "population": 85,
        "population_estimated": true,
        "size_category": 1,
        "trade": null,
        "source": null,
        "tags": [],
        "notes": [],
        "history": {
          "province_2512": null,
          "province_2276": null,
          "ruler_2515": null,
          "ruler_2512": null,
          "ruler_2276": null
        },
        "wiki": {
          "title": null,
          "url": null,
          "description": null,
          "image": null
        },
        "svg_layer": "Tilea"
      }
    },
    {
      "type": "Feature",
      "id": "copy_text_14156",
      "geometry": {
        "type": "Point",
        "coordinates": [
          -4.961422,
          38.229342
        ]
      },
      "properties": {
        "id": "copy_text_14156",
        "name": "Ronti",
        "category": "settlement",
        "dataset": "tilea",
        "in_gazetteer": false,
        "type": null,
        "region": "Tilea",
        "province": null,
        "estate": null,
        "population": 115,
        "population_estimated": true,
        "size_category": 1,
        "trade": null,
        "source": null,
        "tags": [],
        "notes": [],
        "history": {
          "province_2512": null,
          "province_2276": null,
          "ruler_2515": null,
          "ruler_2512": null,
          "ruler_2276": null
        },
        "wiki": {
          "title": null,
          "url": null,
          "description": null,
          "image": null
        },
        "svg_layer": "Tilea"
      }
    },
    {
      "type": "Feature",
      "id": "copy_text_14157",
      "geometry": {
        "type": "Point",
        "coordinates": [
          -6.066564,
          38.339367
        ]
      },
      "properties": {
        "id": "copy_text_14157",
        "name": "Severo",
        "category": "settlement",
        "dataset": "tilea",
        "in_gazetteer": false,
        "type": null,
        "region": "Tilea",
        "province": null,
        "estate": null,
        "population": 157,
        "population_estimated": true,
        "size_category": 1,
        "trade": null,
        "source": null,
        "tags": [],
        "notes": [],
        "history": {
          "province_2512": null,
          "province_2276": null,
          "ruler_2515": null,
          "ruler_2512": null,
          "ruler_2276": null
        },
        "wiki": {
          "title": null,
          "url": null,
          "description": null,
          "image": null
        },
        "svg_layer": "Tilea"
      }
    },
    {
      "type": "Feature",
      "id": "copy_text_14158",
      "geometry": {
        "type": "Point",
        "coordinates": [
          -4.868488,
          38.897317
        ]
      },
      "properties": {
        "id": "copy_text_14158",
        "name": "Fonaco",
        "category": "settlement",
        "dataset": "tilea",
        "in_gazetteer": false,
        "type": null,
        "region": "Tilea",
        "province": null,
        "estate": null,
        "population": 100,
        "population_estimated": true,
        "size_category": 1,
        "trade": null,
        "source": null,
        "tags": [],
        "notes": [],
        "history": {
          "province_2512": null,
          "province_2276": null,
          "ruler_2515": null,
          "ruler_2512": null,
          "ruler_2276": null
        },
        "wiki": {
          "title": null,
          "url": null,
          "description": null,
          "image": null
        },
        "svg_layer": "Tilea"
      }
    },
    {
      "type": "Feature",
      "id": "copy_text_14159",
      "geometry": {
        "type": "Point",
        "coordinates": [
          -4.148031,
          38.977419
        ]
      },
      "properties": {
        "id": "copy_text_14159",
        "name": "Morra",
        "category": "settlement",
        "dataset": "tilea",
        "in_gazetteer": false,
        "type": null,
        "region": "Tilea",
        "province": null,
        "estate": null,
        "population": 85,
        "population_estimated": true,
        "size_category": 1,
        "trade": null,
        "source": null,
        "tags": [],
        "notes": [],
        "history": {
          "province_2512": null,
          "province_2276": null,
          "ruler_2515": null,
          "ruler_2512": null,
          "ruler_2276": null
        },
        "wiki": {
          "title": null,
          "url": null,
          "description": null,
          "image": null
        },
        "svg_layer": "Tilea"
      }
    },
    {
      "type": "Feature",
      "id": "copy_text_14160",
      "geometry": {
        "type": "Point",
        "coordinates": [
          -4.45762,
          39.20944
        ]
      },
      "properties": {
        "id": "copy_text_14160",
        "name": "Icaria",
        "category": "settlement",
        "dataset": "tilea",
        "in_gazetteer": false,
        "type": null,
        "region": "Tilea",
        "province": null,
        "estate": null,
        "population": 100,
        "population_estimated": true,
        "size_category": 1,
        "trade": null,
        "source": null,
        "tags": [],
        "notes": [],
        "history": {
          "province_2512": null,
          "province_2276": null,
          "ruler_2515": null,
          "ruler_2512": null,
          "ruler_2276": null
        },
        "wiki": {
          "title": null,
          "url": null,
          "description": null,
          "image": null
        },
        "svg_layer": "Tilea"
      }
    },
    {
      "type": "Feature",
      "id": "copy_text_14161",
      "geometry": {
        "type": "Point",
        "coordinates": [
          -4.761455,
          39.336498
        ]
      },
      "properties": {
        "id": "copy_text_14161",
        "name": "Farna",
        "category": "settlement",
        "dataset": "tilea",
        "in_gazetteer": false,
        "type": null,
        "region": "Tilea",
        "province": null,
        "estate": null,
        "population": 217,
        "population_estimated": true,
        "size_category": 1,
        "trade": null,
        "source": null,
        "tags": [],
        "notes": [],
        "history": {
          "province_2512": null,
          "province_2276": null,
          "ruler_2515": null,
          "ruler_2512": null,
          "ruler_2276": null
        },
        "wiki": {
          "title": null,
          "url": null,
          "description": null,
          "image": null
        },
        "svg_layer": "Tilea"
      }
    },
    {
      "type": "Feature",
      "id": "copy_text_14162",
      "geometry": {
        "type": "Point",
        "coordinates": [
          -4.683194,
          39.654144
        ]
      },
      "properties": {
        "id": "copy_text_14162",
        "name": "Ghazzi",
        "category": "settlement",
        "dataset": "tilea",
        "in_gazetteer": false,
        "type": null,
        "region": "Tilea",
        "province": null,
        "estate": null,
        "population": 116,
        "population_estimated": true,
        "size_category": 1,
        "trade": null,
        "source": null,
        "tags": [],
        "notes": [],
        "history": {
          "province_2512": null,
          "province_2276": null,
          "ruler_2515": null,
          "ruler_2512": null,
          "ruler_2276": null
        },
        "wiki": {
          "title": null,
          "url": null,
          "description": null,
          "image": null
        },
        "svg_layer": "Tilea"
      }
    },
    {
      "type": "Feature",
      "id": "copy_text_14163",
      "geometry": {
        "type": "Point",
        "coordinates": [
          -4.415711,
          39.675932
        ]
      },
      "properties": {
        "id": "copy_text_14163",
        "name": "Sorbara",
        "category": "settlement",
        "dataset": "tilea",
        "in_gazetteer": false,
        "type": null,
        "region": "Tilea",
        "province": null,
        "estate": null,
        "population": 190,
        "population_estimated": true,
        "size_category": 1,
        "trade": null,
        "source": null,
        "tags": [],
        "notes": [],
        "history": {
          "province_2512": null,
          "province_2276": null,
          "ruler_2515": null,
          "ruler_2512": null,
          "ruler_2276": null
        },
        "wiki": {
          "title": null,
          "url": null,
          "description": null,
          "image": null
        },
        "svg_layer": "Tilea"
      }
    },
    {
      "type": "Feature",
      "id": "copy_text_14164",
      "geometry": {
        "type": "Point",
        "coordinates": [
          -5.085803,
          39.637689
        ]
      },
      "properties": {
        "id": "copy_text_14164",
        "name": "Trantio",
        "category": "settlement",
        "dataset": "tilea",
        "in_gazetteer": true,
        "type": null,
        "region": "Tilea",
        "province": "Trantio",
        "estate": null,
        "population": 27812,
        "population_estimated": false,
        "size_category": 5,
        "trade": null,
        "source": "Warhammer Fantasy Roleplay 4e: Up in Arms",
        "tags": [],
        "notes": [
          "27500"
        ],
        "history": {
          "province_2512": null,
          "province_2276": null,
          "ruler_2515": null,
          "ruler_2512": null,
          "ruler_2276": null
        },
        "wiki": {
          "title": "Trantio",
          "url": "https://warhammerfantasy.fandom.com/wiki/Trantio",
          "description": "Trantio, formally known as the Principality of Trantio, is an upstart, prosperous and turbulent Tilean city-state. A variation of the heraldry of Trantio as shown on a flag of the Trantian Navy as depicted in Man O' War: Corsair and Total War: Warhammer.",
          "image": "https://static.wikia.nocookie.net/warhammerfb/images/2/22/Trantio_domains.png/revision/latest?cb=20250218101837"
        },
        "svg_layer": "Tilea"
      }
    },
    {
      "type": "Feature",
      "id": "copy_text_14165",
      "geometry": {
        "type": "Point",
        "coordinates": [
          -5.226415,
          39.772916
        ]
      },
      "properties": {
        "id": "copy_text_14165",
        "name": "Corlo",
        "category": "settlement",
        "dataset": "tilea",
        "in_gazetteer": false,
        "type": null,
        "region": "Tilea",
        "province": null,
        "estate": null,
        "population": 188,
        "population_estimated": true,
        "size_category": 1,
        "trade": null,
        "source": null,
        "tags": [],
        "notes": [],
        "history": {
          "province_2512": null,
          "province_2276": null,
          "ruler_2515": null,
          "ruler_2512": null,
          "ruler_2276": null
        },
        "wiki": {
          "title": null,
          "url": null,
          "description": null,
          "image": null
        },
        "svg_layer": "Tilea"
      }
    },
    {
      "type": "Feature",
      "id": "copy_text_14166",
      "geometry": {
        "type": "Point",
        "coordinates": [
          -5.407104,
          40.106213
        ]
      },
      "properties": {
        "id": "copy_text_14166",
        "name": "Veleso",
        "category": "settlement",
        "dataset": "tilea",
        "in_gazetteer": false,
        "type": null,
        "region": "Tilea",
        "province": null,
        "estate": null,
        "population": 113,
        "population_estimated": true,
        "size_category": 1,
        "trade": null,
        "source": null,
        "tags": [],
        "notes": [],
        "history": {
          "province_2512": null,
          "province_2276": null,
          "ruler_2515": null,
          "ruler_2512": null,
          "ruler_2276": null
        },
        "wiki": {
          "title": null,
          "url": null,
          "description": null,
          "image": null
        },
        "svg_layer": "Tilea"
      }
    },
    {
      "type": "Feature",
      "id": "copy_text_14167",
      "geometry": {
        "type": "Point",
        "coordinates": [
          -5.059536,
          40.10253
        ]
      },
      "properties": {
        "id": "copy_text_14167",
        "name": "Prado",
        "category": "settlement",
        "dataset": "tilea",
        "in_gazetteer": false,
        "type": null,
        "region": "Tilea",
        "province": null,
        "estate": null,
        "population": 119,
        "population_estimated": true,
        "size_category": 1,
        "trade": null,
        "source": null,
        "tags": [],
        "notes": [],
        "history": {
          "province_2512": null,
          "province_2276": null,
          "ruler_2515": null,
          "ruler_2512": null,
          "ruler_2276": null
        },
        "wiki": {
          "title": null,
          "url": null,
          "description": null,
          "image": null
        },
        "svg_layer": "Tilea"
      }
    },
    {
      "type": "Feature",
      "id": "copy_text_14168",
      "geometry": {
        "type": "Point",
        "coordinates": [
          -4.819,
          40.108053
        ]
      },
      "properties": {
        "id": "copy_text_14168",
        "name": "Asso",
        "category": "settlement",
        "dataset": "tilea",
        "in_gazetteer": false,
        "type": null,
        "region": "Tilea",
        "province": null,
        "estate": null,
        "population": 141,
        "population_estimated": true,
        "size_category": 1,
        "trade": null,
        "source": null,
        "tags": [],
        "notes": [],
        "history": {
          "province_2512": null,
          "province_2276": null,
          "ruler_2515": null,
          "ruler_2512": null,
          "ruler_2276": null
        },
        "wiki": {
          "title": null,
          "url": null,
          "description": null,
          "image": null
        },
        "svg_layer": "Tilea"
      }
    },
    {
      "type": "Feature",
      "id": "copy_text_14169",
      "geometry": {
        "type": "Point",
        "coordinates": [
          -5.140098,
          40.355724
        ]
      },
      "properties": {
        "id": "copy_text_14169",
        "name": "Onno",
        "category": "settlement",
        "dataset": "tilea",
        "in_gazetteer": false,
        "type": null,
        "region": "Tilea",
        "province": null,
        "estate": null,
        "population": 91,
        "population_estimated": true,
        "size_category": 1,
        "trade": null,
        "source": null,
        "tags": [],
        "notes": [],
        "history": {
          "province_2512": null,
          "province_2276": null,
          "ruler_2515": null,
          "ruler_2512": null,
          "ruler_2276": null
        },
        "wiki": {
          "title": null,
          "url": null,
          "description": null,
          "image": null
        },
        "svg_layer": "Tilea"
      }
    },
    {
      "type": "Feature",
      "id": "copy_text_14170",
      "geometry": {
        "type": "Point",
        "coordinates": [
          -4.960559,
          40.372299
        ]
      },
      "properties": {
        "id": "copy_text_14170",
        "name": "Valle",
        "category": "settlement",
        "dataset": "tilea",
        "in_gazetteer": false,
        "type": null,
        "region": "Tilea",
        "province": null,
        "estate": null,
        "population": 305,
        "population_estimated": true,
        "size_category": 2,
        "trade": null,
        "source": null,
        "tags": [],
        "notes": [],
        "history": {
          "province_2512": null,
          "province_2276": null,
          "ruler_2515": null,
          "ruler_2512": null,
          "ruler_2276": null
        },
        "wiki": {
          "title": null,
          "url": null,
          "description": null,
          "image": null
        },
        "svg_layer": "Tilea"
      }
    },
    {
      "type": "Feature",
      "id": "copy_text_14171",
      "geometry": {
        "type": "Point",
        "coordinates": [
          -5.240226,
          40.526978
        ]
      },
      "properties": {
        "id": "copy_text_14171",
        "name": "Fusine",
        "category": "settlement",
        "dataset": "tilea",
        "in_gazetteer": false,
        "type": null,
        "region": "Tilea",
        "province": null,
        "estate": null,
        "population": 113,
        "population_estimated": true,
        "size_category": 1,
        "trade": null,
        "source": null,
        "tags": [],
        "notes": [],
        "history": {
          "province_2512": null,
          "province_2276": null,
          "ruler_2515": null,
          "ruler_2512": null,
          "ruler_2276": null
        },
        "wiki": {
          "title": null,
          "url": null,
          "description": null,
          "image": null
        },
        "svg_layer": "Tilea"
      }
    },
    {
      "type": "Feature",
      "id": "copy_text_14172",
      "geometry": {
        "type": "Point",
        "coordinates": [
          -5.348635,
          40.82703
        ]
      },
      "properties": {
        "id": "copy_text_14172",
        "name": "Ambria",
        "category": "settlement",
        "dataset": "tilea",
        "in_gazetteer": false,
        "type": null,
        "region": "Tilea",
        "province": null,
        "estate": null,
        "population": 696,
        "population_estimated": true,
        "size_category": 2,
        "trade": null,
        "source": null,
        "tags": [],
        "notes": [],
        "history": {
          "province_2512": null,
          "province_2276": null,
          "ruler_2515": null,
          "ruler_2512": null,
          "ruler_2276": null
        },
        "wiki": {
          "title": null,
          "url": null,
          "description": null,
          "image": null
        },
        "svg_layer": "Tilea"
      }
    },
    {
      "type": "Feature",
      "id": "copy_text_14173",
      "geometry": {
        "type": "Point",
        "coordinates": [
          -5.193161,
          40.921425
        ]
      },
      "properties": {
        "id": "copy_text_14173",
        "name": "Prosto",
        "category": "settlement",
        "dataset": "tilea",
        "in_gazetteer": false,
        "type": null,
        "region": "Tilea",
        "province": null,
        "estate": null,
        "population": 104,
        "population_estimated": true,
        "size_category": 1,
        "trade": null,
        "source": null,
        "tags": [],
        "notes": [],
        "history": {
          "province_2512": null,
          "province_2276": null,
          "ruler_2515": null,
          "ruler_2512": null,
          "ruler_2276": null
        },
        "wiki": {
          "title": null,
          "url": null,
          "description": null,
          "image": null
        },
        "svg_layer": "Tilea"
      }
    },
    {
      "type": "Feature",
      "id": "copy_text_14174",
      "geometry": {
        "type": "Point",
        "coordinates": [
          -3.376935,
          40.92933
        ]
      },
      "properties": {
        "id": "copy_text_14174",
        "name": "Codera",
        "category": "settlement",
        "dataset": "tilea",
        "in_gazetteer": false,
        "type": null,
        "region": "Tilea",
        "province": null,
        "estate": null,
        "population": 199,
        "population_estimated": true,
        "size_category": 1,
        "trade": null,
        "source": null,
        "tags": [],
        "notes": [],
        "history": {
          "province_2512": null,
          "province_2276": null,
          "ruler_2515": null,
          "ruler_2512": null,
          "ruler_2276": null
        },
        "wiki": {
          "title": null,
          "url": null,
          "description": null,
          "image": null
        },
        "svg_layer": "Tilea"
      }
    },
    {
      "type": "Feature",
      "id": "copy_text_14175",
      "geometry": {
        "type": "Point",
        "coordinates": [
          -3.30673,
          40.728614
        ]
      },
      "properties": {
        "id": "copy_text_14175",
        "name": "Malonno",
        "category": "settlement",
        "dataset": "tilea",
        "in_gazetteer": false,
        "type": null,
        "region": "Tilea",
        "province": null,
        "estate": null,
        "population": 194,
        "population_estimated": true,
        "size_category": 1,
        "trade": null,
        "source": null,
        "tags": [],
        "notes": [],
        "history": {
          "province_2512": null,
          "province_2276": null,
          "ruler_2515": null,
          "ruler_2512": null,
          "ruler_2276": null
        },
        "wiki": {
          "title": null,
          "url": null,
          "description": null,
          "image": null
        },
        "svg_layer": "Tilea"
      }
    },
    {
      "type": "Feature",
      "id": "copy_text_14176",
      "geometry": {
        "type": "Point",
        "coordinates": [
          -3.783199,
          40.391632
        ]
      },
      "properties": {
        "id": "copy_text_14176",
        "name": "Pastilla",
        "category": "settlement",
        "dataset": "tilea",
        "in_gazetteer": false,
        "type": null,
        "region": "Tilea",
        "province": null,
        "estate": null,
        "population": 159,
        "population_estimated": true,
        "size_category": 1,
        "trade": null,
        "source": null,
        "tags": [],
        "notes": [],
        "history": {
          "province_2512": null,
          "province_2276": null,
          "ruler_2515": null,
          "ruler_2512": null,
          "ruler_2276": null
        },
        "wiki": {
          "title": null,
          "url": null,
          "description": null,
          "image": null
        },
        "svg_layer": "Tilea"
      }
    },
    {
      "type": "Feature",
      "id": "copy_text_14177",
      "geometry": {
        "type": "Point",
        "coordinates": [
          -3.818876,
          40.131072
        ]
      },
      "properties": {
        "id": "copy_text_14177",
        "name": "Grezo",
        "category": "settlement",
        "dataset": "tilea",
        "in_gazetteer": false,
        "type": null,
        "region": "Tilea",
        "province": null,
        "estate": null,
        "population": 94,
        "population_estimated": true,
        "size_category": 1,
        "trade": null,
        "source": null,
        "tags": [],
        "notes": [],
        "history": {
          "province_2512": null,
          "province_2276": null,
          "ruler_2515": null,
          "ruler_2512": null,
          "ruler_2276": null
        },
        "wiki": {
          "title": null,
          "url": null,
          "description": null,
          "image": null
        },
        "svg_layer": "Tilea"
      }
    },
    {
      "type": "Feature",
      "id": "copy_text_14178",
      "geometry": {
        "type": "Point",
        "coordinates": [
          -3.650847,
          39.996647
        ]
      },
      "properties": {
        "id": "copy_text_14178",
        "name": "Erba",
        "category": "settlement",
        "dataset": "tilea",
        "in_gazetteer": false,
        "type": null,
        "region": "Tilea",
        "province": null,
        "estate": null,
        "population": 133,
        "population_estimated": true,
        "size_category": 1,
        "trade": null,
        "source": null,
        "tags": [],
        "notes": [],
        "history": {
          "province_2512": null,
          "province_2276": null,
          "ruler_2515": null,
          "ruler_2512": null,
          "ruler_2276": null
        },
        "wiki": {
          "title": null,
          "url": null,
          "description": null,
          "image": null
        },
        "svg_layer": "Tilea"
      }
    },
    {
      "type": "Feature",
      "id": "copy_text_14179",
      "geometry": {
        "type": "Point",
        "coordinates": [
          -3.381538,
          40.017827
        ]
      },
      "properties": {
        "id": "copy_text_14179",
        "name": "Nadro",
        "category": "settlement",
        "dataset": "tilea",
        "in_gazetteer": false,
        "type": null,
        "region": "Tilea",
        "province": null,
        "estate": null,
        "population": 507,
        "population_estimated": true,
        "size_category": 2,
        "trade": null,
        "source": null,
        "tags": [],
        "notes": [],
        "history": {
          "province_2512": null,
          "province_2276": null,
          "ruler_2515": null,
          "ruler_2512": null,
          "ruler_2276": null
        },
        "wiki": {
          "title": null,
          "url": null,
          "description": null,
          "image": null
        },
        "svg_layer": "Tilea"
      }
    },
    {
      "type": "Feature",
      "id": "copy_text_14180",
      "geometry": {
        "type": "Point",
        "coordinates": [
          -3.548924,
          40.464025
        ]
      },
      "properties": {
        "id": "copy_text_14180",
        "name": "Ceto",
        "category": "settlement",
        "dataset": "tilea",
        "in_gazetteer": false,
        "type": null,
        "region": "Tilea",
        "province": null,
        "estate": null,
        "population": 639,
        "population_estimated": true,
        "size_category": 2,
        "trade": null,
        "source": null,
        "tags": [],
        "notes": [],
        "history": {
          "province_2512": null,
          "province_2276": null,
          "ruler_2515": null,
          "ruler_2512": null,
          "ruler_2276": null
        },
        "wiki": {
          "title": null,
          "url": null,
          "description": null,
          "image": null
        },
        "svg_layer": "Tilea"
      }
    },
    {
      "type": "Feature",
      "id": "copy_text_14181",
      "geometry": {
        "type": "Point",
        "coordinates": [
          -3.601358,
          39.720434
        ]
      },
      "properties": {
        "id": "copy_text_14181",
        "name": "Uno",
        "category": "settlement",
        "dataset": "tilea",
        "in_gazetteer": false,
        "type": null,
        "region": "Tilea",
        "province": null,
        "estate": null,
        "population": 115,
        "population_estimated": true,
        "size_category": 1,
        "trade": null,
        "source": null,
        "tags": [],
        "notes": [],
        "history": {
          "province_2512": null,
          "province_2276": null,
          "ruler_2515": null,
          "ruler_2512": null,
          "ruler_2276": null
        },
        "wiki": {
          "title": null,
          "url": null,
          "description": null,
          "image": null
        },
        "svg_layer": "Tilea"
      }
    },
    {
      "type": "Feature",
      "id": "copy_text_14182",
      "geometry": {
        "type": "Point",
        "coordinates": [
          -3.489721,
          39.730562
        ]
      },
      "properties": {
        "id": "copy_text_14182",
        "name": "Sante",
        "category": "settlement",
        "dataset": "tilea",
        "in_gazetteer": false,
        "type": null,
        "region": "Tilea",
        "province": null,
        "estate": null,
        "population": 114,
        "population_estimated": true,
        "size_category": 1,
        "trade": null,
        "source": null,
        "tags": [],
        "notes": [],
        "history": {
          "province_2512": null,
          "province_2276": null,
          "ruler_2515": null,
          "ruler_2512": null,
          "ruler_2276": null
        },
        "wiki": {
          "title": null,
          "url": null,
          "description": null,
          "image": null
        },
        "svg_layer": "Tilea"
      }
    },
    {
      "type": "Feature",
      "id": "copy_text_14183",
      "geometry": {
        "type": "Point",
        "coordinates": [
          -3.210055,
          39.54642
        ]
      },
      "properties": {
        "id": "copy_text_14183",
        "name": "Buche",
        "category": "settlement",
        "dataset": "tilea",
        "in_gazetteer": false,
        "type": null,
        "region": "Tilea",
        "province": null,
        "estate": null,
        "population": 144,
        "population_estimated": true,
        "size_category": 1,
        "trade": null,
        "source": null,
        "tags": [],
        "notes": [],
        "history": {
          "province_2512": null,
          "province_2276": null,
          "ruler_2515": null,
          "ruler_2512": null,
          "ruler_2276": null
        },
        "wiki": {
          "title": null,
          "url": null,
          "description": null,
          "image": null
        },
        "svg_layer": "Tilea"
      }
    },
    {
      "type": "Feature",
      "id": "copy_text_14184",
      "geometry": {
        "type": "Point",
        "coordinates": [
          -3.933965,
          39.771994
        ]
      },
      "properties": {
        "id": "copy_text_14184",
        "name": "Limidi",
        "category": "settlement",
        "dataset": "tilea",
        "in_gazetteer": false,
        "type": null,
        "region": "Tilea",
        "province": null,
        "estate": null,
        "population": 77,
        "population_estimated": true,
        "size_category": 1,
        "trade": null,
        "source": null,
        "tags": [],
        "notes": [],
        "history": {
          "province_2512": null,
          "province_2276": null,
          "ruler_2515": null,
          "ruler_2512": null,
          "ruler_2276": null
        },
        "wiki": {
          "title": null,
          "url": null,
          "description": null,
          "image": null
        },
        "svg_layer": "Tilea"
      }
    },
    {
      "type": "Feature",
      "id": "copy_text_14185",
      "geometry": {
        "type": "Point",
        "coordinates": [
          -2.739341,
          39.581408
        ]
      },
      "properties": {
        "id": "copy_text_14185",
        "name": "Saletto",
        "category": "settlement",
        "dataset": "tilea",
        "in_gazetteer": false,
        "type": null,
        "region": "Tilea",
        "province": null,
        "estate": null,
        "population": 103,
        "population_estimated": true,
        "size_category": 1,
        "trade": null,
        "source": null,
        "tags": [],
        "notes": [],
        "history": {
          "province_2512": null,
          "province_2276": null,
          "ruler_2515": null,
          "ruler_2512": null,
          "ruler_2276": null
        },
        "wiki": {
          "title": null,
          "url": null,
          "description": null,
          "image": null
        },
        "svg_layer": "Tilea"
      }
    },
    {
      "type": "Feature",
      "id": "copy_text_14186",
      "geometry": {
        "type": "Point",
        "coordinates": [
          -2.888957,
          39.697416
        ]
      },
      "properties": {
        "id": "copy_text_14186",
        "name": "Ostenia",
        "category": "settlement",
        "dataset": "tilea",
        "in_gazetteer": false,
        "type": null,
        "region": "Tilea",
        "province": null,
        "estate": null,
        "population": 148,
        "population_estimated": true,
        "size_category": 1,
        "trade": null,
        "source": null,
        "tags": [],
        "notes": [],
        "history": {
          "province_2512": null,
          "province_2276": null,
          "ruler_2515": null,
          "ruler_2512": null,
          "ruler_2276": null
        },
        "wiki": {
          "title": null,
          "url": null,
          "description": null,
          "image": null
        },
        "svg_layer": "Tilea"
      }
    },
    {
      "type": "Feature",
      "id": "copy_text_14187",
      "geometry": {
        "type": "Point",
        "coordinates": [
          -2.522973,
          39.509593
        ]
      },
      "properties": {
        "id": "copy_text_14187",
        "name": "Biadoli",
        "category": "settlement",
        "dataset": "tilea",
        "in_gazetteer": false,
        "type": null,
        "region": "Tilea",
        "province": null,
        "estate": null,
        "population": 295,
        "population_estimated": true,
        "size_category": 1,
        "trade": null,
        "source": null,
        "tags": [],
        "notes": [],
        "history": {
          "province_2512": null,
          "province_2276": null,
          "ruler_2515": null,
          "ruler_2512": null,
          "ruler_2276": null
        },
        "wiki": {
          "title": null,
          "url": null,
          "description": null,
          "image": null
        },
        "svg_layer": "Tilea"
      }
    },
    {
      "type": "Feature",
      "id": "copy_text_14188",
      "geometry": {
        "type": "Point",
        "coordinates": [
          -2.565557,
          39.640332
        ]
      },
      "properties": {
        "id": "copy_text_14188",
        "name": "Bella",
        "category": "settlement",
        "dataset": "tilea",
        "in_gazetteer": false,
        "type": null,
        "region": "Tilea",
        "province": null,
        "estate": null,
        "population": 84,
        "population_estimated": true,
        "size_category": 1,
        "trade": null,
        "source": null,
        "tags": [],
        "notes": [],
        "history": {
          "province_2512": null,
          "province_2276": null,
          "ruler_2515": null,
          "ruler_2512": null,
          "ruler_2276": null
        },
        "wiki": {
          "title": null,
          "url": null,
          "description": null,
          "image": null
        },
        "svg_layer": "Tilea"
      }
    },
    {
      "type": "Feature",
      "id": "copy_text_14189",
      "geometry": {
        "type": "Point",
        "coordinates": [
          -2.266326,
          39.515117
        ]
      },
      "properties": {
        "id": "copy_text_14189",
        "name": "Ronta",
        "category": "settlement",
        "dataset": "tilea",
        "in_gazetteer": false,
        "type": null,
        "region": "Tilea",
        "province": null,
        "estate": null,
        "population": 108,
        "population_estimated": true,
        "size_category": 1,
        "trade": null,
        "source": null,
        "tags": [],
        "notes": [],
        "history": {
          "province_2512": null,
          "province_2276": null,
          "ruler_2515": null,
          "ruler_2512": null,
          "ruler_2276": null
        },
        "wiki": {
          "title": null,
          "url": null,
          "description": null,
          "image": null
        },
        "svg_layer": "Tilea"
      }
    },
    {
      "type": "Feature",
      "id": "copy_text_14190",
      "geometry": {
        "type": "Point",
        "coordinates": [
          -2.133973,
          39.393582
        ]
      },
      "properties": {
        "id": "copy_text_14190",
        "name": "Porza",
        "category": "settlement",
        "dataset": "tilea",
        "in_gazetteer": false,
        "type": null,
        "region": "Tilea",
        "province": null,
        "estate": null,
        "population": 389,
        "population_estimated": true,
        "size_category": 2,
        "trade": null,
        "source": null,
        "tags": [],
        "notes": [],
        "history": {
          "province_2512": null,
          "province_2276": null,
          "ruler_2515": null,
          "ruler_2512": null,
          "ruler_2276": null
        },
        "wiki": {
          "title": null,
          "url": null,
          "description": null,
          "image": null
        },
        "svg_layer": "Tilea"
      }
    },
    {
      "type": "Feature",
      "id": "copy_text_14191",
      "geometry": {
        "type": "Point",
        "coordinates": [
          -1.869268,
          39.532609
        ]
      },
      "properties": {
        "id": "copy_text_14191",
        "name": "Nado",
        "category": "settlement",
        "dataset": "tilea",
        "in_gazetteer": false,
        "type": null,
        "region": "Tilea",
        "province": null,
        "estate": null,
        "population": 213,
        "population_estimated": true,
        "size_category": 1,
        "trade": null,
        "source": null,
        "tags": [],
        "notes": [],
        "history": {
          "province_2512": null,
          "province_2276": null,
          "ruler_2515": null,
          "ruler_2512": null,
          "ruler_2276": null
        },
        "wiki": {
          "title": null,
          "url": null,
          "description": null,
          "image": null
        },
        "svg_layer": "Tilea"
      }
    },
    {
      "type": "Feature",
      "id": "copy_text_14192",
      "geometry": {
        "type": "Point",
        "coordinates": [
          -1.893437,
          39.805139
        ]
      },
      "properties": {
        "id": "copy_text_14192",
        "name": "Gateo",
        "category": "settlement",
        "dataset": "tilea",
        "in_gazetteer": false,
        "type": null,
        "region": "Tilea",
        "province": null,
        "estate": null,
        "population": 147,
        "population_estimated": true,
        "size_category": 1,
        "trade": null,
        "source": null,
        "tags": [],
        "notes": [],
        "history": {
          "province_2512": null,
          "province_2276": null,
          "ruler_2515": null,
          "ruler_2512": null,
          "ruler_2276": null
        },
        "wiki": {
          "title": null,
          "url": null,
          "description": null,
          "image": null
        },
        "svg_layer": "Tilea"
      }
    },
    {
      "type": "Feature",
      "id": "copy_text_14193",
      "geometry": {
        "type": "Point",
        "coordinates": [
          -1.645995,
          40.128309
        ]
      },
      "properties": {
        "id": "copy_text_14193",
        "name": "Breno",
        "category": "settlement",
        "dataset": "tilea",
        "in_gazetteer": false,
        "type": null,
        "region": "Tilea",
        "province": null,
        "estate": null,
        "population": 263,
        "population_estimated": true,
        "size_category": 1,
        "trade": null,
        "source": null,
        "tags": [],
        "notes": [],
        "history": {
          "province_2512": null,
          "province_2276": null,
          "ruler_2515": null,
          "ruler_2512": null,
          "ruler_2276": null
        },
        "wiki": {
          "title": null,
          "url": null,
          "description": null,
          "image": null
        },
        "svg_layer": "Tilea"
      }
    },
    {
      "type": "Feature",
      "id": "copy_text_14194",
      "geometry": {
        "type": "Point",
        "coordinates": [
          -1.596508,
          40.38427
        ]
      },
      "properties": {
        "id": "copy_text_14194",
        "name": "Braone",
        "category": "settlement",
        "dataset": "tilea",
        "in_gazetteer": false,
        "type": null,
        "region": "Tilea",
        "province": null,
        "estate": null,
        "population": 143,
        "population_estimated": true,
        "size_category": 1,
        "trade": null,
        "source": null,
        "tags": [],
        "notes": [],
        "history": {
          "province_2512": null,
          "province_2276": null,
          "ruler_2515": null,
          "ruler_2512": null,
          "ruler_2276": null
        },
        "wiki": {
          "title": null,
          "url": null,
          "description": null,
          "image": null
        },
        "svg_layer": "Tilea"
      }
    },
    {
      "type": "Feature",
      "id": "copy_text_14195",
      "geometry": {
        "type": "Point",
        "coordinates": [
          -1.154565,
          40.528823
        ]
      },
      "properties": {
        "id": "copy_text_14195",
        "name": "Cundo",
        "category": "settlement",
        "dataset": "tilea",
        "in_gazetteer": false,
        "type": null,
        "region": "Tilea",
        "province": null,
        "estate": null,
        "population": 288,
        "population_estimated": true,
        "size_category": 1,
        "trade": null,
        "source": null,
        "tags": [],
        "notes": [],
        "history": {
          "province_2512": null,
          "province_2276": null,
          "ruler_2515": null,
          "ruler_2512": null,
          "ruler_2276": null
        },
        "wiki": {
          "title": null,
          "url": null,
          "description": null,
          "image": null
        },
        "svg_layer": "Tilea"
      }
    },
    {
      "type": "Feature",
      "id": "copy_text_14196",
      "geometry": {
        "type": "Point",
        "coordinates": [
          -0.581712,
          40.868386
        ]
      },
      "properties": {
        "id": "copy_text_14196",
        "name": "Doro",
        "category": "settlement",
        "dataset": "tilea",
        "in_gazetteer": false,
        "type": null,
        "region": "Tilea",
        "province": null,
        "estate": null,
        "population": 89,
        "population_estimated": true,
        "size_category": 1,
        "trade": null,
        "source": null,
        "tags": [],
        "notes": [],
        "history": {
          "province_2512": null,
          "province_2276": null,
          "ruler_2515": null,
          "ruler_2512": null,
          "ruler_2276": null
        },
        "wiki": {
          "title": null,
          "url": null,
          "description": null,
          "image": null
        },
        "svg_layer": "Tilea"
      }
    },
    {
      "type": "Feature",
      "id": "copy_text_14197",
      "geometry": {
        "type": "Point",
        "coordinates": [
          -0.96697,
          40.637463
        ]
      },
      "properties": {
        "id": "copy_text_14197",
        "name": "Dema",
        "category": "settlement",
        "dataset": "tilea",
        "in_gazetteer": false,
        "type": null,
        "region": "Tilea",
        "province": null,
        "estate": null,
        "population": 76,
        "population_estimated": true,
        "size_category": 1,
        "trade": null,
        "source": null,
        "tags": [],
        "notes": [],
        "history": {
          "province_2512": null,
          "province_2276": null,
          "ruler_2515": null,
          "ruler_2512": null,
          "ruler_2276": null
        },
        "wiki": {
          "title": null,
          "url": null,
          "description": null,
          "image": null
        },
        "svg_layer": "Tilea"
      }
    },
    {
      "type": "Feature",
      "id": "copy_text_14199",
      "geometry": {
        "type": "Point",
        "coordinates": [
          -1.864665,
          40.662324
        ]
      },
      "properties": {
        "id": "copy_text_14199",
        "name": "Cetno",
        "category": "settlement",
        "dataset": "tilea",
        "in_gazetteer": false,
        "type": null,
        "region": "Tilea",
        "province": null,
        "estate": null,
        "population": 368,
        "population_estimated": true,
        "size_category": 2,
        "trade": null,
        "source": null,
        "tags": [],
        "notes": [],
        "history": {
          "province_2512": null,
          "province_2276": null,
          "ruler_2515": null,
          "ruler_2512": null,
          "ruler_2276": null
        },
        "wiki": {
          "title": null,
          "url": null,
          "description": null,
          "image": null
        },
        "svg_layer": "Tilea"
      }
    },
    {
      "type": "Feature",
      "id": "copy_text_14200",
      "geometry": {
        "type": "Point",
        "coordinates": [
          -1.740369,
          40.392552
        ]
      },
      "properties": {
        "id": "copy_text_14200",
        "name": "Valle Barbutto",
        "category": "settlement",
        "dataset": "tilea",
        "in_gazetteer": false,
        "type": null,
        "region": "Tilea",
        "province": null,
        "estate": null,
        "population": 502,
        "population_estimated": true,
        "size_category": 2,
        "trade": null,
        "source": null,
        "tags": [],
        "notes": [],
        "history": {
          "province_2512": null,
          "province_2276": null,
          "ruler_2515": null,
          "ruler_2512": null,
          "ruler_2276": null
        },
        "wiki": {
          "title": null,
          "url": null,
          "description": null,
          "image": null
        },
        "svg_layer": "Tilea"
      }
    },
    {
      "type": "Feature",
      "id": "copy_text_14201",
      "geometry": {
        "type": "Point",
        "coordinates": [
          -6.695666,
          33.455042
        ]
      },
      "properties": {
        "id": "copy_text_14201",
        "name": "Geroni",
        "category": "settlement",
        "dataset": "tilea",
        "in_gazetteer": false,
        "type": null,
        "region": "Tilea",
        "province": null,
        "estate": null,
        "population": 261,
        "population_estimated": true,
        "size_category": 1,
        "trade": null,
        "source": null,
        "tags": [],
        "notes": [],
        "history": {
          "province_2512": null,
          "province_2276": null,
          "ruler_2515": null,
          "ruler_2512": null,
          "ruler_2276": null
        },
        "wiki": {
          "title": null,
          "url": null,
          "description": null,
          "image": null
        },
        "svg_layer": "Tilea"
      }
    },
    {
      "type": "Feature",
      "id": "copy_text_14202",
      "geometry": {
        "type": "Point",
        "coordinates": [
          -6.697968,
          33.204398
        ]
      },
      "properties": {
        "id": "copy_text_14202",
        "name": "Lapide",
        "category": "settlement",
        "dataset": "tilea",
        "in_gazetteer": false,
        "type": null,
        "region": "Tilea",
        "province": null,
        "estate": null,
        "population": 145,
        "population_estimated": true,
        "size_category": 1,
        "trade": null,
        "source": null,
        "tags": [],
        "notes": [],
        "history": {
          "province_2512": null,
          "province_2276": null,
          "ruler_2515": null,
          "ruler_2512": null,
          "ruler_2276": null
        },
        "wiki": {
          "title": null,
          "url": null,
          "description": null,
          "image": null
        },
        "svg_layer": "Tilea"
      }
    },
    {
      "type": "Feature",
      "id": "copy_text_14203",
      "geometry": {
        "type": "Point",
        "coordinates": [
          -6.40758,
          33.082646
        ]
      },
      "properties": {
        "id": "copy_text_14203",
        "name": "Bonimonte",
        "category": "settlement",
        "dataset": "tilea",
        "in_gazetteer": false,
        "type": null,
        "region": "Tilea",
        "province": null,
        "estate": null,
        "population": 251,
        "population_estimated": true,
        "size_category": 1,
        "trade": null,
        "source": null,
        "tags": [],
        "notes": [],
        "history": {
          "province_2512": null,
          "province_2276": null,
          "ruler_2515": null,
          "ruler_2512": null,
          "ruler_2276": null
        },
        "wiki": {
          "title": null,
          "url": null,
          "description": null,
          "image": null
        },
        "svg_layer": "Tilea"
      }
    },
    {
      "type": "Feature",
      "id": "copy_text_14204",
      "geometry": {
        "type": "Point",
        "coordinates": [
          -6.213895,
          33.300093
        ]
      },
      "properties": {
        "id": "copy_text_14204",
        "name": "Tamarisa",
        "category": "settlement",
        "dataset": "tilea",
        "in_gazetteer": false,
        "type": null,
        "region": "Tilea",
        "province": null,
        "estate": null,
        "population": 312,
        "population_estimated": true,
        "size_category": 2,
        "trade": null,
        "source": null,
        "tags": [],
        "notes": [],
        "history": {
          "province_2512": null,
          "province_2276": null,
          "ruler_2515": null,
          "ruler_2512": null,
          "ruler_2276": null
        },
        "wiki": {
          "title": null,
          "url": null,
          "description": null,
          "image": null
        },
        "svg_layer": "Tilea"
      }
    },
    {
      "type": "Feature",
      "id": "copy_text_14205",
      "geometry": {
        "type": "Point",
        "coordinates": [
          -5.826525,
          33.267541
        ]
      },
      "properties": {
        "id": "copy_text_14205",
        "name": "Samatea",
        "category": "settlement",
        "dataset": "tilea",
        "in_gazetteer": false,
        "type": null,
        "region": "Tilea",
        "province": null,
        "estate": null,
        "population": 229,
        "population_estimated": true,
        "size_category": 1,
        "trade": null,
        "source": null,
        "tags": [],
        "notes": [],
        "history": {
          "province_2512": null,
          "province_2276": null,
          "ruler_2515": null,
          "ruler_2512": null,
          "ruler_2276": null
        },
        "wiki": {
          "title": null,
          "url": null,
          "description": null,
          "image": null
        },
        "svg_layer": "Tilea"
      }
    },
    {
      "type": "Feature",
      "id": "copy_text_14206",
      "geometry": {
        "type": "Point",
        "coordinates": [
          -5.63691,
          33.479129
        ]
      },
      "properties": {
        "id": "copy_text_14206",
        "name": "Esterzilli",
        "category": "settlement",
        "dataset": "tilea",
        "in_gazetteer": false,
        "type": null,
        "region": "Tilea",
        "province": null,
        "estate": null,
        "population": 422,
        "population_estimated": true,
        "size_category": 2,
        "trade": null,
        "source": null,
        "tags": [],
        "notes": [],
        "history": {
          "province_2512": null,
          "province_2276": null,
          "ruler_2515": null,
          "ruler_2512": null,
          "ruler_2276": null
        },
        "wiki": {
          "title": null,
          "url": null,
          "description": null,
          "image": null
        },
        "svg_layer": "Tilea"
      }
    },
    {
      "type": "Feature",
      "id": "copy_text_14207",
      "geometry": {
        "type": "Point",
        "coordinates": [
          -5.911161,
          33.755823
        ]
      },
      "properties": {
        "id": "copy_text_14207",
        "name": "Nutronia",
        "category": "settlement",
        "dataset": "tilea",
        "in_gazetteer": false,
        "type": null,
        "region": "Tilea",
        "province": null,
        "estate": null,
        "population": 158,
        "population_estimated": true,
        "size_category": 1,
        "trade": null,
        "source": null,
        "tags": [],
        "notes": [],
        "history": {
          "province_2512": null,
          "province_2276": null,
          "ruler_2515": null,
          "ruler_2512": null,
          "ruler_2276": null
        },
        "wiki": {
          "title": null,
          "url": null,
          "description": null,
          "image": null
        },
        "svg_layer": "Tilea"
      }
    },
    {
      "type": "Feature",
      "id": "copy_text_14208",
      "geometry": {
        "type": "Point",
        "coordinates": [
          -5.872099,
          34.238897
        ]
      },
      "properties": {
        "id": "copy_text_14208",
        "name": "Serro",
        "category": "settlement",
        "dataset": "tilea",
        "in_gazetteer": false,
        "type": null,
        "region": "Tilea",
        "province": null,
        "estate": null,
        "population": 135,
        "population_estimated": true,
        "size_category": 1,
        "trade": null,
        "source": null,
        "tags": [],
        "notes": [],
        "history": {
          "province_2512": null,
          "province_2276": null,
          "ruler_2515": null,
          "ruler_2512": null,
          "ruler_2276": null
        },
        "wiki": {
          "title": null,
          "url": null,
          "description": null,
          "image": null
        },
        "svg_layer": "Tilea"
      }
    },
    {
      "type": "Feature",
      "id": "copy_text_14209",
      "geometry": {
        "type": "Point",
        "coordinates": [
          -4.823372,
          34.624346
        ]
      },
      "properties": {
        "id": "copy_text_14209",
        "name": "Pugno",
        "category": "settlement",
        "dataset": "tilea",
        "in_gazetteer": true,
        "type": null,
        "region": "Tilea",
        "province": "Verezzo",
        "estate": null,
        "population": 373,
        "population_estimated": false,
        "size_category": 2,
        "trade": null,
        "source": "Warhammer: The Old World",
        "tags": [],
        "notes": [],
        "history": {
          "province_2512": null,
          "province_2276": null,
          "ruler_2515": null,
          "ruler_2512": null,
          "ruler_2276": null
        },
        "wiki": {
          "title": "Pugno",
          "url": "https://warhammerfantasy.fandom.com/wiki/Pugno",
          "description": "Pugno is a small Tilean town located inside the domains of the Republic of Verezzo, between the Bay of Wrecks and the upper reaches of the River Luparno, at the foot of the southeast end of the Apuccini Mountains and north of the Monte Castello fortress.",
          "image": "https://static.wikia.nocookie.net/warhammerfb/images/b/b2/Verezzo_domains.png/revision/latest?cb=20250213193851"
        },
        "svg_layer": "Tilea"
      }
    },
    {
      "type": "Feature",
      "id": "copy_text_14210",
      "geometry": {
        "type": "Point",
        "coordinates": [
          -5.436628,
          33.72948
        ]
      },
      "properties": {
        "id": "copy_text_14210",
        "name": "Marcadazio",
        "category": "settlement",
        "dataset": "tilea",
        "in_gazetteer": false,
        "type": null,
        "region": "Tilea",
        "province": null,
        "estate": null,
        "population": 101,
        "population_estimated": true,
        "size_category": 1,
        "trade": null,
        "source": null,
        "tags": [],
        "notes": [],
        "history": {
          "province_2512": null,
          "province_2276": null,
          "ruler_2515": null,
          "ruler_2512": null,
          "ruler_2276": null
        },
        "wiki": {
          "title": null,
          "url": null,
          "description": null,
          "image": null
        },
        "svg_layer": "Tilea"
      }
    },
    {
      "type": "Feature",
      "id": "copy_text_14211",
      "geometry": {
        "type": "Point",
        "coordinates": [
          -4.906116,
          33.698529
        ]
      },
      "properties": {
        "id": "copy_text_14211",
        "name": "Longoria",
        "category": "settlement",
        "dataset": "tilea",
        "in_gazetteer": false,
        "type": null,
        "region": "Tilea",
        "province": null,
        "estate": null,
        "population": 238,
        "population_estimated": true,
        "size_category": 1,
        "trade": null,
        "source": null,
        "tags": [],
        "notes": [],
        "history": {
          "province_2512": null,
          "province_2276": null,
          "ruler_2515": null,
          "ruler_2512": null,
          "ruler_2276": null
        },
        "wiki": {
          "title": null,
          "url": null,
          "description": null,
          "image": null
        },
        "svg_layer": "Tilea"
      }
    },
    {
      "type": "Feature",
      "id": "copy_text_14212",
      "geometry": {
        "type": "Point",
        "coordinates": [
          -5.022489,
          33.913377
        ]
      },
      "properties": {
        "id": "copy_text_14212",
        "name": "Brevis",
        "category": "settlement",
        "dataset": "tilea",
        "in_gazetteer": false,
        "type": null,
        "region": "Tilea",
        "province": null,
        "estate": null,
        "population": 77,
        "population_estimated": true,
        "size_category": 1,
        "trade": null,
        "source": null,
        "tags": [],
        "notes": [],
        "history": {
          "province_2512": null,
          "province_2276": null,
          "ruler_2515": null,
          "ruler_2512": null,
          "ruler_2276": null
        },
        "wiki": {
          "title": null,
          "url": null,
          "description": null,
          "image": null
        },
        "svg_layer": "Tilea"
      }
    },
    {
      "type": "Feature",
      "id": "copy_text_14213",
      "geometry": {
        "type": "Point",
        "coordinates": [
          -4.430041,
          33.938765
        ]
      },
      "properties": {
        "id": "copy_text_14213",
        "name": "Assollo",
        "category": "settlement",
        "dataset": "tilea",
        "in_gazetteer": false,
        "type": null,
        "region": "Tilea",
        "province": null,
        "estate": null,
        "population": 635,
        "population_estimated": true,
        "size_category": 2,
        "trade": null,
        "source": null,
        "tags": [],
        "notes": [],
        "history": {
          "province_2512": null,
          "province_2276": null,
          "ruler_2515": null,
          "ruler_2512": null,
          "ruler_2276": null
        },
        "wiki": {
          "title": null,
          "url": null,
          "description": null,
          "image": null
        },
        "svg_layer": "Tilea"
      }
    },
    {
      "type": "Feature",
      "id": "copy_text_14214",
      "geometry": {
        "type": "Point",
        "coordinates": [
          -4.23717,
          34.073531
        ]
      },
      "properties": {
        "id": "copy_text_14214",
        "name": "Cobraverde",
        "category": "settlement",
        "dataset": "tilea",
        "in_gazetteer": false,
        "type": null,
        "region": "Tilea",
        "province": null,
        "estate": null,
        "population": 74,
        "population_estimated": true,
        "size_category": 1,
        "trade": null,
        "source": null,
        "tags": [],
        "notes": [],
        "history": {
          "province_2512": null,
          "province_2276": null,
          "ruler_2515": null,
          "ruler_2512": null,
          "ruler_2276": null
        },
        "wiki": {
          "title": null,
          "url": null,
          "description": null,
          "image": null
        },
        "svg_layer": "Tilea"
      }
    },
    {
      "type": "Feature",
      "id": "copy_text_14215",
      "geometry": {
        "type": "Point",
        "coordinates": [
          -4.05732,
          34.319624
        ]
      },
      "properties": {
        "id": "copy_text_14215",
        "name": "Monte Castello",
        "category": "settlement",
        "dataset": "tilea",
        "in_gazetteer": true,
        "type": null,
        "region": "Tilea",
        "province": "Luccini",
        "estate": null,
        "population": 1454,
        "population_estimated": false,
        "size_category": 3,
        "trade": null,
        "source": "Warhammer Fantasy Roleplay 4e: Up in Arms",
        "tags": [],
        "notes": [
          "500"
        ],
        "history": {
          "province_2512": null,
          "province_2276": null,
          "ruler_2515": null,
          "ruler_2512": null,
          "ruler_2276": null
        },
        "wiki": {
          "title": "Monte Castello",
          "url": "https://warhammerfantasy.fandom.com/wiki/Monte_Castello",
          "description": "Monte Castello is a prosperous fortress-monastery set above the Bay of Wrecks of the Black Gulf that is among the greatest strongholds in the Known World. Of the many sieges that have unfolded in the strife-torn land of Tilea, the siege of Monte Castello is surely the most famous. At the height of the conflict, five hundred Tilean mercenaries held this fortress-monastery against ten thousand Orcs.",
          "image": "https://static.wikia.nocookie.net/warhammerfb/images/4/44/Monte_Castello_Map-0.png/revision/latest?cb=20180708011335"
        },
        "svg_layer": "Tilea"
      }
    },
    {
      "type": "Feature",
      "id": "copy_text_14216",
      "geometry": {
        "type": "Point",
        "coordinates": [
          -4.294374,
          34.21784
        ]
      },
      "properties": {
        "id": "copy_text_14216",
        "name": "Mogorella",
        "category": "settlement",
        "dataset": "tilea",
        "in_gazetteer": false,
        "type": null,
        "region": "Tilea",
        "province": null,
        "estate": null,
        "population": 122,
        "population_estimated": true,
        "size_category": 1,
        "trade": null,
        "source": null,
        "tags": [],
        "notes": [],
        "history": {
          "province_2512": null,
          "province_2276": null,
          "ruler_2515": null,
          "ruler_2512": null,
          "ruler_2276": null
        },
        "wiki": {
          "title": null,
          "url": null,
          "description": null,
          "image": null
        },
        "svg_layer": "Tilea"
      }
    },
    {
      "type": "Feature",
      "id": "copy_text_14217",
      "geometry": {
        "type": "Point",
        "coordinates": [
          -4.554512,
          34.349193
        ]
      },
      "properties": {
        "id": "copy_text_14217",
        "name": "Ruinas",
        "category": "settlement",
        "dataset": "tilea",
        "in_gazetteer": false,
        "type": null,
        "region": "Tilea",
        "province": null,
        "estate": null,
        "population": 96,
        "population_estimated": true,
        "size_category": 1,
        "trade": null,
        "source": null,
        "tags": [],
        "notes": [],
        "history": {
          "province_2512": null,
          "province_2276": null,
          "ruler_2515": null,
          "ruler_2512": null,
          "ruler_2276": null
        },
        "wiki": {
          "title": null,
          "url": null,
          "description": null,
          "image": null
        },
        "svg_layer": "Tilea"
      }
    },
    {
      "type": "Feature",
      "id": "copy_text_14218",
      "geometry": {
        "type": "Point",
        "coordinates": [
          -4.456083,
          34.62301
        ]
      },
      "properties": {
        "id": "copy_text_14218",
        "name": "Zorroni",
        "category": "settlement",
        "dataset": "tilea",
        "in_gazetteer": false,
        "type": null,
        "region": "Tilea",
        "province": null,
        "estate": null,
        "population": 271,
        "population_estimated": true,
        "size_category": 1,
        "trade": null,
        "source": null,
        "tags": [],
        "notes": [],
        "history": {
          "province_2512": null,
          "province_2276": null,
          "ruler_2515": null,
          "ruler_2512": null,
          "ruler_2276": null
        },
        "wiki": {
          "title": null,
          "url": null,
          "description": null,
          "image": null
        },
        "svg_layer": "Tilea"
      }
    },
    {
      "type": "Feature",
      "id": "copy_text_14219",
      "geometry": {
        "type": "Point",
        "coordinates": [
          -4.867867,
          34.668583
        ]
      },
      "properties": {
        "id": "copy_text_14219",
        "name": "Tiria",
        "category": "settlement",
        "dataset": "tilea",
        "in_gazetteer": false,
        "type": null,
        "region": "Tilea",
        "province": null,
        "estate": null,
        "population": 168,
        "population_estimated": true,
        "size_category": 1,
        "trade": null,
        "source": null,
        "tags": [],
        "notes": [],
        "history": {
          "province_2512": null,
          "province_2276": null,
          "ruler_2515": null,
          "ruler_2512": null,
          "ruler_2276": null
        },
        "wiki": {
          "title": null,
          "url": null,
          "description": null,
          "image": null
        },
        "svg_layer": "Tilea"
      }
    },
    {
      "type": "Feature",
      "id": "copy_text_14220",
      "geometry": {
        "type": "Point",
        "coordinates": [
          -4.519559,
          35.017543
        ]
      },
      "properties": {
        "id": "copy_text_14220",
        "name": "Stradivia",
        "category": "settlement",
        "dataset": "tilea",
        "in_gazetteer": false,
        "type": null,
        "region": "Tilea",
        "province": null,
        "estate": null,
        "population": 158,
        "population_estimated": true,
        "size_category": 1,
        "trade": null,
        "source": null,
        "tags": [],
        "notes": [],
        "history": {
          "province_2512": null,
          "province_2276": null,
          "ruler_2515": null,
          "ruler_2512": null,
          "ruler_2276": null
        },
        "wiki": {
          "title": null,
          "url": null,
          "description": null,
          "image": null
        },
        "svg_layer": "Tilea"
      }
    },
    {
      "type": "Feature",
      "id": "copy_text_14221",
      "geometry": {
        "type": "Point",
        "coordinates": [
          -10.105957,
          40.335684
        ]
      },
      "properties": {
        "id": "copy_text_14221",
        "name": "Stavola",
        "category": "settlement",
        "dataset": "tilea",
        "in_gazetteer": false,
        "type": null,
        "region": "Tilea",
        "province": null,
        "estate": null,
        "population": 111,
        "population_estimated": true,
        "size_category": 1,
        "trade": null,
        "source": null,
        "tags": [],
        "notes": [],
        "history": {
          "province_2512": null,
          "province_2276": null,
          "ruler_2515": null,
          "ruler_2512": null,
          "ruler_2276": null
        },
        "wiki": {
          "title": null,
          "url": null,
          "description": null,
          "image": null
        },
        "svg_layer": "Tilea"
      }
    },
    {
      "type": "Feature",
      "id": "copy_text_14222",
      "geometry": {
        "type": "Point",
        "coordinates": [
          -9.99225,
          40.317058
        ]
      },
      "properties": {
        "id": "copy_text_14222",
        "name": "Fusea",
        "category": "settlement",
        "dataset": "tilea",
        "in_gazetteer": false,
        "type": null,
        "region": "Tilea",
        "province": null,
        "estate": null,
        "population": 229,
        "population_estimated": true,
        "size_category": 1,
        "trade": null,
        "source": null,
        "tags": [],
        "notes": [],
        "history": {
          "province_2512": null,
          "province_2276": null,
          "ruler_2515": null,
          "ruler_2512": null,
          "ruler_2276": null
        },
        "wiki": {
          "title": null,
          "url": null,
          "description": null,
          "image": null
        },
        "svg_layer": "Tilea"
      }
    },
    {
      "type": "Feature",
      "id": "copy_text_14223",
      "geometry": {
        "type": "Point",
        "coordinates": [
          -10.331599,
          39.99319
        ]
      },
      "properties": {
        "id": "copy_text_14223",
        "name": "Nongruella",
        "category": "settlement",
        "dataset": "tilea",
        "in_gazetteer": false,
        "type": null,
        "region": "Tilea",
        "province": null,
        "estate": null,
        "population": 176,
        "population_estimated": true,
        "size_category": 1,
        "trade": null,
        "source": null,
        "tags": [],
        "notes": [],
        "history": {
          "province_2512": null,
          "province_2276": null,
          "ruler_2515": null,
          "ruler_2512": null,
          "ruler_2276": null
        },
        "wiki": {
          "title": null,
          "url": null,
          "description": null,
          "image": null
        },
        "svg_layer": "Tilea"
      }
    },
    {
      "type": "Feature",
      "id": "copy_text_14224",
      "geometry": {
        "type": "Point",
        "coordinates": [
          -9.933555,
          41.29209
        ]
      },
      "properties": {
        "id": "copy_text_14224",
        "name": "Salzo",
        "category": "settlement",
        "dataset": "tilea",
        "in_gazetteer": false,
        "type": null,
        "region": "Tilea",
        "province": null,
        "estate": null,
        "population": 179,
        "population_estimated": true,
        "size_category": 1,
        "trade": null,
        "source": null,
        "tags": [],
        "notes": [],
        "history": {
          "province_2512": null,
          "province_2276": null,
          "ruler_2515": null,
          "ruler_2512": null,
          "ruler_2276": null
        },
        "wiki": {
          "title": null,
          "url": null,
          "description": null,
          "image": null
        },
        "svg_layer": "Tilea"
      }
    },
    {
      "type": "Feature",
      "id": "copy_text_14225",
      "geometry": {
        "type": "Point",
        "coordinates": [
          -10.024475,
          41.371271
        ]
      },
      "properties": {
        "id": "copy_text_14225",
        "name": "Porzus",
        "category": "settlement",
        "dataset": "tilea",
        "in_gazetteer": false,
        "type": null,
        "region": "Tilea",
        "province": null,
        "estate": null,
        "population": 240,
        "population_estimated": true,
        "size_category": 1,
        "trade": null,
        "source": null,
        "tags": [],
        "notes": [],
        "history": {
          "province_2512": null,
          "province_2276": null,
          "ruler_2515": null,
          "ruler_2512": null,
          "ruler_2276": null
        },
        "wiki": {
          "title": null,
          "url": null,
          "description": null,
          "image": null
        },
        "svg_layer": "Tilea"
      }
    },
    {
      "type": "Feature",
      "id": "copy_text_14226",
      "geometry": {
        "type": "Point",
        "coordinates": [
          -9.779335,
          41.639199
        ]
      },
      "properties": {
        "id": "copy_text_14226",
        "name": "Paderno",
        "category": "settlement",
        "dataset": "tilea",
        "in_gazetteer": false,
        "type": null,
        "region": "Tilea",
        "province": null,
        "estate": null,
        "population": 85,
        "population_estimated": true,
        "size_category": 1,
        "trade": null,
        "source": null,
        "tags": [],
        "notes": [],
        "history": {
          "province_2512": null,
          "province_2276": null,
          "ruler_2515": null,
          "ruler_2512": null,
          "ruler_2276": null
        },
        "wiki": {
          "title": null,
          "url": null,
          "description": null,
          "image": null
        },
        "svg_layer": "Tilea"
      }
    },
    {
      "type": "Feature",
      "id": "copy_text_14227",
      "geometry": {
        "type": "Point",
        "coordinates": [
          -9.757469,
          41.801244
        ]
      },
      "properties": {
        "id": "copy_text_14227",
        "name": "Ipplos",
        "category": "settlement",
        "dataset": "tilea",
        "in_gazetteer": false,
        "type": null,
        "region": "Tilea",
        "province": null,
        "estate": null,
        "population": 71,
        "population_estimated": true,
        "size_category": 1,
        "trade": null,
        "source": null,
        "tags": [],
        "notes": [],
        "history": {
          "province_2512": null,
          "province_2276": null,
          "ruler_2515": null,
          "ruler_2512": null,
          "ruler_2276": null
        },
        "wiki": {
          "title": null,
          "url": null,
          "description": null,
          "image": null
        },
        "svg_layer": "Tilea"
      }
    },
    {
      "type": "Feature",
      "id": "copy_text_14228",
      "geometry": {
        "type": "Point",
        "coordinates": [
          -6.213081,
          40.356738
        ]
      },
      "properties": {
        "id": "copy_text_14228",
        "name": "Nesso",
        "category": "settlement",
        "dataset": "tilea",
        "in_gazetteer": false,
        "type": null,
        "region": "Tilea",
        "province": null,
        "estate": null,
        "population": 193,
        "population_estimated": true,
        "size_category": 1,
        "trade": null,
        "source": null,
        "tags": [],
        "notes": [],
        "history": {
          "province_2512": null,
          "province_2276": null,
          "ruler_2515": null,
          "ruler_2512": null,
          "ruler_2276": null
        },
        "wiki": {
          "title": null,
          "url": null,
          "description": null,
          "image": null
        },
        "svg_layer": "Tilea"
      }
    },
    {
      "type": "Feature",
      "id": "copy_text_14229",
      "geometry": {
        "type": "Point",
        "coordinates": [
          -5.53844,
          39.720667
        ]
      },
      "properties": {
        "id": "copy_text_14229",
        "name": "Mirabello",
        "category": "settlement",
        "dataset": "tilea",
        "in_gazetteer": false,
        "type": null,
        "region": "Tilea",
        "province": null,
        "estate": null,
        "population": 100,
        "population_estimated": true,
        "size_category": 1,
        "trade": null,
        "source": null,
        "tags": [],
        "notes": [],
        "history": {
          "province_2512": null,
          "province_2276": null,
          "ruler_2515": null,
          "ruler_2512": null,
          "ruler_2276": null
        },
        "wiki": {
          "title": null,
          "url": null,
          "description": null,
          "image": null
        },
        "svg_layer": "Tilea"
      }
    },
    {
      "type": "Feature",
      "id": "copy_text_14230",
      "geometry": {
        "type": "Point",
        "coordinates": [
          -5.356148,
          39.456344
        ]
      },
      "properties": {
        "id": "copy_text_14230",
        "name": "Torri",
        "category": "settlement",
        "dataset": "tilea",
        "in_gazetteer": false,
        "type": null,
        "region": "Tilea",
        "province": null,
        "estate": null,
        "population": 200,
        "population_estimated": true,
        "size_category": 1,
        "trade": null,
        "source": null,
        "tags": [],
        "notes": [],
        "history": {
          "province_2512": null,
          "province_2276": null,
          "ruler_2515": null,
          "ruler_2512": null,
          "ruler_2276": null
        },
        "wiki": {
          "title": null,
          "url": null,
          "description": null,
          "image": null
        },
        "svg_layer": "Tilea"
      }
    },
    {
      "type": "Feature",
      "id": "copy_text_14231",
      "geometry": {
        "type": "Point",
        "coordinates": [
          -5.971323,
          40.305185
        ]
      },
      "properties": {
        "id": "copy_text_14231",
        "name": "Viadaza",
        "category": "settlement",
        "dataset": "tilea",
        "in_gazetteer": true,
        "type": null,
        "region": "Tilea",
        "province": "Trantio",
        "estate": null,
        "population": 4554,
        "population_estimated": false,
        "size_category": 4,
        "trade": null,
        "source": "Alfred \"MadAlfred\" Nuñez Jr. (unofficial)",
        "tags": [],
        "notes": [],
        "history": {
          "province_2512": null,
          "province_2276": null,
          "ruler_2515": null,
          "ruler_2512": null,
          "ruler_2276": null
        },
        "wiki": {
          "title": "Viadaza",
          "url": "https://warhammerfantasy.fandom.com/wiki/Viadaza",
          "description": "Viadaza is a port town of north-eastern Tilea located on the Gulf of Pearls, ruled by the Principality of Miragliano (as of 2517 IC ). During the Anarchy in the Empire in ca. 2276 IC, Viadaza was governed by the Principality of Trantio.",
          "image": "https://static.wikia.nocookie.net/warhammerfb/images/2/22/Trantio_domains.png/revision/latest?cb=20250218101837"
        },
        "svg_layer": "Tilea"
      }
    },
    {
      "type": "Feature",
      "id": "copy_text_14232",
      "geometry": {
        "type": "Point",
        "coordinates": [
          -5.444039,
          38.366501
        ]
      },
      "properties": {
        "id": "copy_text_14232",
        "name": "Astiano",
        "category": "settlement",
        "dataset": "tilea",
        "in_gazetteer": true,
        "type": null,
        "region": "Tilea",
        "province": "Pavona",
        "estate": null,
        "population": 1554,
        "population_estimated": false,
        "size_category": 3,
        "trade": null,
        "source": "Alfred \"MadAlfred\" Nuñez Jr. (unofficial)",
        "tags": [],
        "notes": [],
        "history": {
          "province_2512": null,
          "province_2276": null,
          "ruler_2515": null,
          "ruler_2512": null,
          "ruler_2276": null
        },
        "wiki": {
          "title": "Astiano",
          "url": "https://warhammerfantasy.fandom.com/wiki/Astiano",
          "description": "Astiano is a Tilean town located on the border between the Republic of Remas and the Principality of Pavona. The town is located within the Principality of Pavona. The settlement was built on the River Remo which connects it to both city-states.",
          "image": "https://static.wikia.nocookie.net/warhammerfb/images/2/28/Pavona%2C_the_Old_World_map.png/revision/latest?cb=20250417190358"
        },
        "svg_layer": "Tilea"
      }
    },
    {
      "type": "Feature",
      "id": "copy_text_14233",
      "geometry": {
        "type": "Point",
        "coordinates": [
          -4.443062,
          37.746709
        ]
      },
      "properties": {
        "id": "copy_text_14233",
        "name": "Sundora",
        "category": "settlement",
        "dataset": "tilea",
        "in_gazetteer": false,
        "type": null,
        "region": "Tilea",
        "province": null,
        "estate": null,
        "population": 200,
        "population_estimated": true,
        "size_category": 1,
        "trade": null,
        "source": null,
        "tags": [],
        "notes": [],
        "history": {
          "province_2512": null,
          "province_2276": null,
          "ruler_2515": null,
          "ruler_2512": null,
          "ruler_2276": null
        },
        "wiki": {
          "title": null,
          "url": null,
          "description": null,
          "image": null
        },
        "svg_layer": "Tilea"
      }
    },
    {
      "type": "Feature",
      "id": "copy_text_14234",
      "geometry": {
        "type": "Point",
        "coordinates": [
          -4.169625,
          37.708948
        ]
      },
      "properties": {
        "id": "copy_text_14234",
        "name": "Tuno",
        "category": "settlement",
        "dataset": "tilea",
        "in_gazetteer": false,
        "type": null,
        "region": "Tilea",
        "province": null,
        "estate": null,
        "population": 114,
        "population_estimated": true,
        "size_category": 1,
        "trade": null,
        "source": null,
        "tags": [],
        "notes": [],
        "history": {
          "province_2512": null,
          "province_2276": null,
          "ruler_2515": null,
          "ruler_2512": null,
          "ruler_2276": null
        },
        "wiki": {
          "title": null,
          "url": null,
          "description": null,
          "image": null
        },
        "svg_layer": "Tilea"
      }
    },
    {
      "type": "Feature",
      "id": "copy_text_14235",
      "geometry": {
        "type": "Point",
        "coordinates": [
          -3.443686,
          40.253527
        ]
      },
      "properties": {
        "id": "copy_text_14235",
        "name": "Selerro",
        "category": "settlement",
        "dataset": "tilea",
        "in_gazetteer": false,
        "type": null,
        "region": "Tilea",
        "province": null,
        "estate": null,
        "population": 83,
        "population_estimated": true,
        "size_category": 1,
        "trade": null,
        "source": null,
        "tags": [],
        "notes": [],
        "history": {
          "province_2512": null,
          "province_2276": null,
          "ruler_2515": null,
          "ruler_2512": null,
          "ruler_2276": null
        },
        "wiki": {
          "title": null,
          "url": null,
          "description": null,
          "image": null
        },
        "svg_layer": "Tilea"
      }
    },
    {
      "type": "Feature",
      "id": "copy_text_14236",
      "geometry": {
        "type": "Point",
        "coordinates": [
          -8.237008,
          34.711552
        ]
      },
      "properties": {
        "id": "copy_text_14236",
        "name": "Avello",
        "category": "settlement",
        "dataset": "tilea",
        "in_gazetteer": false,
        "type": null,
        "region": "Tilea",
        "province": null,
        "estate": null,
        "population": 264,
        "population_estimated": true,
        "size_category": 1,
        "trade": null,
        "source": null,
        "tags": [],
        "notes": [],
        "history": {
          "province_2512": null,
          "province_2276": null,
          "ruler_2515": null,
          "ruler_2512": null,
          "ruler_2276": null
        },
        "wiki": {
          "title": null,
          "url": null,
          "description": null,
          "image": null
        },
        "svg_layer": "Tilea"
      }
    },
    {
      "type": "Feature",
      "id": "copy_text_14237",
      "geometry": {
        "type": "Point",
        "coordinates": [
          -8.102387,
          34.438376
        ]
      },
      "properties": {
        "id": "copy_text_14237",
        "name": "Pruno",
        "category": "settlement",
        "dataset": "tilea",
        "in_gazetteer": false,
        "type": null,
        "region": "Tilea",
        "province": null,
        "estate": null,
        "population": 350,
        "population_estimated": true,
        "size_category": 2,
        "trade": null,
        "source": null,
        "tags": [],
        "notes": [],
        "history": {
          "province_2512": null,
          "province_2276": null,
          "ruler_2515": null,
          "ruler_2512": null,
          "ruler_2276": null
        },
        "wiki": {
          "title": null,
          "url": null,
          "description": null,
          "image": null
        },
        "svg_layer": "Tilea"
      }
    },
    {
      "type": "Feature",
      "id": "copy_text_14238",
      "geometry": {
        "type": "Point",
        "coordinates": [
          -5.841566,
          35.909148
        ]
      },
      "properties": {
        "id": "copy_text_14238",
        "name": "Foggario",
        "category": "settlement",
        "dataset": "tilea",
        "in_gazetteer": false,
        "type": null,
        "region": "Tilea",
        "province": null,
        "estate": null,
        "population": 144,
        "population_estimated": true,
        "size_category": 1,
        "trade": null,
        "source": null,
        "tags": [],
        "notes": [],
        "history": {
          "province_2512": null,
          "province_2276": null,
          "ruler_2515": null,
          "ruler_2512": null,
          "ruler_2276": null
        },
        "wiki": {
          "title": null,
          "url": null,
          "description": null,
          "image": null
        },
        "svg_layer": "Tilea"
      }
    },
    {
      "type": "Feature",
      "id": "copy_text_14239",
      "geometry": {
        "type": "Point",
        "coordinates": [
          -6.036113,
          36.327676
        ]
      },
      "properties": {
        "id": "copy_text_14239",
        "name": "Terenne",
        "category": "settlement",
        "dataset": "tilea",
        "in_gazetteer": true,
        "type": null,
        "region": "Tilea",
        "province": "Verezzo",
        "estate": null,
        "population": 910,
        "population_estimated": false,
        "size_category": 3,
        "trade": null,
        "source": "Alfred \"MadAlfred\" Nuñez Jr. (unofficial)",
        "tags": [],
        "notes": [],
        "history": {
          "province_2512": null,
          "province_2276": null,
          "ruler_2515": null,
          "ruler_2512": null,
          "ruler_2276": null
        },
        "wiki": {
          "title": "Terenne",
          "url": "https://warhammerfantasy.fandom.com/wiki/Terenne",
          "description": "Terenne is a Tilean town located near the Apuccini Mountains in the Republic of Verezzo. The settlement was built near a tributary of the River Riati which connects it to Verezzo, Spomanti and Remas.",
          "image": "https://static.wikia.nocookie.net/warhammerfb/images/b/b2/Verezzo_domains.png/revision/latest?cb=20250213193851"
        },
        "svg_layer": "Tilea"
      }
    },
    {
      "type": "Feature",
      "id": "copy_text_14240",
      "geometry": {
        "type": "Point",
        "coordinates": [
          -5.923854,
          36.850576
        ]
      },
      "properties": {
        "id": "copy_text_14240",
        "name": "Spada",
        "category": "settlement",
        "dataset": "tilea",
        "in_gazetteer": false,
        "type": null,
        "region": "Tilea",
        "province": null,
        "estate": null,
        "population": 296,
        "population_estimated": true,
        "size_category": 1,
        "trade": null,
        "source": null,
        "tags": [],
        "notes": [],
        "history": {
          "province_2512": null,
          "province_2276": null,
          "ruler_2515": null,
          "ruler_2512": null,
          "ruler_2276": null
        },
        "wiki": {
          "title": null,
          "url": null,
          "description": null,
          "image": null
        },
        "svg_layer": "Tilea"
      }
    },
    {
      "type": "Feature",
      "id": "copy_text_14241",
      "geometry": {
        "type": "Point",
        "coordinates": [
          -4.999114,
          34.885778
        ]
      },
      "properties": {
        "id": "copy_text_14241",
        "name": "Vivalda",
        "category": "settlement",
        "dataset": "tilea",
        "in_gazetteer": false,
        "type": null,
        "region": "Tilea",
        "province": null,
        "estate": null,
        "population": 145,
        "population_estimated": true,
        "size_category": 1,
        "trade": null,
        "source": null,
        "tags": [],
        "notes": [],
        "history": {
          "province_2512": null,
          "province_2276": null,
          "ruler_2515": null,
          "ruler_2512": null,
          "ruler_2276": null
        },
        "wiki": {
          "title": null,
          "url": null,
          "description": null,
          "image": null
        },
        "svg_layer": "Tilea"
      }
    },
    {
      "type": "Feature",
      "id": "copy_text_14242",
      "geometry": {
        "type": "Point",
        "coordinates": [
          -4.90992,
          35.173038
        ]
      },
      "properties": {
        "id": "copy_text_14242",
        "name": "Busachi",
        "category": "settlement",
        "dataset": "tilea",
        "in_gazetteer": false,
        "type": null,
        "region": "Tilea",
        "province": null,
        "estate": null,
        "population": 116,
        "population_estimated": true,
        "size_category": 1,
        "trade": null,
        "source": null,
        "tags": [],
        "notes": [],
        "history": {
          "province_2512": null,
          "province_2276": null,
          "ruler_2515": null,
          "ruler_2512": null,
          "ruler_2276": null
        },
        "wiki": {
          "title": null,
          "url": null,
          "description": null,
          "image": null
        },
        "svg_layer": "Tilea"
      }
    },
    {
      "type": "Feature",
      "id": "copy_text_14243",
      "geometry": {
        "type": "Point",
        "coordinates": [
          -4.999689,
          35.339687
        ]
      },
      "properties": {
        "id": "copy_text_14243",
        "name": "Nureci",
        "category": "settlement",
        "dataset": "tilea",
        "in_gazetteer": false,
        "type": null,
        "region": "Tilea",
        "province": null,
        "estate": null,
        "population": 470,
        "population_estimated": true,
        "size_category": 2,
        "trade": null,
        "source": null,
        "tags": [],
        "notes": [],
        "history": {
          "province_2512": null,
          "province_2276": null,
          "ruler_2515": null,
          "ruler_2512": null,
          "ruler_2276": null
        },
        "wiki": {
          "title": null,
          "url": null,
          "description": null,
          "image": null
        },
        "svg_layer": "Tilea"
      }
    },
    {
      "type": "Feature",
      "id": "copy_text_14244",
      "geometry": {
        "type": "Point",
        "coordinates": [
          -11.175226,
          34.106267
        ]
      },
      "properties": {
        "id": "copy_text_14244",
        "name": "Progressi",
        "category": "settlement",
        "dataset": "tilea",
        "in_gazetteer": false,
        "type": null,
        "region": "Tilea",
        "province": null,
        "estate": null,
        "population": 110,
        "population_estimated": true,
        "size_category": 1,
        "trade": null,
        "source": null,
        "tags": [],
        "notes": [],
        "history": {
          "province_2512": null,
          "province_2276": null,
          "ruler_2515": null,
          "ruler_2512": null,
          "ruler_2276": null
        },
        "wiki": {
          "title": null,
          "url": null,
          "description": null,
          "image": null
        },
        "svg_layer": "Tilea"
      }
    },
    {
      "type": "Feature",
      "id": "copy_text_14245",
      "geometry": {
        "type": "Point",
        "coordinates": [
          -11.301963,
          33.814989
        ]
      },
      "properties": {
        "id": "copy_text_14245",
        "name": "Justitio",
        "category": "settlement",
        "dataset": "tilea",
        "in_gazetteer": false,
        "type": null,
        "region": "Tilea",
        "province": null,
        "estate": null,
        "population": 82,
        "population_estimated": true,
        "size_category": 1,
        "trade": null,
        "source": null,
        "tags": [],
        "notes": [],
        "history": {
          "province_2512": null,
          "province_2276": null,
          "ruler_2515": null,
          "ruler_2512": null,
          "ruler_2276": null
        },
        "wiki": {
          "title": null,
          "url": null,
          "description": null,
          "image": null
        },
        "svg_layer": "Tilea"
      }
    },
    {
      "type": "Feature",
      "id": "copy_text_14246",
      "geometry": {
        "type": "Point",
        "coordinates": [
          -11.067182,
          33.720155
        ]
      },
      "properties": {
        "id": "copy_text_14246",
        "name": "Marcso",
        "category": "settlement",
        "dataset": "tilea",
        "in_gazetteer": false,
        "type": null,
        "region": "Tilea",
        "province": null,
        "estate": null,
        "population": 132,
        "population_estimated": true,
        "size_category": 1,
        "trade": null,
        "source": null,
        "tags": [],
        "notes": [],
        "history": {
          "province_2512": null,
          "province_2276": null,
          "ruler_2515": null,
          "ruler_2512": null,
          "ruler_2276": null
        },
        "wiki": {
          "title": null,
          "url": null,
          "description": null,
          "image": null
        },
        "svg_layer": "Tilea"
      }
    },
    {
      "type": "Feature",
      "id": "copy_text_14247",
      "geometry": {
        "type": "Point",
        "coordinates": [
          -10.650559,
          34.119744
        ]
      },
      "properties": {
        "id": "copy_text_14247",
        "name": "Manifesto",
        "category": "settlement",
        "dataset": "tilea",
        "in_gazetteer": false,
        "type": null,
        "region": "Tilea",
        "province": null,
        "estate": null,
        "population": 79,
        "population_estimated": true,
        "size_category": 1,
        "trade": null,
        "source": null,
        "tags": [],
        "notes": [],
        "history": {
          "province_2512": null,
          "province_2276": null,
          "ruler_2515": null,
          "ruler_2512": null,
          "ruler_2276": null
        },
        "wiki": {
          "title": null,
          "url": null,
          "description": null,
          "image": null
        },
        "svg_layer": "Tilea"
      }
    },
    {
      "type": "Feature",
      "id": "copy_text_14248",
      "geometry": {
        "type": "Point",
        "coordinates": [
          -10.424985,
          34.047008
        ]
      },
      "properties": {
        "id": "copy_text_14248",
        "name": "Troccino",
        "category": "settlement",
        "dataset": "tilea",
        "in_gazetteer": false,
        "type": null,
        "region": "Tilea",
        "province": null,
        "estate": null,
        "population": 129,
        "population_estimated": true,
        "size_category": 1,
        "trade": null,
        "source": null,
        "tags": [],
        "notes": [],
        "history": {
          "province_2512": null,
          "province_2276": null,
          "ruler_2515": null,
          "ruler_2512": null,
          "ruler_2276": null
        },
        "wiki": {
          "title": null,
          "url": null,
          "description": null,
          "image": null
        },
        "svg_layer": "Tilea"
      }
    },
    {
      "type": "Feature",
      "id": "copy_text_14249",
      "geometry": {
        "type": "Point",
        "coordinates": [
          -10.279973,
          33.85826
        ]
      },
      "properties": {
        "id": "copy_text_14249",
        "name": "Crisio",
        "category": "settlement",
        "dataset": "tilea",
        "in_gazetteer": false,
        "type": null,
        "region": "Tilea",
        "province": null,
        "estate": null,
        "population": 112,
        "population_estimated": true,
        "size_category": 1,
        "trade": null,
        "source": null,
        "tags": [],
        "notes": [],
        "history": {
          "province_2512": null,
          "province_2276": null,
          "ruler_2515": null,
          "ruler_2512": null,
          "ruler_2276": null
        },
        "wiki": {
          "title": null,
          "url": null,
          "description": null,
          "image": null
        },
        "svg_layer": "Tilea"
      }
    },
    {
      "type": "Feature",
      "id": "copy_text_14250",
      "geometry": {
        "type": "Point",
        "coordinates": [
          -9.684962,
          33.396064
        ]
      },
      "properties": {
        "id": "copy_text_14250",
        "name": "Cominterni",
        "category": "settlement",
        "dataset": "tilea",
        "in_gazetteer": false,
        "type": null,
        "region": "Tilea",
        "province": null,
        "estate": null,
        "population": 269,
        "population_estimated": true,
        "size_category": 1,
        "trade": null,
        "source": null,
        "tags": [],
        "notes": [],
        "history": {
          "province_2512": null,
          "province_2276": null,
          "ruler_2515": null,
          "ruler_2512": null,
          "ruler_2276": null
        },
        "wiki": {
          "title": null,
          "url": null,
          "description": null,
          "image": null
        },
        "svg_layer": "Tilea"
      }
    },
    {
      "type": "Feature",
      "id": "copy_text_14251",
      "geometry": {
        "type": "Point",
        "coordinates": [
          -10.696595,
          33.471565
        ]
      },
      "properties": {
        "id": "copy_text_14251",
        "name": "Angelso",
        "category": "settlement",
        "dataset": "tilea",
        "in_gazetteer": false,
        "type": null,
        "region": "Tilea",
        "province": null,
        "estate": null,
        "population": 167,
        "population_estimated": true,
        "size_category": 1,
        "trade": null,
        "source": null,
        "tags": [],
        "notes": [],
        "history": {
          "province_2512": null,
          "province_2276": null,
          "ruler_2515": null,
          "ruler_2512": null,
          "ruler_2276": null
        },
        "wiki": {
          "title": null,
          "url": null,
          "description": null,
          "image": null
        },
        "svg_layer": "Tilea"
      }
    },
    {
      "type": "Feature",
      "id": "copy_text_14252",
      "geometry": {
        "type": "Point",
        "coordinates": [
          -10.673577,
          33.744092
        ]
      },
      "properties": {
        "id": "copy_text_14252",
        "name": "Comitato",
        "category": "settlement",
        "dataset": "tilea",
        "in_gazetteer": false,
        "type": null,
        "region": "Tilea",
        "province": null,
        "estate": null,
        "population": 88,
        "population_estimated": true,
        "size_category": 1,
        "trade": null,
        "source": null,
        "tags": [],
        "notes": [],
        "history": {
          "province_2512": null,
          "province_2276": null,
          "ruler_2515": null,
          "ruler_2512": null,
          "ruler_2276": null
        },
        "wiki": {
          "title": null,
          "url": null,
          "description": null,
          "image": null
        },
        "svg_layer": "Tilea"
      }
    },
    {
      "type": "Feature",
      "id": "copy_text_14253",
      "geometry": {
        "type": "Point",
        "coordinates": [
          -10.11112,
          40.249053
        ]
      },
      "properties": {
        "id": "copy_text_14253",
        "name": "Agosta",
        "category": "settlement",
        "dataset": "tilea",
        "in_gazetteer": true,
        "type": null,
        "region": "Tilea",
        "province": "Tobaro",
        "estate": null,
        "population": 2201,
        "population_estimated": false,
        "size_category": 3,
        "trade": null,
        "source": "Spears of the Maiden Tilea Sourcebook (unofficial)",
        "tags": [],
        "notes": [],
        "history": {
          "province_2512": null,
          "province_2276": null,
          "ruler_2515": null,
          "ruler_2512": null,
          "ruler_2276": null
        },
        "wiki": {
          "title": null,
          "url": null,
          "description": null,
          "image": null
        },
        "svg_layer": "Tilea"
      }
    },
    {
      "type": "Feature",
      "id": "copy_text_14254",
      "geometry": {
        "type": "Point",
        "coordinates": [
          -6.290988,
          37.424179
        ]
      },
      "properties": {
        "id": "copy_text_14254",
        "name": "Alcatani",
        "category": "settlement",
        "dataset": "tilea",
        "in_gazetteer": true,
        "type": null,
        "region": "Tilea",
        "province": "Remas",
        "estate": null,
        "population": 312,
        "population_estimated": false,
        "size_category": 2,
        "trade": null,
        "source": "Warhammer Fantasy Roleplay 4e: Up in Arms",
        "tags": [],
        "notes": [
          "82"
        ],
        "history": {
          "province_2512": null,
          "province_2276": null,
          "ruler_2515": null,
          "ruler_2512": null,
          "ruler_2276": null
        },
        "wiki": {
          "title": "Alcatani",
          "url": "https://warhammerfantasy.fandom.com/wiki/Alcatani",
          "description": "Alcatani is a poor Tilean hamlet but rich with apples, citrus, vines and olive trees that was once administered by the landowner Roderigo Delmonte. Alcatani's orchards were razed to the ground by the mercenary general, El Cadavo during the 20th century IC. This threw the formerly wealthy Roderigo into poverty, pushing him to become a mercenary along with his workforce, thus forming the renowned Alcatani Fellowship mercenary company.",
          "image": "https://static.wikia.nocookie.net/warhammerfb/images/8/81/Reman_domains.png/revision/latest?cb=20250218083422"
        },
        "svg_layer": "Tilea"
      }
    },
    {
      "type": "Feature",
      "id": "copy_text_14255",
      "geometry": {
        "type": "Point",
        "coordinates": [
          1.304009,
          41.453742
        ]
      },
      "properties": {
        "id": "copy_text_14255",
        "name": "Alimento",
        "category": "settlement",
        "dataset": "tilea",
        "in_gazetteer": true,
        "type": null,
        "region": "Tilea",
        "province": "Miragliano",
        "estate": null,
        "population": 4330,
        "population_estimated": false,
        "size_category": 4,
        "trade": null,
        "source": "Warhammer: The Old World",
        "tags": [],
        "notes": [],
        "history": {
          "province_2512": null,
          "province_2276": null,
          "ruler_2515": null,
          "ruler_2512": null,
          "ruler_2276": null
        },
        "wiki": {
          "title": "Alimento",
          "url": "https://warhammerfantasy.fandom.com/wiki/Alimento",
          "description": "Alimento is a Tilean cavern-town under the Principality of Miragliano, more specifically positioned in the middle of the Alimento Tunnel under The Vaults. Many adventurers among which the famous mercenaries Gotrek and Felix, have heard of an ancient treasure hidden somewhere In the dwarven ruins beneath what Is now Alimento. Rumours speak about a hidden passage, age-old traps and infiltrating Skaven.",
          "image": "https://static.wikia.nocookie.net/warhammerfb/images/d/d9/River_of_Echoes_v2.png/revision/latest?cb=20210430091213"
        },
        "svg_layer": "Tilea"
      }
    },
    {
      "type": "Feature",
      "id": "copy_text_14256",
      "geometry": {
        "type": "Point",
        "coordinates": [
          -4.952503,
          37.15349
        ]
      },
      "properties": {
        "id": "copy_text_14256",
        "name": "Alvazzo",
        "category": "settlement",
        "dataset": "tilea",
        "in_gazetteer": true,
        "type": null,
        "region": "Tilea",
        "province": null,
        "estate": null,
        "population": 3119,
        "population_estimated": false,
        "size_category": 4,
        "trade": null,
        "source": null,
        "tags": [],
        "notes": [],
        "history": {
          "province_2512": null,
          "province_2276": null,
          "ruler_2515": null,
          "ruler_2512": null,
          "ruler_2276": null
        },
        "wiki": {
          "title": "Alvazzo",
          "url": "https://warhammerfantasy.fandom.com/wiki/Alvazzo",
          "description": "Alvazzo is either a Tilean or Border Princes fort located near the Apuccini Mountains foothills that was once ruled by the Duke of Alvazzo.",
          "image": "https://static.wikia.nocookie.net/warhammerfb/images/6/69/Tilea1111111.jpg/revision/latest?cb=20131024184643"
        },
        "svg_layer": "Tilea"
      }
    },
    {
      "type": "Feature",
      "id": "copy_text_14257",
      "geometry": {
        "type": "Point",
        "coordinates": [
          -9.161487,
          34.543587
        ]
      },
      "properties": {
        "id": "copy_text_14257",
        "name": "Anducci",
        "category": "settlement",
        "dataset": "tilea",
        "in_gazetteer": true,
        "type": null,
        "region": "Tilea",
        "province": "Luccini",
        "estate": null,
        "population": 327,
        "population_estimated": false,
        "size_category": 2,
        "trade": null,
        "source": "Warhammer Fantasy Roleplay 4e: Up in Arms",
        "tags": [],
        "notes": [
          "88"
        ],
        "history": {
          "province_2512": null,
          "province_2276": null,
          "ruler_2515": null,
          "ruler_2512": null,
          "ruler_2276": null
        },
        "wiki": {
          "title": "Anducci",
          "url": "https://warhammerfantasy.fandom.com/wiki/Anducci",
          "description": "Anducci is a poor Tilean hamlet on the Tilean Sea within the domain of the Principality of Luccini. In the past, Dark Elven Shades from the Black Ark Tower of Oblivion stole all the children of the village during the night. Afterwards, the Black Ark's commander, Randelle Doomwhisper, ransomed them back to their parents.",
          "image": "https://static.wikia.nocookie.net/warhammerfb/images/5/50/Luccinian_domain.png/revision/latest?cb=20250208083543"
        },
        "svg_layer": "Tilea"
      }
    },
    {
      "type": "Feature",
      "id": "copy_text_14258",
      "geometry": {
        "type": "Point",
        "coordinates": [
          -4.196368,
          41.262628
        ]
      },
      "properties": {
        "id": "copy_text_14258",
        "name": "Apesto",
        "category": "settlement",
        "dataset": "tilea",
        "in_gazetteer": true,
        "type": null,
        "region": "Tilea",
        "province": null,
        "estate": null,
        "population": 2716,
        "population_estimated": false,
        "size_category": 3,
        "trade": null,
        "source": null,
        "tags": [],
        "notes": [],
        "history": {
          "province_2512": null,
          "province_2276": null,
          "ruler_2515": null,
          "ruler_2512": null,
          "ruler_2276": null
        },
        "wiki": {
          "title": "Apesto",
          "url": "https://warhammerfantasy.fandom.com/wiki/Apesto",
          "description": "Apesto is an ancient Tilean town. The town was saved from a series of terrible earthquakes by the late and respected Master Chanter Alric, \"the Saviour of Apesto.\" Alric was aided in the ritual to stop the earthquakes by two other wizards from the Light Order, Apprentice Steiger and Brother Hetzer.",
          "image": "https://static.wikia.nocookie.net/warhammerfb/images/2/2e/Tilea1.jpg/revision/latest?cb=20170627022144"
        },
        "svg_layer": "Tilea"
      }
    },
    {
      "type": "Feature",
      "id": "copy_text_14259",
      "geometry": {
        "type": "Point",
        "coordinates": [
          -3.736889,
          40.598433
        ]
      },
      "properties": {
        "id": "copy_text_14259",
        "name": "Amato",
        "category": "settlement",
        "dataset": "tilea",
        "in_gazetteer": true,
        "type": null,
        "region": "Tilea",
        "province": "Miragliano",
        "estate": null,
        "population": 512,
        "population_estimated": false,
        "size_category": 2,
        "trade": null,
        "source": "Warhammer Fantasy Roleplay 4e: Up in Arms",
        "tags": [],
        "notes": [
          "260"
        ],
        "history": {
          "province_2512": null,
          "province_2276": null,
          "ruler_2515": null,
          "ruler_2512": null,
          "ruler_2276": null
        },
        "wiki": {
          "title": "Amato",
          "url": "https://warhammerfantasy.fandom.com/wiki/Amato",
          "description": "Amato is a poor Tilean hamlet in the Principality of Miragliano. Its known to be always blessed by clean springs. The early Tileans were lucky that their lands remained largely free of monstrous creatures but in 475 IC a vast horde of Orcs and Goblins invaded from the east.",
          "image": "https://static.wikia.nocookie.net/warhammerfb/images/1/1e/Miragliano_2300_IC.png/revision/latest?cb=20250218124555"
        },
        "svg_layer": "Tilea"
      }
    },
    {
      "type": "Feature",
      "id": "copy_text_14260",
      "geometry": {
        "type": "Point",
        "coordinates": [
          -5.414742,
          38.018847
        ]
      },
      "properties": {
        "id": "copy_text_14260",
        "name": "Beronna",
        "category": "settlement",
        "dataset": "tilea",
        "in_gazetteer": true,
        "type": null,
        "region": "Tilea",
        "province": "Pavona",
        "estate": null,
        "population": 1821,
        "population_estimated": false,
        "size_category": 3,
        "trade": null,
        "source": null,
        "tags": [],
        "notes": [],
        "history": {
          "province_2512": null,
          "province_2276": null,
          "ruler_2515": null,
          "ruler_2512": null,
          "ruler_2276": null
        },
        "wiki": {
          "title": "Beronna",
          "url": "https://warhammerfantasy.fandom.com/wiki/Beronna",
          "description": "Beronna is a town of the sunny land of Tilea in the Old World. Beronna is likely located near Pavona. During the End Times a trio of Stormfiends known as the Blackfire Warpack set half the town alight, as they strode down the street with arms outstretched, their Warpfire Throwers blasting out on either side.",
          "image": "https://static.wikia.nocookie.net/warhammerfb/images/2/2e/Tilea1.jpg/revision/latest?cb=20170627022144"
        },
        "svg_layer": "Tilea"
      }
    },
    {
      "type": "Feature",
      "id": "copy_text_14261",
      "geometry": {
        "type": "Point",
        "coordinates": [
          -3.68325,
          39.252141
        ]
      },
      "properties": {
        "id": "copy_text_14261",
        "name": "Aquilla",
        "category": "settlement",
        "dataset": "tilea",
        "in_gazetteer": false,
        "type": null,
        "region": "Tilea",
        "province": null,
        "estate": null,
        "population": 250,
        "population_estimated": true,
        "size_category": 1,
        "trade": null,
        "source": null,
        "tags": [],
        "notes": [],
        "history": {
          "province_2512": null,
          "province_2276": null,
          "ruler_2515": null,
          "ruler_2512": null,
          "ruler_2276": null
        },
        "wiki": {
          "title": null,
          "url": null,
          "description": null,
          "image": null
        },
        "svg_layer": "Tilea"
      }
    },
    {
      "type": "Feature",
      "id": "copy_text_14262",
      "geometry": {
        "type": "Point",
        "coordinates": [
          -3.637398,
          39.10218
        ]
      },
      "properties": {
        "id": "copy_text_14262",
        "name": "Punto",
        "category": "settlement",
        "dataset": "tilea",
        "in_gazetteer": false,
        "type": null,
        "region": "Tilea",
        "province": null,
        "estate": null,
        "population": 132,
        "population_estimated": true,
        "size_category": 1,
        "trade": null,
        "source": null,
        "tags": [],
        "notes": [],
        "history": {
          "province_2512": null,
          "province_2276": null,
          "ruler_2515": null,
          "ruler_2512": null,
          "ruler_2276": null
        },
        "wiki": {
          "title": null,
          "url": null,
          "description": null,
          "image": null
        },
        "svg_layer": "Tilea"
      }
    },
    {
      "type": "Feature",
      "id": "copy_text_14263",
      "geometry": {
        "type": "Point",
        "coordinates": [
          -3.084012,
          39.12171
        ]
      },
      "properties": {
        "id": "copy_text_14263",
        "name": "Funo",
        "category": "settlement",
        "dataset": "tilea",
        "in_gazetteer": false,
        "type": null,
        "region": "Tilea",
        "province": null,
        "estate": null,
        "population": 385,
        "population_estimated": true,
        "size_category": 2,
        "trade": null,
        "source": null,
        "tags": [],
        "notes": [],
        "history": {
          "province_2512": null,
          "province_2276": null,
          "ruler_2515": null,
          "ruler_2512": null,
          "ruler_2276": null
        },
        "wiki": {
          "title": null,
          "url": null,
          "description": null,
          "image": null
        },
        "svg_layer": "Tilea"
      }
    },
    {
      "type": "Feature",
      "id": "copy_text_14264",
      "geometry": {
        "type": "Point",
        "coordinates": [
          -3.025419,
          39.244105
        ]
      },
      "properties": {
        "id": "copy_text_14264",
        "name": "Samore",
        "category": "settlement",
        "dataset": "tilea",
        "in_gazetteer": false,
        "type": null,
        "region": "Tilea",
        "province": null,
        "estate": null,
        "population": 114,
        "population_estimated": true,
        "size_category": 1,
        "trade": null,
        "source": null,
        "tags": [],
        "notes": [],
        "history": {
          "province_2512": null,
          "province_2276": null,
          "ruler_2515": null,
          "ruler_2512": null,
          "ruler_2276": null
        },
        "wiki": {
          "title": null,
          "url": null,
          "description": null,
          "image": null
        },
        "svg_layer": "Tilea"
      }
    },
    {
      "type": "Feature",
      "id": "copy_text_14265",
      "geometry": {
        "type": "Point",
        "coordinates": [
          -3.184924,
          39.425094
        ]
      },
      "properties": {
        "id": "copy_text_14265",
        "name": "Godo",
        "category": "settlement",
        "dataset": "tilea",
        "in_gazetteer": false,
        "type": null,
        "region": "Tilea",
        "province": null,
        "estate": null,
        "population": 530,
        "population_estimated": true,
        "size_category": 2,
        "trade": null,
        "source": null,
        "tags": [],
        "notes": [],
        "history": {
          "province_2512": null,
          "province_2276": null,
          "ruler_2515": null,
          "ruler_2512": null,
          "ruler_2276": null
        },
        "wiki": {
          "title": null,
          "url": null,
          "description": null,
          "image": null
        },
        "svg_layer": "Tilea"
      }
    },
    {
      "type": "Feature",
      "id": "copy_text_14266",
      "geometry": {
        "type": "Point",
        "coordinates": [
          -2.726273,
          38.966538
        ]
      },
      "properties": {
        "id": "copy_text_14266",
        "name": "Mensa",
        "category": "settlement",
        "dataset": "tilea",
        "in_gazetteer": false,
        "type": null,
        "region": "Tilea",
        "province": null,
        "estate": null,
        "population": 377,
        "population_estimated": true,
        "size_category": 2,
        "trade": null,
        "source": null,
        "tags": [],
        "notes": [],
        "history": {
          "province_2512": null,
          "province_2276": null,
          "ruler_2515": null,
          "ruler_2512": null,
          "ruler_2276": null
        },
        "wiki": {
          "title": null,
          "url": null,
          "description": null,
          "image": null
        },
        "svg_layer": "Tilea"
      }
    },
    {
      "type": "Feature",
      "id": "copy_text_14267",
      "geometry": {
        "type": "Point",
        "coordinates": [
          -3.012397,
          38.846972
        ]
      },
      "properties": {
        "id": "copy_text_14267",
        "name": "Calibro",
        "category": "settlement",
        "dataset": "tilea",
        "in_gazetteer": false,
        "type": null,
        "region": "Tilea",
        "province": null,
        "estate": null,
        "population": 126,
        "population_estimated": true,
        "size_category": 1,
        "trade": null,
        "source": null,
        "tags": [],
        "notes": [],
        "history": {
          "province_2512": null,
          "province_2276": null,
          "ruler_2515": null,
          "ruler_2512": null,
          "ruler_2276": null
        },
        "wiki": {
          "title": null,
          "url": null,
          "description": null,
          "image": null
        },
        "svg_layer": "Tilea"
      }
    },
    {
      "type": "Feature",
      "id": "copy_text_14268",
      "geometry": {
        "type": "Point",
        "coordinates": [
          -2.951025,
          38.679987
        ]
      },
      "properties": {
        "id": "copy_text_14268",
        "name": "Arsito",
        "category": "settlement",
        "dataset": "tilea",
        "in_gazetteer": false,
        "type": null,
        "region": "Tilea",
        "province": null,
        "estate": null,
        "population": 100,
        "population_estimated": true,
        "size_category": 1,
        "trade": null,
        "source": null,
        "tags": [],
        "notes": [],
        "history": {
          "province_2512": null,
          "province_2276": null,
          "ruler_2515": null,
          "ruler_2512": null,
          "ruler_2276": null
        },
        "wiki": {
          "title": null,
          "url": null,
          "description": null,
          "image": null
        },
        "svg_layer": "Tilea"
      }
    },
    {
      "type": "Feature",
      "id": "copy_text_14269",
      "geometry": {
        "type": "Point",
        "coordinates": [
          -2.944038,
          39.886034
        ]
      },
      "properties": {
        "id": "copy_text_14269",
        "name": "Bruccolia",
        "category": "settlement",
        "dataset": "tilea",
        "in_gazetteer": false,
        "type": null,
        "region": "Tilea",
        "province": null,
        "estate": null,
        "population": 136,
        "population_estimated": true,
        "size_category": 1,
        "trade": null,
        "source": null,
        "tags": [],
        "notes": [],
        "history": {
          "province_2512": null,
          "province_2276": null,
          "ruler_2515": null,
          "ruler_2512": null,
          "ruler_2276": null
        },
        "wiki": {
          "title": null,
          "url": null,
          "description": null,
          "image": null
        },
        "svg_layer": "Tilea"
      }
    },
    {
      "type": "Feature",
      "id": "copy_text_14270",
      "geometry": {
        "type": "Point",
        "coordinates": [
          -5.610054,
          38.708951
        ]
      },
      "properties": {
        "id": "copy_text_14270",
        "name": "Rugazzi",
        "category": "settlement",
        "dataset": "tilea",
        "in_gazetteer": false,
        "type": null,
        "region": "Tilea",
        "province": null,
        "estate": null,
        "population": 255,
        "population_estimated": true,
        "size_category": 1,
        "trade": null,
        "source": null,
        "tags": [],
        "notes": [],
        "history": {
          "province_2512": null,
          "province_2276": null,
          "ruler_2515": null,
          "ruler_2512": null,
          "ruler_2276": null
        },
        "wiki": {
          "title": null,
          "url": null,
          "description": null,
          "image": null
        },
        "svg_layer": "Tilea"
      }
    },
    {
      "type": "Feature",
      "id": "copy_text_14271",
      "geometry": {
        "type": "Point",
        "coordinates": [
          -4.853527,
          39.398185
        ]
      },
      "properties": {
        "id": "copy_text_14271",
        "name": "Castolino",
        "category": "settlement",
        "dataset": "tilea",
        "in_gazetteer": true,
        "type": null,
        "region": "Tilea",
        "province": "Trantio",
        "estate": null,
        "population": 1012,
        "population_estimated": false,
        "size_category": 3,
        "trade": null,
        "source": null,
        "tags": [],
        "notes": [],
        "history": {
          "province_2512": null,
          "province_2276": null,
          "ruler_2515": null,
          "ruler_2512": null,
          "ruler_2276": null
        },
        "wiki": {
          "title": "Castolino",
          "url": "https://warhammerfantasy.fandom.com/wiki/Castolino",
          "description": "Castolino is a town on the slopes of the Trantine Hills in the Tilean Principality of Trantio. During the siege of the town, the forces of the renegade Prince of Castolino Salvatore hurled themselves against the ancient walls of the town to reclaim his right to rule. During the ferocious siege even Torben Badenov 's mercenary band reclaimed part of the glory during the fight, even if for which side is unknown.",
          "image": "https://static.wikia.nocookie.net/warhammerfb/images/2/22/Trantio_domains.png/revision/latest?cb=20250218101837"
        },
        "svg_layer": "Tilea"
      }
    },
    {
      "type": "Feature",
      "id": "copy_text_14272",
      "geometry": {
        "type": "Point",
        "coordinates": [
          -6.376003,
          37.008623
        ]
      },
      "properties": {
        "id": "copy_text_14272",
        "name": "Spomanti",
        "category": "settlement",
        "dataset": "tilea",
        "in_gazetteer": true,
        "type": null,
        "region": "Tilea",
        "province": "Verezzo",
        "estate": null,
        "population": 293,
        "population_estimated": false,
        "size_category": 1,
        "trade": null,
        "source": "Alfred \"MadAlfred\" Nuñez Jr. (unofficial)",
        "tags": [],
        "notes": [],
        "history": {
          "province_2512": null,
          "province_2276": null,
          "ruler_2515": null,
          "ruler_2512": null,
          "ruler_2276": null
        },
        "wiki": {
          "title": "Spomanti",
          "url": "https://warhammerfantasy.fandom.com/wiki/Spomanti",
          "description": "Spomanti is a town of the Republic of Remas located in the interior of central Tilea. The settlement was built near the stream of the River Riati which connects it to Verezzo, Terenne and Remas.",
          "image": "https://static.wikia.nocookie.net/warhammerfb/images/8/81/Reman_domains.png/revision/latest?cb=20250218083422"
        },
        "svg_layer": "Tilea"
      }
    },
    {
      "type": "Feature",
      "id": "copy_text_14273",
      "geometry": {
        "type": "Point",
        "coordinates": [
          -6.351091,
          38.99807
        ]
      },
      "properties": {
        "id": "copy_text_14273",
        "name": "Ciarascura",
        "category": "settlement",
        "dataset": "tilea",
        "in_gazetteer": true,
        "type": null,
        "region": "Tilea",
        "province": "Remas",
        "estate": null,
        "population": 2912,
        "population_estimated": false,
        "size_category": 3,
        "trade": null,
        "source": "Warhammer Fantasy Roleplay 4e: Up in Arms",
        "tags": [],
        "notes": [
          "445"
        ],
        "history": {
          "province_2512": null,
          "province_2276": null,
          "ruler_2515": null,
          "ruler_2512": null,
          "ruler_2276": null
        },
        "wiki": {
          "title": "Ciarascura",
          "url": "https://warhammerfantasy.fandom.com/wiki/Ciarascura",
          "description": "Ciarascura is a bustling Tilean town of the Republic of Remas. The town is home to an old, bent tower commanded by the tyrannical Castellan Dellecta. The town was besieged by a mercenary army in the service of the city-state of Remas.",
          "image": "https://static.wikia.nocookie.net/warhammerfb/images/8/81/Reman_domains.png/revision/latest?cb=20250218083422"
        },
        "svg_layer": "Tilea"
      }
    },
    {
      "type": "Feature",
      "id": "copy_text_14274",
      "geometry": {
        "type": "Point",
        "coordinates": [
          -6.065661,
          41.358743
        ]
      },
      "properties": {
        "id": "copy_text_14274",
        "name": "Decimas",
        "category": "settlement",
        "dataset": "tilea",
        "in_gazetteer": true,
        "type": null,
        "region": "Tilea",
        "province": "Miragliano",
        "estate": null,
        "population": 663,
        "population_estimated": false,
        "size_category": 2,
        "trade": null,
        "source": null,
        "tags": [],
        "notes": [],
        "history": {
          "province_2512": null,
          "province_2276": null,
          "ruler_2515": null,
          "ruler_2512": null,
          "ruler_2276": null
        },
        "wiki": {
          "title": "Decimas",
          "url": "https://warhammerfantasy.fandom.com/wiki/Decimas",
          "description": "Decimas is a small Tilean village north of the city-state of Miragliano.",
          "image": null
        },
        "svg_layer": "Tilea"
      }
    },
    {
      "type": "Feature",
      "id": "copy_text_14275",
      "geometry": {
        "type": "Point",
        "coordinates": [
          -5.875354,
          39.005824
        ]
      },
      "properties": {
        "id": "copy_text_14275",
        "name": "Dumio",
        "category": "settlement",
        "dataset": "tilea",
        "in_gazetteer": false,
        "type": null,
        "region": "Tilea",
        "province": null,
        "estate": null,
        "population": 97,
        "population_estimated": true,
        "size_category": 1,
        "trade": null,
        "source": null,
        "tags": [],
        "notes": [],
        "history": {
          "province_2512": null,
          "province_2276": null,
          "ruler_2515": null,
          "ruler_2512": null,
          "ruler_2276": null
        },
        "wiki": {
          "title": null,
          "url": null,
          "description": null,
          "image": null
        },
        "svg_layer": "Tilea"
      }
    },
    {
      "type": "Feature",
      "id": "copy_text_14276",
      "geometry": {
        "type": "Point",
        "coordinates": [
          -5.184982,
          39.491179
        ]
      },
      "properties": {
        "id": "copy_text_14276",
        "name": "Ducieso",
        "category": "settlement",
        "dataset": "tilea",
        "in_gazetteer": true,
        "type": null,
        "region": "Tilea",
        "province": "Trantio",
        "estate": null,
        "population": 12481,
        "population_estimated": false,
        "size_category": 4,
        "trade": null,
        "source": "Warhammer Fantasy Roleplay 4e: Up in Arms",
        "tags": [],
        "notes": [
          "12500"
        ],
        "history": {
          "province_2512": null,
          "province_2276": null,
          "ruler_2515": null,
          "ruler_2512": null,
          "ruler_2276": null
        },
        "wiki": {
          "title": "Ducieso",
          "url": "https://warhammerfantasy.fandom.com/wiki/Ducieso",
          "description": "Ducieso is a quiet Tilean town in the Trantine Hills near the city-state of Trantio, famed for its skillful stonecutters and for the strange disappearance of its prince, Frenzo Badolphus, a gifted astronomer and astromancer.",
          "image": "https://static.wikia.nocookie.net/warhammerfb/images/2/22/Trantio_domains.png/revision/latest?cb=20250218101837"
        },
        "svg_layer": "Tilea"
      }
    },
    {
      "type": "Feature",
      "id": "copy_text_14277",
      "geometry": {
        "type": "Point",
        "coordinates": [
          -8.170276,
          34.823531
        ]
      },
      "properties": {
        "id": "copy_text_14277",
        "name": "Escantos",
        "category": "settlement",
        "dataset": "tilea",
        "in_gazetteer": true,
        "type": null,
        "region": "Tilea",
        "province": null,
        "estate": null,
        "population": 127,
        "population_estimated": false,
        "size_category": 1,
        "trade": null,
        "source": null,
        "tags": [],
        "notes": [],
        "history": {
          "province_2512": null,
          "province_2276": null,
          "ruler_2515": null,
          "ruler_2512": null,
          "ruler_2276": null
        },
        "wiki": {
          "title": "Escantos",
          "url": "https://warhammerfantasy.fandom.com/wiki/Escantos",
          "description": "The city of Escantos in southern Tilea was completely destroyed by rats in 1601 IC.",
          "image": null
        },
        "svg_layer": "Tilea"
      }
    },
    {
      "type": "Feature",
      "id": "copy_text_14278",
      "geometry": {
        "type": "Point",
        "coordinates": [
          -6.337593,
          41.387334
        ]
      },
      "properties": {
        "id": "copy_text_14278",
        "name": "Etobrutti",
        "category": "settlement",
        "dataset": "tilea",
        "in_gazetteer": true,
        "type": null,
        "region": "Tilea",
        "province": "Miragliano",
        "estate": null,
        "population": 955,
        "population_estimated": false,
        "size_category": 3,
        "trade": null,
        "source": "Warhammer Fantasy Roleplay 4e: Up in Arms",
        "tags": [],
        "notes": [
          "275"
        ],
        "history": {
          "province_2512": null,
          "province_2276": null,
          "ruler_2515": null,
          "ruler_2512": null,
          "ruler_2276": null
        },
        "wiki": {
          "title": "Etobrutti",
          "url": "https://warhammerfantasy.fandom.com/wiki/Etobrutti",
          "description": "Etobrutti is a poor hamlet under the influence of the Principality of Miragliano, and once protected by the Principality of Pavona in Tilea. It was the site of the battle of Etobrutti, where the forces of Pavona defeated those of Verezzo.",
          "image": "https://static.wikia.nocookie.net/warhammerfb/images/1/1e/Miragliano_2300_IC.png/revision/latest?cb=20250218124555"
        },
        "svg_layer": "Tilea"
      }
    },
    {
      "type": "Feature",
      "id": "copy_text_14279",
      "geometry": {
        "type": "Point",
        "coordinates": [
          -4.711617,
          37.484989
        ]
      },
      "properties": {
        "id": "copy_text_14279",
        "name": "Lambrusco",
        "category": "settlement",
        "dataset": "tilea",
        "in_gazetteer": true,
        "type": null,
        "region": "Tilea",
        "province": "Pavona",
        "estate": null,
        "population": 2381,
        "population_estimated": false,
        "size_category": 3,
        "trade": null,
        "source": "Warhammer Fantasy Roleplay 4e: Up in Arms",
        "tags": [],
        "notes": [
          "256"
        ],
        "history": {
          "province_2512": null,
          "province_2276": null,
          "ruler_2515": null,
          "ruler_2512": null,
          "ruler_2276": null
        },
        "wiki": {
          "title": "Lumbrusco",
          "url": "https://warhammerfantasy.fandom.com/wiki/Lumbrusco",
          "description": "Lumbrusco, sometimes spelled Lambrusco, was once a Tilean city-state located near the Apuccini Mountains. It was ruled by Duke Fabriano of Lumbrusco.",
          "image": null
        },
        "svg_layer": "Tilea"
      }
    },
    {
      "type": "Feature",
      "id": "copy_text_14280",
      "geometry": {
        "type": "Point",
        "coordinates": [
          -9.928951,
          41.102424
        ]
      },
      "properties": {
        "id": "copy_text_14280",
        "name": "Molto",
        "category": "settlement",
        "dataset": "tilea",
        "in_gazetteer": true,
        "type": null,
        "region": "Tilea",
        "province": "Tobaro",
        "estate": null,
        "population": 881,
        "population_estimated": false,
        "size_category": 2,
        "trade": null,
        "source": null,
        "tags": [],
        "notes": [],
        "history": {
          "province_2512": null,
          "province_2276": null,
          "ruler_2515": null,
          "ruler_2512": null,
          "ruler_2276": null
        },
        "wiki": {
          "title": "Molto",
          "url": "https://warhammerfantasy.fandom.com/wiki/Molto",
          "description": "The location of the city-state of Tobaro among the Isles of the Sirens in north-western Tilea. The neighbourhoods of the Tilean city-state of Tobaro have their own sub-regions and those of the Trafuro are particularly varied. There are communities that dwell somewhat beyond the protection of Tobaro, and one of these is Molto.",
          "image": "https://static.wikia.nocookie.net/warhammerfb/images/8/8e/Warhammer_Tobaro.png/revision/latest?cb=20170220090421"
        },
        "svg_layer": "Tilea"
      }
    },
    {
      "type": "Feature",
      "id": "copy_text_14281",
      "geometry": {
        "type": "Point",
        "coordinates": [
          -6.627402,
          41.14138
        ]
      },
      "properties": {
        "id": "copy_text_14281",
        "name": "Montorri",
        "category": "settlement",
        "dataset": "tilea",
        "in_gazetteer": true,
        "type": null,
        "region": "Tilea",
        "province": "Miragliano",
        "estate": null,
        "population": 744,
        "population_estimated": false,
        "size_category": 2,
        "trade": null,
        "source": null,
        "tags": [],
        "notes": [],
        "history": {
          "province_2512": null,
          "province_2276": null,
          "ruler_2515": null,
          "ruler_2512": null,
          "ruler_2276": null
        },
        "wiki": {
          "title": "Montorri",
          "url": "https://warhammerfantasy.fandom.com/wiki/Montorri",
          "description": "Montorri is a small Tilean village not far from Miragliano. The thief Riano 's uncle lived here.",
          "image": "https://static.wikia.nocookie.net/warhammerfb/images/2/2e/Tilea1.jpg/revision/latest?cb=20170627022144"
        },
        "svg_layer": "Tilea"
      }
    },
    {
      "type": "Feature",
      "id": "copy_text_14282",
      "geometry": {
        "type": "Point",
        "coordinates": [
          -5.894282,
          41.261252
        ]
      },
      "properties": {
        "id": "copy_text_14282",
        "name": "Morrana",
        "category": "settlement",
        "dataset": "tilea",
        "in_gazetteer": false,
        "type": null,
        "region": "Tilea",
        "province": null,
        "estate": null,
        "population": 125,
        "population_estimated": true,
        "size_category": 1,
        "trade": null,
        "source": null,
        "tags": [],
        "notes": [],
        "history": {
          "province_2512": null,
          "province_2276": null,
          "ruler_2515": null,
          "ruler_2512": null,
          "ruler_2276": null
        },
        "wiki": {
          "title": null,
          "url": null,
          "description": null,
          "image": null
        },
        "svg_layer": "Tilea"
      }
    },
    {
      "type": "Feature",
      "id": "copy_text_14283",
      "geometry": {
        "type": "Point",
        "coordinates": [
          -6.259914,
          38.973738
        ]
      },
      "properties": {
        "id": "copy_text_14283",
        "name": "Motta Zorella",
        "category": "settlement",
        "dataset": "tilea",
        "in_gazetteer": true,
        "type": null,
        "region": "Tilea",
        "province": "Remas",
        "estate": null,
        "population": 930,
        "population_estimated": false,
        "size_category": 3,
        "trade": null,
        "source": "Warhammer Fantasy Roleplay 4e: Up in Arms",
        "tags": [],
        "notes": [
          "330"
        ],
        "history": {
          "province_2512": null,
          "province_2276": null,
          "ruler_2515": null,
          "ruler_2512": null,
          "ruler_2276": null
        },
        "wiki": {
          "title": "Motta Zorella",
          "url": "https://warhammerfantasy.fandom.com/wiki/Motta_Zorella",
          "description": "Motta Zorella is a simple Tilean villagge under the Republic of Remas. The battle of Motta Zorella was the first conflict were the Birdmen of Catrazza were employed. They achieved victory by attacking the enemy general from the air and dragging them into captivity without his army being able to prevent them.",
          "image": "https://static.wikia.nocookie.net/warhammerfb/images/8/81/Reman_domains.png/revision/latest?cb=20250218083422"
        },
        "svg_layer": "Tilea"
      }
    },
    {
      "type": "Feature",
      "id": "copy_text_14284",
      "geometry": {
        "type": "Point",
        "coordinates": [
          -7.937528,
          37.320928
        ]
      },
      "properties": {
        "id": "copy_text_14284",
        "name": "Nonucci",
        "category": "settlement",
        "dataset": "tilea",
        "in_gazetteer": true,
        "type": null,
        "region": "Tilea",
        "province": "Verezzo",
        "estate": null,
        "population": 2616,
        "population_estimated": false,
        "size_category": 3,
        "trade": null,
        "source": "Warhammer Fantasy Roleplay 4e: Up in Arms",
        "tags": [],
        "notes": [
          "260"
        ],
        "history": {
          "province_2512": null,
          "province_2276": null,
          "ruler_2515": null,
          "ruler_2512": null,
          "ruler_2276": null
        },
        "wiki": {
          "title": "Nonucci",
          "url": "https://warhammerfantasy.fandom.com/wiki/Nonucci",
          "description": "A map of the Tilean Sea as depicted in Man O' War: Corsair. Each location's name matches those used in the game. The symbols depicting which faction is patrolling each area represents their positions in 2517 IC but are subject to minor changes as the game's campaign progresses. [Note 1]",
          "image": "https://static.wikia.nocookie.net/warhammerfb/images/b/b2/Verezzo_domains.png/revision/latest?cb=20250213193851"
        },
        "svg_layer": "Tilea"
      }
    },
    {
      "type": "Feature",
      "id": "copy_text_14285",
      "geometry": {
        "type": "Point",
        "coordinates": [
          -5.152697,
          37.822232
        ]
      },
      "properties": {
        "id": "copy_text_14285",
        "name": "Buccolia",
        "category": "settlement",
        "dataset": "tilea",
        "in_gazetteer": true,
        "type": null,
        "region": "Tilea",
        "province": "Pavona",
        "estate": null,
        "population": 467,
        "population_estimated": false,
        "size_category": 2,
        "trade": null,
        "source": "Warhammer Fantasy Roleplay 4e: Up in Arms",
        "tags": [],
        "notes": [
          "467"
        ],
        "history": {
          "province_2512": null,
          "province_2276": null,
          "ruler_2515": null,
          "ruler_2512": null,
          "ruler_2276": null
        },
        "wiki": {
          "title": "Buccolia",
          "url": "https://warhammerfantasy.fandom.com/wiki/Buccolia",
          "description": "The Tilean village of Buccolia is a small vine-growing community located in the valleys of the Apuccini Mountains within the domain of the city-state of Pavona.",
          "image": "https://static.wikia.nocookie.net/warhammerfb/images/2/28/Pavona%2C_the_Old_World_map.png/revision/latest?cb=20250417190358"
        },
        "svg_layer": "Tilea"
      }
    },
    {
      "type": "Feature",
      "id": "copy_text_14286",
      "geometry": {
        "type": "Point",
        "coordinates": [
          -5.181994,
          37.697232
        ]
      },
      "properties": {
        "id": "copy_text_14286",
        "name": "Organza",
        "category": "settlement",
        "dataset": "tilea",
        "in_gazetteer": true,
        "type": null,
        "region": "Tilea",
        "province": "Pavona",
        "estate": null,
        "population": 6502,
        "population_estimated": false,
        "size_category": 4,
        "trade": null,
        "source": "Warhammer Fantasy Roleplay 4e: Up in Arms",
        "tags": [],
        "notes": [
          "6500"
        ],
        "history": {
          "province_2512": null,
          "province_2276": null,
          "ruler_2515": null,
          "ruler_2512": null,
          "ruler_2276": null
        },
        "wiki": {
          "title": "Organza",
          "url": "https://warhammerfantasy.fandom.com/wiki/Organza",
          "description": "Located in the Apuccini Mountains, Organza is a city-state in Tilea ruled by a duke. Said duke tried to form an alliance with the nearby city of Lumbrusco, asking its ruler, Fabriano of Lumbrusco, to get rid of his most formidable and therefore unpredictable mercenary unit, the company of Ennio Mordini.",
          "image": "https://static.wikia.nocookie.net/warhammerfb/images/2/28/Pavona%2C_the_Old_World_map.png/revision/latest?cb=20250417190358"
        },
        "svg_layer": "Tilea"
      }
    },
    {
      "type": "Feature",
      "id": "copy_text_14287",
      "geometry": {
        "type": "Point",
        "coordinates": [
          -8.4665,
          35.063117
        ]
      },
      "properties": {
        "id": "copy_text_14287",
        "name": "Pattio",
        "category": "settlement",
        "dataset": "tilea",
        "in_gazetteer": true,
        "type": null,
        "region": "Tilea",
        "province": "Luccini",
        "estate": null,
        "population": 255,
        "population_estimated": false,
        "size_category": 1,
        "trade": null,
        "source": "Warhammer Fantasy Roleplay 4e: Up in Arms",
        "tags": [],
        "notes": [
          "250"
        ],
        "history": {
          "province_2512": null,
          "province_2276": null,
          "ruler_2515": null,
          "ruler_2512": null,
          "ruler_2276": null
        },
        "wiki": {
          "title": "Pattio",
          "url": "https://warhammerfantasy.fandom.com/wiki/Pattio",
          "description": "Pattio is a poor Tilean village of the Principality of Luccini located on the Tilean Sea. Pattio was the site of the Battle of Pattio where Bronzino's Galloper Guns were used in battle for the first time by Borgio the Besieger.",
          "image": "https://static.wikia.nocookie.net/warhammerfb/images/5/50/Luccinian_domain.png/revision/latest?cb=20250208083543"
        },
        "svg_layer": "Tilea"
      }
    },
    {
      "type": "Feature",
      "id": "copy_text_14288",
      "geometry": {
        "type": "Point",
        "coordinates": [
          -7.716988,
          36.209277
        ]
      },
      "properties": {
        "id": "copy_text_14288",
        "name": "Piacanca",
        "category": "settlement",
        "dataset": "tilea",
        "in_gazetteer": true,
        "type": null,
        "region": "Tilea",
        "province": null,
        "estate": null,
        "population": 1283,
        "population_estimated": false,
        "size_category": 3,
        "trade": null,
        "source": null,
        "tags": [],
        "notes": [],
        "history": {
          "province_2512": null,
          "province_2276": null,
          "ruler_2515": null,
          "ruler_2512": null,
          "ruler_2276": null
        },
        "wiki": {
          "title": "Piacanca",
          "url": "https://warhammerfantasy.fandom.com/wiki/Piacanca",
          "description": "Piacanca is a Tilean settlement. The latest shop of the unscrupulous merchant Alfredo Landi Naddeo, named simply Alfredo's, has been opened recently in Piacanca Plaza. The place is like a cavern, crammed with goods.",
          "image": "https://static.wikia.nocookie.net/warhammerfb/images/6/69/Tilea1111111.jpg/revision/latest?cb=20131024184643"
        },
        "svg_layer": "Tilea"
      }
    },
    {
      "type": "Feature",
      "id": "copy_text_14289",
      "geometry": {
        "type": "Point",
        "coordinates": [
          -6.86982,
          38.223273
        ]
      },
      "properties": {
        "id": "copy_text_14289",
        "name": "Piza",
        "category": "settlement",
        "dataset": "tilea",
        "in_gazetteer": true,
        "type": null,
        "region": "Tilea",
        "province": null,
        "estate": null,
        "population": 1182,
        "population_estimated": false,
        "size_category": 3,
        "trade": null,
        "source": null,
        "tags": [],
        "notes": [],
        "history": {
          "province_2512": null,
          "province_2276": null,
          "ruler_2515": null,
          "ruler_2512": null,
          "ruler_2276": null
        },
        "wiki": {
          "title": "Piza",
          "url": "https://warhammerfantasy.fandom.com/wiki/Piza",
          "description": "Piza was the site of a major battle in Tilea that was won by a mercenary general named Sandro, thanks to the military instructions of his advisor, Gossippa Lotta, she showed him how to properly use regiments of pikemen on the battlefield.",
          "image": null
        },
        "svg_layer": "Tilea"
      }
    },
    {
      "type": "Feature",
      "id": "copy_text_14290",
      "geometry": {
        "type": "Point",
        "coordinates": [
          -6.561023,
          41.312571
        ]
      },
      "properties": {
        "id": "copy_text_14290",
        "name": "Portomaggiore di Miragliano",
        "category": "settlement",
        "dataset": "tilea",
        "in_gazetteer": false,
        "type": null,
        "region": "Tilea",
        "province": null,
        "estate": null,
        "population": 112,
        "population_estimated": true,
        "size_category": 1,
        "trade": null,
        "source": null,
        "tags": [],
        "notes": [],
        "history": {
          "province_2512": null,
          "province_2276": null,
          "ruler_2515": null,
          "ruler_2512": null,
          "ruler_2276": null
        },
        "wiki": {
          "title": null,
          "url": null,
          "description": null,
          "image": null
        },
        "svg_layer": "Tilea"
      }
    },
    {
      "type": "Feature",
      "id": "copy_text_14291",
      "geometry": {
        "type": "Point",
        "coordinates": [
          -7.851595,
          36.24524
        ]
      },
      "properties": {
        "id": "copy_text_14291",
        "name": "Portomaggiore",
        "category": "settlement",
        "dataset": "tilea",
        "in_gazetteer": true,
        "type": null,
        "region": "Tilea",
        "province": "Verezzo",
        "estate": null,
        "population": 11825,
        "population_estimated": false,
        "size_category": 4,
        "trade": null,
        "source": "Alfred \"MadAlfred\" Nuñez Jr. (unofficial)",
        "tags": [],
        "notes": [],
        "history": {
          "province_2512": null,
          "province_2276": null,
          "ruler_2515": null,
          "ruler_2512": null,
          "ruler_2276": null
        },
        "wiki": {
          "title": "Portomaggiore",
          "url": "https://warhammerfantasy.fandom.com/wiki/Portomaggiore",
          "description": "Portomaggiore is a large port town of the Republic of Verezzo located on the Sea of Verezzo and serves as its primary outlet on the Tilean Sea. The Tilean Sea as depicted in Man O' War: Corsair. Each location's name matches those used in the game.",
          "image": "https://static.wikia.nocookie.net/warhammerfb/images/b/b2/Verezzo_domains.png/revision/latest?cb=20250213193851"
        },
        "svg_layer": "Tilea"
      }
    },
    {
      "type": "Feature",
      "id": "copy_text_14292",
      "geometry": {
        "type": "Point",
        "coordinates": [
          -6.26191,
          38.588506
        ]
      },
      "properties": {
        "id": "copy_text_14292",
        "name": "Riccotta",
        "category": "settlement",
        "dataset": "tilea",
        "in_gazetteer": true,
        "type": null,
        "region": "Tilea",
        "province": "Verezzo",
        "estate": null,
        "population": 910,
        "population_estimated": false,
        "size_category": 3,
        "trade": null,
        "source": "Warhammer Fantasy Roleplay 4e: Up in Arms",
        "tags": [],
        "notes": [
          "410"
        ],
        "history": {
          "province_2512": null,
          "province_2276": null,
          "ruler_2515": null,
          "ruler_2512": null,
          "ruler_2276": null
        },
        "wiki": {
          "title": "Riccotta",
          "url": "https://warhammerfantasy.fandom.com/wiki/Riccotta",
          "description": "Riccotta is a Tilean poor village. Riccotta is reknown for a siege, the defenders included Ogres and Halflings. Since Gossippa Lotta was of the opinion that they would eat twice, if not three times as much as the other mercenaries, she urged the ogres and halflings to get their extra rations, and supplies for the remaining defenders, from the besieging troops.",
          "image": "https://static.wikia.nocookie.net/warhammerfb/images/b/b2/Verezzo_domains.png/revision/latest?cb=20250213193851"
        },
        "svg_layer": "Tilea"
      }
    },
    {
      "type": "Feature",
      "id": "copy_text_14293",
      "geometry": {
        "type": "Point",
        "coordinates": [
          -6.195464,
          38.415785
        ]
      },
      "properties": {
        "id": "copy_text_14293",
        "name": "Scintio",
        "category": "settlement",
        "dataset": "tilea",
        "in_gazetteer": true,
        "type": null,
        "region": "Tilea",
        "province": "Remas",
        "estate": null,
        "population": 350,
        "population_estimated": false,
        "size_category": 2,
        "trade": null,
        "source": "Warhammer Fantasy Roleplay 4e: Up in Arms",
        "tags": [],
        "notes": [
          "350"
        ],
        "history": {
          "province_2512": null,
          "province_2276": null,
          "ruler_2515": null,
          "ruler_2512": null,
          "ruler_2276": null
        },
        "wiki": {
          "title": "Scintio",
          "url": "https://warhammerfantasy.fandom.com/wiki/Scintio",
          "description": "Scintio is an average village in Tilea under the Principality of Remas. The Alcatani Fellowship fought for its people when it was just a poor village in the 21th century, although the residents could not afford to pay them.",
          "image": "https://static.wikia.nocookie.net/warhammerfb/images/8/81/Reman_domains.png/revision/latest?cb=20250218083422"
        },
        "svg_layer": "Tilea"
      }
    },
    {
      "type": "Feature",
      "id": "copy_text_14294",
      "geometry": {
        "type": "Point",
        "coordinates": [
          -6.712628,
          41.20516
        ]
      },
      "properties": {
        "id": "copy_text_14294",
        "name": "Sileno",
        "category": "settlement",
        "dataset": "tilea",
        "in_gazetteer": true,
        "type": null,
        "region": "Tilea",
        "province": null,
        "estate": null,
        "population": 2371,
        "population_estimated": false,
        "size_category": 3,
        "trade": null,
        "source": null,
        "tags": [],
        "notes": [],
        "history": {
          "province_2512": null,
          "province_2276": null,
          "ruler_2515": null,
          "ruler_2512": null,
          "ruler_2276": null
        },
        "wiki": {
          "title": "Sileno",
          "url": "https://warhammerfantasy.fandom.com/wiki/Sileno",
          "description": "Sileno is a Tilean town that suffered from a failed Skaven attack later known as the Liberation of Sileno. During the battle, the mercenaries of Liotta's Legion played a vital role in defending the settlement.",
          "image": "https://static.wikia.nocookie.net/warhammerfb/images/2/2e/Tilea1.jpg/revision/latest?cb=20170627022144"
        },
        "svg_layer": "Tilea"
      }
    },
    {
      "type": "Feature",
      "id": "copy_text_14295",
      "geometry": {
        "type": "Point",
        "coordinates": [
          -5.18038,
          39.284938
        ]
      },
      "properties": {
        "id": "copy_text_14295",
        "name": "Terramorta",
        "category": "settlement",
        "dataset": "tilea",
        "in_gazetteer": true,
        "type": null,
        "region": "Tilea",
        "province": "Trantio",
        "estate": null,
        "population": 321,
        "population_estimated": false,
        "size_category": 2,
        "trade": null,
        "source": "Warhammer Fantasy Roleplay 4e: Up in Arms",
        "tags": [],
        "notes": [
          "92"
        ],
        "history": {
          "province_2512": null,
          "province_2276": null,
          "ruler_2515": null,
          "ruler_2512": null,
          "ruler_2276": null
        },
        "wiki": {
          "title": "Terramorta",
          "url": "https://warhammerfantasy.fandom.com/wiki/Terramorta",
          "description": "Terramorta is a poor Tilean hamlet of the Principality of Trantio and the site of a battle fought before Leopold's Leopard Company made a groundbreaking decision: they vowed to donate part of their income as mercenaries for the reconstruction of the Temple of Lucan and Luccina they had looted in their hometown of Luccini. Since then, the Leopards' luck in battles has become legendary.",
          "image": "https://static.wikia.nocookie.net/warhammerfb/images/2/22/Trantio_domains.png/revision/latest?cb=20250218101837"
        },
        "svg_layer": "Tilea"
      }
    },
    {
      "type": "Feature",
      "id": "copy_text_14296",
      "geometry": {
        "type": "Point",
        "coordinates": [
          -5.126287,
          39.810665
        ]
      },
      "properties": {
        "id": "copy_text_14296",
        "name": "Torrico",
        "category": "settlement",
        "dataset": "tilea",
        "in_gazetteer": true,
        "type": null,
        "region": "Tilea",
        "province": "Trantio",
        "estate": null,
        "population": 112,
        "population_estimated": false,
        "size_category": 1,
        "trade": null,
        "source": "Warhammer Fantasy Roleplay 4e: Up in Arms",
        "tags": [],
        "notes": [
          "80"
        ],
        "history": {
          "province_2512": null,
          "province_2276": null,
          "ruler_2515": null,
          "ruler_2512": null,
          "ruler_2276": null
        },
        "wiki": {
          "title": "Torrico",
          "url": "https://warhammerfantasy.fandom.com/wiki/Torrico",
          "description": "Torrico is a tipical village in the sunblessed land of Tilea under the influence of the Principality of Trantio. The infamous Hobgoblin mercenaries General Ghazak Khan made his name as the \"Butcher of Torrico Fields\" here. The Population is still recovering from his raids.",
          "image": "https://static.wikia.nocookie.net/warhammerfb/images/2/22/Trantio_domains.png/revision/latest?cb=20250218101837"
        },
        "svg_layer": "Tilea"
      }
    },
    {
      "type": "Feature",
      "id": "copy_text_14297",
      "geometry": {
        "type": "Point",
        "coordinates": [
          -5.202485,
          39.697117
        ]
      },
      "properties": {
        "id": "copy_text_14297",
        "name": "Varenna",
        "category": "settlement",
        "dataset": "tilea",
        "in_gazetteer": true,
        "type": null,
        "region": "Tilea",
        "province": "Trantio",
        "estate": null,
        "population": 1024,
        "population_estimated": false,
        "size_category": 3,
        "trade": null,
        "source": "Warhammer Fantasy Roleplay 4e: Up in Arms",
        "tags": [],
        "notes": [
          "390"
        ],
        "history": {
          "province_2512": null,
          "province_2276": null,
          "ruler_2515": null,
          "ruler_2512": null,
          "ruler_2276": null
        },
        "wiki": {
          "title": "Varenna",
          "url": "https://warhammerfantasy.fandom.com/wiki/Varenna",
          "description": "Varenna is a typical Tilean village near the city-state of Trantio that produces grain and wool, but its history is much older and more troubled than one might think. Varenna was originally a town in early Tilea that was destroyed during the Orc and Goblin incursions between 475 and 978 IC. According to legend, the defending mercenary general Justintine of Varenna was the first to come up with the idea of taking the army's treasures in a treasure chest onto the battlefield, as the walls of the town had collapsed as a result of an earthquake and the town could therefore not be held.",
          "image": "https://static.wikia.nocookie.net/warhammerfb/images/2/22/Trantio_domains.png/revision/latest?cb=20250218101837"
        },
        "svg_layer": "Tilea"
      }
    },
    {
      "type": "Feature",
      "id": "copy_text_14298",
      "geometry": {
        "type": "Point",
        "coordinates": [
          -6.50045,
          38.724227
        ]
      },
      "properties": {
        "id": "copy_text_14298",
        "name": "Vennia",
        "category": "settlement",
        "dataset": "tilea",
        "in_gazetteer": true,
        "type": null,
        "region": "Tilea",
        "province": "Remas",
        "estate": null,
        "population": 411,
        "population_estimated": false,
        "size_category": 2,
        "trade": null,
        "source": "Warhammer Fantasy Roleplay 4e: Up in Arms",
        "tags": [],
        "notes": [
          "84"
        ],
        "history": {
          "province_2512": null,
          "province_2276": null,
          "ruler_2515": null,
          "ruler_2512": null,
          "ruler_2276": null
        },
        "wiki": {
          "title": "Vennia",
          "url": "https://warhammerfantasy.fandom.com/wiki/Vennia",
          "description": "Vennia, also called Venni, is a poor Tilean village of the Republic of Remas. [Note 1] Vennia was the location of the so-called Battle of Villa Vennia, one of the three great battles which saw Borgio the Besieger defeat the forces of the city-state of Remas.",
          "image": "https://static.wikia.nocookie.net/warhammerfb/images/8/81/Reman_domains.png/revision/latest?cb=20250218083422"
        },
        "svg_layer": "Tilea"
      }
    },
    {
      "type": "Feature",
      "id": "copy_text_14299",
      "geometry": {
        "type": "Point",
        "coordinates": [
          -6.736957,
          36.662749
        ]
      },
      "properties": {
        "id": "copy_text_14299",
        "name": "Veddia",
        "category": "settlement",
        "dataset": "tilea",
        "in_gazetteer": true,
        "type": null,
        "region": "Tilea",
        "province": "Verezzo",
        "estate": null,
        "population": 566,
        "population_estimated": false,
        "size_category": 2,
        "trade": null,
        "source": "Warhammer Fantasy Roleplay 4e: Up in Arms",
        "tags": [],
        "notes": [
          "295"
        ],
        "history": {
          "province_2512": null,
          "province_2276": null,
          "ruler_2515": null,
          "ruler_2512": null,
          "ruler_2276": null
        },
        "wiki": {
          "title": "Veddia",
          "url": "https://warhammerfantasy.fandom.com/wiki/Veddia",
          "description": "Veddia is a poor Tilean hamlet, also known for the Veddia is renown as the location of the Battle of Via Veddia one of the three great battles which saw Prince Borgio the Besieger of Miragliano as the winner against his rival city-states of Tilea.",
          "image": "https://static.wikia.nocookie.net/warhammerfb/images/b/b2/Verezzo_domains.png/revision/latest?cb=20250213193851"
        },
        "svg_layer": "Tilea"
      }
    },
    {
      "type": "Feature",
      "id": "copy_text_14300",
      "geometry": {
        "type": "Point",
        "coordinates": [
          -5.492472,
          39.542215
        ]
      },
      "properties": {
        "id": "copy_text_14300",
        "name": "Viccia",
        "category": "settlement",
        "dataset": "tilea",
        "in_gazetteer": true,
        "type": null,
        "region": "Tilea",
        "province": "Trantio",
        "estate": null,
        "population": 916,
        "population_estimated": false,
        "size_category": 3,
        "trade": null,
        "source": "Warhammer Fantasy Roleplay 4e: Up in Arms",
        "tags": [],
        "notes": [
          "183"
        ],
        "history": {
          "province_2512": null,
          "province_2276": null,
          "ruler_2515": null,
          "ruler_2512": null,
          "ruler_2276": null
        },
        "wiki": {
          "title": "Viccia",
          "url": "https://warhammerfantasy.fandom.com/wiki/Viccia",
          "description": "Viccia is a poor Tilean hamlet of the Principality of Trantio. Viccia was the location of the Battle of Vittoria Viccia, one of the three great battles which saw Borgio the Besieger defeat the forces of the city-state of Trantio.",
          "image": "https://static.wikia.nocookie.net/warhammerfb/images/2/22/Trantio_domains.png/revision/latest?cb=20250218101837"
        },
        "svg_layer": "Tilea"
      }
    },
    {
      "type": "Feature",
      "id": "copy_text_14301",
      "geometry": {
        "type": "Point",
        "coordinates": [
          -4.552112,
          39.458949
        ]
      },
      "properties": {
        "id": "copy_text_14301",
        "name": "Vincia",
        "category": "settlement",
        "dataset": "tilea",
        "in_gazetteer": true,
        "type": null,
        "region": "Tilea",
        "province": "Trantio",
        "estate": null,
        "population": 1220,
        "population_estimated": false,
        "size_category": 3,
        "trade": null,
        "source": null,
        "tags": [],
        "notes": [],
        "history": {
          "province_2512": null,
          "province_2276": null,
          "ruler_2515": null,
          "ruler_2512": null,
          "ruler_2276": null
        },
        "wiki": {
          "title": "Villa da Vincia",
          "url": "https://warhammerfantasy.fandom.com/wiki/Villa_da_Vincia",
          "description": "Villa da Vincia is a Tilean hamlet placed on the edge of the Trantine Hills and the Appentine Forest, on the way to the city of Trantio. The area has suffered greatly from Beastmen raids to the point that the authorities have paid for entire mercenary armies to deal with the threat.",
          "image": "https://static.wikia.nocookie.net/warhammerfb/images/1/1a/Villa_da_Vincia_location.png/revision/latest?cb=20220618103202"
        },
        "svg_layer": "Tilea"
      }
    },
    {
      "type": "Feature",
      "id": "copy_text_14302",
      "geometry": {
        "type": "Point",
        "coordinates": [
          -6.6922,
          41.588026
        ]
      },
      "properties": {
        "id": "copy_text_14302",
        "name": "Zeluco",
        "category": "settlement",
        "dataset": "tilea",
        "in_gazetteer": true,
        "type": null,
        "region": "Tilea",
        "province": "Miragliano",
        "estate": null,
        "population": 1102,
        "population_estimated": false,
        "size_category": 3,
        "trade": null,
        "source": "Warhammer Fantasy Roleplay 4e: Up in Arms",
        "tags": [],
        "notes": [
          "500"
        ],
        "history": {
          "province_2512": null,
          "province_2276": null,
          "ruler_2515": null,
          "ruler_2512": null,
          "ruler_2276": null
        },
        "wiki": {
          "title": "Zeluco",
          "url": "https://warhammerfantasy.fandom.com/wiki/Zeluco",
          "description": "Zeluco, sometime spelled Zelucco, is a wealthy Tilean village of the Principality of Miragliano. It is known mainly for the fearsome and labyrinthine dungeons under Duce Montoni di Zeluco 's fortress.",
          "image": "https://static.wikia.nocookie.net/warhammerfb/images/1/1e/Miragliano_2300_IC.png/revision/latest?cb=20250218124555"
        },
        "svg_layer": "Tilea"
      }
    },
    {
      "type": "Feature",
      "id": "copy_text_14303",
      "geometry": {
        "type": "Point",
        "coordinates": [
          -7.213244,
          38.642541
        ]
      },
      "properties": {
        "id": "copy_text_14303",
        "name": "Zorastra",
        "category": "settlement",
        "dataset": "tilea",
        "in_gazetteer": true,
        "type": null,
        "region": "Tilea",
        "province": "Remas",
        "estate": null,
        "population": 6712,
        "population_estimated": false,
        "size_category": 4,
        "trade": null,
        "source": "Warhammer Fantasy Roleplay 4e: Up in Arms",
        "tags": [],
        "notes": [
          "6250"
        ],
        "history": {
          "province_2512": null,
          "province_2276": null,
          "ruler_2515": null,
          "ruler_2512": null,
          "ruler_2276": null
        },
        "wiki": {
          "title": "Zorastra",
          "url": "https://warhammerfantasy.fandom.com/wiki/Zorastra",
          "description": "Zorastra is a vitalic port town of Tilea that is part of the domain of the city-state of Remas and is famed for its sea defences. In 1722 IC the plague fleet of the Chaos Champion Egarl Bloodhard besieged the town, but was kept at bay by the excellent sea defences protecting the port. Inspired by Nurgle, the fleet's shamans fed plague-ridden meat to seabirds that nested in the city, and soon Zorastra suffered an outbreak of disease.",
          "image": "https://static.wikia.nocookie.net/warhammerfb/images/8/81/Reman_domains.png/revision/latest?cb=20250218083422"
        },
        "svg_layer": "Tilea"
      }
    },
    {
      "type": "Feature",
      "id": "copy_text_14304",
      "geometry": {
        "type": "Point",
        "coordinates": [
          -3.208905,
          41.39521
        ]
      },
      "properties": {
        "id": "copy_text_14304",
        "name": "Novalone",
        "category": "settlement",
        "dataset": "tilea",
        "in_gazetteer": false,
        "type": null,
        "region": "Tilea",
        "province": null,
        "estate": null,
        "population": 117,
        "population_estimated": true,
        "size_category": 1,
        "trade": null,
        "source": null,
        "tags": [],
        "notes": [],
        "history": {
          "province_2512": null,
          "province_2276": null,
          "ruler_2515": null,
          "ruler_2512": null,
          "ruler_2276": null
        },
        "wiki": {
          "title": null,
          "url": null,
          "description": null,
          "image": null
        },
        "svg_layer": "Tilea"
      }
    },
    {
      "type": "Feature",
      "id": "copy_text_14305",
      "geometry": {
        "type": "Point",
        "coordinates": [
          -3.207753,
          41.11163
        ]
      },
      "properties": {
        "id": "copy_text_14305",
        "name": "Cavento",
        "category": "settlement",
        "dataset": "tilea",
        "in_gazetteer": false,
        "type": null,
        "region": "Tilea",
        "province": null,
        "estate": null,
        "population": 205,
        "population_estimated": true,
        "size_category": 1,
        "trade": null,
        "source": null,
        "tags": [],
        "notes": [],
        "history": {
          "province_2512": null,
          "province_2276": null,
          "ruler_2515": null,
          "ruler_2512": null,
          "ruler_2276": null
        },
        "wiki": {
          "title": null,
          "url": null,
          "description": null,
          "image": null
        },
        "svg_layer": "Tilea"
      }
    },
    {
      "type": "Feature",
      "id": "copy_text_14306",
      "geometry": {
        "type": "Point",
        "coordinates": [
          -5.036169,
          40.65259
        ]
      },
      "properties": {
        "id": "copy_text_14306",
        "name": "Lorasso",
        "category": "settlement",
        "dataset": "tilea",
        "in_gazetteer": false,
        "type": null,
        "region": "Tilea",
        "province": null,
        "estate": null,
        "population": 328,
        "population_estimated": true,
        "size_category": 2,
        "trade": null,
        "source": null,
        "tags": [],
        "notes": [],
        "history": {
          "province_2512": null,
          "province_2276": null,
          "ruler_2515": null,
          "ruler_2512": null,
          "ruler_2276": null
        },
        "wiki": {
          "title": null,
          "url": null,
          "description": null,
          "image": null
        },
        "svg_layer": "Tilea"
      }
    },
    {
      "type": "Feature",
      "id": "copy_text_14307",
      "geometry": {
        "type": "Point",
        "coordinates": [
          -5.159663,
          40.658641
        ]
      },
      "properties": {
        "id": "copy_text_14307",
        "name": "Trevalo",
        "category": "settlement",
        "dataset": "tilea",
        "in_gazetteer": false,
        "type": null,
        "region": "Tilea",
        "province": null,
        "estate": null,
        "population": 111,
        "population_estimated": true,
        "size_category": 1,
        "trade": null,
        "source": null,
        "tags": [],
        "notes": [],
        "history": {
          "province_2512": null,
          "province_2276": null,
          "ruler_2515": null,
          "ruler_2512": null,
          "ruler_2276": null
        },
        "wiki": {
          "title": null,
          "url": null,
          "description": null,
          "image": null
        },
        "svg_layer": "Tilea"
      }
    },
    {
      "type": "Feature",
      "id": "copy_text_14308",
      "geometry": {
        "type": "Point",
        "coordinates": [
          -5.09061,
          40.623656
        ]
      },
      "properties": {
        "id": "copy_text_14308",
        "name": "Brisano",
        "category": "settlement",
        "dataset": "tilea",
        "in_gazetteer": false,
        "type": null,
        "region": "Tilea",
        "province": null,
        "estate": null,
        "population": 57,
        "population_estimated": true,
        "size_category": 1,
        "trade": null,
        "source": null,
        "tags": [],
        "notes": [],
        "history": {
          "province_2512": null,
          "province_2276": null,
          "ruler_2515": null,
          "ruler_2512": null,
          "ruler_2276": null
        },
        "wiki": {
          "title": null,
          "url": null,
          "description": null,
          "image": null
        },
        "svg_layer": "Tilea"
      }
    },
    {
      "type": "Feature",
      "id": "copy_text_14309",
      "geometry": {
        "type": "Point",
        "coordinates": [
          -6.113377,
          41.619371
        ]
      },
      "properties": {
        "id": "copy_text_14309",
        "name": "Selvarno",
        "category": "settlement",
        "dataset": "tilea",
        "in_gazetteer": false,
        "type": null,
        "region": "Tilea",
        "province": null,
        "estate": null,
        "population": 142,
        "population_estimated": true,
        "size_category": 1,
        "trade": null,
        "source": null,
        "tags": [],
        "notes": [],
        "history": {
          "province_2512": null,
          "province_2276": null,
          "ruler_2515": null,
          "ruler_2512": null,
          "ruler_2276": null
        },
        "wiki": {
          "title": null,
          "url": null,
          "description": null,
          "image": null
        },
        "svg_layer": "Tilea"
      }
    },
    {
      "type": "Feature",
      "id": "copy_text_14310",
      "geometry": {
        "type": "Point",
        "coordinates": [
          -5.518539,
          40.915392
        ]
      },
      "properties": {
        "id": "copy_text_14310",
        "name": "Marengo",
        "category": "settlement",
        "dataset": "tilea",
        "in_gazetteer": false,
        "type": null,
        "region": "Tilea",
        "province": null,
        "estate": null,
        "population": 198,
        "population_estimated": true,
        "size_category": 1,
        "trade": null,
        "source": null,
        "tags": [],
        "notes": [],
        "history": {
          "province_2512": null,
          "province_2276": null,
          "ruler_2515": null,
          "ruler_2512": null,
          "ruler_2276": null
        },
        "wiki": {
          "title": null,
          "url": null,
          "description": null,
          "image": null
        },
        "svg_layer": "Tilea"
      }
    },
    {
      "type": "Feature",
      "id": "copy_text_14311",
      "geometry": {
        "type": "Point",
        "coordinates": [
          -6.797649,
          41.24705
        ]
      },
      "properties": {
        "id": "copy_text_14311",
        "name": "Valerra",
        "category": "settlement",
        "dataset": "tilea",
        "in_gazetteer": false,
        "type": null,
        "region": "Tilea",
        "province": null,
        "estate": null,
        "population": 120,
        "population_estimated": true,
        "size_category": 1,
        "trade": null,
        "source": null,
        "tags": [],
        "notes": [],
        "history": {
          "province_2512": null,
          "province_2276": null,
          "ruler_2515": null,
          "ruler_2512": null,
          "ruler_2276": null
        },
        "wiki": {
          "title": null,
          "url": null,
          "description": null,
          "image": null
        },
        "svg_layer": "Tilea"
      }
    },
    {
      "type": "Feature",
      "id": "copy_text_14312",
      "geometry": {
        "type": "Point",
        "coordinates": [
          -5.511905,
          40.882607
        ]
      },
      "properties": {
        "id": "copy_text_14312",
        "name": "Corvello",
        "category": "settlement",
        "dataset": "tilea",
        "in_gazetteer": false,
        "type": null,
        "region": "Tilea",
        "province": null,
        "estate": null,
        "population": 205,
        "population_estimated": true,
        "size_category": 1,
        "trade": null,
        "source": null,
        "tags": [],
        "notes": [],
        "history": {
          "province_2512": null,
          "province_2276": null,
          "ruler_2515": null,
          "ruler_2512": null,
          "ruler_2276": null
        },
        "wiki": {
          "title": null,
          "url": null,
          "description": null,
          "image": null
        },
        "svg_layer": "Tilea"
      }
    },
    {
      "type": "Feature",
      "id": "copy_text_14313",
      "geometry": {
        "type": "Point",
        "coordinates": [
          -6.166671,
          41.06284
        ]
      },
      "properties": {
        "id": "copy_text_14313",
        "name": "Trevino",
        "category": "settlement",
        "dataset": "tilea",
        "in_gazetteer": false,
        "type": null,
        "region": "Tilea",
        "province": null,
        "estate": null,
        "population": 87,
        "population_estimated": true,
        "size_category": 1,
        "trade": null,
        "source": null,
        "tags": [],
        "notes": [],
        "history": {
          "province_2512": null,
          "province_2276": null,
          "ruler_2515": null,
          "ruler_2512": null,
          "ruler_2276": null
        },
        "wiki": {
          "title": null,
          "url": null,
          "description": null,
          "image": null
        },
        "svg_layer": "Tilea"
      }
    },
    {
      "type": "Feature",
      "id": "copy_text_14314",
      "geometry": {
        "type": "Point",
        "coordinates": [
          -4.899764,
          41.189155
        ]
      },
      "properties": {
        "id": "copy_text_14314",
        "name": "Bressaro",
        "category": "settlement",
        "dataset": "tilea",
        "in_gazetteer": false,
        "type": null,
        "region": "Tilea",
        "province": null,
        "estate": null,
        "population": 179,
        "population_estimated": true,
        "size_category": 1,
        "trade": null,
        "source": null,
        "tags": [],
        "notes": [],
        "history": {
          "province_2512": null,
          "province_2276": null,
          "ruler_2515": null,
          "ruler_2512": null,
          "ruler_2276": null
        },
        "wiki": {
          "title": null,
          "url": null,
          "description": null,
          "image": null
        },
        "svg_layer": "Tilea"
      }
    },
    {
      "type": "Feature",
      "id": "copy_text_14315",
      "geometry": {
        "type": "Point",
        "coordinates": [
          -5.107873,
          40.791224
        ]
      },
      "properties": {
        "id": "copy_text_14315",
        "name": "Lorento",
        "category": "settlement",
        "dataset": "tilea",
        "in_gazetteer": false,
        "type": null,
        "region": "Tilea",
        "province": null,
        "estate": null,
        "population": 286,
        "population_estimated": true,
        "size_category": 1,
        "trade": null,
        "source": null,
        "tags": [],
        "notes": [],
        "history": {
          "province_2512": null,
          "province_2276": null,
          "ruler_2515": null,
          "ruler_2512": null,
          "ruler_2276": null
        },
        "wiki": {
          "title": null,
          "url": null,
          "description": null,
          "image": null
        },
        "svg_layer": "Tilea"
      }
    },
    {
      "type": "Feature",
      "id": "copy_text_14316",
      "geometry": {
        "type": "Point",
        "coordinates": [
          -4.754542,
          40.684064
        ]
      },
      "properties": {
        "id": "copy_text_14316",
        "name": "Valdaro",
        "category": "settlement",
        "dataset": "tilea",
        "in_gazetteer": false,
        "type": null,
        "region": "Tilea",
        "province": null,
        "estate": null,
        "population": 313,
        "population_estimated": true,
        "size_category": 2,
        "trade": null,
        "source": null,
        "tags": [],
        "notes": [],
        "history": {
          "province_2512": null,
          "province_2276": null,
          "ruler_2515": null,
          "ruler_2512": null,
          "ruler_2276": null
        },
        "wiki": {
          "title": null,
          "url": null,
          "description": null,
          "image": null
        },
        "svg_layer": "Tilea"
      }
    },
    {
      "type": "Feature",
      "id": "copy_text_14317",
      "geometry": {
        "type": "Point",
        "coordinates": [
          -5.351593,
          40.292979
        ]
      },
      "properties": {
        "id": "copy_text_14317",
        "name": "Cremora",
        "category": "settlement",
        "dataset": "tilea",
        "in_gazetteer": false,
        "type": null,
        "region": "Tilea",
        "province": null,
        "estate": null,
        "population": 125,
        "population_estimated": true,
        "size_category": 1,
        "trade": null,
        "source": null,
        "tags": [],
        "notes": [],
        "history": {
          "province_2512": null,
          "province_2276": null,
          "ruler_2515": null,
          "ruler_2512": null,
          "ruler_2276": null
        },
        "wiki": {
          "title": null,
          "url": null,
          "description": null,
          "image": null
        },
        "svg_layer": "Tilea"
      }
    },
    {
      "type": "Feature",
      "id": "copy_text_14318",
      "geometry": {
        "type": "Point",
        "coordinates": [
          -5.651093,
          40.146723
        ]
      },
      "properties": {
        "id": "copy_text_14318",
        "name": "Solengo",
        "category": "settlement",
        "dataset": "tilea",
        "in_gazetteer": false,
        "type": null,
        "region": "Tilea",
        "province": null,
        "estate": null,
        "population": 169,
        "population_estimated": true,
        "size_category": 1,
        "trade": null,
        "source": null,
        "tags": [],
        "notes": [],
        "history": {
          "province_2512": null,
          "province_2276": null,
          "ruler_2515": null,
          "ruler_2512": null,
          "ruler_2276": null
        },
        "wiki": {
          "title": null,
          "url": null,
          "description": null,
          "image": null
        },
        "svg_layer": "Tilea"
      }
    },
    {
      "type": "Feature",
      "id": "copy_text_14319",
      "geometry": {
        "type": "Point",
        "coordinates": [
          -5.292016,
          40.194601
        ]
      },
      "properties": {
        "id": "copy_text_14319",
        "name": "Ferazzo",
        "category": "settlement",
        "dataset": "tilea",
        "in_gazetteer": false,
        "type": null,
        "region": "Tilea",
        "province": null,
        "estate": null,
        "population": 122,
        "population_estimated": true,
        "size_category": 1,
        "trade": null,
        "source": null,
        "tags": [],
        "notes": [],
        "history": {
          "province_2512": null,
          "province_2276": null,
          "ruler_2515": null,
          "ruler_2512": null,
          "ruler_2276": null
        },
        "wiki": {
          "title": null,
          "url": null,
          "description": null,
          "image": null
        },
        "svg_layer": "Tilea"
      }
    },
    {
      "type": "Feature",
      "id": "copy_text_14320",
      "geometry": {
        "type": "Point",
        "coordinates": [
          -5.257489,
          39.641253
        ]
      },
      "properties": {
        "id": "copy_text_14320",
        "name": "Ravento",
        "category": "settlement",
        "dataset": "tilea",
        "in_gazetteer": false,
        "type": null,
        "region": "Tilea",
        "province": null,
        "estate": null,
        "population": 107,
        "population_estimated": true,
        "size_category": 1,
        "trade": null,
        "source": null,
        "tags": [],
        "notes": [],
        "history": {
          "province_2512": null,
          "province_2276": null,
          "ruler_2515": null,
          "ruler_2512": null,
          "ruler_2276": null
        },
        "wiki": {
          "title": null,
          "url": null,
          "description": null,
          "image": null
        },
        "svg_layer": "Tilea"
      }
    },
    {
      "type": "Feature",
      "id": "copy_text_14321",
      "geometry": {
        "type": "Point",
        "coordinates": [
          -5.188436,
          39.803301
        ]
      },
      "properties": {
        "id": "copy_text_14321",
        "name": "Belloro",
        "category": "settlement",
        "dataset": "tilea",
        "in_gazetteer": false,
        "type": null,
        "region": "Tilea",
        "province": null,
        "estate": null,
        "population": 204,
        "population_estimated": true,
        "size_category": 1,
        "trade": null,
        "source": null,
        "tags": [],
        "notes": [],
        "history": {
          "province_2512": null,
          "province_2276": null,
          "ruler_2515": null,
          "ruler_2512": null,
          "ruler_2276": null
        },
        "wiki": {
          "title": null,
          "url": null,
          "description": null,
          "image": null
        },
        "svg_layer": "Tilea"
      }
    },
    {
      "type": "Feature",
      "id": "copy_text_14322",
      "geometry": {
        "type": "Point",
        "coordinates": [
          -5.262093,
          39.887086
        ]
      },
      "properties": {
        "id": "copy_text_14322",
        "name": "Trivara",
        "category": "settlement",
        "dataset": "tilea",
        "in_gazetteer": false,
        "type": null,
        "region": "Tilea",
        "province": null,
        "estate": null,
        "population": 103,
        "population_estimated": true,
        "size_category": 1,
        "trade": null,
        "source": null,
        "tags": [],
        "notes": [],
        "history": {
          "province_2512": null,
          "province_2276": null,
          "ruler_2515": null,
          "ruler_2512": null,
          "ruler_2276": null
        },
        "wiki": {
          "title": null,
          "url": null,
          "description": null,
          "image": null
        },
        "svg_layer": "Tilea"
      }
    },
    {
      "type": "Feature",
      "id": "copy_text_14323",
      "geometry": {
        "type": "Point",
        "coordinates": [
          -4.919127,
          39.468159
        ]
      },
      "properties": {
        "id": "copy_text_14323",
        "name": "Calvero",
        "category": "settlement",
        "dataset": "tilea",
        "in_gazetteer": false,
        "type": null,
        "region": "Tilea",
        "province": null,
        "estate": null,
        "population": 111,
        "population_estimated": true,
        "size_category": 1,
        "trade": null,
        "source": null,
        "tags": [],
        "notes": [],
        "history": {
          "province_2512": null,
          "province_2276": null,
          "ruler_2515": null,
          "ruler_2512": null,
          "ruler_2276": null
        },
        "wiki": {
          "title": null,
          "url": null,
          "description": null,
          "image": null
        },
        "svg_layer": "Tilea"
      }
    },
    {
      "type": "Feature",
      "id": "copy_text_14324",
      "geometry": {
        "type": "Point",
        "coordinates": [
          -4.973219,
          39.304273
        ]
      },
      "properties": {
        "id": "copy_text_14324",
        "name": "Montevarigo",
        "category": "settlement",
        "dataset": "tilea",
        "in_gazetteer": false,
        "type": null,
        "region": "Tilea",
        "province": null,
        "estate": null,
        "population": 191,
        "population_estimated": true,
        "size_category": 1,
        "trade": null,
        "source": null,
        "tags": [],
        "notes": [],
        "history": {
          "province_2512": null,
          "province_2276": null,
          "ruler_2515": null,
          "ruler_2512": null,
          "ruler_2276": null
        },
        "wiki": {
          "title": null,
          "url": null,
          "description": null,
          "image": null
        },
        "svg_layer": "Tilea"
      }
    },
    {
      "type": "Feature",
      "id": "copy_text_14325",
      "geometry": {
        "type": "Point",
        "coordinates": [
          -4.519768,
          40.170663
        ]
      },
      "properties": {
        "id": "copy_text_14325",
        "name": "Castellavero",
        "category": "settlement",
        "dataset": "tilea",
        "in_gazetteer": false,
        "type": null,
        "region": "Tilea",
        "province": null,
        "estate": null,
        "population": 103,
        "population_estimated": true,
        "size_category": 1,
        "trade": null,
        "source": null,
        "tags": [],
        "notes": [],
        "history": {
          "province_2512": null,
          "province_2276": null,
          "ruler_2515": null,
          "ruler_2512": null,
          "ruler_2276": null
        },
        "wiki": {
          "title": null,
          "url": null,
          "description": null,
          "image": null
        },
        "svg_layer": "Tilea"
      }
    },
    {
      "type": "Feature",
      "id": "copy_text_14326",
      "geometry": {
        "type": "Point",
        "coordinates": [
          -4.201087,
          39.762144
        ]
      },
      "properties": {
        "id": "copy_text_14326",
        "name": "Roccavigno",
        "category": "settlement",
        "dataset": "tilea",
        "in_gazetteer": false,
        "type": null,
        "region": "Tilea",
        "province": null,
        "estate": null,
        "population": 175,
        "population_estimated": true,
        "size_category": 1,
        "trade": null,
        "source": null,
        "tags": [],
        "notes": [],
        "history": {
          "province_2512": null,
          "province_2276": null,
          "ruler_2515": null,
          "ruler_2512": null,
          "ruler_2276": null
        },
        "wiki": {
          "title": null,
          "url": null,
          "description": null,
          "image": null
        },
        "svg_layer": "Tilea"
      }
    },
    {
      "type": "Feature",
      "id": "copy_text_14327",
      "geometry": {
        "type": "Point",
        "coordinates": [
          -6.548787,
          38.595324
        ]
      },
      "properties": {
        "id": "copy_text_14327",
        "name": "Borgolario",
        "category": "settlement",
        "dataset": "tilea",
        "in_gazetteer": false,
        "type": null,
        "region": "Tilea",
        "province": null,
        "estate": null,
        "population": 213,
        "population_estimated": true,
        "size_category": 1,
        "trade": null,
        "source": null,
        "tags": [],
        "notes": [],
        "history": {
          "province_2512": null,
          "province_2276": null,
          "ruler_2515": null,
          "ruler_2512": null,
          "ruler_2276": null
        },
        "wiki": {
          "title": null,
          "url": null,
          "description": null,
          "image": null
        },
        "svg_layer": "Tilea"
      }
    },
    {
      "type": "Feature",
      "id": "copy_text_14328",
      "geometry": {
        "type": "Point",
        "coordinates": [
          -6.074621,
          38.492204
        ]
      },
      "properties": {
        "id": "copy_text_14328",
        "name": "Montespera",
        "category": "settlement",
        "dataset": "tilea",
        "in_gazetteer": false,
        "type": null,
        "region": "Tilea",
        "province": null,
        "estate": null,
        "population": 377,
        "population_estimated": true,
        "size_category": 2,
        "trade": null,
        "source": null,
        "tags": [],
        "notes": [],
        "history": {
          "province_2512": null,
          "province_2276": null,
          "ruler_2515": null,
          "ruler_2512": null,
          "ruler_2276": null
        },
        "wiki": {
          "title": null,
          "url": null,
          "description": null,
          "image": null
        },
        "svg_layer": "Tilea"
      }
    },
    {
      "type": "Feature",
      "id": "copy_text_14329",
      "geometry": {
        "type": "Point",
        "coordinates": [
          -6.804285,
          38.709496
        ]
      },
      "properties": {
        "id": "copy_text_14329",
        "name": "Castellorino",
        "category": "settlement",
        "dataset": "tilea",
        "in_gazetteer": false,
        "type": null,
        "region": "Tilea",
        "province": null,
        "estate": null,
        "population": 194,
        "population_estimated": true,
        "size_category": 1,
        "trade": null,
        "source": null,
        "tags": [],
        "notes": [],
        "history": {
          "province_2512": null,
          "province_2276": null,
          "ruler_2515": null,
          "ruler_2512": null,
          "ruler_2276": null
        },
        "wiki": {
          "title": null,
          "url": null,
          "description": null,
          "image": null
        },
        "svg_layer": "Tilea"
      }
    },
    {
      "type": "Feature",
      "id": "copy_text_14330",
      "geometry": {
        "type": "Point",
        "coordinates": [
          -6.607483,
          38.752767
        ]
      },
      "properties": {
        "id": "copy_text_14330",
        "name": "Valtriano",
        "category": "settlement",
        "dataset": "tilea",
        "in_gazetteer": false,
        "type": null,
        "region": "Tilea",
        "province": null,
        "estate": null,
        "population": 219,
        "population_estimated": true,
        "size_category": 1,
        "trade": null,
        "source": null,
        "tags": [],
        "notes": [],
        "history": {
          "province_2512": null,
          "province_2276": null,
          "ruler_2515": null,
          "ruler_2512": null,
          "ruler_2276": null
        },
        "wiki": {
          "title": null,
          "url": null,
          "description": null,
          "image": null
        },
        "svg_layer": "Tilea"
      }
    },
    {
      "type": "Feature",
      "id": "copy_text_14331",
      "geometry": {
        "type": "Point",
        "coordinates": [
          -6.464772,
          38.580594
        ]
      },
      "properties": {
        "id": "copy_text_14331",
        "name": "Seravello",
        "category": "settlement",
        "dataset": "tilea",
        "in_gazetteer": false,
        "type": null,
        "region": "Tilea",
        "province": null,
        "estate": null,
        "population": 322,
        "population_estimated": true,
        "size_category": 2,
        "trade": null,
        "source": null,
        "tags": [],
        "notes": [],
        "history": {
          "province_2512": null,
          "province_2276": null,
          "ruler_2515": null,
          "ruler_2512": null,
          "ruler_2276": null
        },
        "wiki": {
          "title": null,
          "url": null,
          "description": null,
          "image": null
        },
        "svg_layer": "Tilea"
      }
    },
    {
      "type": "Feature",
      "id": "copy_text_14332",
      "geometry": {
        "type": "Point",
        "coordinates": [
          -6.568352,
          38.619262
        ]
      },
      "properties": {
        "id": "copy_text_14332",
        "name": "Calderano",
        "category": "settlement",
        "dataset": "tilea",
        "in_gazetteer": false,
        "type": null,
        "region": "Tilea",
        "province": null,
        "estate": null,
        "population": 118,
        "population_estimated": true,
        "size_category": 1,
        "trade": null,
        "source": null,
        "tags": [],
        "notes": [],
        "history": {
          "province_2512": null,
          "province_2276": null,
          "ruler_2515": null,
          "ruler_2512": null,
          "ruler_2276": null
        },
        "wiki": {
          "title": null,
          "url": null,
          "description": null,
          "image": null
        },
        "svg_layer": "Tilea"
      }
    },
    {
      "type": "Feature",
      "id": "copy_text_14333",
      "geometry": {
        "type": "Point",
        "coordinates": [
          -6.597125,
          38.895476
        ]
      },
      "properties": {
        "id": "copy_text_14333",
        "name": "Trivessaro",
        "category": "settlement",
        "dataset": "tilea",
        "in_gazetteer": false,
        "type": null,
        "region": "Tilea",
        "province": null,
        "estate": null,
        "population": 382,
        "population_estimated": true,
        "size_category": 2,
        "trade": null,
        "source": null,
        "tags": [],
        "notes": [],
        "history": {
          "province_2512": null,
          "province_2276": null,
          "ruler_2515": null,
          "ruler_2512": null,
          "ruler_2276": null
        },
        "wiki": {
          "title": null,
          "url": null,
          "description": null,
          "image": null
        },
        "svg_layer": "Tilea"
      }
    },
    {
      "type": "Feature",
      "id": "copy_text_14334",
      "geometry": {
        "type": "Point",
        "coordinates": [
          -6.656971,
          38.582434
        ]
      },
      "properties": {
        "id": "copy_text_14334",
        "name": "Ravelligo",
        "category": "settlement",
        "dataset": "tilea",
        "in_gazetteer": false,
        "type": null,
        "region": "Tilea",
        "province": null,
        "estate": null,
        "population": 79,
        "population_estimated": true,
        "size_category": 1,
        "trade": null,
        "source": null,
        "tags": [],
        "notes": [],
        "history": {
          "province_2512": null,
          "province_2276": null,
          "ruler_2515": null,
          "ruler_2512": null,
          "ruler_2276": null
        },
        "wiki": {
          "title": null,
          "url": null,
          "description": null,
          "image": null
        },
        "svg_layer": "Tilea"
      }
    },
    {
      "type": "Feature",
      "id": "copy_text_14335",
      "geometry": {
        "type": "Point",
        "coordinates": [
          -5.597001,
          39.009645
        ]
      },
      "properties": {
        "id": "copy_text_14335",
        "name": "Montesara",
        "category": "settlement",
        "dataset": "tilea",
        "in_gazetteer": false,
        "type": null,
        "region": "Tilea",
        "province": null,
        "estate": null,
        "population": 143,
        "population_estimated": true,
        "size_category": 1,
        "trade": null,
        "source": null,
        "tags": [],
        "notes": [],
        "history": {
          "province_2512": null,
          "province_2276": null,
          "ruler_2515": null,
          "ruler_2512": null,
          "ruler_2276": null
        },
        "wiki": {
          "title": null,
          "url": null,
          "description": null,
          "image": null
        },
        "svg_layer": "Tilea"
      }
    },
    {
      "type": "Feature",
      "id": "copy_text_14336",
      "geometry": {
        "type": "Point",
        "coordinates": [
          -6.713364,
          38.633075
        ]
      },
      "properties": {
        "id": "copy_text_14336",
        "name": "Brevellano",
        "category": "settlement",
        "dataset": "tilea",
        "in_gazetteer": false,
        "type": null,
        "region": "Tilea",
        "province": null,
        "estate": null,
        "population": 62,
        "population_estimated": true,
        "size_category": 1,
        "trade": null,
        "source": null,
        "tags": [],
        "notes": [],
        "history": {
          "province_2512": null,
          "province_2276": null,
          "ruler_2515": null,
          "ruler_2512": null,
          "ruler_2276": null
        },
        "wiki": {
          "title": null,
          "url": null,
          "description": null,
          "image": null
        },
        "svg_layer": "Tilea"
      }
    },
    {
      "type": "Feature",
      "id": "copy_text_14337",
      "geometry": {
        "type": "Point",
        "coordinates": [
          -6.967711,
          38.804325
        ]
      },
      "properties": {
        "id": "copy_text_14337",
        "name": "Corvenza",
        "category": "settlement",
        "dataset": "tilea",
        "in_gazetteer": false,
        "type": null,
        "region": "Tilea",
        "province": null,
        "estate": null,
        "population": 283,
        "population_estimated": true,
        "size_category": 1,
        "trade": null,
        "source": null,
        "tags": [],
        "notes": [],
        "history": {
          "province_2512": null,
          "province_2276": null,
          "ruler_2515": null,
          "ruler_2512": null,
          "ruler_2276": null
        },
        "wiki": {
          "title": null,
          "url": null,
          "description": null,
          "image": null
        },
        "svg_layer": "Tilea"
      }
    },
    {
      "type": "Feature",
      "id": "copy_text_14338",
      "geometry": {
        "type": "Point",
        "coordinates": [
          -6.749042,
          39.0032
        ]
      },
      "properties": {
        "id": "copy_text_14338",
        "name": "Valcendro",
        "category": "settlement",
        "dataset": "tilea",
        "in_gazetteer": false,
        "type": null,
        "region": "Tilea",
        "province": null,
        "estate": null,
        "population": 121,
        "population_estimated": true,
        "size_category": 1,
        "trade": null,
        "source": null,
        "tags": [],
        "notes": [],
        "history": {
          "province_2512": null,
          "province_2276": null,
          "ruler_2515": null,
          "ruler_2512": null,
          "ruler_2276": null
        },
        "wiki": {
          "title": null,
          "url": null,
          "description": null,
          "image": null
        },
        "svg_layer": "Tilea"
      }
    },
    {
      "type": "Feature",
      "id": "copy_text_14339",
      "geometry": {
        "type": "Point",
        "coordinates": [
          -6.404926,
          38.630311
        ]
      },
      "properties": {
        "id": "copy_text_14339",
        "name": "Loravessa",
        "category": "settlement",
        "dataset": "tilea",
        "in_gazetteer": false,
        "type": null,
        "region": "Tilea",
        "province": null,
        "estate": null,
        "population": 188,
        "population_estimated": true,
        "size_category": 1,
        "trade": null,
        "source": null,
        "tags": [],
        "notes": [],
        "history": {
          "province_2512": null,
          "province_2276": null,
          "ruler_2515": null,
          "ruler_2512": null,
          "ruler_2276": null
        },
        "wiki": {
          "title": null,
          "url": null,
          "description": null,
          "image": null
        },
        "svg_layer": "Tilea"
      }
    },
    {
      "type": "Feature",
      "id": "copy_text_14340",
      "geometry": {
        "type": "Point",
        "coordinates": [
          -6.397149,
          39.123374
        ]
      },
      "properties": {
        "id": "copy_text_14340",
        "name": "Marentino",
        "category": "settlement",
        "dataset": "tilea",
        "in_gazetteer": false,
        "type": null,
        "region": "Tilea",
        "province": null,
        "estate": null,
        "population": 213,
        "population_estimated": true,
        "size_category": 1,
        "trade": null,
        "source": null,
        "tags": [],
        "notes": [],
        "history": {
          "province_2512": null,
          "province_2276": null,
          "ruler_2515": null,
          "ruler_2512": null,
          "ruler_2276": null
        },
        "wiki": {
          "title": null,
          "url": null,
          "description": null,
          "image": null
        },
        "svg_layer": "Tilea"
      }
    },
    {
      "type": "Feature",
      "id": "copy_text_14341",
      "geometry": {
        "type": "Point",
        "coordinates": [
          -7.215153,
          39.46448
        ]
      },
      "properties": {
        "id": "copy_text_14341",
        "name": "Bressavaro",
        "category": "settlement",
        "dataset": "tilea",
        "in_gazetteer": false,
        "type": null,
        "region": "Tilea",
        "province": null,
        "estate": null,
        "population": 308,
        "population_estimated": true,
        "size_category": 2,
        "trade": null,
        "source": null,
        "tags": [],
        "notes": [],
        "history": {
          "province_2512": null,
          "province_2276": null,
          "ruler_2515": null,
          "ruler_2512": null,
          "ruler_2276": null
        },
        "wiki": {
          "title": null,
          "url": null,
          "description": null,
          "image": null
        },
        "svg_layer": "Tilea"
      }
    },
    {
      "type": "Feature",
      "id": "copy_text_14342",
      "geometry": {
        "type": "Point",
        "coordinates": [
          -7.189833,
          39.516036
        ]
      },
      "properties": {
        "id": "copy_text_14342",
        "name": "Seravigno",
        "category": "settlement",
        "dataset": "tilea",
        "in_gazetteer": false,
        "type": null,
        "region": "Tilea",
        "province": null,
        "estate": null,
        "population": 590,
        "population_estimated": true,
        "size_category": 2,
        "trade": null,
        "source": null,
        "tags": [],
        "notes": [],
        "history": {
          "province_2512": null,
          "province_2276": null,
          "ruler_2515": null,
          "ruler_2512": null,
          "ruler_2276": null
        },
        "wiki": {
          "title": null,
          "url": null,
          "description": null,
          "image": null
        },
        "svg_layer": "Tilea"
      }
    },
    {
      "type": "Feature",
      "id": "copy_text_14343",
      "geometry": {
        "type": "Point",
        "coordinates": [
          -6.495471,
          38.509729
        ]
      },
      "properties": {
        "id": "copy_text_14343",
        "name": "Trenvarra",
        "category": "settlement",
        "dataset": "tilea",
        "in_gazetteer": false,
        "type": null,
        "region": "Tilea",
        "province": null,
        "estate": null,
        "population": 114,
        "population_estimated": true,
        "size_category": 1,
        "trade": null,
        "source": null,
        "tags": [],
        "notes": [],
        "history": {
          "province_2512": null,
          "province_2276": null,
          "ruler_2515": null,
          "ruler_2512": null,
          "ruler_2276": null
        },
        "wiki": {
          "title": null,
          "url": null,
          "description": null,
          "image": null
        },
        "svg_layer": "Tilea"
      }
    },
    {
      "type": "Feature",
      "id": "copy_text_14344",
      "geometry": {
        "type": "Point",
        "coordinates": [
          -6.593127,
          38.435511
        ]
      },
      "properties": {
        "id": "copy_text_14344",
        "name": "Calvessino",
        "category": "settlement",
        "dataset": "tilea",
        "in_gazetteer": false,
        "type": null,
        "region": "Tilea",
        "province": null,
        "estate": null,
        "population": 799,
        "population_estimated": true,
        "size_category": 2,
        "trade": null,
        "source": null,
        "tags": [],
        "notes": [],
        "history": {
          "province_2512": null,
          "province_2276": null,
          "ruler_2515": null,
          "ruler_2512": null,
          "ruler_2276": null
        },
        "wiki": {
          "title": null,
          "url": null,
          "description": null,
          "image": null
        },
        "svg_layer": "Tilea"
      }
    },
    {
      "type": "Feature",
      "id": "copy_text_14345",
      "geometry": {
        "type": "Point",
        "coordinates": [
          -5.141304,
          38.856086
        ]
      },
      "properties": {
        "id": "copy_text_14345",
        "name": "Monteverdo",
        "category": "settlement",
        "dataset": "tilea",
        "in_gazetteer": false,
        "type": null,
        "region": "Tilea",
        "province": null,
        "estate": null,
        "population": 213,
        "population_estimated": true,
        "size_category": 1,
        "trade": null,
        "source": null,
        "tags": [],
        "notes": [],
        "history": {
          "province_2512": null,
          "province_2276": null,
          "ruler_2515": null,
          "ruler_2512": null,
          "ruler_2276": null
        },
        "wiki": {
          "title": null,
          "url": null,
          "description": null,
          "image": null
        },
        "svg_layer": "Tilea"
      }
    },
    {
      "type": "Feature",
      "id": "copy_text_14346",
      "geometry": {
        "type": "Point",
        "coordinates": [
          -5.865588,
          38.632128
        ]
      },
      "properties": {
        "id": "copy_text_14346",
        "name": "Ravessaro",
        "category": "settlement",
        "dataset": "tilea",
        "in_gazetteer": false,
        "type": null,
        "region": "Tilea",
        "province": null,
        "estate": null,
        "population": 401,
        "population_estimated": true,
        "size_category": 2,
        "trade": null,
        "source": null,
        "tags": [],
        "notes": [],
        "history": {
          "province_2512": null,
          "province_2276": null,
          "ruler_2515": null,
          "ruler_2512": null,
          "ruler_2276": null
        },
        "wiki": {
          "title": null,
          "url": null,
          "description": null,
          "image": null
        },
        "svg_layer": "Tilea"
      }
    },
    {
      "type": "Feature",
      "id": "copy_text_14347",
      "geometry": {
        "type": "Point",
        "coordinates": [
          -6.028349,
          38.673793
        ]
      },
      "properties": {
        "id": "copy_text_14347",
        "name": "Torvelano",
        "category": "settlement",
        "dataset": "tilea",
        "in_gazetteer": false,
        "type": null,
        "region": "Tilea",
        "province": null,
        "estate": null,
        "population": 143,
        "population_estimated": true,
        "size_category": 1,
        "trade": null,
        "source": null,
        "tags": [],
        "notes": [],
        "history": {
          "province_2512": null,
          "province_2276": null,
          "ruler_2515": null,
          "ruler_2512": null,
          "ruler_2276": null
        },
        "wiki": {
          "title": null,
          "url": null,
          "description": null,
          "image": null
        },
        "svg_layer": "Tilea"
      }
    },
    {
      "type": "Feature",
      "id": "copy_text_14348",
      "geometry": {
        "type": "Point",
        "coordinates": [
          -6.72008,
          38.875617
        ]
      },
      "properties": {
        "id": "copy_text_14348",
        "name": "Brentavara",
        "category": "settlement",
        "dataset": "tilea",
        "in_gazetteer": false,
        "type": null,
        "region": "Tilea",
        "province": null,
        "estate": null,
        "population": 106,
        "population_estimated": true,
        "size_category": 1,
        "trade": null,
        "source": null,
        "tags": [],
        "notes": [],
        "history": {
          "province_2512": null,
          "province_2276": null,
          "ruler_2515": null,
          "ruler_2512": null,
          "ruler_2276": null
        },
        "wiki": {
          "title": null,
          "url": null,
          "description": null,
          "image": null
        },
        "svg_layer": "Tilea"
      }
    },
    {
      "type": "Feature",
      "id": "copy_text_14349",
      "geometry": {
        "type": "Point",
        "coordinates": [
          -6.814481,
          38.343063
        ]
      },
      "properties": {
        "id": "copy_text_14349",
        "name": "Corvessino",
        "category": "settlement",
        "dataset": "tilea",
        "in_gazetteer": false,
        "type": null,
        "region": "Tilea",
        "province": null,
        "estate": null,
        "population": 268,
        "population_estimated": true,
        "size_category": 1,
        "trade": null,
        "source": null,
        "tags": [],
        "notes": [],
        "history": {
          "province_2512": null,
          "province_2276": null,
          "ruler_2515": null,
          "ruler_2512": null,
          "ruler_2276": null
        },
        "wiki": {
          "title": null,
          "url": null,
          "description": null,
          "image": null
        },
        "svg_layer": "Tilea"
      }
    },
    {
      "type": "Feature",
      "id": "copy_text_14350",
      "geometry": {
        "type": "Point",
        "coordinates": [
          -6.653349,
          38.253221
        ]
      },
      "properties": {
        "id": "copy_text_14350",
        "name": "Montarengo",
        "category": "settlement",
        "dataset": "tilea",
        "in_gazetteer": false,
        "type": null,
        "region": "Tilea",
        "province": null,
        "estate": null,
        "population": 114,
        "population_estimated": true,
        "size_category": 1,
        "trade": null,
        "source": null,
        "tags": [],
        "notes": [],
        "history": {
          "province_2512": null,
          "province_2276": null,
          "ruler_2515": null,
          "ruler_2512": null,
          "ruler_2276": null
        },
        "wiki": {
          "title": null,
          "url": null,
          "description": null,
          "image": null
        },
        "svg_layer": "Tilea"
      }
    },
    {
      "type": "Feature",
      "id": "copy_text_14351",
      "geometry": {
        "type": "Point",
        "coordinates": [
          -7.22952,
          38.380827
        ]
      },
      "properties": {
        "id": "copy_text_14351",
        "name": "Selvarigo",
        "category": "settlement",
        "dataset": "tilea",
        "in_gazetteer": false,
        "type": null,
        "region": "Tilea",
        "province": null,
        "estate": null,
        "population": 122,
        "population_estimated": true,
        "size_category": 1,
        "trade": null,
        "source": null,
        "tags": [],
        "notes": [],
        "history": {
          "province_2512": null,
          "province_2276": null,
          "ruler_2515": null,
          "ruler_2512": null,
          "ruler_2276": null
        },
        "wiki": {
          "title": null,
          "url": null,
          "description": null,
          "image": null
        },
        "svg_layer": "Tilea"
      }
    },
    {
      "type": "Feature",
      "id": "copy_text_14352",
      "geometry": {
        "type": "Point",
        "coordinates": [
          -7.203479,
          38.224577
        ]
      },
      "properties": {
        "id": "copy_text_14352",
        "name": "Valdovaro",
        "category": "settlement",
        "dataset": "tilea",
        "in_gazetteer": false,
        "type": null,
        "region": "Tilea",
        "province": null,
        "estate": null,
        "population": 131,
        "population_estimated": true,
        "size_category": 1,
        "trade": null,
        "source": null,
        "tags": [],
        "notes": [],
        "history": {
          "province_2512": null,
          "province_2276": null,
          "ruler_2515": null,
          "ruler_2512": null,
          "ruler_2276": null
        },
        "wiki": {
          "title": null,
          "url": null,
          "description": null,
          "image": null
        },
        "svg_layer": "Tilea"
      }
    },
    {
      "type": "Feature",
      "id": "copy_text_14353",
      "geometry": {
        "type": "Point",
        "coordinates": [
          -6.562203,
          39.736294
        ]
      },
      "properties": {
        "id": "copy_text_14353",
        "name": "Treviscara",
        "category": "settlement",
        "dataset": "tilea",
        "in_gazetteer": false,
        "type": null,
        "region": "Tilea",
        "province": null,
        "estate": null,
        "population": 178,
        "population_estimated": true,
        "size_category": 1,
        "trade": null,
        "source": null,
        "tags": [],
        "notes": [],
        "history": {
          "province_2512": null,
          "province_2276": null,
          "ruler_2515": null,
          "ruler_2512": null,
          "ruler_2276": null
        },
        "wiki": {
          "title": null,
          "url": null,
          "description": null,
          "image": null
        },
        "svg_layer": "Tilea"
      }
    },
    {
      "type": "Feature",
      "id": "copy_text_14354",
      "geometry": {
        "type": "Point",
        "coordinates": [
          -6.322945,
          39.72848
        ]
      },
      "properties": {
        "id": "copy_text_14354",
        "name": "Ravendara",
        "category": "settlement",
        "dataset": "tilea",
        "in_gazetteer": false,
        "type": null,
        "region": "Tilea",
        "province": null,
        "estate": null,
        "population": 97,
        "population_estimated": true,
        "size_category": 1,
        "trade": null,
        "source": null,
        "tags": [],
        "notes": [],
        "history": {
          "province_2512": null,
          "province_2276": null,
          "ruler_2515": null,
          "ruler_2512": null,
          "ruler_2276": null
        },
        "wiki": {
          "title": null,
          "url": null,
          "description": null,
          "image": null
        },
        "svg_layer": "Tilea"
      }
    },
    {
      "type": "Feature",
      "id": "copy_text_14355",
      "geometry": {
        "type": "Point",
        "coordinates": [
          -6.238309,
          40.314418
        ]
      },
      "properties": {
        "id": "copy_text_14355",
        "name": "Montedaza",
        "category": "settlement",
        "dataset": "tilea",
        "in_gazetteer": false,
        "type": null,
        "region": "Tilea",
        "province": null,
        "estate": null,
        "population": 123,
        "population_estimated": true,
        "size_category": 1,
        "trade": null,
        "source": null,
        "tags": [],
        "notes": [],
        "history": {
          "province_2512": null,
          "province_2276": null,
          "ruler_2515": null,
          "ruler_2512": null,
          "ruler_2276": null
        },
        "wiki": {
          "title": null,
          "url": null,
          "description": null,
          "image": null
        },
        "svg_layer": "Tilea"
      }
    },
    {
      "type": "Feature",
      "id": "copy_text_14356",
      "geometry": {
        "type": "Point",
        "coordinates": [
          -4.936416,
          41.037456
        ]
      },
      "properties": {
        "id": "copy_text_14356",
        "name": "Bresperano",
        "category": "settlement",
        "dataset": "tilea",
        "in_gazetteer": false,
        "type": null,
        "region": "Tilea",
        "province": null,
        "estate": null,
        "population": 631,
        "population_estimated": true,
        "size_category": 2,
        "trade": null,
        "source": null,
        "tags": [],
        "notes": [],
        "history": {
          "province_2512": null,
          "province_2276": null,
          "ruler_2515": null,
          "ruler_2512": null,
          "ruler_2276": null
        },
        "wiki": {
          "title": null,
          "url": null,
          "description": null,
          "image": null
        },
        "svg_layer": "Tilea"
      }
    },
    {
      "type": "Feature",
      "id": "copy_text_14357",
      "geometry": {
        "type": "Point",
        "coordinates": [
          -4.890264,
          41.274132
        ]
      },
      "properties": {
        "id": "copy_text_14357",
        "name": "Loravento",
        "category": "settlement",
        "dataset": "tilea",
        "in_gazetteer": false,
        "type": null,
        "region": "Tilea",
        "province": null,
        "estate": null,
        "population": 82,
        "population_estimated": true,
        "size_category": 1,
        "trade": null,
        "source": null,
        "tags": [],
        "notes": [],
        "history": {
          "province_2512": null,
          "province_2276": null,
          "ruler_2515": null,
          "ruler_2512": null,
          "ruler_2276": null
        },
        "wiki": {
          "title": null,
          "url": null,
          "description": null,
          "image": null
        },
        "svg_layer": "Tilea"
      }
    },
    {
      "type": "Feature",
      "id": "copy_text_14358",
      "geometry": {
        "type": "Point",
        "coordinates": [
          -6.554666,
          40.99583
        ]
      },
      "properties": {
        "id": "copy_text_14358",
        "name": "Serenvaro",
        "category": "settlement",
        "dataset": "tilea",
        "in_gazetteer": false,
        "type": null,
        "region": "Tilea",
        "province": null,
        "estate": null,
        "population": 173,
        "population_estimated": true,
        "size_category": 1,
        "trade": null,
        "source": null,
        "tags": [],
        "notes": [],
        "history": {
          "province_2512": null,
          "province_2276": null,
          "ruler_2515": null,
          "ruler_2512": null,
          "ruler_2276": null
        },
        "wiki": {
          "title": null,
          "url": null,
          "description": null,
          "image": null
        },
        "svg_layer": "Tilea"
      }
    },
    {
      "type": "Feature",
      "id": "copy_text_14359",
      "geometry": {
        "type": "Point",
        "coordinates": [
          -8.632186,
          35.021119
        ]
      },
      "properties": {
        "id": "copy_text_14359",
        "name": "Valderigo",
        "category": "settlement",
        "dataset": "tilea",
        "in_gazetteer": false,
        "type": null,
        "region": "Tilea",
        "province": null,
        "estate": null,
        "population": 100,
        "population_estimated": true,
        "size_category": 1,
        "trade": null,
        "source": null,
        "tags": [],
        "notes": [],
        "history": {
          "province_2512": null,
          "province_2276": null,
          "ruler_2515": null,
          "ruler_2512": null,
          "ruler_2276": null
        },
        "wiki": {
          "title": null,
          "url": null,
          "description": null,
          "image": null
        },
        "svg_layer": "Tilea"
      }
    },
    {
      "type": "Feature",
      "id": "copy_text_14360",
      "geometry": {
        "type": "Point",
        "coordinates": [
          -8.459265,
          34.985212
        ]
      },
      "properties": {
        "id": "copy_text_14360",
        "name": "Brentavino",
        "category": "settlement",
        "dataset": "tilea",
        "in_gazetteer": false,
        "type": null,
        "region": "Tilea",
        "province": null,
        "estate": null,
        "population": 231,
        "population_estimated": true,
        "size_category": 1,
        "trade": null,
        "source": null,
        "tags": [],
        "notes": [],
        "history": {
          "province_2512": null,
          "province_2276": null,
          "ruler_2515": null,
          "ruler_2512": null,
          "ruler_2276": null
        },
        "wiki": {
          "title": null,
          "url": null,
          "description": null,
          "image": null
        },
        "svg_layer": "Tilea"
      }
    },
    {
      "type": "Feature",
      "id": "copy_text_14361",
      "geometry": {
        "type": "Point",
        "coordinates": [
          -7.556669,
          35.277961
        ]
      },
      "properties": {
        "id": "copy_text_14361",
        "name": "Montelvaro",
        "category": "settlement",
        "dataset": "tilea",
        "in_gazetteer": false,
        "type": null,
        "region": "Tilea",
        "province": null,
        "estate": null,
        "population": 99,
        "population_estimated": true,
        "size_category": 1,
        "trade": null,
        "source": null,
        "tags": [],
        "notes": [],
        "history": {
          "province_2512": null,
          "province_2276": null,
          "ruler_2515": null,
          "ruler_2512": null,
          "ruler_2276": null
        },
        "wiki": {
          "title": null,
          "url": null,
          "description": null,
          "image": null
        },
        "svg_layer": "Tilea"
      }
    },
    {
      "type": "Feature",
      "id": "copy_text_14362",
      "geometry": {
        "type": "Point",
        "coordinates": [
          -8.035998,
          34.855435
        ]
      },
      "properties": {
        "id": "copy_text_14362",
        "name": "Trivarengo",
        "category": "settlement",
        "dataset": "tilea",
        "in_gazetteer": false,
        "type": null,
        "region": "Tilea",
        "province": null,
        "estate": null,
        "population": 276,
        "population_estimated": true,
        "size_category": 1,
        "trade": null,
        "source": null,
        "tags": [],
        "notes": [],
        "history": {
          "province_2512": null,
          "province_2276": null,
          "ruler_2515": null,
          "ruler_2512": null,
          "ruler_2276": null
        },
        "wiki": {
          "title": null,
          "url": null,
          "description": null,
          "image": null
        },
        "svg_layer": "Tilea"
      }
    },
    {
      "type": "Feature",
      "id": "copy_text_14363",
      "geometry": {
        "type": "Point",
        "coordinates": [
          -8.372099,
          34.90947
        ]
      },
      "properties": {
        "id": "copy_text_14363",
        "name": "Calvessara",
        "category": "settlement",
        "dataset": "tilea",
        "in_gazetteer": false,
        "type": null,
        "region": "Tilea",
        "province": null,
        "estate": null,
        "population": 558,
        "population_estimated": true,
        "size_category": 2,
        "trade": null,
        "source": null,
        "tags": [],
        "notes": [],
        "history": {
          "province_2512": null,
          "province_2276": null,
          "ruler_2515": null,
          "ruler_2512": null,
          "ruler_2276": null
        },
        "wiki": {
          "title": null,
          "url": null,
          "description": null,
          "image": null
        },
        "svg_layer": "Tilea"
      }
    },
    {
      "type": "Feature",
      "id": "copy_text_14364",
      "geometry": {
        "type": "Point",
        "coordinates": [
          -8.707385,
          34.843063
        ]
      },
      "properties": {
        "id": "copy_text_14364",
        "name": "Torvellino",
        "category": "settlement",
        "dataset": "tilea",
        "in_gazetteer": false,
        "type": null,
        "region": "Tilea",
        "province": null,
        "estate": null,
        "population": 172,
        "population_estimated": true,
        "size_category": 1,
        "trade": null,
        "source": null,
        "tags": [],
        "notes": [],
        "history": {
          "province_2512": null,
          "province_2276": null,
          "ruler_2515": null,
          "ruler_2512": null,
          "ruler_2276": null
        },
        "wiki": {
          "title": null,
          "url": null,
          "description": null,
          "image": null
        },
        "svg_layer": "Tilea"
      }
    },
    {
      "type": "Feature",
      "id": "copy_text_14365",
      "geometry": {
        "type": "Point",
        "coordinates": [
          -8.832711,
          34.977179
        ]
      },
      "properties": {
        "id": "copy_text_14365",
        "name": "Serpavara",
        "category": "settlement",
        "dataset": "tilea",
        "in_gazetteer": false,
        "type": null,
        "region": "Tilea",
        "province": null,
        "estate": null,
        "population": 102,
        "population_estimated": true,
        "size_category": 1,
        "trade": null,
        "source": null,
        "tags": [],
        "notes": [],
        "history": {
          "province_2512": null,
          "province_2276": null,
          "ruler_2515": null,
          "ruler_2512": null,
          "ruler_2276": null
        },
        "wiki": {
          "title": null,
          "url": null,
          "description": null,
          "image": null
        },
        "svg_layer": "Tilea"
      }
    },
    {
      "type": "Feature",
      "id": "copy_text_14366",
      "geometry": {
        "type": "Point",
        "coordinates": [
          -8.639026,
          34.961555
        ]
      },
      "properties": {
        "id": "copy_text_14366",
        "name": "Montefalengo",
        "category": "settlement",
        "dataset": "tilea",
        "in_gazetteer": false,
        "type": null,
        "region": "Tilea",
        "province": null,
        "estate": null,
        "population": 193,
        "population_estimated": true,
        "size_category": 1,
        "trade": null,
        "source": null,
        "tags": [],
        "notes": [],
        "history": {
          "province_2512": null,
          "province_2276": null,
          "ruler_2515": null,
          "ruler_2512": null,
          "ruler_2276": null
        },
        "wiki": {
          "title": null,
          "url": null,
          "description": null,
          "image": null
        },
        "svg_layer": "Tilea"
      }
    },
    {
      "type": "Feature",
      "id": "copy_text_14367",
      "geometry": {
        "type": "Point",
        "coordinates": [
          -7.794299,
          35.167283
        ]
      },
      "properties": {
        "id": "copy_text_14367",
        "name": "Castellavigno",
        "category": "settlement",
        "dataset": "tilea",
        "in_gazetteer": false,
        "type": null,
        "region": "Tilea",
        "province": null,
        "estate": null,
        "population": 79,
        "population_estimated": true,
        "size_category": 1,
        "trade": null,
        "source": null,
        "tags": [],
        "notes": [],
        "history": {
          "province_2512": null,
          "province_2276": null,
          "ruler_2515": null,
          "ruler_2512": null,
          "ruler_2276": null
        },
        "wiki": {
          "title": null,
          "url": null,
          "description": null,
          "image": null
        },
        "svg_layer": "Tilea"
      }
    },
    {
      "type": "Feature",
      "id": "copy_text_14368",
      "geometry": {
        "type": "Point",
        "coordinates": [
          -8.064482,
          35.880826
        ]
      },
      "properties": {
        "id": "copy_text_14368",
        "name": "Roccavessino",
        "category": "settlement",
        "dataset": "tilea",
        "in_gazetteer": false,
        "type": null,
        "region": "Tilea",
        "province": null,
        "estate": null,
        "population": 154,
        "population_estimated": true,
        "size_category": 1,
        "trade": null,
        "source": null,
        "tags": [],
        "notes": [],
        "history": {
          "province_2512": null,
          "province_2276": null,
          "ruler_2515": null,
          "ruler_2512": null,
          "ruler_2276": null
        },
        "wiki": {
          "title": null,
          "url": null,
          "description": null,
          "image": null
        },
        "svg_layer": "Tilea"
      }
    },
    {
      "type": "Feature",
      "id": "copy_text_14369",
      "geometry": {
        "type": "Point",
        "coordinates": [
          -7.315784,
          34.40166
        ]
      },
      "properties": {
        "id": "copy_text_14369",
        "name": "Montedervaro",
        "category": "settlement",
        "dataset": "tilea",
        "in_gazetteer": false,
        "type": null,
        "region": "Tilea",
        "province": null,
        "estate": null,
        "population": 261,
        "population_estimated": true,
        "size_category": 1,
        "trade": null,
        "source": null,
        "tags": [],
        "notes": [],
        "history": {
          "province_2512": null,
          "province_2276": null,
          "ruler_2515": null,
          "ruler_2512": null,
          "ruler_2276": null
        },
        "wiki": {
          "title": null,
          "url": null,
          "description": null,
          "image": null
        },
        "svg_layer": "Tilea"
      }
    },
    {
      "type": "Feature",
      "id": "copy_text_14370",
      "geometry": {
        "type": "Point",
        "coordinates": [
          -6.485488,
          36.497942
        ]
      },
      "properties": {
        "id": "copy_text_14370",
        "name": "Castelverena",
        "category": "settlement",
        "dataset": "tilea",
        "in_gazetteer": false,
        "type": null,
        "region": "Tilea",
        "province": null,
        "estate": null,
        "population": 201,
        "population_estimated": true,
        "size_category": 1,
        "trade": null,
        "source": null,
        "tags": [],
        "notes": [],
        "history": {
          "province_2512": null,
          "province_2276": null,
          "ruler_2515": null,
          "ruler_2512": null,
          "ruler_2276": null
        },
        "wiki": {
          "title": null,
          "url": null,
          "description": null,
          "image": null
        },
        "svg_layer": "Tilea"
      }
    },
    {
      "type": "Feature",
      "id": "copy_text_14371",
      "geometry": {
        "type": "Point",
        "coordinates": [
          -6.736382,
          39.084223
        ]
      },
      "properties": {
        "id": "copy_text_14371",
        "name": "Mirmidano",
        "category": "settlement",
        "dataset": "tilea",
        "in_gazetteer": false,
        "type": null,
        "region": "Tilea",
        "province": null,
        "estate": null,
        "population": 92,
        "population_estimated": true,
        "size_category": 1,
        "trade": null,
        "source": null,
        "tags": [],
        "notes": [],
        "history": {
          "province_2512": null,
          "province_2276": null,
          "ruler_2515": null,
          "ruler_2512": null,
          "ruler_2276": null
        },
        "wiki": {
          "title": null,
          "url": null,
          "description": null,
          "image": null
        },
        "svg_layer": "Tilea"
      }
    },
    {
      "type": "Feature",
      "id": "copy_text_14372",
      "geometry": {
        "type": "Point",
        "coordinates": [
          -6.257841,
          39.496708
        ]
      },
      "properties": {
        "id": "copy_text_14372",
        "name": "Castelmirmidia",
        "category": "settlement",
        "dataset": "tilea",
        "in_gazetteer": false,
        "type": null,
        "region": "Tilea",
        "province": null,
        "estate": null,
        "population": 123,
        "population_estimated": true,
        "size_category": 1,
        "trade": null,
        "source": null,
        "tags": [],
        "notes": [],
        "history": {
          "province_2512": null,
          "province_2276": null,
          "ruler_2515": null,
          "ruler_2512": null,
          "ruler_2276": null
        },
        "wiki": {
          "title": null,
          "url": null,
          "description": null,
          "image": null
        },
        "svg_layer": "Tilea"
      }
    },
    {
      "type": "Feature",
      "id": "copy_text_14373",
      "geometry": {
        "type": "Point",
        "coordinates": [
          -8.30937,
          34.844836
        ]
      },
      "properties": {
        "id": "copy_text_14373",
        "name": "Morrovento",
        "category": "settlement",
        "dataset": "tilea",
        "in_gazetteer": false,
        "type": null,
        "region": "Tilea",
        "province": null,
        "estate": null,
        "population": 167,
        "population_estimated": true,
        "size_category": 1,
        "trade": null,
        "source": null,
        "tags": [],
        "notes": [],
        "history": {
          "province_2512": null,
          "province_2276": null,
          "ruler_2515": null,
          "ruler_2512": null,
          "ruler_2276": null
        },
        "wiki": {
          "title": null,
          "url": null,
          "description": null,
          "image": null
        },
        "svg_layer": "Tilea"
      }
    },
    {
      "type": "Feature",
      "id": "copy_text_14375",
      "geometry": {
        "type": "Point",
        "coordinates": [
          -6.727149,
          33.186289
        ]
      },
      "properties": {
        "id": "copy_text_14375",
        "name": "Portomorre",
        "category": "settlement",
        "dataset": "tilea",
        "in_gazetteer": false,
        "type": null,
        "region": "Tilea",
        "province": null,
        "estate": null,
        "population": 214,
        "population_estimated": true,
        "size_category": 1,
        "trade": null,
        "source": null,
        "tags": [],
        "notes": [],
        "history": {
          "province_2512": null,
          "province_2276": null,
          "ruler_2515": null,
          "ruler_2512": null,
          "ruler_2276": null
        },
        "wiki": {
          "title": null,
          "url": null,
          "description": null,
          "image": null
        },
        "svg_layer": "Tilea"
      }
    },
    {
      "type": "Feature",
      "id": "copy_text_14376",
      "geometry": {
        "type": "Point",
        "coordinates": [
          -9.205042,
          35.139891
        ]
      },
      "properties": {
        "id": "copy_text_14376",
        "name": "Valmatengo",
        "category": "settlement",
        "dataset": "tilea",
        "in_gazetteer": false,
        "type": null,
        "region": "Tilea",
        "province": null,
        "estate": null,
        "population": 397,
        "population_estimated": true,
        "size_category": 2,
        "trade": null,
        "source": null,
        "tags": [],
        "notes": [],
        "history": {
          "province_2512": null,
          "province_2276": null,
          "ruler_2515": null,
          "ruler_2512": null,
          "ruler_2276": null
        },
        "wiki": {
          "title": null,
          "url": null,
          "description": null,
          "image": null
        },
        "svg_layer": "Tilea"
      }
    },
    {
      "type": "Feature",
      "id": "copy_text_14377",
      "geometry": {
        "type": "Point",
        "coordinates": [
          -7.934459,
          37.382747
        ]
      },
      "properties": {
        "id": "copy_text_14377",
        "name": "Matannigo",
        "category": "settlement",
        "dataset": "tilea",
        "in_gazetteer": false,
        "type": null,
        "region": "Tilea",
        "province": null,
        "estate": null,
        "population": 158,
        "population_estimated": true,
        "size_category": 1,
        "trade": null,
        "source": null,
        "tags": [],
        "notes": [],
        "history": {
          "province_2512": null,
          "province_2276": null,
          "ruler_2515": null,
          "ruler_2512": null,
          "ruler_2276": null
        },
        "wiki": {
          "title": null,
          "url": null,
          "description": null,
          "image": null
        },
        "svg_layer": "Tilea"
      }
    },
    {
      "type": "Feature",
      "id": "copy_text_14378",
      "geometry": {
        "type": "Point",
        "coordinates": [
          -9.091679,
          34.959892
        ]
      },
      "properties": {
        "id": "copy_text_14378",
        "name": "Roccamathann",
        "category": "settlement",
        "dataset": "tilea",
        "in_gazetteer": false,
        "type": null,
        "region": "Tilea",
        "province": null,
        "estate": null,
        "population": 127,
        "population_estimated": true,
        "size_category": 1,
        "trade": null,
        "source": null,
        "tags": [],
        "notes": [],
        "history": {
          "province_2512": null,
          "province_2276": null,
          "ruler_2515": null,
          "ruler_2512": null,
          "ruler_2276": null
        },
        "wiki": {
          "title": null,
          "url": null,
          "description": null,
          "image": null
        },
        "svg_layer": "Tilea"
      }
    },
    {
      "type": "Feature",
      "id": "copy_text_14379",
      "geometry": {
        "type": "Point",
        "coordinates": [
          -6.953901,
          36.719837
        ]
      },
      "properties": {
        "id": "copy_text_14379",
        "name": "Solkarigo",
        "category": "settlement",
        "dataset": "tilea",
        "in_gazetteer": false,
        "type": null,
        "region": "Tilea",
        "province": null,
        "estate": null,
        "population": 139,
        "population_estimated": true,
        "size_category": 1,
        "trade": null,
        "source": null,
        "tags": [],
        "notes": [],
        "history": {
          "province_2512": null,
          "province_2276": null,
          "ruler_2515": null,
          "ruler_2512": null,
          "ruler_2276": null
        },
        "wiki": {
          "title": null,
          "url": null,
          "description": null,
          "image": null
        },
        "svg_layer": "Tilea"
      }
    },
    {
      "type": "Feature",
      "id": "copy_text_14380",
      "geometry": {
        "type": "Point",
        "coordinates": [
          -5.315678,
          37.718195
        ]
      },
      "properties": {
        "id": "copy_text_14380",
        "name": "Valsolkano",
        "category": "settlement",
        "dataset": "tilea",
        "in_gazetteer": false,
        "type": null,
        "region": "Tilea",
        "province": null,
        "estate": null,
        "population": 85,
        "population_estimated": true,
        "size_category": 1,
        "trade": null,
        "source": null,
        "tags": [],
        "notes": [],
        "history": {
          "province_2512": null,
          "province_2276": null,
          "ruler_2515": null,
          "ruler_2512": null,
          "ruler_2276": null
        },
        "wiki": {
          "title": null,
          "url": null,
          "description": null,
          "image": null
        },
        "svg_layer": "Tilea"
      }
    },
    {
      "type": "Feature",
      "id": "copy_text_14381",
      "geometry": {
        "type": "Point",
        "coordinates": [
          -6.804285,
          37.580699
        ]
      },
      "properties": {
        "id": "copy_text_14381",
        "name": "Avelarigo",
        "category": "settlement",
        "dataset": "tilea",
        "in_gazetteer": false,
        "type": null,
        "region": "Tilea",
        "province": null,
        "estate": null,
        "population": 105,
        "population_estimated": true,
        "size_category": 1,
        "trade": null,
        "source": null,
        "tags": [],
        "notes": [],
        "history": {
          "province_2512": null,
          "province_2276": null,
          "ruler_2515": null,
          "ruler_2512": null,
          "ruler_2276": null
        },
        "wiki": {
          "title": null,
          "url": null,
          "description": null,
          "image": null
        },
        "svg_layer": "Tilea"
      }
    },
    {
      "type": "Feature",
      "id": "copy_text_14382",
      "geometry": {
        "type": "Point",
        "coordinates": [
          -6.912468,
          36.822496
        ]
      },
      "properties": {
        "id": "copy_text_14382",
        "name": "Lothariello",
        "category": "settlement",
        "dataset": "tilea",
        "in_gazetteer": false,
        "type": null,
        "region": "Tilea",
        "province": null,
        "estate": null,
        "population": 214,
        "population_estimated": true,
        "size_category": 1,
        "trade": null,
        "source": null,
        "tags": [],
        "notes": [],
        "history": {
          "province_2512": null,
          "province_2276": null,
          "ruler_2515": null,
          "ruler_2512": null,
          "ruler_2276": null
        },
        "wiki": {
          "title": null,
          "url": null,
          "description": null,
          "image": null
        },
        "svg_layer": "Tilea"
      }
    },
    {
      "type": "Feature",
      "id": "copy_text_14383",
      "geometry": {
        "type": "Point",
        "coordinates": [
          -8.574354,
          34.893144
        ]
      },
      "properties": {
        "id": "copy_text_14383",
        "name": "Camposcorvo",
        "category": "settlement",
        "dataset": "tilea",
        "in_gazetteer": false,
        "type": null,
        "region": "Tilea",
        "province": null,
        "estate": null,
        "population": 96,
        "population_estimated": true,
        "size_category": 1,
        "trade": null,
        "source": null,
        "tags": [],
        "notes": [],
        "history": {
          "province_2512": null,
          "province_2276": null,
          "ruler_2515": null,
          "ruler_2512": null,
          "ruler_2276": null
        },
        "wiki": {
          "title": null,
          "url": null,
          "description": null,
          "image": null
        },
        "svg_layer": "Tilea"
      }
    },
    {
      "type": "Feature",
      "id": "copy_text_14384",
      "geometry": {
        "type": "Point",
        "coordinates": [
          -7.373976,
          34.879333
        ]
      },
      "properties": {
        "id": "copy_text_14384",
        "name": "Valdelcimitero",
        "category": "settlement",
        "dataset": "tilea",
        "in_gazetteer": false,
        "type": null,
        "region": "Tilea",
        "province": null,
        "estate": null,
        "population": 308,
        "population_estimated": true,
        "size_category": 2,
        "trade": null,
        "source": null,
        "tags": [],
        "notes": [],
        "history": {
          "province_2512": null,
          "province_2276": null,
          "ruler_2515": null,
          "ruler_2512": null,
          "ruler_2276": null
        },
        "wiki": {
          "title": null,
          "url": null,
          "description": null,
          "image": null
        },
        "svg_layer": "Tilea"
      }
    },
    {
      "type": "Feature",
      "id": "copy_text_14385",
      "geometry": {
        "type": "Point",
        "coordinates": [
          -8.800647,
          34.84227
        ]
      },
      "properties": {
        "id": "copy_text_14385",
        "name": "Portamorte",
        "category": "settlement",
        "dataset": "tilea",
        "in_gazetteer": false,
        "type": null,
        "region": "Tilea",
        "province": null,
        "estate": null,
        "population": 239,
        "population_estimated": true,
        "size_category": 1,
        "trade": null,
        "source": null,
        "tags": [],
        "notes": [],
        "history": {
          "province_2512": null,
          "province_2276": null,
          "ruler_2515": null,
          "ruler_2512": null,
          "ruler_2276": null
        },
        "wiki": {
          "title": null,
          "url": null,
          "description": null,
          "image": null
        },
        "svg_layer": "Tilea"
      }
    },
    {
      "type": "Feature",
      "id": "copy_text_14386",
      "geometry": {
        "type": "Point",
        "coordinates": [
          -6.910504,
          33.775983
        ]
      },
      "properties": {
        "id": "copy_text_14386",
        "name": "Fiumenotte",
        "category": "settlement",
        "dataset": "tilea",
        "in_gazetteer": false,
        "type": null,
        "region": "Tilea",
        "province": null,
        "estate": null,
        "population": 284,
        "population_estimated": true,
        "size_category": 1,
        "trade": null,
        "source": null,
        "tags": [],
        "notes": [],
        "history": {
          "province_2512": null,
          "province_2276": null,
          "ruler_2515": null,
          "ruler_2512": null,
          "ruler_2276": null
        },
        "wiki": {
          "title": null,
          "url": null,
          "description": null,
          "image": null
        },
        "svg_layer": "Tilea"
      }
    },
    {
      "type": "Feature",
      "id": "copy_text_14387",
      "geometry": {
        "type": "Point",
        "coordinates": [
          -4.322966,
          40.503043
        ]
      },
      "properties": {
        "id": "copy_text_14387",
        "name": "Castelombra",
        "category": "settlement",
        "dataset": "tilea",
        "in_gazetteer": false,
        "type": null,
        "region": "Tilea",
        "province": null,
        "estate": null,
        "population": 220,
        "population_estimated": true,
        "size_category": 1,
        "trade": null,
        "source": null,
        "tags": [],
        "notes": [],
        "history": {
          "province_2512": null,
          "province_2276": null,
          "ruler_2515": null,
          "ruler_2512": null,
          "ruler_2276": null
        },
        "wiki": {
          "title": null,
          "url": null,
          "description": null,
          "image": null
        },
        "svg_layer": "Tilea"
      }
    },
    {
      "type": "Feature",
      "id": "copy_text_14388",
      "geometry": {
        "type": "Point",
        "coordinates": [
          -6.21064,
          39.346969
        ]
      },
      "properties": {
        "id": "copy_text_14388",
        "name": "Campomaledetto",
        "category": "settlement",
        "dataset": "tilea",
        "in_gazetteer": false,
        "type": null,
        "region": "Tilea",
        "province": null,
        "estate": null,
        "population": 98,
        "population_estimated": true,
        "size_category": 1,
        "trade": null,
        "source": null,
        "tags": [],
        "notes": [],
        "history": {
          "province_2512": null,
          "province_2276": null,
          "ruler_2515": null,
          "ruler_2512": null,
          "ruler_2276": null
        },
        "wiki": {
          "title": null,
          "url": null,
          "description": null,
          "image": null
        },
        "svg_layer": "Tilea"
      }
    },
    {
      "type": "Feature",
      "id": "copy_text_14389",
      "geometry": {
        "type": "Point",
        "coordinates": [
          -6.703844,
          38.922778
        ]
      },
      "properties": {
        "id": "copy_text_14389",
        "name": "Roccatetro",
        "category": "settlement",
        "dataset": "tilea",
        "in_gazetteer": false,
        "type": null,
        "region": "Tilea",
        "province": null,
        "estate": null,
        "population": 333,
        "population_estimated": true,
        "size_category": 2,
        "trade": null,
        "source": null,
        "tags": [],
        "notes": [],
        "history": {
          "province_2512": null,
          "province_2276": null,
          "ruler_2515": null,
          "ruler_2512": null,
          "ruler_2276": null
        },
        "wiki": {
          "title": null,
          "url": null,
          "description": null,
          "image": null
        },
        "svg_layer": "Tilea"
      }
    },
    {
      "type": "Feature",
      "id": "copy_text_14390",
      "geometry": {
        "type": "Point",
        "coordinates": [
          -6.742137,
          36.633288
        ]
      },
      "properties": {
        "id": "copy_text_14390",
        "name": "Portadelmorte",
        "category": "settlement",
        "dataset": "tilea",
        "in_gazetteer": false,
        "type": null,
        "region": "Tilea",
        "province": null,
        "estate": null,
        "population": 75,
        "population_estimated": true,
        "size_category": 1,
        "trade": null,
        "source": null,
        "tags": [],
        "notes": [],
        "history": {
          "province_2512": null,
          "province_2276": null,
          "ruler_2515": null,
          "ruler_2512": null,
          "ruler_2276": null
        },
        "wiki": {
          "title": null,
          "url": null,
          "description": null,
          "image": null
        },
        "svg_layer": "Tilea"
      }
    },
    {
      "type": "Feature",
      "id": "copy_text_14391",
      "geometry": {
        "type": "Point",
        "coordinates": [
          -6.605757,
          36.508532
        ]
      },
      "properties": {
        "id": "copy_text_14391",
        "name": "Bresperigo",
        "category": "settlement",
        "dataset": "tilea",
        "in_gazetteer": false,
        "type": null,
        "region": "Tilea",
        "province": null,
        "estate": null,
        "population": 106,
        "population_estimated": true,
        "size_category": 1,
        "trade": null,
        "source": null,
        "tags": [],
        "notes": [],
        "history": {
          "province_2512": null,
          "province_2276": null,
          "ruler_2515": null,
          "ruler_2512": null,
          "ruler_2276": null
        },
        "wiki": {
          "title": null,
          "url": null,
          "description": null,
          "image": null
        },
        "svg_layer": "Tilea"
      }
    },
    {
      "type": "Feature",
      "id": "copy_text_14392",
      "geometry": {
        "type": "Point",
        "coordinates": [
          -6.762852,
          36.600143
        ]
      },
      "properties": {
        "id": "copy_text_14392",
        "name": "Lorvellano",
        "category": "settlement",
        "dataset": "tilea",
        "in_gazetteer": false,
        "type": null,
        "region": "Tilea",
        "province": null,
        "estate": null,
        "population": 119,
        "population_estimated": true,
        "size_category": 1,
        "trade": null,
        "source": null,
        "tags": [],
        "notes": [],
        "history": {
          "province_2512": null,
          "province_2276": null,
          "ruler_2515": null,
          "ruler_2512": null,
          "ruler_2276": null
        },
        "wiki": {
          "title": null,
          "url": null,
          "description": null,
          "image": null
        },
        "svg_layer": "Tilea"
      }
    },
    {
      "type": "Feature",
      "id": "copy_text_14393",
      "geometry": {
        "type": "Point",
        "coordinates": [
          -6.829604,
          36.467559
        ]
      },
      "properties": {
        "id": "copy_text_14393",
        "name": "Trenvessaro",
        "category": "settlement",
        "dataset": "tilea",
        "in_gazetteer": false,
        "type": null,
        "region": "Tilea",
        "province": null,
        "estate": null,
        "population": 116,
        "population_estimated": true,
        "size_category": 1,
        "trade": null,
        "source": null,
        "tags": [],
        "notes": [],
        "history": {
          "province_2512": null,
          "province_2276": null,
          "ruler_2515": null,
          "ruler_2512": null,
          "ruler_2276": null
        },
        "wiki": {
          "title": null,
          "url": null,
          "description": null,
          "image": null
        },
        "svg_layer": "Tilea"
      }
    },
    {
      "type": "Feature",
      "id": "copy_text_14394",
      "geometry": {
        "type": "Point",
        "coordinates": [
          -6.991543,
          36.202832
        ]
      },
      "properties": {
        "id": "copy_text_14394",
        "name": "Calverano",
        "category": "settlement",
        "dataset": "tilea",
        "in_gazetteer": false,
        "type": null,
        "region": "Tilea",
        "province": null,
        "estate": null,
        "population": 131,
        "population_estimated": true,
        "size_category": 1,
        "trade": null,
        "source": null,
        "tags": [],
        "notes": [],
        "history": {
          "province_2512": null,
          "province_2276": null,
          "ruler_2515": null,
          "ruler_2512": null,
          "ruler_2276": null
        },
        "wiki": {
          "title": null,
          "url": null,
          "description": null,
          "image": null
        },
        "svg_layer": "Tilea"
      }
    },
    {
      "type": "Feature",
      "id": "copy_text_14395",
      "geometry": {
        "type": "Point",
        "coordinates": [
          -5.592398,
          34.484347
        ]
      },
      "properties": {
        "id": "copy_text_14395",
        "name": "Paganinia",
        "category": "settlement",
        "dataset": "tilea",
        "in_gazetteer": false,
        "type": null,
        "region": "Tilea",
        "province": null,
        "estate": null,
        "population": 86,
        "population_estimated": true,
        "size_category": 1,
        "trade": null,
        "source": null,
        "tags": [],
        "notes": [],
        "history": {
          "province_2512": null,
          "province_2276": null,
          "ruler_2515": null,
          "ruler_2512": null,
          "ruler_2276": null
        },
        "wiki": {
          "title": null,
          "url": null,
          "description": null,
          "image": null
        },
        "svg_layer": "Tilea"
      }
    },
    {
      "type": "Feature",
      "id": "copy_text_14396",
      "geometry": {
        "type": "Point",
        "coordinates": [
          -6.040094,
          34.539589
        ]
      },
      "properties": {
        "id": "copy_text_14396",
        "name": "Conde",
        "category": "settlement",
        "dataset": "tilea",
        "in_gazetteer": false,
        "type": null,
        "region": "Tilea",
        "province": null,
        "estate": null,
        "population": 395,
        "population_estimated": true,
        "size_category": 2,
        "trade": null,
        "source": null,
        "tags": [],
        "notes": [],
        "history": {
          "province_2512": null,
          "province_2276": null,
          "ruler_2515": null,
          "ruler_2512": null,
          "ruler_2276": null
        },
        "wiki": {
          "title": null,
          "url": null,
          "description": null,
          "image": null
        },
        "svg_layer": "Tilea"
      }
    },
    {
      "type": "Feature",
      "id": "copy_text_14397",
      "geometry": {
        "type": "Point",
        "coordinates": [
          -5.784596,
          34.394117
        ]
      },
      "properties": {
        "id": "copy_text_14397",
        "name": "Tulo",
        "category": "settlement",
        "dataset": "tilea",
        "in_gazetteer": false,
        "type": null,
        "region": "Tilea",
        "province": null,
        "estate": null,
        "population": 216,
        "population_estimated": true,
        "size_category": 1,
        "trade": null,
        "source": null,
        "tags": [],
        "notes": [],
        "history": {
          "province_2512": null,
          "province_2276": null,
          "ruler_2515": null,
          "ruler_2512": null,
          "ruler_2276": null
        },
        "wiki": {
          "title": null,
          "url": null,
          "description": null,
          "image": null
        },
        "svg_layer": "Tilea"
      }
    },
    {
      "type": "Feature",
      "id": "copy_text_14398",
      "geometry": {
        "type": "Point",
        "coordinates": [
          -5.800709,
          34.864604
        ]
      },
      "properties": {
        "id": "copy_text_14398",
        "name": "Seris",
        "category": "settlement",
        "dataset": "tilea",
        "in_gazetteer": false,
        "type": null,
        "region": "Tilea",
        "province": null,
        "estate": null,
        "population": 189,
        "population_estimated": true,
        "size_category": 1,
        "trade": null,
        "source": null,
        "tags": [],
        "notes": [],
        "history": {
          "province_2512": null,
          "province_2276": null,
          "ruler_2515": null,
          "ruler_2512": null,
          "ruler_2276": null
        },
        "wiki": {
          "title": null,
          "url": null,
          "description": null,
          "image": null
        },
        "svg_layer": "Tilea"
      }
    },
    {
      "type": "Feature",
      "id": "copy_text_14399",
      "geometry": {
        "type": "Point",
        "coordinates": [
          -5.80186,
          34.69795
        ]
      },
      "properties": {
        "id": "copy_text_14399",
        "name": "Laconia",
        "category": "settlement",
        "dataset": "tilea",
        "in_gazetteer": false,
        "type": null,
        "region": "Tilea",
        "province": null,
        "estate": null,
        "population": 301,
        "population_estimated": true,
        "size_category": 2,
        "trade": null,
        "source": null,
        "tags": [],
        "notes": [],
        "history": {
          "province_2512": null,
          "province_2276": null,
          "ruler_2515": null,
          "ruler_2512": null,
          "ruler_2276": null
        },
        "wiki": {
          "title": null,
          "url": null,
          "description": null,
          "image": null
        },
        "svg_layer": "Tilea"
      }
    },
    {
      "type": "Feature",
      "id": "copy_text_14400",
      "geometry": {
        "type": "Point",
        "coordinates": [
          -5.75122,
          35.054267
        ]
      },
      "properties": {
        "id": "copy_text_14400",
        "name": "Neuva Organza",
        "category": "settlement",
        "dataset": "tilea",
        "in_gazetteer": false,
        "type": null,
        "region": "Tilea",
        "province": null,
        "estate": null,
        "population": 346,
        "population_estimated": true,
        "size_category": 2,
        "trade": null,
        "source": null,
        "tags": [],
        "notes": [],
        "history": {
          "province_2512": null,
          "province_2276": null,
          "ruler_2515": null,
          "ruler_2512": null,
          "ruler_2276": null
        },
        "wiki": {
          "title": null,
          "url": null,
          "description": null,
          "image": null
        },
        "svg_layer": "Tilea"
      }
    },
    {
      "type": "Feature",
      "id": "copy_text_14401",
      "geometry": {
        "type": "Point",
        "coordinates": [
          -7.065132,
          33.683558
        ]
      },
      "properties": {
        "id": "copy_text_14401",
        "name": "Forteforno",
        "category": "settlement",
        "dataset": "tilea",
        "in_gazetteer": false,
        "type": null,
        "region": "Tilea",
        "province": null,
        "estate": null,
        "population": 93,
        "population_estimated": true,
        "size_category": 1,
        "trade": null,
        "source": null,
        "tags": [],
        "notes": [],
        "history": {
          "province_2512": null,
          "province_2276": null,
          "ruler_2515": null,
          "ruler_2512": null,
          "ruler_2276": null
        },
        "wiki": {
          "title": null,
          "url": null,
          "description": null,
          "image": null
        },
        "svg_layer": "Tilea"
      }
    },
    {
      "type": "Feature",
      "id": "copy_text_14402",
      "geometry": {
        "type": "Point",
        "coordinates": [
          -7.14814,
          38.858036
        ]
      },
      "properties": {
        "id": "copy_text_14402",
        "name": "Tempera",
        "category": "settlement",
        "dataset": "tilea",
        "in_gazetteer": false,
        "type": null,
        "region": "Tilea",
        "province": null,
        "estate": null,
        "population": 149,
        "population_estimated": true,
        "size_category": 1,
        "trade": null,
        "source": null,
        "tags": [],
        "notes": [],
        "history": {
          "province_2512": null,
          "province_2276": null,
          "ruler_2515": null,
          "ruler_2512": null,
          "ruler_2276": null
        },
        "wiki": {
          "title": null,
          "url": null,
          "description": null,
          "image": null
        },
        "svg_layer": "Tilea"
      }
    },
    {
      "type": "Feature",
      "id": "copy_text_14403",
      "geometry": {
        "type": "Point",
        "coordinates": [
          -6.60989,
          41.070057
        ]
      },
      "properties": {
        "id": "copy_text_14403",
        "name": "Palisco",
        "category": "settlement",
        "dataset": "tilea",
        "in_gazetteer": false,
        "type": null,
        "region": "Tilea",
        "province": null,
        "estate": null,
        "population": 80,
        "population_estimated": true,
        "size_category": 1,
        "trade": null,
        "source": null,
        "tags": [],
        "notes": [],
        "history": {
          "province_2512": null,
          "province_2276": null,
          "ruler_2515": null,
          "ruler_2512": null,
          "ruler_2276": null
        },
        "wiki": {
          "title": null,
          "url": null,
          "description": null,
          "image": null
        },
        "svg_layer": "Tilea"
      }
    },
    {
      "type": "Feature",
      "id": "copy_text_14404",
      "geometry": {
        "type": "Point",
        "coordinates": [
          -6.468524,
          40.885512
        ]
      },
      "properties": {
        "id": "copy_text_14404",
        "name": "Tramaglino",
        "category": "settlement",
        "dataset": "tilea",
        "in_gazetteer": true,
        "type": null,
        "region": "Tilea",
        "province": "Miragliano",
        "estate": null,
        "population": 1923,
        "population_estimated": false,
        "size_category": 3,
        "trade": null,
        "source": null,
        "tags": [],
        "notes": [],
        "history": {
          "province_2512": null,
          "province_2276": null,
          "ruler_2515": null,
          "ruler_2512": null,
          "ruler_2276": null
        },
        "wiki": {
          "title": "Tramaglino",
          "url": "https://warhammerfantasy.fandom.com/wiki/Tramaglino",
          "description": "Tramaglino is a northern Tilean town not far from the city-state of Miragliano. During the alternate timeline of the Storm of Chaos, Tramaglino was destroyed by the Skaven on 17 Brumoso, 2522 IC. Some survivors of the slaughter made their way to Miragliano.",
          "image": "https://static.wikia.nocookie.net/warhammerfb/images/1/1e/Miragliano_2300_IC.png/revision/latest?cb=20250218124555"
        },
        "svg_layer": "Tilea"
      }
    },
    {
      "type": "Feature",
      "id": "copy_text_14405",
      "geometry": {
        "type": "Point",
        "coordinates": [
          -6.101591,
          40.938114
        ]
      },
      "properties": {
        "id": "copy_text_14405",
        "name": "Dallo",
        "category": "settlement",
        "dataset": "tilea",
        "in_gazetteer": true,
        "type": null,
        "region": "Tilea",
        "province": "Miragliano",
        "estate": null,
        "population": 135,
        "population_estimated": true,
        "size_category": 1,
        "trade": null,
        "source": "Alfred \"MadAlfred\" Nuñez Jr. (unofficial)",
        "tags": [],
        "notes": [],
        "history": {
          "province_2512": null,
          "province_2276": null,
          "ruler_2515": null,
          "ruler_2512": null,
          "ruler_2276": null
        },
        "wiki": {
          "title": null,
          "url": null,
          "description": null,
          "image": null
        },
        "svg_layer": "Tilea"
      }
    },
    {
      "type": "Feature",
      "id": "copy_text_14406",
      "geometry": {
        "type": "Point",
        "coordinates": [
          -6.603455,
          41.234085
        ]
      },
      "properties": {
        "id": "copy_text_14406",
        "name": "Lometti",
        "category": "settlement",
        "dataset": "tilea",
        "in_gazetteer": false,
        "type": null,
        "region": "Tilea",
        "province": null,
        "estate": null,
        "population": 134,
        "population_estimated": true,
        "size_category": 1,
        "trade": null,
        "source": null,
        "tags": [],
        "notes": [],
        "history": {
          "province_2512": null,
          "province_2276": null,
          "ruler_2515": null,
          "ruler_2512": null,
          "ruler_2276": null
        },
        "wiki": {
          "title": null,
          "url": null,
          "description": null,
          "image": null
        },
        "svg_layer": "Tilea"
      }
    },
    {
      "type": "Feature",
      "id": "copy_text_14407",
      "geometry": {
        "type": "Point",
        "coordinates": [
          -6.680204,
          41.421839
        ]
      },
      "properties": {
        "id": "copy_text_14407",
        "name": "Canzio",
        "category": "settlement",
        "dataset": "tilea",
        "in_gazetteer": false,
        "type": null,
        "region": "Tilea",
        "province": null,
        "estate": null,
        "population": 299,
        "population_estimated": true,
        "size_category": 1,
        "trade": null,
        "source": null,
        "tags": [],
        "notes": [],
        "history": {
          "province_2512": null,
          "province_2276": null,
          "ruler_2515": null,
          "ruler_2512": null,
          "ruler_2276": null
        },
        "wiki": {
          "title": null,
          "url": null,
          "description": null,
          "image": null
        },
        "svg_layer": "Tilea"
      }
    },
    {
      "type": "Feature",
      "id": "copy_text_14408",
      "geometry": {
        "type": "Point",
        "coordinates": [
          -6.587431,
          41.479783
        ]
      },
      "properties": {
        "id": "copy_text_14408",
        "name": "Sartiero",
        "category": "settlement",
        "dataset": "tilea",
        "in_gazetteer": false,
        "type": null,
        "region": "Tilea",
        "province": null,
        "estate": null,
        "population": 170,
        "population_estimated": true,
        "size_category": 1,
        "trade": null,
        "source": null,
        "tags": [],
        "notes": [],
        "history": {
          "province_2512": null,
          "province_2276": null,
          "ruler_2515": null,
          "ruler_2512": null,
          "ruler_2276": null
        },
        "wiki": {
          "title": null,
          "url": null,
          "description": null,
          "image": null
        },
        "svg_layer": "Tilea"
      }
    },
    {
      "type": "Feature",
      "id": "copy_text_14409",
      "geometry": {
        "type": "Point",
        "coordinates": [
          -6.659849,
          41.508787
        ]
      },
      "properties": {
        "id": "copy_text_14409",
        "name": "Mironia",
        "category": "settlement",
        "dataset": "tilea",
        "in_gazetteer": true,
        "type": null,
        "region": "Tilea",
        "province": "Miragliano",
        "estate": null,
        "population": 560,
        "population_estimated": false,
        "size_category": 2,
        "trade": null,
        "source": "Warhammer Fantasy Roleplay 4e: Up in Arms",
        "tags": [],
        "notes": [
          "0"
        ],
        "history": {
          "province_2512": null,
          "province_2276": null,
          "ruler_2515": null,
          "ruler_2512": null,
          "ruler_2276": null
        },
        "wiki": {
          "title": "Mironia",
          "url": "https://warhammerfantasy.fandom.com/wiki/Mironia",
          "description": "Mironia was a small town in Tilea near the Zombie Swamps before being razed to ground by the Skaven. During a very foggy night, the settlement was attacked by a large number of Skaven, with first several city patrols being secretly eliminated. Captain Rizzilo was finally able to make out some hooded figures with red sparkling eyes, but was probably killed by them immediately.",
          "image": "https://static.wikia.nocookie.net/warhammerfb/images/1/1e/Miragliano_2300_IC.png/revision/latest?cb=20250218124555"
        },
        "svg_layer": "Tilea"
      }
    },
    {
      "type": "Feature",
      "id": "copy_text_14410",
      "geometry": {
        "type": "Point",
        "coordinates": [
          -6.709722,
          41.540492
        ]
      },
      "properties": {
        "id": "copy_text_14410",
        "name": "Govella",
        "category": "settlement",
        "dataset": "tilea",
        "in_gazetteer": false,
        "type": null,
        "region": "Tilea",
        "province": null,
        "estate": null,
        "population": 197,
        "population_estimated": true,
        "size_category": 1,
        "trade": null,
        "source": null,
        "tags": [],
        "notes": [],
        "history": {
          "province_2512": null,
          "province_2276": null,
          "ruler_2515": null,
          "ruler_2512": null,
          "ruler_2276": null
        },
        "wiki": {
          "title": null,
          "url": null,
          "description": null,
          "image": null
        },
        "svg_layer": "Tilea"
      }
    },
    {
      "type": "Feature",
      "id": "copy_text_14411",
      "geometry": {
        "type": "Point",
        "coordinates": [
          -6.515002,
          40.836552
        ]
      },
      "properties": {
        "id": "copy_text_14411",
        "name": "Fornacchi",
        "category": "settlement",
        "dataset": "tilea",
        "in_gazetteer": false,
        "type": null,
        "region": "Tilea",
        "province": null,
        "estate": null,
        "population": 246,
        "population_estimated": true,
        "size_category": 1,
        "trade": null,
        "source": null,
        "tags": [],
        "notes": [],
        "history": {
          "province_2512": null,
          "province_2276": null,
          "ruler_2515": null,
          "ruler_2512": null,
          "ruler_2276": null
        },
        "wiki": {
          "title": null,
          "url": null,
          "description": null,
          "image": null
        },
        "svg_layer": "Tilea"
      }
    },
    {
      "type": "Feature",
      "id": "copy_text_14412",
      "geometry": {
        "type": "Point",
        "coordinates": [
          -6.526396,
          40.793585
        ]
      },
      "properties": {
        "id": "copy_text_14412",
        "name": "Rogeni",
        "category": "settlement",
        "dataset": "tilea",
        "in_gazetteer": true,
        "type": null,
        "region": "Tilea",
        "province": "Miragliano",
        "estate": null,
        "population": 116,
        "population_estimated": true,
        "size_category": 1,
        "trade": null,
        "source": "Alfred \"MadAlfred\" Nuñez Jr. (unofficial)",
        "tags": [],
        "notes": [],
        "history": {
          "province_2512": null,
          "province_2276": null,
          "ruler_2515": null,
          "ruler_2512": null,
          "ruler_2276": null
        },
        "wiki": {
          "title": null,
          "url": null,
          "description": null,
          "image": null
        },
        "svg_layer": "Tilea"
      }
    },
    {
      "type": "Feature",
      "id": "copy_text_14413",
      "geometry": {
        "type": "Point",
        "coordinates": [
          -6.512561,
          40.716763
        ]
      },
      "properties": {
        "id": "copy_text_14413",
        "name": "Caligo Brumosa",
        "category": "settlement",
        "dataset": "tilea",
        "in_gazetteer": true,
        "type": null,
        "region": "Tilea",
        "province": "Miragliano",
        "estate": null,
        "population": 204,
        "population_estimated": true,
        "size_category": 1,
        "trade": null,
        "source": "Alfred \"MadAlfred\" Nuñez Jr. (unofficial)",
        "tags": [],
        "notes": [],
        "history": {
          "province_2512": null,
          "province_2276": null,
          "ruler_2515": null,
          "ruler_2512": null,
          "ruler_2276": null
        },
        "wiki": {
          "title": null,
          "url": null,
          "description": null,
          "image": null
        },
        "svg_layer": "Tilea"
      }
    },
    {
      "type": "Feature",
      "id": "copy_text_14414",
      "geometry": {
        "type": "Point",
        "coordinates": [
          -6.025093,
          41.001917
        ]
      },
      "properties": {
        "id": "copy_text_14414",
        "name": "Brionna",
        "category": "settlement",
        "dataset": "tilea",
        "in_gazetteer": false,
        "type": null,
        "region": "Tilea",
        "province": null,
        "estate": null,
        "population": 253,
        "population_estimated": true,
        "size_category": 1,
        "trade": null,
        "source": null,
        "tags": [],
        "notes": [],
        "history": {
          "province_2512": null,
          "province_2276": null,
          "ruler_2515": null,
          "ruler_2512": null,
          "ruler_2276": null
        },
        "wiki": {
          "title": null,
          "url": null,
          "description": null,
          "image": null
        },
        "svg_layer": "Tilea"
      }
    },
    {
      "type": "Feature",
      "id": "copy_text_14415",
      "geometry": {
        "type": "Point",
        "coordinates": [
          -6.003713,
          41.059257
        ]
      },
      "properties": {
        "id": "copy_text_14415",
        "name": "Sologna",
        "category": "settlement",
        "dataset": "tilea",
        "in_gazetteer": false,
        "type": null,
        "region": "Tilea",
        "province": null,
        "estate": null,
        "population": 90,
        "population_estimated": true,
        "size_category": 1,
        "trade": null,
        "source": null,
        "tags": [],
        "notes": [],
        "history": {
          "province_2512": null,
          "province_2276": null,
          "ruler_2515": null,
          "ruler_2512": null,
          "ruler_2276": null
        },
        "wiki": {
          "title": null,
          "url": null,
          "description": null,
          "image": null
        },
        "svg_layer": "Tilea"
      }
    },
    {
      "type": "Feature",
      "id": "copy_text_14416",
      "geometry": {
        "type": "Point",
        "coordinates": [
          -6.075106,
          41.034983
        ]
      },
      "properties": {
        "id": "copy_text_14416",
        "name": "Cammaro",
        "category": "settlement",
        "dataset": "tilea",
        "in_gazetteer": true,
        "type": null,
        "region": "Tilea",
        "province": "Miragliano",
        "estate": null,
        "population": 312,
        "population_estimated": false,
        "size_category": 2,
        "trade": null,
        "source": "Warhammer Fantasy Roleplay 4e: Up in Arms",
        "tags": [],
        "notes": [
          "0"
        ],
        "history": {
          "province_2512": null,
          "province_2276": null,
          "ruler_2515": null,
          "ruler_2512": null,
          "ruler_2276": null
        },
        "wiki": {
          "title": "Cammaro",
          "url": "https://warhammerfantasy.fandom.com/wiki/Cammaro",
          "description": "Cammaro was a Tilean village razed to the ground by a Skaven assault. Its entire population vanished following the ratmen 's assault in 2511 IC. After the murder of one of the richest merchant-traders of Cammaro, chaos erupted in the village.",
          "image": "https://static.wikia.nocookie.net/warhammerfb/images/1/1e/Miragliano_2300_IC.png/revision/latest?cb=20250218124555"
        },
        "svg_layer": "Tilea"
      }
    },
    {
      "type": "Feature",
      "id": "copy_text_14417",
      "geometry": {
        "type": "Point",
        "coordinates": [
          -5.877795,
          40.982388
        ]
      },
      "properties": {
        "id": "copy_text_14417",
        "name": "Alzetti",
        "category": "settlement",
        "dataset": "tilea",
        "in_gazetteer": false,
        "type": null,
        "region": "Tilea",
        "province": null,
        "estate": null,
        "population": 69,
        "population_estimated": true,
        "size_category": 1,
        "trade": null,
        "source": null,
        "tags": [],
        "notes": [],
        "history": {
          "province_2512": null,
          "province_2276": null,
          "ruler_2515": null,
          "ruler_2512": null,
          "ruler_2276": null
        },
        "wiki": {
          "title": null,
          "url": null,
          "description": null,
          "image": null
        },
        "svg_layer": "Tilea"
      }
    },
    {
      "type": "Feature",
      "id": "copy_text_14418",
      "geometry": {
        "type": "Point",
        "coordinates": [
          -5.997424,
          40.886683
        ]
      },
      "properties": {
        "id": "copy_text_14418",
        "name": "Fratio",
        "category": "settlement",
        "dataset": "tilea",
        "in_gazetteer": false,
        "type": null,
        "region": "Tilea",
        "province": null,
        "estate": null,
        "population": 249,
        "population_estimated": true,
        "size_category": 1,
        "trade": null,
        "source": null,
        "tags": [],
        "notes": [],
        "history": {
          "province_2512": null,
          "province_2276": null,
          "ruler_2515": null,
          "ruler_2512": null,
          "ruler_2276": null
        },
        "wiki": {
          "title": null,
          "url": null,
          "description": null,
          "image": null
        },
        "svg_layer": "Tilea"
      }
    },
    {
      "type": "Feature",
      "id": "copy_text_14419",
      "geometry": {
        "type": "Point",
        "coordinates": [
          -6.614286,
          41.180305
        ]
      },
      "properties": {
        "id": "copy_text_14419",
        "name": "Crezzi",
        "category": "settlement",
        "dataset": "tilea",
        "in_gazetteer": false,
        "type": null,
        "region": "Tilea",
        "province": null,
        "estate": null,
        "population": 541,
        "population_estimated": true,
        "size_category": 2,
        "trade": null,
        "source": null,
        "tags": [],
        "notes": [],
        "history": {
          "province_2512": null,
          "province_2276": null,
          "ruler_2515": null,
          "ruler_2512": null,
          "ruler_2276": null
        },
        "wiki": {
          "title": null,
          "url": null,
          "description": null,
          "image": null
        },
        "svg_layer": "Tilea"
      }
    },
    {
      "type": "Feature",
      "id": "copy_text_14420",
      "geometry": {
        "type": "Point",
        "coordinates": [
          -6.536038,
          41.618475
        ]
      },
      "properties": {
        "id": "copy_text_14420",
        "name": "Brera",
        "category": "settlement",
        "dataset": "tilea",
        "in_gazetteer": true,
        "type": null,
        "region": "Tilea",
        "province": "Miragliano",
        "estate": null,
        "population": 159,
        "population_estimated": true,
        "size_category": 1,
        "trade": null,
        "source": "Alfred \"MadAlfred\" Nuñez Jr. (unofficial)",
        "tags": [],
        "notes": [],
        "history": {
          "province_2512": null,
          "province_2276": null,
          "ruler_2515": null,
          "ruler_2512": null,
          "ruler_2276": null
        },
        "wiki": {
          "title": null,
          "url": null,
          "description": null,
          "image": null
        },
        "svg_layer": "Tilea"
      }
    },
    {
      "type": "Feature",
      "id": "copy_text_14421",
      "geometry": {
        "type": "Point",
        "coordinates": [
          -4.929486,
          40.974445
        ]
      },
      "properties": {
        "id": "copy_text_14421",
        "name": "Bellorano",
        "category": "settlement",
        "dataset": "tilea",
        "in_gazetteer": true,
        "type": null,
        "region": "Tilea",
        "province": "Miragliano",
        "estate": null,
        "population": 121,
        "population_estimated": true,
        "size_category": 1,
        "trade": null,
        "source": "Alfred \"MadAlfred\" Nuñez Jr. (unofficial)",
        "tags": [],
        "notes": [],
        "history": {
          "province_2512": null,
          "province_2276": null,
          "ruler_2515": null,
          "ruler_2512": null,
          "ruler_2276": null
        },
        "wiki": {
          "title": null,
          "url": null,
          "description": null,
          "image": null
        },
        "svg_layer": "Tilea"
      }
    },
    {
      "type": "Feature",
      "id": "copy_text_14422",
      "geometry": {
        "type": "Point",
        "coordinates": [
          -4.661204,
          40.997429
        ]
      },
      "properties": {
        "id": "copy_text_14422",
        "name": "Dravagna",
        "category": "settlement",
        "dataset": "tilea",
        "in_gazetteer": true,
        "type": null,
        "region": "Tilea",
        "province": "Miragliano",
        "estate": null,
        "population": 93,
        "population_estimated": true,
        "size_category": 1,
        "trade": null,
        "source": "Alfred \"MadAlfred\" Nuñez Jr. (unofficial)",
        "tags": [],
        "notes": [],
        "history": {
          "province_2512": null,
          "province_2276": null,
          "ruler_2515": null,
          "ruler_2512": null,
          "ruler_2276": null
        },
        "wiki": {
          "title": null,
          "url": null,
          "description": null,
          "image": null
        },
        "svg_layer": "Tilea"
      }
    },
    {
      "type": "Feature",
      "id": "copy_text_14423",
      "geometry": {
        "type": "Point",
        "coordinates": [
          -4.343682,
          41.049024
        ]
      },
      "properties": {
        "id": "copy_text_14423",
        "name": "Pagliaro",
        "category": "settlement",
        "dataset": "tilea",
        "in_gazetteer": true,
        "type": null,
        "region": "Tilea",
        "province": "Miragliano",
        "estate": null,
        "population": 106,
        "population_estimated": true,
        "size_category": 1,
        "trade": null,
        "source": "Alfred \"MadAlfred\" Nuñez Jr. (unofficial)",
        "tags": [],
        "notes": [],
        "history": {
          "province_2512": null,
          "province_2276": null,
          "ruler_2515": null,
          "ruler_2512": null,
          "ruler_2276": null
        },
        "wiki": {
          "title": null,
          "url": null,
          "description": null,
          "image": null
        },
        "svg_layer": "Tilea"
      }
    },
    {
      "type": "Feature",
      "id": "copy_text_14424",
      "geometry": {
        "type": "Point",
        "coordinates": [
          -3.614018,
          41.085851
        ]
      },
      "properties": {
        "id": "copy_text_14424",
        "name": "Pianfresco",
        "category": "settlement",
        "dataset": "tilea",
        "in_gazetteer": true,
        "type": null,
        "region": "Tilea",
        "province": "Miragliano",
        "estate": null,
        "population": 138,
        "population_estimated": true,
        "size_category": 1,
        "trade": null,
        "source": "Alfred \"MadAlfred\" Nuñez Jr. (unofficial)",
        "tags": [],
        "notes": [],
        "history": {
          "province_2512": null,
          "province_2276": null,
          "ruler_2515": null,
          "ruler_2512": null,
          "ruler_2276": null
        },
        "wiki": {
          "title": null,
          "url": null,
          "description": null,
          "image": null
        },
        "svg_layer": "Tilea"
      }
    },
    {
      "type": "Feature",
      "id": "copy_text_14427",
      "geometry": {
        "type": "Point",
        "coordinates": [
          -4.606085,
          40.503962
        ]
      },
      "properties": {
        "id": "copy_text_14427",
        "name": "Parmis",
        "category": "settlement",
        "dataset": "tilea",
        "in_gazetteer": true,
        "type": null,
        "region": "Tilea",
        "province": "Miragliano",
        "estate": null,
        "population": 5120,
        "population_estimated": false,
        "size_category": 4,
        "trade": null,
        "source": "Warhammer Fantasy Roleplay 4e: Up in Arms",
        "tags": [],
        "notes": [
          "0"
        ],
        "history": {
          "province_2512": null,
          "province_2276": null,
          "ruler_2515": null,
          "ruler_2512": null,
          "ruler_2276": null
        },
        "wiki": {
          "title": "Parmis",
          "url": "https://warhammerfantasy.fandom.com/wiki/Parmis",
          "description": "Parmis was a Tilean city before an attack from the Skaven razed it to the ground in 2512 IC. Sometime before the year 2313 IC, the city of Parmis found itself under siege for sixteen harrowing days, assailed by a jealous rival city-state of Tilea.",
          "image": "https://static.wikia.nocookie.net/warhammerfb/images/1/1e/Miragliano_2300_IC.png/revision/latest?cb=20250218124555"
        },
        "svg_layer": "Tilea"
      }
    },
    {
      "type": "Feature",
      "id": "copy_text_14428",
      "geometry": {
        "type": "Point",
        "coordinates": [
          -4.919173,
          40.604528
        ]
      },
      "properties": {
        "id": "copy_text_14428",
        "name": "Ferrero",
        "category": "settlement",
        "dataset": "tilea",
        "in_gazetteer": true,
        "type": null,
        "region": "Tilea",
        "province": "Miragliano",
        "estate": null,
        "population": 70,
        "population_estimated": true,
        "size_category": 1,
        "trade": null,
        "source": "Alfred \"MadAlfred\" Nuñez Jr. (unofficial)",
        "tags": [],
        "notes": [],
        "history": {
          "province_2512": null,
          "province_2276": null,
          "ruler_2515": null,
          "ruler_2512": null,
          "ruler_2276": null
        },
        "wiki": {
          "title": null,
          "url": null,
          "description": null,
          "image": null
        },
        "svg_layer": "Tilea"
      }
    },
    {
      "type": "Feature",
      "id": "copy_text_14429",
      "geometry": {
        "type": "Point",
        "coordinates": [
          -5.199944,
          40.752554
        ]
      },
      "properties": {
        "id": "copy_text_14429",
        "name": "Padulio",
        "category": "settlement",
        "dataset": "tilea",
        "in_gazetteer": true,
        "type": null,
        "region": "Tilea",
        "province": "Miragliano",
        "estate": null,
        "population": 111,
        "population_estimated": true,
        "size_category": 1,
        "trade": null,
        "source": "Alfred \"MadAlfred\" Nuñez Jr. (unofficial)",
        "tags": [],
        "notes": [],
        "history": {
          "province_2512": null,
          "province_2276": null,
          "ruler_2515": null,
          "ruler_2512": null,
          "ruler_2276": null
        },
        "wiki": {
          "title": null,
          "url": null,
          "description": null,
          "image": null
        },
        "svg_layer": "Tilea"
      }
    },
    {
      "type": "Feature",
      "id": "copy_text_14430",
      "geometry": {
        "type": "Point",
        "coordinates": [
          -4.469129,
          41.025086
        ]
      },
      "properties": {
        "id": "copy_text_14430",
        "name": "Nivoletta",
        "category": "settlement",
        "dataset": "tilea",
        "in_gazetteer": true,
        "type": null,
        "region": "Tilea",
        "province": "Miragliano",
        "estate": null,
        "population": 262,
        "population_estimated": true,
        "size_category": 1,
        "trade": null,
        "source": "Alfred \"MadAlfred\" Nuñez Jr. (unofficial)",
        "tags": [],
        "notes": [],
        "history": {
          "province_2512": null,
          "province_2276": null,
          "ruler_2515": null,
          "ruler_2512": null,
          "ruler_2276": null
        },
        "wiki": {
          "title": null,
          "url": null,
          "description": null,
          "image": null
        },
        "svg_layer": "Tilea"
      }
    },
    {
      "type": "Feature",
      "id": "copy_text_14431",
      "geometry": {
        "type": "Point",
        "coordinates": [
          -4.920278,
          40.807798
        ]
      },
      "properties": {
        "id": "copy_text_14431",
        "name": "Sarnovia",
        "category": "settlement",
        "dataset": "tilea",
        "in_gazetteer": true,
        "type": null,
        "region": "Tilea",
        "province": "Miragliano",
        "estate": null,
        "population": 198,
        "population_estimated": true,
        "size_category": 1,
        "trade": null,
        "source": "Alfred \"MadAlfred\" Nuñez Jr. (unofficial)",
        "tags": [],
        "notes": [],
        "history": {
          "province_2512": null,
          "province_2276": null,
          "ruler_2515": null,
          "ruler_2512": null,
          "ruler_2276": null
        },
        "wiki": {
          "title": null,
          "url": null,
          "description": null,
          "image": null
        },
        "svg_layer": "Tilea"
      }
    },
    {
      "type": "Feature",
      "id": "copy_text_14432",
      "geometry": {
        "type": "Point",
        "coordinates": [
          -4.489845,
          40.447799
        ]
      },
      "properties": {
        "id": "copy_text_14432",
        "name": "Teralba",
        "category": "settlement",
        "dataset": "tilea",
        "in_gazetteer": true,
        "type": null,
        "region": "Tilea",
        "province": "Miragliano",
        "estate": null,
        "population": 78,
        "population_estimated": true,
        "size_category": 1,
        "trade": null,
        "source": "Alfred \"MadAlfred\" Nuñez Jr. (unofficial)",
        "tags": [],
        "notes": [],
        "history": {
          "province_2512": null,
          "province_2276": null,
          "ruler_2515": null,
          "ruler_2512": null,
          "ruler_2276": null
        },
        "wiki": {
          "title": null,
          "url": null,
          "description": null,
          "image": null
        },
        "svg_layer": "Tilea"
      }
    },
    {
      "type": "Feature",
      "id": "copy_text_14433",
      "geometry": {
        "type": "Point",
        "coordinates": [
          -4.324117,
          40.444116
        ]
      },
      "properties": {
        "id": "copy_text_14433",
        "name": "Adrio",
        "category": "settlement",
        "dataset": "tilea",
        "in_gazetteer": true,
        "type": null,
        "region": "Tilea",
        "province": "Miragliano",
        "estate": null,
        "population": 419,
        "population_estimated": true,
        "size_category": 2,
        "trade": null,
        "source": "Alfred \"MadAlfred\" Nuñez Jr. (unofficial)",
        "tags": [],
        "notes": [],
        "history": {
          "province_2512": null,
          "province_2276": null,
          "ruler_2515": null,
          "ruler_2512": null,
          "ruler_2276": null
        },
        "wiki": {
          "title": null,
          "url": null,
          "description": null,
          "image": null
        },
        "svg_layer": "Tilea"
      }
    },
    {
      "type": "Feature",
      "id": "copy_text_14434",
      "geometry": {
        "type": "Point",
        "coordinates": [
          -3.821178,
          40.578539
        ]
      },
      "properties": {
        "id": "copy_text_14434",
        "name": "Gavenzo",
        "category": "settlement",
        "dataset": "tilea",
        "in_gazetteer": true,
        "type": null,
        "region": "Tilea",
        "province": "Miragliano",
        "estate": null,
        "population": 86,
        "population_estimated": true,
        "size_category": 1,
        "trade": null,
        "source": "Alfred \"MadAlfred\" Nuñez Jr. (unofficial)",
        "tags": [],
        "notes": [],
        "history": {
          "province_2512": null,
          "province_2276": null,
          "ruler_2515": null,
          "ruler_2512": null,
          "ruler_2276": null
        },
        "wiki": {
          "title": null,
          "url": null,
          "description": null,
          "image": null
        },
        "svg_layer": "Tilea"
      }
    },
    {
      "type": "Feature",
      "id": "copy_text_14435",
      "geometry": {
        "type": "Point",
        "coordinates": [
          -3.649695,
          40.740585
        ]
      },
      "properties": {
        "id": "copy_text_14435",
        "name": "Corrivello",
        "category": "settlement",
        "dataset": "tilea",
        "in_gazetteer": true,
        "type": null,
        "region": "Tilea",
        "province": "Miragliano",
        "estate": null,
        "population": 143,
        "population_estimated": true,
        "size_category": 1,
        "trade": null,
        "source": "Alfred \"MadAlfred\" Nuñez Jr. (unofficial)",
        "tags": [],
        "notes": [],
        "history": {
          "province_2512": null,
          "province_2276": null,
          "ruler_2515": null,
          "ruler_2512": null,
          "ruler_2276": null
        },
        "wiki": {
          "title": null,
          "url": null,
          "description": null,
          "image": null
        },
        "svg_layer": "Tilea"
      }
    },
    {
      "type": "Feature",
      "id": "copy_text_14436",
      "geometry": {
        "type": "Point",
        "coordinates": [
          -3.51274,
          40.611685
        ]
      },
      "properties": {
        "id": "copy_text_14436",
        "name": "Roviglia",
        "category": "settlement",
        "dataset": "tilea",
        "in_gazetteer": true,
        "type": null,
        "region": "Tilea",
        "province": "Miragliano",
        "estate": null,
        "population": 151,
        "population_estimated": true,
        "size_category": 1,
        "trade": null,
        "source": "Alfred \"MadAlfred\" Nuñez Jr. (unofficial)",
        "tags": [],
        "notes": [],
        "history": {
          "province_2512": null,
          "province_2276": null,
          "ruler_2515": null,
          "ruler_2512": null,
          "ruler_2276": null
        },
        "wiki": {
          "title": null,
          "url": null,
          "description": null,
          "image": null
        },
        "svg_layer": "Tilea"
      }
    },
    {
      "type": "Feature",
      "id": "copy_text_14437",
      "geometry": {
        "type": "Point",
        "coordinates": [
          -3.064832,
          40.688801
        ]
      },
      "properties": {
        "id": "copy_text_14437",
        "name": "Campogrotta",
        "category": "settlement",
        "dataset": "tilea",
        "in_gazetteer": true,
        "type": null,
        "region": "Tilea",
        "province": "Miragliano",
        "estate": null,
        "population": 4550,
        "population_estimated": false,
        "size_category": 4,
        "trade": null,
        "source": "Warhammer Fantasy Roleplay 4e: Up in Arms",
        "tags": [],
        "notes": [
          "350"
        ],
        "history": {
          "province_2512": null,
          "province_2276": null,
          "ruler_2515": null,
          "ruler_2512": null,
          "ruler_2276": null
        },
        "wiki": {
          "title": "Campogrotta",
          "url": "https://warhammerfantasy.fandom.com/wiki/Campogrotta",
          "description": "Campogrotta is a Tilean town of the Principality of Miragliano, located near the entrance of the Alimento Tunnel below The Vaults. A community of Dwarfs have settled here. The Alimento Tunnel is a great cavern and river system that is the source of both the River Söll in the Empire, and the Cristallo River in Tilea, which leads to Campogrotta through the River of Echoes.",
          "image": "https://static.wikia.nocookie.net/warhammerfb/images/d/d9/River_of_Echoes_v2.png/revision/latest?cb=20210430091213"
        },
        "svg_layer": "Tilea"
      }
    },
    {
      "type": "Feature",
      "id": "copy_text_14438",
      "geometry": {
        "type": "Point",
        "coordinates": [
          -6.005567,
          41.193575
        ]
      },
      "properties": {
        "id": "copy_text_14438",
        "name": "Crava",
        "category": "settlement",
        "dataset": "tilea",
        "in_gazetteer": false,
        "type": null,
        "region": "Tilea",
        "province": null,
        "estate": null,
        "population": 80,
        "population_estimated": true,
        "size_category": 1,
        "trade": null,
        "source": null,
        "tags": [],
        "notes": [],
        "history": {
          "province_2512": null,
          "province_2276": null,
          "ruler_2515": null,
          "ruler_2512": null,
          "ruler_2276": null
        },
        "wiki": {
          "title": null,
          "url": null,
          "description": null,
          "image": null
        },
        "svg_layer": "Tilea"
      }
    },
    {
      "type": "Feature",
      "id": "copy_text_14439",
      "geometry": {
        "type": "Point",
        "coordinates": [
          -6.043547,
          41.215672
        ]
      },
      "properties": {
        "id": "copy_text_14439",
        "name": "Lenta",
        "category": "settlement",
        "dataset": "tilea",
        "in_gazetteer": false,
        "type": null,
        "region": "Tilea",
        "province": null,
        "estate": null,
        "population": 440,
        "population_estimated": true,
        "size_category": 2,
        "trade": null,
        "source": null,
        "tags": [],
        "notes": [],
        "history": {
          "province_2512": null,
          "province_2276": null,
          "ruler_2515": null,
          "ruler_2512": null,
          "ruler_2276": null
        },
        "wiki": {
          "title": null,
          "url": null,
          "description": null,
          "image": null
        },
        "svg_layer": "Tilea"
      }
    },
    {
      "type": "Feature",
      "id": "copy_text_14440",
      "geometry": {
        "type": "Point",
        "coordinates": [
          -5.836387,
          41.510297
        ]
      },
      "properties": {
        "id": "copy_text_14440",
        "name": "Lanverna",
        "category": "settlement",
        "dataset": "tilea",
        "in_gazetteer": true,
        "type": null,
        "region": "Tilea",
        "province": "Miragliano",
        "estate": null,
        "population": 214,
        "population_estimated": true,
        "size_category": 1,
        "trade": null,
        "source": "Alfred \"MadAlfred\" Nuñez Jr. (unofficial)",
        "tags": [],
        "notes": [],
        "history": {
          "province_2512": null,
          "province_2276": null,
          "ruler_2515": null,
          "ruler_2512": null,
          "ruler_2276": null
        },
        "wiki": {
          "title": null,
          "url": null,
          "description": null,
          "image": null
        },
        "svg_layer": "Tilea"
      }
    },
    {
      "type": "Feature",
      "id": "copy_text_14441",
      "geometry": {
        "type": "Point",
        "coordinates": [
          -5.762729,
          41.568305
        ]
      },
      "properties": {
        "id": "copy_text_14441",
        "name": "Pantaneto",
        "category": "settlement",
        "dataset": "tilea",
        "in_gazetteer": true,
        "type": null,
        "region": "Tilea",
        "province": "Miragliano",
        "estate": null,
        "population": 249,
        "population_estimated": true,
        "size_category": 1,
        "trade": null,
        "source": "Alfred \"MadAlfred\" Nuñez Jr. (unofficial)",
        "tags": [],
        "notes": [],
        "history": {
          "province_2512": null,
          "province_2276": null,
          "ruler_2515": null,
          "ruler_2512": null,
          "ruler_2276": null
        },
        "wiki": {
          "title": null,
          "url": null,
          "description": null,
          "image": null
        },
        "svg_layer": "Tilea"
      }
    },
    {
      "type": "Feature",
      "id": "copy_text_14442",
      "geometry": {
        "type": "Point",
        "coordinates": [
          -9.045113,
          34.074834
        ]
      },
      "properties": {
        "id": "copy_text_14442",
        "name": "Ventimiglia",
        "category": "settlement",
        "dataset": "tilea",
        "in_gazetteer": true,
        "type": null,
        "region": "Tilea",
        "province": null,
        "estate": null,
        "population": 129,
        "population_estimated": true,
        "size_category": 1,
        "trade": null,
        "source": "Alfred \"MadAlfred\" Nuñez Jr. (unofficial)",
        "tags": [],
        "notes": [],
        "history": {
          "province_2512": null,
          "province_2276": null,
          "ruler_2515": null,
          "ruler_2512": null,
          "ruler_2276": null
        },
        "wiki": {
          "title": null,
          "url": null,
          "description": null,
          "image": null
        },
        "svg_layer": "Tilea"
      }
    },
    {
      "type": "Feature",
      "id": "copy_text_14443",
      "geometry": {
        "type": "Point",
        "coordinates": [
          -5.36601,
          33.689613
        ]
      },
      "properties": {
        "id": "copy_text_14443",
        "name": "Massiria",
        "category": "settlement",
        "dataset": "tilea",
        "in_gazetteer": true,
        "type": null,
        "region": "Tilea",
        "province": null,
        "estate": null,
        "population": 144,
        "population_estimated": true,
        "size_category": 1,
        "trade": null,
        "source": "Alfred \"MadAlfred\" Nuñez Jr. (unofficial)",
        "tags": [],
        "notes": [],
        "history": {
          "province_2512": null,
          "province_2276": null,
          "ruler_2515": null,
          "ruler_2512": null,
          "ruler_2276": null
        },
        "wiki": {
          "title": null,
          "url": null,
          "description": null,
          "image": null
        },
        "svg_layer": "Tilea"
      }
    },
    {
      "type": "Feature",
      "id": "copy_text_14444",
      "geometry": {
        "type": "Point",
        "coordinates": [
          -9.900583,
          41.457627
        ]
      },
      "properties": {
        "id": "copy_text_14444",
        "name": "Lagunara",
        "category": "settlement",
        "dataset": "tilea",
        "in_gazetteer": true,
        "type": null,
        "region": "Tilea",
        "province": "Tobaro",
        "estate": null,
        "population": 123,
        "population_estimated": true,
        "size_category": 1,
        "trade": null,
        "source": "Alfred \"MadAlfred\" Nuñez Jr. (unofficial)",
        "tags": [],
        "notes": [],
        "history": {
          "province_2512": null,
          "province_2276": null,
          "ruler_2515": null,
          "ruler_2512": null,
          "ruler_2276": null
        },
        "wiki": {
          "title": null,
          "url": null,
          "description": null,
          "image": null
        },
        "svg_layer": "Tilea"
      }
    },
    {
      "type": "Feature",
      "id": "copy_text_14445",
      "geometry": {
        "type": "Point",
        "coordinates": [
          -9.909962,
          41.368969
        ]
      },
      "properties": {
        "id": "copy_text_14445",
        "name": "Coppa",
        "category": "settlement",
        "dataset": "tilea",
        "in_gazetteer": true,
        "type": null,
        "region": "Tilea",
        "province": "Tobaro",
        "estate": null,
        "population": 187,
        "population_estimated": true,
        "size_category": 1,
        "trade": null,
        "source": "Alfred \"MadAlfred\" Nuñez Jr. (unofficial)",
        "tags": [],
        "notes": [],
        "history": {
          "province_2512": null,
          "province_2276": null,
          "ruler_2515": null,
          "ruler_2512": null,
          "ruler_2276": null
        },
        "wiki": {
          "title": null,
          "url": null,
          "description": null,
          "image": null
        },
        "svg_layer": "Tilea"
      }
    },
    {
      "type": "Feature",
      "id": "copy_text_14446",
      "geometry": {
        "type": "Point",
        "coordinates": [
          -9.919942,
          33.588422
        ]
      },
      "properties": {
        "id": "copy_text_14446",
        "name": "Arniolo",
        "category": "settlement",
        "dataset": "tilea",
        "in_gazetteer": true,
        "type": null,
        "region": "Tilea",
        "province": "Sartosa",
        "estate": null,
        "population": 207,
        "population_estimated": true,
        "size_category": 1,
        "trade": null,
        "source": "Alfred \"MadAlfred\" Nuñez Jr. (unofficial)",
        "tags": [],
        "notes": [],
        "history": {
          "province_2512": null,
          "province_2276": null,
          "ruler_2515": null,
          "ruler_2512": null,
          "ruler_2276": null
        },
        "wiki": {
          "title": null,
          "url": null,
          "description": null,
          "image": null
        },
        "svg_layer": "Tilea"
      }
    },
    {
      "type": "Feature",
      "id": "copy_text_14447",
      "geometry": {
        "type": "Point",
        "coordinates": [
          -9.793146,
          33.336217
        ]
      },
      "properties": {
        "id": "copy_text_14447",
        "name": "Pergolara",
        "category": "settlement",
        "dataset": "tilea",
        "in_gazetteer": true,
        "type": null,
        "region": "Tilea",
        "province": "Sartosa",
        "estate": null,
        "population": 161,
        "population_estimated": true,
        "size_category": 1,
        "trade": null,
        "source": "Alfred \"MadAlfred\" Nuñez Jr. (unofficial)",
        "tags": [],
        "notes": [],
        "history": {
          "province_2512": null,
          "province_2276": null,
          "ruler_2515": null,
          "ruler_2512": null,
          "ruler_2276": null
        },
        "wiki": {
          "title": null,
          "url": null,
          "description": null,
          "image": null
        },
        "svg_layer": "Tilea"
      }
    },
    {
      "type": "Feature",
      "id": "copy_text_14448",
      "geometry": {
        "type": "Point",
        "coordinates": [
          -11.174214,
          33.793812
        ]
      },
      "properties": {
        "id": "copy_text_14448",
        "name": "Tritonia",
        "category": "settlement",
        "dataset": "tilea",
        "in_gazetteer": true,
        "type": null,
        "region": "Tilea",
        "province": "Sartosa",
        "estate": null,
        "population": 321,
        "population_estimated": true,
        "size_category": 2,
        "trade": null,
        "source": "Alfred \"MadAlfred\" Nuñez Jr. (unofficial)",
        "tags": [],
        "notes": [],
        "history": {
          "province_2512": null,
          "province_2276": null,
          "ruler_2515": null,
          "ruler_2512": null,
          "ruler_2276": null
        },
        "wiki": {
          "title": null,
          "url": null,
          "description": null,
          "image": null
        },
        "svg_layer": "Tilea"
      }
    },
    {
      "type": "Feature",
      "id": "copy_text_14449",
      "geometry": {
        "type": "Point",
        "coordinates": [
          -11.213345,
          34.042404
        ]
      },
      "properties": {
        "id": "copy_text_14449",
        "name": "Brucasco",
        "category": "settlement",
        "dataset": "tilea",
        "in_gazetteer": true,
        "type": null,
        "region": "Tilea",
        "province": "Sartosa",
        "estate": null,
        "population": 125,
        "population_estimated": true,
        "size_category": 1,
        "trade": null,
        "source": "Alfred \"MadAlfred\" Nuñez Jr. (unofficial)",
        "tags": [],
        "notes": [],
        "history": {
          "province_2512": null,
          "province_2276": null,
          "ruler_2515": null,
          "ruler_2512": null,
          "ruler_2276": null
        },
        "wiki": {
          "title": null,
          "url": null,
          "description": null,
          "image": null
        },
        "svg_layer": "Tilea"
      }
    },
    {
      "type": "Feature",
      "id": "copy_text_14450",
      "geometry": {
        "type": "Point",
        "coordinates": [
          -11.018844,
          34.128522
        ]
      },
      "properties": {
        "id": "copy_text_14450",
        "name": "Muscaro",
        "category": "settlement",
        "dataset": "tilea",
        "in_gazetteer": true,
        "type": null,
        "region": "Tilea",
        "province": "Sartosa",
        "estate": null,
        "population": 214,
        "population_estimated": true,
        "size_category": 1,
        "trade": null,
        "source": "Alfred \"MadAlfred\" Nuñez Jr. (unofficial)",
        "tags": [],
        "notes": [],
        "history": {
          "province_2512": null,
          "province_2276": null,
          "ruler_2515": null,
          "ruler_2512": null,
          "ruler_2276": null
        },
        "wiki": {
          "title": null,
          "url": null,
          "description": null,
          "image": null
        },
        "svg_layer": "Tilea"
      }
    },
    {
      "type": "Feature",
      "id": "copy_text_14451",
      "geometry": {
        "type": "Point",
        "coordinates": [
          -10.685086,
          34.230231
        ]
      },
      "properties": {
        "id": "copy_text_14451",
        "name": "Scaluntera",
        "category": "settlement",
        "dataset": "tilea",
        "in_gazetteer": true,
        "type": null,
        "region": "Tilea",
        "province": "Sartosa",
        "estate": null,
        "population": 346,
        "population_estimated": true,
        "size_category": 2,
        "trade": null,
        "source": "Alfred \"MadAlfred\" Nuñez Jr. (unofficial)",
        "tags": [],
        "notes": [],
        "history": {
          "province_2512": null,
          "province_2276": null,
          "ruler_2515": null,
          "ruler_2512": null,
          "ruler_2276": null
        },
        "wiki": {
          "title": null,
          "url": null,
          "description": null,
          "image": null
        },
        "svg_layer": "Tilea"
      }
    },
    {
      "type": "Feature",
      "id": "copy_text_14452",
      "geometry": {
        "type": "Point",
        "coordinates": [
          -10.903755,
          34.275346
        ]
      },
      "properties": {
        "id": "copy_text_14452",
        "name": "Mineola",
        "category": "settlement",
        "dataset": "tilea",
        "in_gazetteer": true,
        "type": null,
        "region": "Tilea",
        "province": "Sartosa",
        "estate": null,
        "population": 74,
        "population_estimated": true,
        "size_category": 1,
        "trade": null,
        "source": "Alfred \"MadAlfred\" Nuñez Jr. (unofficial)",
        "tags": [],
        "notes": [],
        "history": {
          "province_2512": null,
          "province_2276": null,
          "ruler_2515": null,
          "ruler_2512": null,
          "ruler_2276": null
        },
        "wiki": {
          "title": null,
          "url": null,
          "description": null,
          "image": null
        },
        "svg_layer": "Tilea"
      }
    },
    {
      "type": "Feature",
      "id": "copy_text_14453",
      "geometry": {
        "type": "Point",
        "coordinates": [
          -10.843909,
          34.105014
        ]
      },
      "properties": {
        "id": "copy_text_14453",
        "name": "Mattonara",
        "category": "settlement",
        "dataset": "tilea",
        "in_gazetteer": true,
        "type": null,
        "region": "Tilea",
        "province": "Sartosa",
        "estate": null,
        "population": 151,
        "population_estimated": true,
        "size_category": 1,
        "trade": null,
        "source": "Alfred \"MadAlfred\" Nuñez Jr. (unofficial)",
        "tags": [],
        "notes": [],
        "history": {
          "province_2512": null,
          "province_2276": null,
          "ruler_2515": null,
          "ruler_2512": null,
          "ruler_2276": null
        },
        "wiki": {
          "title": null,
          "url": null,
          "description": null,
          "image": null
        },
        "svg_layer": "Tilea"
      }
    },
    {
      "type": "Feature",
      "id": "copy_text_14454",
      "geometry": {
        "type": "Point",
        "coordinates": [
          -10.820891,
          33.754222
        ]
      },
      "properties": {
        "id": "copy_text_14454",
        "name": "Caldera",
        "category": "settlement",
        "dataset": "tilea",
        "in_gazetteer": true,
        "type": null,
        "region": "Tilea",
        "province": "Sartosa",
        "estate": null,
        "population": 157,
        "population_estimated": true,
        "size_category": 1,
        "trade": null,
        "source": "Alfred \"MadAlfred\" Nuñez Jr. (unofficial)",
        "tags": [],
        "notes": [],
        "history": {
          "province_2512": null,
          "province_2276": null,
          "ruler_2515": null,
          "ruler_2512": null,
          "ruler_2276": null
        },
        "wiki": {
          "title": null,
          "url": null,
          "description": null,
          "image": null
        },
        "svg_layer": "Tilea"
      }
    },
    {
      "type": "Feature",
      "id": "copy_text_14455",
      "geometry": {
        "type": "Point",
        "coordinates": [
          -10.770252,
          33.582971
        ]
      },
      "properties": {
        "id": "copy_text_14455",
        "name": "Samperno",
        "category": "settlement",
        "dataset": "tilea",
        "in_gazetteer": true,
        "type": null,
        "region": "Tilea",
        "province": "Sartosa",
        "estate": null,
        "population": 238,
        "population_estimated": true,
        "size_category": 1,
        "trade": null,
        "source": "Alfred \"MadAlfred\" Nuñez Jr. (unofficial)",
        "tags": [],
        "notes": [],
        "history": {
          "province_2512": null,
          "province_2276": null,
          "ruler_2515": null,
          "ruler_2512": null,
          "ruler_2276": null
        },
        "wiki": {
          "title": null,
          "url": null,
          "description": null,
          "image": null
        },
        "svg_layer": "Tilea"
      }
    },
    {
      "type": "Feature",
      "id": "copy_text_14456",
      "geometry": {
        "type": "Point",
        "coordinates": [
          -10.685086,
          33.646499
        ]
      },
      "properties": {
        "id": "copy_text_14456",
        "name": "Tanagisi",
        "category": "settlement",
        "dataset": "tilea",
        "in_gazetteer": true,
        "type": null,
        "region": "Tilea",
        "province": "Sartosa",
        "estate": null,
        "population": 536,
        "population_estimated": true,
        "size_category": 2,
        "trade": null,
        "source": "Alfred \"MadAlfred\" Nuñez Jr. (unofficial)",
        "tags": [],
        "notes": [],
        "history": {
          "province_2512": null,
          "province_2276": null,
          "ruler_2515": null,
          "ruler_2512": null,
          "ruler_2276": null
        },
        "wiki": {
          "title": null,
          "url": null,
          "description": null,
          "image": null
        },
        "svg_layer": "Tilea"
      }
    },
    {
      "type": "Feature",
      "id": "copy_text_14457",
      "geometry": {
        "type": "Point",
        "coordinates": [
          -10.504397,
          33.792892
        ]
      },
      "properties": {
        "id": "copy_text_14457",
        "name": "Maltese",
        "category": "settlement",
        "dataset": "tilea",
        "in_gazetteer": true,
        "type": null,
        "region": "Tilea",
        "province": "Sartosa",
        "estate": null,
        "population": 217,
        "population_estimated": true,
        "size_category": 1,
        "trade": null,
        "source": "Alfred \"MadAlfred\" Nuñez Jr. (unofficial)",
        "tags": [],
        "notes": [],
        "history": {
          "province_2512": null,
          "province_2276": null,
          "ruler_2515": null,
          "ruler_2512": null,
          "ruler_2276": null
        },
        "wiki": {
          "title": null,
          "url": null,
          "description": null,
          "image": null
        },
        "svg_layer": "Tilea"
      }
    },
    {
      "type": "Feature",
      "id": "copy_text_14458",
      "geometry": {
        "type": "Point",
        "coordinates": [
          -10.312198,
          33.785526
        ]
      },
      "properties": {
        "id": "copy_text_14458",
        "name": "Bagni di Ertinello",
        "category": "settlement",
        "dataset": "tilea",
        "in_gazetteer": true,
        "type": null,
        "region": "Tilea",
        "province": "Sartosa",
        "estate": null,
        "population": 302,
        "population_estimated": true,
        "size_category": 2,
        "trade": null,
        "source": "Alfred \"MadAlfred\" Nuñez Jr. (unofficial)",
        "tags": [],
        "notes": [],
        "history": {
          "province_2512": null,
          "province_2276": null,
          "ruler_2515": null,
          "ruler_2512": null,
          "ruler_2276": null
        },
        "wiki": {
          "title": null,
          "url": null,
          "description": null,
          "image": null
        },
        "svg_layer": "Tilea"
      }
    },
    {
      "type": "Feature",
      "id": "copy_text_14459",
      "geometry": {
        "type": "Point",
        "coordinates": [
          -10.132083,
          33.333454
        ]
      },
      "properties": {
        "id": "copy_text_14459",
        "name": "Ciavola",
        "category": "settlement",
        "dataset": "tilea",
        "in_gazetteer": true,
        "type": null,
        "region": "Tilea",
        "province": "Sartosa",
        "estate": null,
        "population": 112,
        "population_estimated": true,
        "size_category": 1,
        "trade": null,
        "source": "Alfred \"MadAlfred\" Nuñez Jr. (unofficial)",
        "tags": [],
        "notes": [],
        "history": {
          "province_2512": null,
          "province_2276": null,
          "ruler_2515": null,
          "ruler_2512": null,
          "ruler_2276": null
        },
        "wiki": {
          "title": null,
          "url": null,
          "description": null,
          "image": null
        },
        "svg_layer": "Tilea"
      }
    },
    {
      "type": "Feature",
      "id": "copy_text_14460",
      "geometry": {
        "type": "Point",
        "coordinates": [
          -10.159142,
          41.415023
        ]
      },
      "properties": {
        "id": "copy_text_14460",
        "name": "Valbianco",
        "category": "settlement",
        "dataset": "tilea",
        "in_gazetteer": false,
        "type": null,
        "region": "Tilea",
        "province": null,
        "estate": null,
        "population": 161,
        "population_estimated": true,
        "size_category": 1,
        "trade": null,
        "source": null,
        "tags": [],
        "notes": [],
        "history": {
          "province_2512": null,
          "province_2276": null,
          "ruler_2515": null,
          "ruler_2512": null,
          "ruler_2276": null
        },
        "wiki": {
          "title": null,
          "url": null,
          "description": null,
          "image": null
        },
        "svg_layer": "Tilea"
      }
    },
    {
      "type": "Feature",
      "id": "copy_text_14461",
      "geometry": {
        "type": "Point",
        "coordinates": [
          -10.539557,
          40.978131
        ]
      },
      "properties": {
        "id": "copy_text_14461",
        "name": "Fiumareto",
        "category": "settlement",
        "dataset": "tilea",
        "in_gazetteer": true,
        "type": null,
        "region": "Tilea",
        "province": "Tobaro",
        "estate": null,
        "population": 182,
        "population_estimated": true,
        "size_category": 1,
        "trade": null,
        "source": "Alfred \"MadAlfred\" Nuñez Jr. (unofficial)",
        "tags": [],
        "notes": [],
        "history": {
          "province_2512": null,
          "province_2276": null,
          "ruler_2515": null,
          "ruler_2512": null,
          "ruler_2276": null
        },
        "wiki": {
          "title": null,
          "url": null,
          "description": null,
          "image": null
        },
        "svg_layer": "Tilea"
      }
    },
    {
      "type": "Feature",
      "id": "copy_text_14462",
      "geometry": {
        "type": "Point",
        "coordinates": [
          -11.00098,
          40.079457
        ]
      },
      "properties": {
        "id": "copy_text_14462",
        "name": "Malagrotta",
        "category": "settlement",
        "dataset": "tilea",
        "in_gazetteer": false,
        "type": null,
        "region": "Tilea",
        "province": null,
        "estate": null,
        "population": 183,
        "population_estimated": true,
        "size_category": 1,
        "trade": null,
        "source": null,
        "tags": [],
        "notes": [],
        "history": {
          "province_2512": null,
          "province_2276": null,
          "ruler_2515": null,
          "ruler_2512": null,
          "ruler_2276": null
        },
        "wiki": {
          "title": null,
          "url": null,
          "description": null,
          "image": null
        },
        "svg_layer": "Tilea"
      }
    },
    {
      "type": "Feature",
      "id": "copy_text_14463",
      "geometry": {
        "type": "Point",
        "coordinates": [
          -9.51956,
          39.083948
        ]
      },
      "properties": {
        "id": "copy_text_14463",
        "name": "Cera-Scuro",
        "category": "settlement",
        "dataset": "tilea",
        "in_gazetteer": true,
        "type": null,
        "region": "Tilea",
        "province": "Tobaro",
        "estate": null,
        "population": 977,
        "population_estimated": false,
        "size_category": 3,
        "trade": null,
        "source": "Warhammer Fantasy Roleplay 4e: Up in Arms",
        "tags": [],
        "notes": [
          "75"
        ],
        "history": {
          "province_2512": null,
          "province_2276": null,
          "ruler_2515": null,
          "ruler_2512": null,
          "ruler_2276": null
        },
        "wiki": {
          "title": "Cera-Scuro",
          "url": "https://warhammerfantasy.fandom.com/wiki/Cera-Scuro",
          "description": "Not to be confused with the Island of Ciarascura. A poor hamlet in Tilean territory, Cera-Scuro was previously a lair of pirates in the Isles of the Sirens, recently conquered by Tobaro. Borgio the besieger was well pleased with Braganaz's Besiegers as an elitè mercenary troop and offered to find them work in return for a cut of their profits.",
          "image": "https://static.wikia.nocookie.net/warhammerfb/images/0/03/Tobaro_borders.png/revision/latest?cb=20250123201725"
        },
        "svg_layer": "Tilea"
      }
    },
    {
      "type": "Feature",
      "id": "copy_text_14464",
      "geometry": {
        "type": "Point",
        "coordinates": [
          -11.70706,
          37.851527
        ]
      },
      "properties": {
        "id": "copy_text_14464",
        "name": "Vedenza",
        "category": "settlement",
        "dataset": "tilea",
        "in_gazetteer": true,
        "type": null,
        "region": "Tilea",
        "province": "Tobaro",
        "estate": null,
        "population": 10631,
        "population_estimated": false,
        "size_category": 4,
        "trade": null,
        "source": "Warhammer Fantasy Roleplay 4e: Up in Arms",
        "tags": [],
        "notes": [
          "10500"
        ],
        "history": {
          "province_2512": null,
          "province_2276": null,
          "ruler_2515": null,
          "ruler_2512": null,
          "ruler_2276": null
        },
        "wiki": {
          "title": "Vedenza",
          "url": "https://warhammerfantasy.fandom.com/wiki/Vedenza",
          "description": "Vedenza, officially the Second Republic of Vedenza, is a small, vibrant city-state of Tilea located on the border with Estalia. Vedenza was recently reconquered from Estalian rule and is now under the influence of the much larger city-state of Tobaro, which, according to Imperial scholar Theodosius Schreiber, is itself confusingly called \"Vedenza the True\" by those who truly love her. [Note 1]",
          "image": "https://static.wikia.nocookie.net/warhammerfb/images/0/03/Tobaro_borders.png/revision/latest?cb=20250123201725"
        },
        "svg_layer": "Tilea"
      }
    },
    {
      "type": "Feature",
      "id": "copy_text_14465",
      "geometry": {
        "type": "Point",
        "coordinates": [
          -10.482331,
          40.904888
        ]
      },
      "properties": {
        "id": "copy_text_14465",
        "name": "Casalvento",
        "category": "settlement",
        "dataset": "tilea",
        "in_gazetteer": true,
        "type": null,
        "region": "Tilea",
        "province": "Tobaro",
        "estate": null,
        "population": 421,
        "population_estimated": true,
        "size_category": 2,
        "trade": null,
        "source": "Alfred \"MadAlfred\" Nuñez Jr. (unofficial)",
        "tags": [],
        "notes": [],
        "history": {
          "province_2512": null,
          "province_2276": null,
          "ruler_2515": null,
          "ruler_2512": null,
          "ruler_2276": null
        },
        "wiki": {
          "title": null,
          "url": null,
          "description": null,
          "image": null
        },
        "svg_layer": "Tilea"
      }
    },
    {
      "type": "Feature",
      "id": "copy_text_14466",
      "geometry": {
        "type": "Point",
        "coordinates": [
          -10.352079,
          40.963034
        ]
      },
      "properties": {
        "id": "copy_text_14466",
        "name": "Fioralba",
        "category": "settlement",
        "dataset": "tilea",
        "in_gazetteer": true,
        "type": null,
        "region": "Tilea",
        "province": "Tobaro",
        "estate": null,
        "population": 177,
        "population_estimated": true,
        "size_category": 1,
        "trade": null,
        "source": "Alfred \"MadAlfred\" Nuñez Jr. (unofficial)",
        "tags": [],
        "notes": [],
        "history": {
          "province_2512": null,
          "province_2276": null,
          "ruler_2515": null,
          "ruler_2512": null,
          "ruler_2276": null
        },
        "wiki": {
          "title": null,
          "url": null,
          "description": null,
          "image": null
        },
        "svg_layer": "Tilea"
      }
    },
    {
      "type": "Feature",
      "id": "copy_text_14467",
      "geometry": {
        "type": "Point",
        "coordinates": [
          -10.358171,
          41.00726
        ]
      },
      "properties": {
        "id": "copy_text_14467",
        "name": "Pianverde",
        "category": "settlement",
        "dataset": "tilea",
        "in_gazetteer": true,
        "type": null,
        "region": "Tilea",
        "province": "Tobaro",
        "estate": null,
        "population": 119,
        "population_estimated": true,
        "size_category": 1,
        "trade": null,
        "source": "Alfred \"MadAlfred\" Nuñez Jr. (unofficial)",
        "tags": [],
        "notes": [],
        "history": {
          "province_2512": null,
          "province_2276": null,
          "ruler_2515": null,
          "ruler_2512": null,
          "ruler_2276": null
        },
        "wiki": {
          "title": null,
          "url": null,
          "description": null,
          "image": null
        },
        "svg_layer": "Tilea"
      }
    },
    {
      "type": "Feature",
      "id": "copy_text_14468",
      "geometry": {
        "type": "Point",
        "coordinates": [
          -10.245454,
          41.086549
        ]
      },
      "properties": {
        "id": "copy_text_14468",
        "name": "San Bravencio",
        "category": "settlement",
        "dataset": "tilea",
        "in_gazetteer": true,
        "type": null,
        "region": "Tilea",
        "province": "Tobaro",
        "estate": null,
        "population": 88,
        "population_estimated": true,
        "size_category": 1,
        "trade": null,
        "source": "Alfred \"MadAlfred\" Nuñez Jr. (unofficial)",
        "tags": [],
        "notes": [],
        "history": {
          "province_2512": null,
          "province_2276": null,
          "ruler_2515": null,
          "ruler_2512": null,
          "ruler_2276": null
        },
        "wiki": {
          "title": null,
          "url": null,
          "description": null,
          "image": null
        },
        "svg_layer": "Tilea"
      }
    },
    {
      "type": "Feature",
      "id": "copy_text_14469",
      "geometry": {
        "type": "Point",
        "coordinates": [
          -9.891082,
          40.86853
        ]
      },
      "properties": {
        "id": "copy_text_14469",
        "name": "Portavella",
        "category": "settlement",
        "dataset": "tilea",
        "in_gazetteer": true,
        "type": null,
        "region": "Tilea",
        "province": "Tobaro",
        "estate": null,
        "population": 132,
        "population_estimated": true,
        "size_category": 1,
        "trade": null,
        "source": "Alfred \"MadAlfred\" Nuñez Jr. (unofficial)",
        "tags": [],
        "notes": [],
        "history": {
          "province_2512": null,
          "province_2276": null,
          "ruler_2515": null,
          "ruler_2512": null,
          "ruler_2276": null
        },
        "wiki": {
          "title": null,
          "url": null,
          "description": null,
          "image": null
        },
        "svg_layer": "Tilea"
      }
    },
    {
      "type": "Feature",
      "id": "copy_text_14470",
      "geometry": {
        "type": "Point",
        "coordinates": [
          -10.088013,
          41.004123
        ]
      },
      "properties": {
        "id": "copy_text_14470",
        "name": "Borgalvaro",
        "category": "settlement",
        "dataset": "tilea",
        "in_gazetteer": true,
        "type": null,
        "region": "Tilea",
        "province": "Tobaro",
        "estate": null,
        "population": 262,
        "population_estimated": true,
        "size_category": 1,
        "trade": null,
        "source": "Alfred \"MadAlfred\" Nuñez Jr. (unofficial)",
        "tags": [],
        "notes": [],
        "history": {
          "province_2512": null,
          "province_2276": null,
          "ruler_2515": null,
          "ruler_2512": null,
          "ruler_2276": null
        },
        "wiki": {
          "title": null,
          "url": null,
          "description": null,
          "image": null
        },
        "svg_layer": "Tilea"
      }
    },
    {
      "type": "Feature",
      "id": "copy_text_14471",
      "geometry": {
        "type": "Point",
        "coordinates": [
          -10.056009,
          40.971973
        ]
      },
      "properties": {
        "id": "copy_text_14471",
        "name": "Valderico",
        "category": "settlement",
        "dataset": "tilea",
        "in_gazetteer": true,
        "type": null,
        "region": "Tilea",
        "province": "Tobaro",
        "estate": null,
        "population": 117,
        "population_estimated": true,
        "size_category": 1,
        "trade": null,
        "source": "Alfred \"MadAlfred\" Nuñez Jr. (unofficial)",
        "tags": [],
        "notes": [],
        "history": {
          "province_2512": null,
          "province_2276": null,
          "ruler_2515": null,
          "ruler_2512": null,
          "ruler_2276": null
        },
        "wiki": {
          "title": null,
          "url": null,
          "description": null,
          "image": null
        },
        "svg_layer": "Tilea"
      }
    },
    {
      "type": "Feature",
      "id": "copy_text_14472",
      "geometry": {
        "type": "Point",
        "coordinates": [
          -9.92997,
          41.145322
        ]
      },
      "properties": {
        "id": "copy_text_14472",
        "name": "Pietralva",
        "category": "settlement",
        "dataset": "tilea",
        "in_gazetteer": false,
        "type": null,
        "region": "Tilea",
        "province": null,
        "estate": null,
        "population": 171,
        "population_estimated": true,
        "size_category": 1,
        "trade": null,
        "source": null,
        "tags": [],
        "notes": [],
        "history": {
          "province_2512": null,
          "province_2276": null,
          "ruler_2515": null,
          "ruler_2512": null,
          "ruler_2276": null
        },
        "wiki": {
          "title": null,
          "url": null,
          "description": null,
          "image": null
        },
        "svg_layer": "Tilea"
      }
    },
    {
      "type": "Feature",
      "id": "copy_text_14473",
      "geometry": {
        "type": "Point",
        "coordinates": [
          -9.992075,
          41.168875
        ]
      },
      "properties": {
        "id": "copy_text_14473",
        "name": "Montelario",
        "category": "settlement",
        "dataset": "tilea",
        "in_gazetteer": true,
        "type": null,
        "region": "Tilea",
        "province": "Tobaro",
        "estate": null,
        "population": 282,
        "population_estimated": true,
        "size_category": 1,
        "trade": null,
        "source": "Alfred \"MadAlfred\" Nuñez Jr. (unofficial)",
        "tags": [],
        "notes": [],
        "history": {
          "province_2512": null,
          "province_2276": null,
          "ruler_2515": null,
          "ruler_2512": null,
          "ruler_2276": null
        },
        "wiki": {
          "title": null,
          "url": null,
          "description": null,
          "image": null
        },
        "svg_layer": "Tilea"
      }
    },
    {
      "type": "Feature",
      "id": "copy_text_14474",
      "geometry": {
        "type": "Point",
        "coordinates": [
          -10.009833,
          41.237122
        ]
      },
      "properties": {
        "id": "copy_text_14474",
        "name": "Villargente",
        "category": "settlement",
        "dataset": "tilea",
        "in_gazetteer": true,
        "type": null,
        "region": "Tilea",
        "province": "Tobaro",
        "estate": null,
        "population": 242,
        "population_estimated": true,
        "size_category": 1,
        "trade": null,
        "source": "Alfred \"MadAlfred\" Nuñez Jr. (unofficial)",
        "tags": [],
        "notes": [],
        "history": {
          "province_2512": null,
          "province_2276": null,
          "ruler_2515": null,
          "ruler_2512": null,
          "ruler_2276": null
        },
        "wiki": {
          "title": null,
          "url": null,
          "description": null,
          "image": null
        },
        "svg_layer": "Tilea"
      }
    },
    {
      "type": "Feature",
      "id": "copy_text_14475",
      "geometry": {
        "type": "Point",
        "coordinates": [
          -9.917032,
          41.254211
        ]
      },
      "properties": {
        "id": "copy_text_14475",
        "name": "Nevagorda",
        "category": "settlement",
        "dataset": "tilea",
        "in_gazetteer": true,
        "type": null,
        "region": "Tilea",
        "province": "Tobaro",
        "estate": null,
        "population": 85,
        "population_estimated": true,
        "size_category": 1,
        "trade": null,
        "source": "Alfred \"MadAlfred\" Nuñez Jr. (unofficial)",
        "tags": [],
        "notes": [],
        "history": {
          "province_2512": null,
          "province_2276": null,
          "ruler_2515": null,
          "ruler_2512": null,
          "ruler_2276": null
        },
        "wiki": {
          "title": null,
          "url": null,
          "description": null,
          "image": null
        },
        "svg_layer": "Tilea"
      }
    },
    {
      "type": "Feature",
      "id": "copy_text_14476",
      "geometry": {
        "type": "Point",
        "coordinates": [
          -10.056082,
          40.87272
        ]
      },
      "properties": {
        "id": "copy_text_14476",
        "name": "Pietrabuena",
        "category": "settlement",
        "dataset": "tilea",
        "in_gazetteer": true,
        "type": null,
        "region": "Tilea",
        "province": "Tobaro",
        "estate": null,
        "population": 225,
        "population_estimated": true,
        "size_category": 1,
        "trade": null,
        "source": "Alfred \"MadAlfred\" Nuñez Jr. (unofficial)",
        "tags": [],
        "notes": [],
        "history": {
          "province_2512": null,
          "province_2276": null,
          "ruler_2515": null,
          "ruler_2512": null,
          "ruler_2276": null
        },
        "wiki": {
          "title": null,
          "url": null,
          "description": null,
          "image": null
        },
        "svg_layer": "Tilea"
      }
    },
    {
      "type": "Feature",
      "id": "copy_text_14477",
      "geometry": {
        "type": "Point",
        "coordinates": [
          -9.810352,
          40.709275
        ]
      },
      "properties": {
        "id": "copy_text_14477",
        "name": "Calveria",
        "category": "settlement",
        "dataset": "tilea",
        "in_gazetteer": true,
        "type": null,
        "region": "Tilea",
        "province": "Tobaro",
        "estate": null,
        "population": 130,
        "population_estimated": true,
        "size_category": 1,
        "trade": null,
        "source": "Alfred \"MadAlfred\" Nuñez Jr. (unofficial)",
        "tags": [],
        "notes": [],
        "history": {
          "province_2512": null,
          "province_2276": null,
          "ruler_2515": null,
          "ruler_2512": null,
          "ruler_2276": null
        },
        "wiki": {
          "title": null,
          "url": null,
          "description": null,
          "image": null
        },
        "svg_layer": "Tilea"
      }
    },
    {
      "type": "Feature",
      "id": "copy_text_14478",
      "geometry": {
        "type": "Point",
        "coordinates": [
          -9.82175,
          40.509814
        ]
      },
      "properties": {
        "id": "copy_text_14478",
        "name": "Rivagorda",
        "category": "settlement",
        "dataset": "tilea",
        "in_gazetteer": true,
        "type": null,
        "region": "Tilea",
        "province": "Tobaro",
        "estate": null,
        "population": 403,
        "population_estimated": true,
        "size_category": 2,
        "trade": null,
        "source": "Alfred \"MadAlfred\" Nuñez Jr. (unofficial)",
        "tags": [],
        "notes": [],
        "history": {
          "province_2512": null,
          "province_2276": null,
          "ruler_2515": null,
          "ruler_2512": null,
          "ruler_2276": null
        },
        "wiki": {
          "title": null,
          "url": null,
          "description": null,
          "image": null
        },
        "svg_layer": "Tilea"
      }
    },
    {
      "type": "Feature",
      "id": "copy_text_14479",
      "geometry": {
        "type": "Point",
        "coordinates": [
          -10.775287,
          40.082018
        ]
      },
      "properties": {
        "id": "copy_text_14479",
        "name": "Alcarrosa",
        "category": "settlement",
        "dataset": "tilea",
        "in_gazetteer": true,
        "type": null,
        "region": "Tilea",
        "province": "Tobaro",
        "estate": null,
        "population": 108,
        "population_estimated": true,
        "size_category": 1,
        "trade": null,
        "source": "Alfred \"MadAlfred\" Nuñez Jr. (unofficial)",
        "tags": [],
        "notes": [],
        "history": {
          "province_2512": null,
          "province_2276": null,
          "ruler_2515": null,
          "ruler_2512": null,
          "ruler_2276": null
        },
        "wiki": {
          "title": null,
          "url": null,
          "description": null,
          "image": null
        },
        "svg_layer": "Tilea"
      }
    },
    {
      "type": "Feature",
      "id": "copy_text_14480",
      "geometry": {
        "type": "Point",
        "coordinates": [
          -10.689388,
          40.229216
        ]
      },
      "properties": {
        "id": "copy_text_14480",
        "name": "Nevadalba",
        "category": "settlement",
        "dataset": "tilea",
        "in_gazetteer": true,
        "type": null,
        "region": "Tilea",
        "province": "Tobaro",
        "estate": null,
        "population": 82,
        "population_estimated": true,
        "size_category": 1,
        "trade": null,
        "source": "Alfred \"MadAlfred\" Nuñez Jr. (unofficial)",
        "tags": [],
        "notes": [],
        "history": {
          "province_2512": null,
          "province_2276": null,
          "ruler_2515": null,
          "ruler_2512": null,
          "ruler_2276": null
        },
        "wiki": {
          "title": null,
          "url": null,
          "description": null,
          "image": null
        },
        "svg_layer": "Tilea"
      }
    },
    {
      "type": "Feature",
      "id": "copy_text_14481",
      "geometry": {
        "type": "Point",
        "coordinates": [
          -10.056497,
          40.145704
        ]
      },
      "properties": {
        "id": "copy_text_14481",
        "name": "Valderosa",
        "category": "settlement",
        "dataset": "tilea",
        "in_gazetteer": true,
        "type": null,
        "region": "Tilea",
        "province": "Tobaro",
        "estate": null,
        "population": 203,
        "population_estimated": true,
        "size_category": 1,
        "trade": null,
        "source": "Alfred \"MadAlfred\" Nuñez Jr. (unofficial)",
        "tags": [],
        "notes": [],
        "history": {
          "province_2512": null,
          "province_2276": null,
          "ruler_2515": null,
          "ruler_2512": null,
          "ruler_2276": null
        },
        "wiki": {
          "title": null,
          "url": null,
          "description": null,
          "image": null
        },
        "svg_layer": "Tilea"
      }
    },
    {
      "type": "Feature",
      "id": "copy_text_14482",
      "geometry": {
        "type": "Point",
        "coordinates": [
          -9.828805,
          40.383428
        ]
      },
      "properties": {
        "id": "copy_text_14482",
        "name": "Villanora",
        "category": "settlement",
        "dataset": "tilea",
        "in_gazetteer": true,
        "type": null,
        "region": "Tilea",
        "province": "Tobaro",
        "estate": null,
        "population": 92,
        "population_estimated": true,
        "size_category": 1,
        "trade": null,
        "source": "Alfred \"MadAlfred\" Nuñez Jr. (unofficial)",
        "tags": [],
        "notes": [],
        "history": {
          "province_2512": null,
          "province_2276": null,
          "ruler_2515": null,
          "ruler_2512": null,
          "ruler_2276": null
        },
        "wiki": {
          "title": null,
          "url": null,
          "description": null,
          "image": null
        },
        "svg_layer": "Tilea"
      }
    },
    {
      "type": "Feature",
      "id": "copy_text_14483",
      "geometry": {
        "type": "Point",
        "coordinates": [
          -9.676696,
          40.252158
        ]
      },
      "properties": {
        "id": "copy_text_14483",
        "name": "Calaferrata",
        "category": "settlement",
        "dataset": "tilea",
        "in_gazetteer": true,
        "type": null,
        "region": "Tilea",
        "province": "Tobaro",
        "estate": null,
        "population": 143,
        "population_estimated": true,
        "size_category": 1,
        "trade": null,
        "source": "Alfred \"MadAlfred\" Nuñez Jr. (unofficial)",
        "tags": [],
        "notes": [],
        "history": {
          "province_2512": null,
          "province_2276": null,
          "ruler_2515": null,
          "ruler_2512": null,
          "ruler_2276": null
        },
        "wiki": {
          "title": null,
          "url": null,
          "description": null,
          "image": null
        },
        "svg_layer": "Tilea"
      }
    },
    {
      "type": "Feature",
      "id": "copy_text_14484",
      "geometry": {
        "type": "Point",
        "coordinates": [
          -9.478427,
          40.375446
        ]
      },
      "properties": {
        "id": "copy_text_14484",
        "name": "Portomarea",
        "category": "settlement",
        "dataset": "tilea",
        "in_gazetteer": true,
        "type": null,
        "region": "Tilea",
        "province": "Tobaro",
        "estate": null,
        "population": 108,
        "population_estimated": true,
        "size_category": 1,
        "trade": null,
        "source": "Alfred \"MadAlfred\" Nuñez Jr. (unofficial)",
        "tags": [],
        "notes": [],
        "history": {
          "province_2512": null,
          "province_2276": null,
          "ruler_2515": null,
          "ruler_2512": null,
          "ruler_2276": null
        },
        "wiki": {
          "title": null,
          "url": null,
          "description": null,
          "image": null
        },
        "svg_layer": "Tilea"
      }
    },
    {
      "type": "Feature",
      "id": "copy_text_14485",
      "geometry": {
        "type": "Point",
        "coordinates": [
          -10.75414,
          39.887086
        ]
      },
      "properties": {
        "id": "copy_text_14485",
        "name": "Porto Espeno",
        "category": "settlement",
        "dataset": "tilea",
        "in_gazetteer": false,
        "type": null,
        "region": "Tilea",
        "province": null,
        "estate": null,
        "population": 128,
        "population_estimated": true,
        "size_category": 1,
        "trade": null,
        "source": null,
        "tags": [],
        "notes": [],
        "history": {
          "province_2512": null,
          "province_2276": null,
          "ruler_2515": null,
          "ruler_2512": null,
          "ruler_2276": null
        },
        "wiki": {
          "title": null,
          "url": null,
          "description": null,
          "image": null
        },
        "svg_layer": "Tilea"
      }
    },
    {
      "type": "Feature",
      "id": "copy_text_14486",
      "geometry": {
        "type": "Point",
        "coordinates": [
          -11.641476,
          38.27492
        ]
      },
      "properties": {
        "id": "copy_text_14486",
        "name": "Bottero",
        "category": "settlement",
        "dataset": "tilea",
        "in_gazetteer": false,
        "type": null,
        "region": "Tilea",
        "province": null,
        "estate": null,
        "population": 251,
        "population_estimated": true,
        "size_category": 1,
        "trade": null,
        "source": null,
        "tags": [],
        "notes": [],
        "history": {
          "province_2512": null,
          "province_2276": null,
          "ruler_2515": null,
          "ruler_2512": null,
          "ruler_2276": null
        },
        "wiki": {
          "title": null,
          "url": null,
          "description": null,
          "image": null
        },
        "svg_layer": "Tilea"
      }
    },
    {
      "type": "Feature",
      "id": "copy_text_14487",
      "geometry": {
        "type": "Point",
        "coordinates": [
          -11.489558,
          38.575989
        ]
      },
      "properties": {
        "id": "copy_text_14487",
        "name": "Ronche",
        "category": "settlement",
        "dataset": "tilea",
        "in_gazetteer": false,
        "type": null,
        "region": "Tilea",
        "province": null,
        "estate": null,
        "population": 87,
        "population_estimated": true,
        "size_category": 1,
        "trade": null,
        "source": null,
        "tags": [],
        "notes": [],
        "history": {
          "province_2512": null,
          "province_2276": null,
          "ruler_2515": null,
          "ruler_2512": null,
          "ruler_2276": null
        },
        "wiki": {
          "title": null,
          "url": null,
          "description": null,
          "image": null
        },
        "svg_layer": "Tilea"
      }
    },
    {
      "type": "Feature",
      "id": "copy_text_14488",
      "geometry": {
        "type": "Point",
        "coordinates": [
          -11.746206,
          38.511539
        ]
      },
      "properties": {
        "id": "copy_text_14488",
        "name": "Sappada",
        "category": "settlement",
        "dataset": "tilea",
        "in_gazetteer": false,
        "type": null,
        "region": "Tilea",
        "province": null,
        "estate": null,
        "population": 352,
        "population_estimated": true,
        "size_category": 2,
        "trade": null,
        "source": null,
        "tags": [],
        "notes": [],
        "history": {
          "province_2512": null,
          "province_2276": null,
          "ruler_2515": null,
          "ruler_2512": null,
          "ruler_2276": null
        },
        "wiki": {
          "title": null,
          "url": null,
          "description": null,
          "image": null
        },
        "svg_layer": "Tilea"
      }
    },
    {
      "type": "Feature",
      "id": "copy_text_14489",
      "geometry": {
        "type": "Point",
        "coordinates": [
          -11.175365,
          38.633992
        ]
      },
      "properties": {
        "id": "copy_text_14489",
        "name": "Rivia",
        "category": "settlement",
        "dataset": "tilea",
        "in_gazetteer": false,
        "type": null,
        "region": "Tilea",
        "province": null,
        "estate": null,
        "population": 297,
        "population_estimated": true,
        "size_category": 1,
        "trade": null,
        "source": null,
        "tags": [],
        "notes": [],
        "history": {
          "province_2512": null,
          "province_2276": null,
          "ruler_2515": null,
          "ruler_2512": null,
          "ruler_2276": null
        },
        "wiki": {
          "title": null,
          "url": null,
          "description": null,
          "image": null
        },
        "svg_layer": "Tilea"
      }
    },
    {
      "type": "Feature",
      "id": "copy_text_14490",
      "geometry": {
        "type": "Point",
        "coordinates": [
          -11.133933,
          38.781309
        ]
      },
      "properties": {
        "id": "copy_text_14490",
        "name": "Tualis",
        "category": "settlement",
        "dataset": "tilea",
        "in_gazetteer": false,
        "type": null,
        "region": "Tilea",
        "province": null,
        "estate": null,
        "population": 133,
        "population_estimated": true,
        "size_category": 1,
        "trade": null,
        "source": null,
        "tags": [],
        "notes": [],
        "history": {
          "province_2512": null,
          "province_2276": null,
          "ruler_2515": null,
          "ruler_2512": null,
          "ruler_2276": null
        },
        "wiki": {
          "title": null,
          "url": null,
          "description": null,
          "image": null
        },
        "svg_layer": "Tilea"
      }
    },
    {
      "type": "Feature",
      "id": "copy_text_14491",
      "geometry": {
        "type": "Point",
        "coordinates": [
          -11.147744,
          38.900081
        ]
      },
      "properties": {
        "id": "copy_text_14491",
        "name": "Triasto",
        "category": "settlement",
        "dataset": "tilea",
        "in_gazetteer": false,
        "type": null,
        "region": "Tilea",
        "province": null,
        "estate": null,
        "population": 663,
        "population_estimated": true,
        "size_category": 2,
        "trade": null,
        "source": null,
        "tags": [],
        "notes": [],
        "history": {
          "province_2512": null,
          "province_2276": null,
          "ruler_2515": null,
          "ruler_2512": null,
          "ruler_2276": null
        },
        "wiki": {
          "title": null,
          "url": null,
          "description": null,
          "image": null
        },
        "svg_layer": "Tilea"
      }
    },
    {
      "type": "Feature",
      "id": "copy_text_14492",
      "geometry": {
        "type": "Point",
        "coordinates": [
          -10.938282,
          39.024375
        ]
      },
      "properties": {
        "id": "copy_text_14492",
        "name": "Possagrande",
        "category": "settlement",
        "dataset": "tilea",
        "in_gazetteer": false,
        "type": null,
        "region": "Tilea",
        "province": null,
        "estate": null,
        "population": 688,
        "population_estimated": true,
        "size_category": 2,
        "trade": null,
        "source": null,
        "tags": [],
        "notes": [],
        "history": {
          "province_2512": null,
          "province_2276": null,
          "ruler_2515": null,
          "ruler_2512": null,
          "ruler_2276": null
        },
        "wiki": {
          "title": null,
          "url": null,
          "description": null,
          "image": null
        },
        "svg_layer": "Tilea"
      }
    },
    {
      "type": "Feature",
      "id": "copy_text_14493",
      "geometry": {
        "type": "Point",
        "coordinates": [
          -10.803628,
          39.31164
        ]
      },
      "properties": {
        "id": "copy_text_14493",
        "name": "Aubene",
        "category": "settlement",
        "dataset": "tilea",
        "in_gazetteer": false,
        "type": null,
        "region": "Tilea",
        "province": null,
        "estate": null,
        "population": 223,
        "population_estimated": true,
        "size_category": 1,
        "trade": null,
        "source": null,
        "tags": [],
        "notes": [],
        "history": {
          "province_2512": null,
          "province_2276": null,
          "ruler_2515": null,
          "ruler_2512": null,
          "ruler_2276": null
        },
        "wiki": {
          "title": null,
          "url": null,
          "description": null,
          "image": null
        },
        "svg_layer": "Tilea"
      }
    },
    {
      "type": "Feature",
      "id": "copy_text_14494",
      "geometry": {
        "type": "Point",
        "coordinates": [
          -10.880737,
          39.347546
        ]
      },
      "properties": {
        "id": "copy_text_14494",
        "name": "Ravinis",
        "category": "settlement",
        "dataset": "tilea",
        "in_gazetteer": false,
        "type": null,
        "region": "Tilea",
        "province": null,
        "estate": null,
        "population": 313,
        "population_estimated": true,
        "size_category": 2,
        "trade": null,
        "source": null,
        "tags": [],
        "notes": [],
        "history": {
          "province_2512": null,
          "province_2276": null,
          "ruler_2515": null,
          "ruler_2512": null,
          "ruler_2276": null
        },
        "wiki": {
          "title": null,
          "url": null,
          "description": null,
          "image": null
        },
        "svg_layer": "Tilea"
      }
    },
    {
      "type": "Feature",
      "id": "copy_text_14495",
      "geometry": {
        "type": "Point",
        "coordinates": [
          -10.656314,
          39.800539
        ]
      },
      "properties": {
        "id": "copy_text_14495",
        "name": "Trevora",
        "category": "settlement",
        "dataset": "tilea",
        "in_gazetteer": false,
        "type": null,
        "region": "Tilea",
        "province": null,
        "estate": null,
        "population": 158,
        "population_estimated": true,
        "size_category": 1,
        "trade": null,
        "source": null,
        "tags": [],
        "notes": [],
        "history": {
          "province_2512": null,
          "province_2276": null,
          "ruler_2515": null,
          "ruler_2512": null,
          "ruler_2276": null
        },
        "wiki": {
          "title": null,
          "url": null,
          "description": null,
          "image": null
        },
        "svg_layer": "Tilea"
      }
    },
    {
      "type": "Feature",
      "id": "copy_text_14496",
      "geometry": {
        "type": "Point",
        "coordinates": [
          -7.475254,
          36.764029
        ]
      },
      "properties": {
        "id": "copy_text_14496",
        "name": "Piggiolo",
        "category": "settlement",
        "dataset": "tilea",
        "in_gazetteer": false,
        "type": null,
        "region": "Tilea",
        "province": null,
        "estate": null,
        "population": 543,
        "population_estimated": true,
        "size_category": 2,
        "trade": null,
        "source": null,
        "tags": [],
        "notes": [],
        "history": {
          "province_2512": null,
          "province_2276": null,
          "ruler_2515": null,
          "ruler_2512": null,
          "ruler_2276": null
        },
        "wiki": {
          "title": null,
          "url": null,
          "description": null,
          "image": null
        },
        "svg_layer": "Tilea"
      }
    },
    {
      "type": "Feature",
      "id": "copy_text_14497",
      "geometry": {
        "type": "Point",
        "coordinates": [
          -6.971164,
          36.869911
        ]
      },
      "properties": {
        "id": "copy_text_14497",
        "name": "Poggiarolo",
        "category": "settlement",
        "dataset": "tilea",
        "in_gazetteer": false,
        "type": null,
        "region": "Tilea",
        "province": null,
        "estate": null,
        "population": 99,
        "population_estimated": true,
        "size_category": 1,
        "trade": null,
        "source": null,
        "tags": [],
        "notes": [],
        "history": {
          "province_2512": null,
          "province_2276": null,
          "ruler_2515": null,
          "ruler_2512": null,
          "ruler_2276": null
        },
        "wiki": {
          "title": null,
          "url": null,
          "description": null,
          "image": null
        },
        "svg_layer": "Tilea"
      }
    },
    {
      "type": "Feature",
      "id": "copy_text_14498",
      "geometry": {
        "type": "Point",
        "coordinates": [
          -6.198917,
          36.641573
        ]
      },
      "properties": {
        "id": "copy_text_14498",
        "name": "Montevico",
        "category": "settlement",
        "dataset": "tilea",
        "in_gazetteer": false,
        "type": null,
        "region": "Tilea",
        "province": null,
        "estate": null,
        "population": 95,
        "population_estimated": true,
        "size_category": 1,
        "trade": null,
        "source": null,
        "tags": [],
        "notes": [],
        "history": {
          "province_2512": null,
          "province_2276": null,
          "ruler_2515": null,
          "ruler_2512": null,
          "ruler_2276": null
        },
        "wiki": {
          "title": null,
          "url": null,
          "description": null,
          "image": null
        },
        "svg_layer": "Tilea"
      }
    },
    {
      "type": "Feature",
      "id": "copy_text_14499",
      "geometry": {
        "type": "Point",
        "coordinates": [
          -6.663876,
          37.06142
        ]
      },
      "properties": {
        "id": "copy_text_14499",
        "name": "Castiglione Aurelio",
        "category": "settlement",
        "dataset": "tilea",
        "in_gazetteer": false,
        "type": null,
        "region": "Tilea",
        "province": null,
        "estate": null,
        "population": 84,
        "population_estimated": true,
        "size_category": 1,
        "trade": null,
        "source": null,
        "tags": [],
        "notes": [],
        "history": {
          "province_2512": null,
          "province_2276": null,
          "ruler_2515": null,
          "ruler_2512": null,
          "ruler_2276": null
        },
        "wiki": {
          "title": null,
          "url": null,
          "description": null,
          "image": null
        },
        "svg_layer": "Tilea"
      }
    },
    {
      "type": "Feature",
      "id": "copy_text_14500",
      "geometry": {
        "type": "Point",
        "coordinates": [
          -7.548911,
          36.7806
        ]
      },
      "properties": {
        "id": "copy_text_14500",
        "name": "Apricale",
        "category": "settlement",
        "dataset": "tilea",
        "in_gazetteer": false,
        "type": null,
        "region": "Tilea",
        "province": null,
        "estate": null,
        "population": 281,
        "population_estimated": true,
        "size_category": 1,
        "trade": null,
        "source": null,
        "tags": [],
        "notes": [],
        "history": {
          "province_2512": null,
          "province_2276": null,
          "ruler_2515": null,
          "ruler_2512": null,
          "ruler_2276": null
        },
        "wiki": {
          "title": null,
          "url": null,
          "description": null,
          "image": null
        },
        "svg_layer": "Tilea"
      }
    },
    {
      "type": "Feature",
      "id": "copy_text_14501",
      "geometry": {
        "type": "Point",
        "coordinates": [
          -7.346354,
          37.001573
        ]
      },
      "properties": {
        "id": "copy_text_14501",
        "name": "Arrone",
        "category": "settlement",
        "dataset": "tilea",
        "in_gazetteer": false,
        "type": null,
        "region": "Tilea",
        "province": null,
        "estate": null,
        "population": 86,
        "population_estimated": true,
        "size_category": 1,
        "trade": null,
        "source": null,
        "tags": [],
        "notes": [],
        "history": {
          "province_2512": null,
          "province_2276": null,
          "ruler_2515": null,
          "ruler_2512": null,
          "ruler_2276": null
        },
        "wiki": {
          "title": null,
          "url": null,
          "description": null,
          "image": null
        },
        "svg_layer": "Tilea"
      }
    },
    {
      "type": "Feature",
      "id": "copy_text_14502",
      "geometry": {
        "type": "Point",
        "coordinates": [
          -6.799681,
          37.064179
        ]
      },
      "properties": {
        "id": "copy_text_14502",
        "name": "Bevagna",
        "category": "settlement",
        "dataset": "tilea",
        "in_gazetteer": false,
        "type": null,
        "region": "Tilea",
        "province": null,
        "estate": null,
        "population": 113,
        "population_estimated": true,
        "size_category": 1,
        "trade": null,
        "source": null,
        "tags": [],
        "notes": [],
        "history": {
          "province_2512": null,
          "province_2276": null,
          "ruler_2515": null,
          "ruler_2512": null,
          "ruler_2276": null
        },
        "wiki": {
          "title": null,
          "url": null,
          "description": null,
          "image": null
        },
        "svg_layer": "Tilea"
      }
    },
    {
      "type": "Feature",
      "id": "copy_text_14503",
      "geometry": {
        "type": "Point",
        "coordinates": [
          -5.6603,
          38.62663
        ]
      },
      "properties": {
        "id": "copy_text_14503",
        "name": "Bassiano",
        "category": "settlement",
        "dataset": "tilea",
        "in_gazetteer": false,
        "type": null,
        "region": "Tilea",
        "province": null,
        "estate": null,
        "population": 75,
        "population_estimated": true,
        "size_category": 1,
        "trade": null,
        "source": null,
        "tags": [],
        "notes": [],
        "history": {
          "province_2512": null,
          "province_2276": null,
          "ruler_2515": null,
          "ruler_2512": null,
          "ruler_2276": null
        },
        "wiki": {
          "title": null,
          "url": null,
          "description": null,
          "image": null
        },
        "svg_layer": "Tilea"
      }
    },
    {
      "type": "Feature",
      "id": "copy_text_14504",
      "geometry": {
        "type": "Point",
        "coordinates": [
          -6.66848,
          38.557577
        ]
      },
      "properties": {
        "id": "copy_text_14504",
        "name": "Campodimele",
        "category": "settlement",
        "dataset": "tilea",
        "in_gazetteer": false,
        "type": null,
        "region": "Tilea",
        "province": null,
        "estate": null,
        "population": 73,
        "population_estimated": true,
        "size_category": 1,
        "trade": null,
        "source": null,
        "tags": [],
        "notes": [],
        "history": {
          "province_2512": null,
          "province_2276": null,
          "ruler_2515": null,
          "ruler_2512": null,
          "ruler_2276": null
        },
        "wiki": {
          "title": null,
          "url": null,
          "description": null,
          "image": null
        },
        "svg_layer": "Tilea"
      }
    },
    {
      "type": "Feature",
      "id": "copy_text_14505",
      "geometry": {
        "type": "Point",
        "coordinates": [
          -5.908893,
          38.653331
        ]
      },
      "properties": {
        "id": "copy_text_14505",
        "name": "Ventotene",
        "category": "settlement",
        "dataset": "tilea",
        "in_gazetteer": false,
        "type": null,
        "region": "Tilea",
        "province": null,
        "estate": null,
        "population": 66,
        "population_estimated": true,
        "size_category": 1,
        "trade": null,
        "source": null,
        "tags": [],
        "notes": [],
        "history": {
          "province_2512": null,
          "province_2276": null,
          "ruler_2515": null,
          "ruler_2512": null,
          "ruler_2276": null
        },
        "wiki": {
          "title": null,
          "url": null,
          "description": null,
          "image": null
        },
        "svg_layer": "Tilea"
      }
    },
    {
      "type": "Feature",
      "id": "copy_text_14508",
      "geometry": {
        "type": "Point",
        "coordinates": [
          -6.934336,
          39.169849
        ]
      },
      "properties": {
        "id": "copy_text_14508",
        "name": "Prossedi",
        "category": "settlement",
        "dataset": "tilea",
        "in_gazetteer": false,
        "type": null,
        "region": "Tilea",
        "province": null,
        "estate": null,
        "population": 111,
        "population_estimated": true,
        "size_category": 1,
        "trade": null,
        "source": null,
        "tags": [],
        "notes": [],
        "history": {
          "province_2512": null,
          "province_2276": null,
          "ruler_2515": null,
          "ruler_2512": null,
          "ruler_2276": null
        },
        "wiki": {
          "title": null,
          "url": null,
          "description": null,
          "image": null
        },
        "svg_layer": "Tilea"
      }
    },
    {
      "type": "Feature",
      "id": "copy_text_14509",
      "geometry": {
        "type": "Point",
        "coordinates": [
          -6.944693,
          39.114606
        ]
      },
      "properties": {
        "id": "copy_text_14509",
        "name": "Acquafondata",
        "category": "settlement",
        "dataset": "tilea",
        "in_gazetteer": false,
        "type": null,
        "region": "Tilea",
        "province": null,
        "estate": null,
        "population": 87,
        "population_estimated": true,
        "size_category": 1,
        "trade": null,
        "source": null,
        "tags": [],
        "notes": [],
        "history": {
          "province_2512": null,
          "province_2276": null,
          "ruler_2515": null,
          "ruler_2512": null,
          "ruler_2276": null
        },
        "wiki": {
          "title": null,
          "url": null,
          "description": null,
          "image": null
        },
        "svg_layer": "Tilea"
      }
    },
    {
      "type": "Feature",
      "id": "copy_text_14510",
      "geometry": {
        "type": "Point",
        "coordinates": [
          -7.021803,
          39.336498
        ]
      },
      "properties": {
        "id": "copy_text_14510",
        "name": "Terelle",
        "category": "settlement",
        "dataset": "tilea",
        "in_gazetteer": false,
        "type": null,
        "region": "Tilea",
        "province": null,
        "estate": null,
        "population": 118,
        "population_estimated": true,
        "size_category": 1,
        "trade": null,
        "source": null,
        "tags": [],
        "notes": [],
        "history": {
          "province_2512": null,
          "province_2276": null,
          "ruler_2515": null,
          "ruler_2512": null,
          "ruler_2276": null
        },
        "wiki": {
          "title": null,
          "url": null,
          "description": null,
          "image": null
        },
        "svg_layer": "Tilea"
      }
    },
    {
      "type": "Feature",
      "id": "copy_text_14511",
      "geometry": {
        "type": "Point",
        "coordinates": [
          -6.531524,
          39.480128
        ]
      },
      "properties": {
        "id": "copy_text_14511",
        "name": "Viticuso",
        "category": "settlement",
        "dataset": "tilea",
        "in_gazetteer": false,
        "type": null,
        "region": "Tilea",
        "province": null,
        "estate": null,
        "population": 202,
        "population_estimated": true,
        "size_category": 1,
        "trade": null,
        "source": null,
        "tags": [],
        "notes": [],
        "history": {
          "province_2512": null,
          "province_2276": null,
          "ruler_2515": null,
          "ruler_2512": null,
          "ruler_2276": null
        },
        "wiki": {
          "title": null,
          "url": null,
          "description": null,
          "image": null
        },
        "svg_layer": "Tilea"
      }
    },
    {
      "type": "Feature",
      "id": "copy_text_14512",
      "geometry": {
        "type": "Point",
        "coordinates": [
          -7.233567,
          39.570358
        ]
      },
      "properties": {
        "id": "copy_text_14512",
        "name": "San Sera Bretonnesco",
        "category": "settlement",
        "dataset": "tilea",
        "in_gazetteer": false,
        "type": null,
        "region": "Tilea",
        "province": null,
        "estate": null,
        "population": 70,
        "population_estimated": true,
        "size_category": 1,
        "trade": null,
        "source": null,
        "tags": [],
        "notes": [],
        "history": {
          "province_2512": null,
          "province_2276": null,
          "ruler_2515": null,
          "ruler_2512": null,
          "ruler_2276": null
        },
        "wiki": {
          "title": null,
          "url": null,
          "description": null,
          "image": null
        },
        "svg_layer": "Tilea"
      }
    },
    {
      "type": "Feature",
      "id": "copy_text_14513",
      "geometry": {
        "type": "Point",
        "coordinates": [
          -6.915921,
          38.469188
        ]
      },
      "properties": {
        "id": "copy_text_14513",
        "name": "Falvaterra",
        "category": "settlement",
        "dataset": "tilea",
        "in_gazetteer": false,
        "type": null,
        "region": "Tilea",
        "province": null,
        "estate": null,
        "population": 164,
        "population_estimated": true,
        "size_category": 1,
        "trade": null,
        "source": null,
        "tags": [],
        "notes": [],
        "history": {
          "province_2512": null,
          "province_2276": null,
          "ruler_2515": null,
          "ruler_2512": null,
          "ruler_2276": null
        },
        "wiki": {
          "title": null,
          "url": null,
          "description": null,
          "image": null
        },
        "svg_layer": "Tilea"
      }
    },
    {
      "type": "Feature",
      "id": "copy_text_14514",
      "geometry": {
        "type": "Point",
        "coordinates": [
          -6.684592,
          38.47379
        ]
      },
      "properties": {
        "id": "copy_text_14514",
        "name": "Casalattico",
        "category": "settlement",
        "dataset": "tilea",
        "in_gazetteer": false,
        "type": null,
        "region": "Tilea",
        "province": null,
        "estate": null,
        "population": 105,
        "population_estimated": true,
        "size_category": 1,
        "trade": null,
        "source": null,
        "tags": [],
        "notes": [],
        "history": {
          "province_2512": null,
          "province_2276": null,
          "ruler_2515": null,
          "ruler_2512": null,
          "ruler_2276": null
        },
        "wiki": {
          "title": null,
          "url": null,
          "description": null,
          "image": null
        },
        "svg_layer": "Tilea"
      }
    },
    {
      "type": "Feature",
      "id": "copy_text_14515",
      "geometry": {
        "type": "Point",
        "coordinates": [
          -7.825868,
          36.299351
        ]
      },
      "properties": {
        "id": "copy_text_14515",
        "name": "Colle San Magno",
        "category": "settlement",
        "dataset": "tilea",
        "in_gazetteer": false,
        "type": null,
        "region": "Tilea",
        "province": null,
        "estate": null,
        "population": 200,
        "population_estimated": true,
        "size_category": 1,
        "trade": null,
        "source": null,
        "tags": [],
        "notes": [],
        "history": {
          "province_2512": null,
          "province_2276": null,
          "ruler_2515": null,
          "ruler_2512": null,
          "ruler_2276": null
        },
        "wiki": {
          "title": null,
          "url": null,
          "description": null,
          "image": null
        },
        "svg_layer": "Tilea"
      }
    },
    {
      "type": "Feature",
      "id": "copy_text_14516",
      "geometry": {
        "type": "Point",
        "coordinates": [
          -7.686611,
          36.326261
        ]
      },
      "properties": {
        "id": "copy_text_14516",
        "name": "Belmonte Castello",
        "category": "settlement",
        "dataset": "tilea",
        "in_gazetteer": false,
        "type": null,
        "region": "Tilea",
        "province": null,
        "estate": null,
        "population": 261,
        "population_estimated": true,
        "size_category": 1,
        "trade": null,
        "source": null,
        "tags": [],
        "notes": [],
        "history": {
          "province_2512": null,
          "province_2276": null,
          "ruler_2515": null,
          "ruler_2512": null,
          "ruler_2276": null
        },
        "wiki": {
          "title": null,
          "url": null,
          "description": null,
          "image": null
        },
        "svg_layer": "Tilea"
      }
    },
    {
      "type": "Feature",
      "id": "copy_text_14517",
      "geometry": {
        "type": "Point",
        "coordinates": [
          -7.876915,
          36.191346
        ]
      },
      "properties": {
        "id": "copy_text_14517",
        "name": "Settefrati",
        "category": "settlement",
        "dataset": "tilea",
        "in_gazetteer": false,
        "type": null,
        "region": "Tilea",
        "province": null,
        "estate": null,
        "population": 211,
        "population_estimated": true,
        "size_category": 1,
        "trade": null,
        "source": null,
        "tags": [],
        "notes": [],
        "history": {
          "province_2512": null,
          "province_2276": null,
          "ruler_2515": null,
          "ruler_2512": null,
          "ruler_2276": null
        },
        "wiki": {
          "title": null,
          "url": null,
          "description": null,
          "image": null
        },
        "svg_layer": "Tilea"
      }
    },
    {
      "type": "Feature",
      "id": "copy_text_14518",
      "geometry": {
        "type": "Point",
        "coordinates": [
          -7.680112,
          36.073495
        ]
      },
      "properties": {
        "id": "copy_text_14518",
        "name": "Vitcalvi",
        "category": "settlement",
        "dataset": "tilea",
        "in_gazetteer": false,
        "type": null,
        "region": "Tilea",
        "province": null,
        "estate": null,
        "population": 125,
        "population_estimated": true,
        "size_category": 1,
        "trade": null,
        "source": null,
        "tags": [],
        "notes": [],
        "history": {
          "province_2512": null,
          "province_2276": null,
          "ruler_2515": null,
          "ruler_2512": null,
          "ruler_2276": null
        },
        "wiki": {
          "title": null,
          "url": null,
          "description": null,
          "image": null
        },
        "svg_layer": "Tilea"
      }
    },
    {
      "type": "Feature",
      "id": "copy_text_14520",
      "geometry": {
        "type": "Point",
        "coordinates": [
          -7.988551,
          36.141627
        ]
      },
      "properties": {
        "id": "copy_text_14520",
        "name": "Castelnuovo Parano",
        "category": "settlement",
        "dataset": "tilea",
        "in_gazetteer": false,
        "type": null,
        "region": "Tilea",
        "province": null,
        "estate": null,
        "population": 250,
        "population_estimated": true,
        "size_category": 1,
        "trade": null,
        "source": null,
        "tags": [],
        "notes": [],
        "history": {
          "province_2512": null,
          "province_2276": null,
          "ruler_2515": null,
          "ruler_2512": null,
          "ruler_2276": null
        },
        "wiki": {
          "title": null,
          "url": null,
          "description": null,
          "image": null
        },
        "svg_layer": "Tilea"
      }
    },
    {
      "type": "Feature",
      "id": "copy_text_14521",
      "geometry": {
        "type": "Point",
        "coordinates": [
          -8.088678,
          35.946437
        ]
      },
      "properties": {
        "id": "copy_text_14521",
        "name": "Collepardo",
        "category": "settlement",
        "dataset": "tilea",
        "in_gazetteer": false,
        "type": null,
        "region": "Tilea",
        "province": null,
        "estate": null,
        "population": 230,
        "population_estimated": true,
        "size_category": 1,
        "trade": null,
        "source": null,
        "tags": [],
        "notes": [],
        "history": {
          "province_2512": null,
          "province_2276": null,
          "ruler_2515": null,
          "ruler_2512": null,
          "ruler_2276": null
        },
        "wiki": {
          "title": null,
          "url": null,
          "description": null,
          "image": null
        },
        "svg_layer": "Tilea"
      }
    },
    {
      "type": "Feature",
      "id": "copy_text_14522",
      "geometry": {
        "type": "Point",
        "coordinates": [
          -7.357863,
          36.719833
        ]
      },
      "properties": {
        "id": "copy_text_14522",
        "name": "Vico nel Olesi",
        "category": "settlement",
        "dataset": "tilea",
        "in_gazetteer": false,
        "type": null,
        "region": "Tilea",
        "province": null,
        "estate": null,
        "population": 235,
        "population_estimated": true,
        "size_category": 1,
        "trade": null,
        "source": null,
        "tags": [],
        "notes": [],
        "history": {
          "province_2512": null,
          "province_2276": null,
          "ruler_2515": null,
          "ruler_2512": null,
          "ruler_2276": null
        },
        "wiki": {
          "title": null,
          "url": null,
          "description": null,
          "image": null
        },
        "svg_layer": "Tilea"
      }
    },
    {
      "type": "Feature",
      "id": "copy_text_14523",
      "geometry": {
        "type": "Point",
        "coordinates": [
          -7.664,
          36.831241
        ]
      },
      "properties": {
        "id": "copy_text_14523",
        "name": "Acuto",
        "category": "settlement",
        "dataset": "tilea",
        "in_gazetteer": false,
        "type": null,
        "region": "Tilea",
        "province": null,
        "estate": null,
        "population": 215,
        "population_estimated": true,
        "size_category": 1,
        "trade": null,
        "source": null,
        "tags": [],
        "notes": [],
        "history": {
          "province_2512": null,
          "province_2276": null,
          "ruler_2515": null,
          "ruler_2512": null,
          "ruler_2276": null
        },
        "wiki": {
          "title": null,
          "url": null,
          "description": null,
          "image": null
        },
        "svg_layer": "Tilea"
      }
    },
    {
      "type": "Feature",
      "id": "copy_text_14524",
      "geometry": {
        "type": "Point",
        "coordinates": [
          -7.594946,
          36.669658
        ]
      },
      "properties": {
        "id": "copy_text_14524",
        "name": "Frontino",
        "category": "settlement",
        "dataset": "tilea",
        "in_gazetteer": false,
        "type": null,
        "region": "Tilea",
        "province": null,
        "estate": null,
        "population": 130,
        "population_estimated": true,
        "size_category": 1,
        "trade": null,
        "source": null,
        "tags": [],
        "notes": [],
        "history": {
          "province_2512": null,
          "province_2276": null,
          "ruler_2515": null,
          "ruler_2512": null,
          "ruler_2276": null
        },
        "wiki": {
          "title": null,
          "url": null,
          "description": null,
          "image": null
        },
        "svg_layer": "Tilea"
      }
    },
    {
      "type": "Feature",
      "id": "copy_text_14525",
      "geometry": {
        "type": "Point",
        "coordinates": [
          -7.602328,
          36.155552
        ]
      },
      "properties": {
        "id": "copy_text_14525",
        "name": "Castelsantagngelo sul Portomaggiore",
        "category": "settlement",
        "dataset": "tilea",
        "in_gazetteer": false,
        "type": null,
        "region": "Tilea",
        "province": null,
        "estate": null,
        "population": 282,
        "population_estimated": true,
        "size_category": 1,
        "trade": null,
        "source": null,
        "tags": [],
        "notes": [],
        "history": {
          "province_2512": null,
          "province_2276": null,
          "ruler_2515": null,
          "ruler_2512": null,
          "ruler_2276": null
        },
        "wiki": {
          "title": null,
          "url": null,
          "description": null,
          "image": null
        },
        "svg_layer": "Tilea"
      }
    },
    {
      "type": "Feature",
      "id": "copy_text_14526",
      "geometry": {
        "type": "Point",
        "coordinates": [
          -7.578258,
          36.616714
        ]
      },
      "properties": {
        "id": "copy_text_14526",
        "name": "Sefro",
        "category": "settlement",
        "dataset": "tilea",
        "in_gazetteer": false,
        "type": null,
        "region": "Tilea",
        "province": null,
        "estate": null,
        "population": 183,
        "population_estimated": true,
        "size_category": 1,
        "trade": null,
        "source": null,
        "tags": [],
        "notes": [],
        "history": {
          "province_2512": null,
          "province_2276": null,
          "ruler_2515": null,
          "ruler_2512": null,
          "ruler_2276": null
        },
        "wiki": {
          "title": null,
          "url": null,
          "description": null,
          "image": null
        },
        "svg_layer": "Tilea"
      }
    },
    {
      "type": "Feature",
      "id": "copy_text_14527",
      "geometry": {
        "type": "Point",
        "coordinates": [
          -7.70946,
          36.446841
        ]
      },
      "properties": {
        "id": "copy_text_14527",
        "name": "Montedinove",
        "category": "settlement",
        "dataset": "tilea",
        "in_gazetteer": false,
        "type": null,
        "region": "Tilea",
        "province": null,
        "estate": null,
        "population": 146,
        "population_estimated": true,
        "size_category": 1,
        "trade": null,
        "source": null,
        "tags": [],
        "notes": [],
        "history": {
          "province_2512": null,
          "province_2276": null,
          "ruler_2515": null,
          "ruler_2512": null,
          "ruler_2276": null
        },
        "wiki": {
          "title": null,
          "url": null,
          "description": null,
          "image": null
        },
        "svg_layer": "Tilea"
      }
    },
    {
      "type": "Feature",
      "id": "copy_text_14528",
      "geometry": {
        "type": "Point",
        "coordinates": [
          -7.762401,
          36.410935
        ]
      },
      "properties": {
        "id": "copy_text_14528",
        "name": "Borgo Pace",
        "category": "settlement",
        "dataset": "tilea",
        "in_gazetteer": false,
        "type": null,
        "region": "Tilea",
        "province": null,
        "estate": null,
        "population": 112,
        "population_estimated": true,
        "size_category": 1,
        "trade": null,
        "source": null,
        "tags": [],
        "notes": [],
        "history": {
          "province_2512": null,
          "province_2276": null,
          "ruler_2515": null,
          "ruler_2512": null,
          "ruler_2276": null
        },
        "wiki": {
          "title": null,
          "url": null,
          "description": null,
          "image": null
        },
        "svg_layer": "Tilea"
      }
    },
    {
      "type": "Feature",
      "id": "copy_text_14529",
      "geometry": {
        "type": "Point",
        "coordinates": [
          -7.727299,
          36.904898
        ]
      },
      "properties": {
        "id": "copy_text_14529",
        "name": "Gagliole",
        "category": "settlement",
        "dataset": "tilea",
        "in_gazetteer": false,
        "type": null,
        "region": "Tilea",
        "province": null,
        "estate": null,
        "population": 236,
        "population_estimated": true,
        "size_category": 1,
        "trade": null,
        "source": null,
        "tags": [],
        "notes": [],
        "history": {
          "province_2512": null,
          "province_2276": null,
          "ruler_2515": null,
          "ruler_2512": null,
          "ruler_2276": null
        },
        "wiki": {
          "title": null,
          "url": null,
          "description": null,
          "image": null
        },
        "svg_layer": "Tilea"
      }
    },
    {
      "type": "Feature",
      "id": "copy_text_14530",
      "geometry": {
        "type": "Point",
        "coordinates": [
          -7.3406,
          36.693135
        ]
      },
      "properties": {
        "id": "copy_text_14530",
        "name": "Concerviano",
        "category": "settlement",
        "dataset": "tilea",
        "in_gazetteer": false,
        "type": null,
        "region": "Tilea",
        "province": null,
        "estate": null,
        "population": 62,
        "population_estimated": true,
        "size_category": 1,
        "trade": null,
        "source": null,
        "tags": [],
        "notes": [],
        "history": {
          "province_2512": null,
          "province_2276": null,
          "ruler_2515": null,
          "ruler_2512": null,
          "ruler_2276": null
        },
        "wiki": {
          "title": null,
          "url": null,
          "description": null,
          "image": null
        },
        "svg_layer": "Tilea"
      }
    },
    {
      "type": "Feature",
      "id": "copy_text_14531",
      "geometry": {
        "type": "Point",
        "coordinates": [
          -7.017775,
          36.785206
        ]
      },
      "properties": {
        "id": "copy_text_14531",
        "name": "Morr Reatino",
        "category": "settlement",
        "dataset": "tilea",
        "in_gazetteer": false,
        "type": null,
        "region": "Tilea",
        "province": null,
        "estate": null,
        "population": 275,
        "population_estimated": true,
        "size_category": 1,
        "trade": null,
        "source": null,
        "tags": [],
        "notes": [],
        "history": {
          "province_2512": null,
          "province_2276": null,
          "ruler_2515": null,
          "ruler_2512": null,
          "ruler_2276": null
        },
        "wiki": {
          "title": null,
          "url": null,
          "description": null,
          "image": null
        },
        "svg_layer": "Tilea"
      }
    },
    {
      "type": "Feature",
      "id": "copy_text_14532",
      "geometry": {
        "type": "Point",
        "coordinates": [
          -7.09546,
          36.570678
        ]
      },
      "properties": {
        "id": "copy_text_14532",
        "name": "Colle di Tora",
        "category": "settlement",
        "dataset": "tilea",
        "in_gazetteer": false,
        "type": null,
        "region": "Tilea",
        "province": null,
        "estate": null,
        "population": 78,
        "population_estimated": true,
        "size_category": 1,
        "trade": null,
        "source": null,
        "tags": [],
        "notes": [],
        "history": {
          "province_2512": null,
          "province_2276": null,
          "ruler_2515": null,
          "ruler_2512": null,
          "ruler_2276": null
        },
        "wiki": {
          "title": null,
          "url": null,
          "description": null,
          "image": null
        },
        "svg_layer": "Tilea"
      }
    },
    {
      "type": "Feature",
      "id": "copy_text_14533",
      "geometry": {
        "type": "Point",
        "coordinates": [
          -8.042642,
          36.02838
        ]
      },
      "properties": {
        "id": "copy_text_14533",
        "name": "Orvinio",
        "category": "settlement",
        "dataset": "tilea",
        "in_gazetteer": false,
        "type": null,
        "region": "Tilea",
        "province": null,
        "estate": null,
        "population": 135,
        "population_estimated": true,
        "size_category": 1,
        "trade": null,
        "source": null,
        "tags": [],
        "notes": [],
        "history": {
          "province_2512": null,
          "province_2276": null,
          "ruler_2515": null,
          "ruler_2512": null,
          "ruler_2276": null
        },
        "wiki": {
          "title": null,
          "url": null,
          "description": null,
          "image": null
        },
        "svg_layer": "Tilea"
      }
    },
    {
      "type": "Feature",
      "id": "copy_text_14534",
      "geometry": {
        "type": "Point",
        "coordinates": [
          -6.52692,
          36.33498
        ]
      },
      "properties": {
        "id": "copy_text_14534",
        "name": "Montasola",
        "category": "settlement",
        "dataset": "tilea",
        "in_gazetteer": false,
        "type": null,
        "region": "Tilea",
        "province": null,
        "estate": null,
        "population": 247,
        "population_estimated": true,
        "size_category": 1,
        "trade": null,
        "source": null,
        "tags": [],
        "notes": [],
        "history": {
          "province_2512": null,
          "province_2276": null,
          "ruler_2515": null,
          "ruler_2512": null,
          "ruler_2276": null
        },
        "wiki": {
          "title": null,
          "url": null,
          "description": null,
          "image": null
        },
        "svg_layer": "Tilea"
      }
    },
    {
      "type": "Feature",
      "id": "copy_text_14535",
      "geometry": {
        "type": "Point",
        "coordinates": [
          -6.355438,
          36.432572
        ]
      },
      "properties": {
        "id": "copy_text_14535",
        "name": "Configni",
        "category": "settlement",
        "dataset": "tilea",
        "in_gazetteer": false,
        "type": null,
        "region": "Tilea",
        "province": null,
        "estate": null,
        "population": 110,
        "population_estimated": true,
        "size_category": 1,
        "trade": null,
        "source": null,
        "tags": [],
        "notes": [],
        "history": {
          "province_2512": null,
          "province_2276": null,
          "ruler_2515": null,
          "ruler_2512": null,
          "ruler_2276": null
        },
        "wiki": {
          "title": null,
          "url": null,
          "description": null,
          "image": null
        },
        "svg_layer": "Tilea"
      }
    },
    {
      "type": "Feature",
      "id": "copy_text_14536",
      "geometry": {
        "type": "Point",
        "coordinates": [
          -6.268842,
          36.312339
        ]
      },
      "properties": {
        "id": "copy_text_14536",
        "name": "Collevecchio",
        "category": "settlement",
        "dataset": "tilea",
        "in_gazetteer": false,
        "type": null,
        "region": "Tilea",
        "province": null,
        "estate": null,
        "population": 81,
        "population_estimated": true,
        "size_category": 1,
        "trade": null,
        "source": null,
        "tags": [],
        "notes": [],
        "history": {
          "province_2512": null,
          "province_2276": null,
          "ruler_2515": null,
          "ruler_2512": null,
          "ruler_2276": null
        },
        "wiki": {
          "title": null,
          "url": null,
          "description": null,
          "image": null
        },
        "svg_layer": "Tilea"
      }
    },
    {
      "type": "Feature",
      "id": "copy_text_14537",
      "geometry": {
        "type": "Point",
        "coordinates": [
          -6.587301,
          36.586425
        ]
      },
      "properties": {
        "id": "copy_text_14537",
        "name": "Leonessa",
        "category": "settlement",
        "dataset": "tilea",
        "in_gazetteer": false,
        "type": null,
        "region": "Tilea",
        "province": null,
        "estate": null,
        "population": 782,
        "population_estimated": true,
        "size_category": 2,
        "trade": null,
        "source": null,
        "tags": [],
        "notes": [],
        "history": {
          "province_2512": null,
          "province_2276": null,
          "ruler_2515": null,
          "ruler_2512": null,
          "ruler_2276": null
        },
        "wiki": {
          "title": null,
          "url": null,
          "description": null,
          "image": null
        },
        "svg_layer": "Tilea"
      }
    },
    {
      "type": "Feature",
      "id": "copy_text_14538",
      "geometry": {
        "type": "Point",
        "coordinates": [
          -6.594247,
          36.411397
        ]
      },
      "properties": {
        "id": "copy_text_14538",
        "name": "Poggio Catino",
        "category": "settlement",
        "dataset": "tilea",
        "in_gazetteer": false,
        "type": null,
        "region": "Tilea",
        "province": null,
        "estate": null,
        "population": 214,
        "population_estimated": true,
        "size_category": 1,
        "trade": null,
        "source": null,
        "tags": [],
        "notes": [],
        "history": {
          "province_2512": null,
          "province_2276": null,
          "ruler_2515": null,
          "ruler_2512": null,
          "ruler_2276": null
        },
        "wiki": {
          "title": null,
          "url": null,
          "description": null,
          "image": null
        },
        "svg_layer": "Tilea"
      }
    },
    {
      "type": "Feature",
      "id": "copy_text_14539",
      "geometry": {
        "type": "Point",
        "coordinates": [
          -6.758249,
          36.529248
        ]
      },
      "properties": {
        "id": "copy_text_14539",
        "name": "Fiamignano",
        "category": "settlement",
        "dataset": "tilea",
        "in_gazetteer": false,
        "type": null,
        "region": "Tilea",
        "province": null,
        "estate": null,
        "population": 86,
        "population_estimated": true,
        "size_category": 1,
        "trade": null,
        "source": null,
        "tags": [],
        "notes": [],
        "history": {
          "province_2512": null,
          "province_2276": null,
          "ruler_2515": null,
          "ruler_2512": null,
          "ruler_2276": null
        },
        "wiki": {
          "title": null,
          "url": null,
          "description": null,
          "image": null
        },
        "svg_layer": "Tilea"
      }
    },
    {
      "type": "Feature",
      "id": "copy_text_14540",
      "geometry": {
        "type": "Point",
        "coordinates": [
          -6.623595,
          36.235542
        ]
      },
      "properties": {
        "id": "copy_text_14540",
        "name": "Montegabbione",
        "category": "settlement",
        "dataset": "tilea",
        "in_gazetteer": false,
        "type": null,
        "region": "Tilea",
        "province": null,
        "estate": null,
        "population": 116,
        "population_estimated": true,
        "size_category": 1,
        "trade": null,
        "source": null,
        "tags": [],
        "notes": [],
        "history": {
          "province_2512": null,
          "province_2276": null,
          "ruler_2515": null,
          "ruler_2512": null,
          "ruler_2276": null
        },
        "wiki": {
          "title": null,
          "url": null,
          "description": null,
          "image": null
        },
        "svg_layer": "Tilea"
      }
    },
    {
      "type": "Feature",
      "id": "copy_text_14541",
      "geometry": {
        "type": "Point",
        "coordinates": [
          -5.790351,
          36.635128
        ]
      },
      "properties": {
        "id": "copy_text_14541",
        "name": "Monteleone d'Orvieto",
        "category": "settlement",
        "dataset": "tilea",
        "in_gazetteer": false,
        "type": null,
        "region": "Tilea",
        "province": null,
        "estate": null,
        "population": 126,
        "population_estimated": true,
        "size_category": 1,
        "trade": null,
        "source": null,
        "tags": [],
        "notes": [],
        "history": {
          "province_2512": null,
          "province_2276": null,
          "ruler_2515": null,
          "ruler_2512": null,
          "ruler_2276": null
        },
        "wiki": {
          "title": null,
          "url": null,
          "description": null,
          "image": null
        },
        "svg_layer": "Tilea"
      }
    },
    {
      "type": "Feature",
      "id": "copy_text_14542",
      "geometry": {
        "type": "Point",
        "coordinates": [
          -6.606332,
          37.295281
        ]
      },
      "properties": {
        "id": "copy_text_14542",
        "name": "Parrano",
        "category": "settlement",
        "dataset": "tilea",
        "in_gazetteer": false,
        "type": null,
        "region": "Tilea",
        "province": null,
        "estate": null,
        "population": 132,
        "population_estimated": true,
        "size_category": 1,
        "trade": null,
        "source": null,
        "tags": [],
        "notes": [],
        "history": {
          "province_2512": null,
          "province_2276": null,
          "ruler_2515": null,
          "ruler_2512": null,
          "ruler_2276": null
        },
        "wiki": {
          "title": null,
          "url": null,
          "description": null,
          "image": null
        },
        "svg_layer": "Tilea"
      }
    },
    {
      "type": "Feature",
      "id": "copy_text_14543",
      "geometry": {
        "type": "Point",
        "coordinates": [
          -6.636406,
          37.580923
        ]
      },
      "properties": {
        "id": "copy_text_14543",
        "name": "Lugnano",
        "category": "settlement",
        "dataset": "tilea",
        "in_gazetteer": false,
        "type": null,
        "region": "Tilea",
        "province": null,
        "estate": null,
        "population": 93,
        "population_estimated": true,
        "size_category": 1,
        "trade": null,
        "source": null,
        "tags": [],
        "notes": [],
        "history": {
          "province_2512": null,
          "province_2276": null,
          "ruler_2515": null,
          "ruler_2512": null,
          "ruler_2276": null
        },
        "wiki": {
          "title": null,
          "url": null,
          "description": null,
          "image": null
        },
        "svg_layer": "Tilea"
      }
    },
    {
      "type": "Feature",
      "id": "copy_text_14544",
      "geometry": {
        "type": "Point",
        "coordinates": [
          -6.618992,
          37.681057
        ]
      },
      "properties": {
        "id": "copy_text_14544",
        "name": "Alviano",
        "category": "settlement",
        "dataset": "tilea",
        "in_gazetteer": false,
        "type": null,
        "region": "Tilea",
        "province": null,
        "estate": null,
        "population": 107,
        "population_estimated": true,
        "size_category": 1,
        "trade": null,
        "source": null,
        "tags": [],
        "notes": [],
        "history": {
          "province_2512": null,
          "province_2276": null,
          "ruler_2515": null,
          "ruler_2512": null,
          "ruler_2276": null
        },
        "wiki": {
          "title": null,
          "url": null,
          "description": null,
          "image": null
        },
        "svg_layer": "Tilea"
      }
    },
    {
      "type": "Feature",
      "id": "copy_text_14545",
      "geometry": {
        "type": "Point",
        "coordinates": [
          -8.78957,
          35.95012
        ]
      },
      "properties": {
        "id": "copy_text_14545",
        "name": "Isola Capri-Sole",
        "category": "settlement",
        "dataset": "tilea",
        "in_gazetteer": false,
        "type": null,
        "region": "Tilea",
        "province": null,
        "estate": null,
        "population": 108,
        "population_estimated": true,
        "size_category": 1,
        "trade": null,
        "source": null,
        "tags": [],
        "notes": [],
        "history": {
          "province_2512": null,
          "province_2276": null,
          "ruler_2515": null,
          "ruler_2512": null,
          "ruler_2276": null
        },
        "wiki": {
          "title": null,
          "url": null,
          "description": null,
          "image": null
        },
        "svg_layer": "Tilea"
      }
    },
    {
      "type": "Feature",
      "id": "copy_text_14546",
      "geometry": {
        "type": "Point",
        "coordinates": [
          -5.632679,
          38.520746
        ]
      },
      "properties": {
        "id": "copy_text_14546",
        "name": "Montemignaio",
        "category": "settlement",
        "dataset": "tilea",
        "in_gazetteer": false,
        "type": null,
        "region": "Tilea",
        "province": null,
        "estate": null,
        "population": 81,
        "population_estimated": true,
        "size_category": 1,
        "trade": null,
        "source": null,
        "tags": [],
        "notes": [],
        "history": {
          "province_2512": null,
          "province_2276": null,
          "ruler_2515": null,
          "ruler_2512": null,
          "ruler_2276": null
        },
        "wiki": {
          "title": null,
          "url": null,
          "description": null,
          "image": null
        },
        "svg_layer": "Tilea"
      }
    },
    {
      "type": "Feature",
      "id": "copy_text_14547",
      "geometry": {
        "type": "Point",
        "coordinates": [
          -5.463498,
          38.40658
        ]
      },
      "properties": {
        "id": "copy_text_14547",
        "name": "Careggine",
        "category": "settlement",
        "dataset": "tilea",
        "in_gazetteer": false,
        "type": null,
        "region": "Tilea",
        "province": null,
        "estate": null,
        "population": 194,
        "population_estimated": true,
        "size_category": 1,
        "trade": null,
        "source": null,
        "tags": [],
        "notes": [],
        "history": {
          "province_2512": null,
          "province_2276": null,
          "ruler_2515": null,
          "ruler_2512": null,
          "ruler_2276": null
        },
        "wiki": {
          "title": null,
          "url": null,
          "description": null,
          "image": null
        },
        "svg_layer": "Tilea"
      }
    },
    {
      "type": "Feature",
      "id": "copy_text_14548",
      "geometry": {
        "type": "Point",
        "coordinates": [
          -5.47961,
          38.258342
        ]
      },
      "properties": {
        "id": "copy_text_14548",
        "name": "Sassetta",
        "category": "settlement",
        "dataset": "tilea",
        "in_gazetteer": false,
        "type": null,
        "region": "Tilea",
        "province": null,
        "estate": null,
        "population": 477,
        "population_estimated": true,
        "size_category": 2,
        "trade": null,
        "source": null,
        "tags": [],
        "notes": [],
        "history": {
          "province_2512": null,
          "province_2276": null,
          "ruler_2515": null,
          "ruler_2512": null,
          "ruler_2276": null
        },
        "wiki": {
          "title": null,
          "url": null,
          "description": null,
          "image": null
        },
        "svg_layer": "Tilea"
      }
    },
    {
      "type": "Feature",
      "id": "copy_text_14549",
      "geometry": {
        "type": "Point",
        "coordinates": [
          -5.466951,
          38.144176
        ]
      },
      "properties": {
        "id": "copy_text_14549",
        "name": "Fosciandora",
        "category": "settlement",
        "dataset": "tilea",
        "in_gazetteer": false,
        "type": null,
        "region": "Tilea",
        "province": null,
        "estate": null,
        "population": 140,
        "population_estimated": true,
        "size_category": 1,
        "trade": null,
        "source": null,
        "tags": [],
        "notes": [],
        "history": {
          "province_2512": null,
          "province_2276": null,
          "ruler_2515": null,
          "ruler_2512": null,
          "ruler_2276": null
        },
        "wiki": {
          "title": null,
          "url": null,
          "description": null,
          "image": null
        },
        "svg_layer": "Tilea"
      }
    },
    {
      "type": "Feature",
      "id": "copy_text_14550",
      "geometry": {
        "type": "Point",
        "coordinates": [
          -5.280507,
          38.018039
        ]
      },
      "properties": {
        "id": "copy_text_14550",
        "name": "Comano",
        "category": "settlement",
        "dataset": "tilea",
        "in_gazetteer": false,
        "type": null,
        "region": "Tilea",
        "province": null,
        "estate": null,
        "population": 578,
        "population_estimated": true,
        "size_category": 2,
        "trade": null,
        "source": null,
        "tags": [],
        "notes": [],
        "history": {
          "province_2512": null,
          "province_2276": null,
          "ruler_2515": null,
          "ruler_2512": null,
          "ruler_2276": null
        },
        "wiki": {
          "title": null,
          "url": null,
          "description": null,
          "image": null
        },
        "svg_layer": "Tilea"
      }
    },
    {
      "type": "Feature",
      "id": "copy_text_14551",
      "geometry": {
        "type": "Point",
        "coordinates": [
          -6.816944,
          38.768421
        ]
      },
      "properties": {
        "id": "copy_text_14551",
        "name": "Orciano Remano",
        "category": "settlement",
        "dataset": "tilea",
        "in_gazetteer": false,
        "type": null,
        "region": "Tilea",
        "province": null,
        "estate": null,
        "population": 134,
        "population_estimated": true,
        "size_category": 1,
        "trade": null,
        "source": null,
        "tags": [],
        "notes": [],
        "history": {
          "province_2512": null,
          "province_2276": null,
          "ruler_2515": null,
          "ruler_2512": null,
          "ruler_2276": null
        },
        "wiki": {
          "title": null,
          "url": null,
          "description": null,
          "image": null
        },
        "svg_layer": "Tilea"
      }
    },
    {
      "type": "Feature",
      "id": "copy_text_14552",
      "geometry": {
        "type": "Point",
        "coordinates": [
          -5.735108,
          38.11287
        ]
      },
      "properties": {
        "id": "copy_text_14552",
        "name": "Fabbriche di Prato",
        "category": "settlement",
        "dataset": "tilea",
        "in_gazetteer": false,
        "type": null,
        "region": "Tilea",
        "province": null,
        "estate": null,
        "population": 335,
        "population_estimated": true,
        "size_category": 2,
        "trade": null,
        "source": null,
        "tags": [],
        "notes": [],
        "history": {
          "province_2512": null,
          "province_2276": null,
          "ruler_2515": null,
          "ruler_2512": null,
          "ruler_2276": null
        },
        "wiki": {
          "title": null,
          "url": null,
          "description": null,
          "image": null
        },
        "svg_layer": "Tilea"
      }
    },
    {
      "type": "Feature",
      "id": "copy_text_14553",
      "geometry": {
        "type": "Point",
        "coordinates": [
          -4.87194,
          37.806275
        ]
      },
      "properties": {
        "id": "copy_text_14553",
        "name": "Casola in Pavona",
        "category": "settlement",
        "dataset": "tilea",
        "in_gazetteer": false,
        "type": null,
        "region": "Tilea",
        "province": null,
        "estate": null,
        "population": 119,
        "population_estimated": true,
        "size_category": 1,
        "trade": null,
        "source": null,
        "tags": [],
        "notes": [],
        "history": {
          "province_2512": null,
          "province_2276": null,
          "ruler_2515": null,
          "ruler_2512": null,
          "ruler_2276": null
        },
        "wiki": {
          "title": null,
          "url": null,
          "description": null,
          "image": null
        },
        "svg_layer": "Tilea"
      }
    },
    {
      "type": "Feature",
      "id": "copy_text_14554",
      "geometry": {
        "type": "Point",
        "coordinates": [
          -4.814396,
          37.635021
        ]
      },
      "properties": {
        "id": "copy_text_14554",
        "name": "Badia Tedala",
        "category": "settlement",
        "dataset": "tilea",
        "in_gazetteer": false,
        "type": null,
        "region": "Tilea",
        "province": null,
        "estate": null,
        "population": 302,
        "population_estimated": true,
        "size_category": 2,
        "trade": null,
        "source": null,
        "tags": [],
        "notes": [],
        "history": {
          "province_2512": null,
          "province_2276": null,
          "ruler_2515": null,
          "ruler_2512": null,
          "ruler_2276": null
        },
        "wiki": {
          "title": null,
          "url": null,
          "description": null,
          "image": null
        },
        "svg_layer": "Tilea"
      }
    },
    {
      "type": "Feature",
      "id": "copy_text_14555",
      "geometry": {
        "type": "Point",
        "coordinates": [
          -4.972067,
          38.007911
        ]
      },
      "properties": {
        "id": "copy_text_14555",
        "name": "Molazzana",
        "category": "settlement",
        "dataset": "tilea",
        "in_gazetteer": false,
        "type": null,
        "region": "Tilea",
        "province": null,
        "estate": null,
        "population": 96,
        "population_estimated": true,
        "size_category": 1,
        "trade": null,
        "source": null,
        "tags": [],
        "notes": [],
        "history": {
          "province_2512": null,
          "province_2276": null,
          "ruler_2515": null,
          "ruler_2512": null,
          "ruler_2276": null
        },
        "wiki": {
          "title": null,
          "url": null,
          "description": null,
          "image": null
        },
        "svg_layer": "Tilea"
      }
    },
    {
      "type": "Feature",
      "id": "copy_text_14556",
      "geometry": {
        "type": "Point",
        "coordinates": [
          -4.761455,
          38.226119
        ]
      },
      "properties": {
        "id": "copy_text_14556",
        "name": "Radicondoli",
        "category": "settlement",
        "dataset": "tilea",
        "in_gazetteer": false,
        "type": null,
        "region": "Tilea",
        "province": null,
        "estate": null,
        "population": 371,
        "population_estimated": true,
        "size_category": 2,
        "trade": null,
        "source": null,
        "tags": [],
        "notes": [],
        "history": {
          "province_2512": null,
          "province_2276": null,
          "ruler_2515": null,
          "ruler_2512": null,
          "ruler_2276": null
        },
        "wiki": {
          "title": null,
          "url": null,
          "description": null,
          "image": null
        },
        "svg_layer": "Tilea"
      }
    },
    {
      "type": "Feature",
      "id": "copy_text_14557",
      "geometry": {
        "type": "Point",
        "coordinates": [
          -5.171172,
          38.176403
        ]
      },
      "properties": {
        "id": "copy_text_14557",
        "name": "Seggiano",
        "category": "settlement",
        "dataset": "tilea",
        "in_gazetteer": false,
        "type": null,
        "region": "Tilea",
        "province": null,
        "estate": null,
        "population": 141,
        "population_estimated": true,
        "size_category": 1,
        "trade": null,
        "source": null,
        "tags": [],
        "notes": [],
        "history": {
          "province_2512": null,
          "province_2276": null,
          "ruler_2515": null,
          "ruler_2512": null,
          "ruler_2276": null
        },
        "wiki": {
          "title": null,
          "url": null,
          "description": null,
          "image": null
        },
        "svg_layer": "Tilea"
      }
    },
    {
      "type": "Feature",
      "id": "copy_text_14558",
      "geometry": {
        "type": "Point",
        "coordinates": [
          -5.125137,
          38.004228
        ]
      },
      "properties": {
        "id": "copy_text_14558",
        "name": "Abazza sul Lago",
        "category": "settlement",
        "dataset": "tilea",
        "in_gazetteer": false,
        "type": null,
        "region": "Tilea",
        "province": null,
        "estate": null,
        "population": 151,
        "population_estimated": true,
        "size_category": 1,
        "trade": null,
        "source": null,
        "tags": [],
        "notes": [],
        "history": {
          "province_2512": null,
          "province_2276": null,
          "ruler_2515": null,
          "ruler_2512": null,
          "ruler_2276": null
        },
        "wiki": {
          "title": null,
          "url": null,
          "description": null,
          "image": null
        },
        "svg_layer": "Tilea"
      }
    },
    {
      "type": "Feature",
      "id": "copy_text_14559",
      "geometry": {
        "type": "Point",
        "coordinates": [
          -6.888375,
          39.042933
        ]
      },
      "properties": {
        "id": "copy_text_14559",
        "name": "Monteblanco Marittimo",
        "category": "settlement",
        "dataset": "tilea",
        "in_gazetteer": false,
        "type": null,
        "region": "Tilea",
        "province": null,
        "estate": null,
        "population": 58,
        "population_estimated": true,
        "size_category": 1,
        "trade": null,
        "source": null,
        "tags": [],
        "notes": [],
        "history": {
          "province_2512": null,
          "province_2276": null,
          "ruler_2515": null,
          "ruler_2512": null,
          "ruler_2276": null
        },
        "wiki": {
          "title": null,
          "url": null,
          "description": null,
          "image": null
        },
        "svg_layer": "Tilea"
      }
    },
    {
      "type": "Feature",
      "id": "copy_text_14560",
      "geometry": {
        "type": "Point",
        "coordinates": [
          -8.332133,
          33.869137
        ]
      },
      "properties": {
        "id": "copy_text_14560",
        "name": "Valdicarra",
        "category": "settlement",
        "dataset": "tilea",
        "in_gazetteer": false,
        "type": null,
        "region": "Tilea",
        "province": null,
        "estate": null,
        "population": 71,
        "population_estimated": true,
        "size_category": 1,
        "trade": null,
        "source": null,
        "tags": [],
        "notes": [],
        "history": {
          "province_2512": null,
          "province_2276": null,
          "ruler_2515": null,
          "ruler_2512": null,
          "ruler_2276": null
        },
        "wiki": {
          "title": null,
          "url": null,
          "description": null,
          "image": null
        },
        "svg_layer": "Tilea"
      }
    },
    {
      "type": "Feature",
      "id": "copy_text_14561",
      "geometry": {
        "type": "Point",
        "coordinates": [
          -8.174255,
          33.665361
        ]
      },
      "properties": {
        "id": "copy_text_14561",
        "name": "Montecavaro",
        "category": "settlement",
        "dataset": "tilea",
        "in_gazetteer": false,
        "type": null,
        "region": "Tilea",
        "province": null,
        "estate": null,
        "population": 212,
        "population_estimated": true,
        "size_category": 1,
        "trade": null,
        "source": null,
        "tags": [],
        "notes": [],
        "history": {
          "province_2512": null,
          "province_2276": null,
          "ruler_2515": null,
          "ruler_2512": null,
          "ruler_2276": null
        },
        "wiki": {
          "title": null,
          "url": null,
          "description": null,
          "image": null
        },
        "svg_layer": "Tilea"
      }
    },
    {
      "type": "Feature",
      "id": "copy_text_14562",
      "geometry": {
        "type": "Point",
        "coordinates": [
          -8.179138,
          33.531247
        ]
      },
      "properties": {
        "id": "copy_text_14562",
        "name": "Sant'Elidoro",
        "category": "settlement",
        "dataset": "tilea",
        "in_gazetteer": false,
        "type": null,
        "region": "Tilea",
        "province": null,
        "estate": null,
        "population": 525,
        "population_estimated": true,
        "size_category": 2,
        "trade": null,
        "source": null,
        "tags": [],
        "notes": [],
        "history": {
          "province_2512": null,
          "province_2276": null,
          "ruler_2515": null,
          "ruler_2512": null,
          "ruler_2276": null
        },
        "wiki": {
          "title": null,
          "url": null,
          "description": null,
          "image": null
        },
        "svg_layer": "Tilea"
      }
    },
    {
      "type": "Feature",
      "id": "copy_text_14563",
      "geometry": {
        "type": "Point",
        "coordinates": [
          -9.002706,
          34.147132
        ]
      },
      "properties": {
        "id": "copy_text_14563",
        "name": "Roccaferina",
        "category": "settlement",
        "dataset": "tilea",
        "in_gazetteer": false,
        "type": null,
        "region": "Tilea",
        "province": null,
        "estate": null,
        "population": 83,
        "population_estimated": true,
        "size_category": 1,
        "trade": null,
        "source": null,
        "tags": [],
        "notes": [],
        "history": {
          "province_2512": null,
          "province_2276": null,
          "ruler_2515": null,
          "ruler_2512": null,
          "ruler_2276": null
        },
        "wiki": {
          "title": null,
          "url": null,
          "description": null,
          "image": null
        },
        "svg_layer": "Tilea"
      }
    },
    {
      "type": "Feature",
      "id": "copy_text_14564",
      "geometry": {
        "type": "Point",
        "coordinates": [
          -8.487511,
          34.406627
        ]
      },
      "properties": {
        "id": "copy_text_14564",
        "name": "Pietralunga",
        "category": "settlement",
        "dataset": "tilea",
        "in_gazetteer": false,
        "type": null,
        "region": "Tilea",
        "province": null,
        "estate": null,
        "population": 162,
        "population_estimated": true,
        "size_category": 1,
        "trade": null,
        "source": null,
        "tags": [],
        "notes": [],
        "history": {
          "province_2512": null,
          "province_2276": null,
          "ruler_2515": null,
          "ruler_2512": null,
          "ruler_2276": null
        },
        "wiki": {
          "title": null,
          "url": null,
          "description": null,
          "image": null
        },
        "svg_layer": "Tilea"
      }
    },
    {
      "type": "Feature",
      "id": "copy_text_14565",
      "geometry": {
        "type": "Point",
        "coordinates": [
          -7.918722,
          33.479164
        ]
      },
      "properties": {
        "id": "copy_text_14565",
        "name": "Castrumara",
        "category": "settlement",
        "dataset": "tilea",
        "in_gazetteer": false,
        "type": null,
        "region": "Tilea",
        "province": null,
        "estate": null,
        "population": 190,
        "population_estimated": true,
        "size_category": 1,
        "trade": null,
        "source": null,
        "tags": [],
        "notes": [],
        "history": {
          "province_2512": null,
          "province_2276": null,
          "ruler_2515": null,
          "ruler_2512": null,
          "ruler_2276": null
        },
        "wiki": {
          "title": null,
          "url": null,
          "description": null,
          "image": null
        },
        "svg_layer": "Tilea"
      }
    },
    {
      "type": "Feature",
      "id": "copy_text_14566",
      "geometry": {
        "type": "Point",
        "coordinates": [
          -7.329529,
          33.29557
        ]
      },
      "properties": {
        "id": "copy_text_14566",
        "name": "Borgo Callisa",
        "category": "settlement",
        "dataset": "tilea",
        "in_gazetteer": false,
        "type": null,
        "region": "Tilea",
        "province": null,
        "estate": null,
        "population": 88,
        "population_estimated": true,
        "size_category": 1,
        "trade": null,
        "source": null,
        "tags": [],
        "notes": [],
        "history": {
          "province_2512": null,
          "province_2276": null,
          "ruler_2515": null,
          "ruler_2512": null,
          "ruler_2276": null
        },
        "wiki": {
          "title": null,
          "url": null,
          "description": null,
          "image": null
        },
        "svg_layer": "Tilea"
      }
    },
    {
      "type": "Feature",
      "id": "copy_text_14567",
      "geometry": {
        "type": "Point",
        "coordinates": [
          -7.033304,
          33.031245
        ]
      },
      "properties": {
        "id": "copy_text_14567",
        "name": "Villacandria",
        "category": "settlement",
        "dataset": "tilea",
        "in_gazetteer": false,
        "type": null,
        "region": "Tilea",
        "province": null,
        "estate": null,
        "population": 767,
        "population_estimated": true,
        "size_category": 2,
        "trade": null,
        "source": null,
        "tags": [],
        "notes": [],
        "history": {
          "province_2512": null,
          "province_2276": null,
          "ruler_2515": null,
          "ruler_2512": null,
          "ruler_2276": null
        },
        "wiki": {
          "title": null,
          "url": null,
          "description": null,
          "image": null
        },
        "svg_layer": "Tilea"
      }
    },
    {
      "type": "Feature",
      "id": "copy_text_14568",
      "geometry": {
        "type": "Point",
        "coordinates": [
          -7.526469,
          33.115882
        ]
      },
      "properties": {
        "id": "copy_text_14568",
        "name": "San Marzilio",
        "category": "settlement",
        "dataset": "tilea",
        "in_gazetteer": false,
        "type": null,
        "region": "Tilea",
        "province": null,
        "estate": null,
        "population": 159,
        "population_estimated": true,
        "size_category": 1,
        "trade": null,
        "source": null,
        "tags": [],
        "notes": [],
        "history": {
          "province_2512": null,
          "province_2276": null,
          "ruler_2515": null,
          "ruler_2512": null,
          "ruler_2276": null
        },
        "wiki": {
          "title": null,
          "url": null,
          "description": null,
          "image": null
        },
        "svg_layer": "Tilea"
      }
    },
    {
      "type": "Feature",
      "id": "copy_text_14569",
      "geometry": {
        "type": "Point",
        "coordinates": [
          -8.75531,
          34.819008
        ]
      },
      "properties": {
        "id": "copy_text_14569",
        "name": "Vallestara",
        "category": "settlement",
        "dataset": "tilea",
        "in_gazetteer": false,
        "type": null,
        "region": "Tilea",
        "province": null,
        "estate": null,
        "population": 60,
        "population_estimated": true,
        "size_category": 1,
        "trade": null,
        "source": null,
        "tags": [],
        "notes": [],
        "history": {
          "province_2512": null,
          "province_2276": null,
          "ruler_2515": null,
          "ruler_2512": null,
          "ruler_2276": null
        },
        "wiki": {
          "title": null,
          "url": null,
          "description": null,
          "image": null
        },
        "svg_layer": "Tilea"
      }
    },
    {
      "type": "Feature",
      "id": "copy_text_14570",
      "geometry": {
        "type": "Point",
        "coordinates": [
          -8.820414,
          34.792965
        ]
      },
      "properties": {
        "id": "copy_text_14570",
        "name": "Colledoro",
        "category": "settlement",
        "dataset": "tilea",
        "in_gazetteer": false,
        "type": null,
        "region": "Tilea",
        "province": null,
        "estate": null,
        "population": 141,
        "population_estimated": true,
        "size_category": 1,
        "trade": null,
        "source": null,
        "tags": [],
        "notes": [],
        "history": {
          "province_2512": null,
          "province_2276": null,
          "ruler_2515": null,
          "ruler_2512": null,
          "ruler_2276": null
        },
        "wiki": {
          "title": null,
          "url": null,
          "description": null,
          "image": null
        },
        "svg_layer": "Tilea"
      }
    },
    {
      "type": "Feature",
      "id": "copy_text_14571",
      "geometry": {
        "type": "Point",
        "coordinates": [
          -8.486755,
          34.729163
        ]
      },
      "properties": {
        "id": "copy_text_14571",
        "name": "Montescuro",
        "category": "settlement",
        "dataset": "tilea",
        "in_gazetteer": false,
        "type": null,
        "region": "Tilea",
        "province": null,
        "estate": null,
        "population": 142,
        "population_estimated": true,
        "size_category": 1,
        "trade": null,
        "source": null,
        "tags": [],
        "notes": [],
        "history": {
          "province_2512": null,
          "province_2276": null,
          "ruler_2515": null,
          "ruler_2512": null,
          "ruler_2276": null
        },
        "wiki": {
          "title": null,
          "url": null,
          "description": null,
          "image": null
        },
        "svg_layer": "Tilea"
      }
    },
    {
      "type": "Feature",
      "id": "copy_text_14572",
      "geometry": {
        "type": "Point",
        "coordinates": [
          -8.382589,
          34.613278
        ]
      },
      "properties": {
        "id": "copy_text_14572",
        "name": "Roccapietra",
        "category": "settlement",
        "dataset": "tilea",
        "in_gazetteer": false,
        "type": null,
        "region": "Tilea",
        "province": null,
        "estate": null,
        "population": 172,
        "population_estimated": true,
        "size_category": 1,
        "trade": null,
        "source": null,
        "tags": [],
        "notes": [],
        "history": {
          "province_2512": null,
          "province_2276": null,
          "ruler_2515": null,
          "ruler_2512": null,
          "ruler_2276": null
        },
        "wiki": {
          "title": null,
          "url": null,
          "description": null,
          "image": null
        },
        "svg_layer": "Tilea"
      }
    },
    {
      "type": "Feature",
      "id": "copy_text_14573",
      "geometry": {
        "type": "Point",
        "coordinates": [
          -9.255873,
          35.273933
        ]
      },
      "properties": {
        "id": "copy_text_14573",
        "name": "Valderice",
        "category": "settlement",
        "dataset": "tilea",
        "in_gazetteer": false,
        "type": null,
        "region": "Tilea",
        "province": null,
        "estate": null,
        "population": 136,
        "population_estimated": true,
        "size_category": 1,
        "trade": null,
        "source": null,
        "tags": [],
        "notes": [],
        "history": {
          "province_2512": null,
          "province_2276": null,
          "ruler_2515": null,
          "ruler_2512": null,
          "ruler_2276": null
        },
        "wiki": {
          "title": null,
          "url": null,
          "description": null,
          "image": null
        },
        "svg_layer": "Tilea"
      }
    },
    {
      "type": "Feature",
      "id": "copy_text_14574",
      "geometry": {
        "type": "Point",
        "coordinates": [
          -7.503683,
          34.404943
        ]
      },
      "properties": {
        "id": "copy_text_14574",
        "name": "Casalverdi",
        "category": "settlement",
        "dataset": "tilea",
        "in_gazetteer": false,
        "type": null,
        "region": "Tilea",
        "province": null,
        "estate": null,
        "population": 132,
        "population_estimated": true,
        "size_category": 1,
        "trade": null,
        "source": null,
        "tags": [],
        "notes": [],
        "history": {
          "province_2512": null,
          "province_2276": null,
          "ruler_2515": null,
          "ruler_2512": null,
          "ruler_2276": null
        },
        "wiki": {
          "title": null,
          "url": null,
          "description": null,
          "image": null
        },
        "svg_layer": "Tilea"
      }
    },
    {
      "type": "Feature",
      "id": "copy_text_14575",
      "geometry": {
        "type": "Point",
        "coordinates": [
          -7.203389,
          34.305988
        ]
      },
      "properties": {
        "id": "copy_text_14575",
        "name": "Torre Bellara",
        "category": "settlement",
        "dataset": "tilea",
        "in_gazetteer": false,
        "type": null,
        "region": "Tilea",
        "province": null,
        "estate": null,
        "population": 247,
        "population_estimated": true,
        "size_category": 1,
        "trade": null,
        "source": null,
        "tags": [],
        "notes": [],
        "history": {
          "province_2512": null,
          "province_2276": null,
          "ruler_2515": null,
          "ruler_2512": null,
          "ruler_2276": null
        },
        "wiki": {
          "title": null,
          "url": null,
          "description": null,
          "image": null
        },
        "svg_layer": "Tilea"
      }
    },
    {
      "type": "Feature",
      "id": "copy_text_14576",
      "geometry": {
        "type": "Point",
        "coordinates": [
          -6.855895,
          33.173173
        ]
      },
      "properties": {
        "id": "copy_text_14576",
        "name": "Montecalvo",
        "category": "settlement",
        "dataset": "tilea",
        "in_gazetteer": false,
        "type": null,
        "region": "Tilea",
        "province": null,
        "estate": null,
        "population": 78,
        "population_estimated": true,
        "size_category": 1,
        "trade": null,
        "source": null,
        "tags": [],
        "notes": [],
        "history": {
          "province_2512": null,
          "province_2276": null,
          "ruler_2515": null,
          "ruler_2512": null,
          "ruler_2276": null
        },
        "wiki": {
          "title": null,
          "url": null,
          "description": null,
          "image": null
        },
        "svg_layer": "Tilea"
      }
    },
    {
      "type": "Feature",
      "id": "copy_text_14577",
      "geometry": {
        "type": "Point",
        "coordinates": [
          -9.105245,
          35.671871
        ]
      },
      "properties": {
        "id": "copy_text_14577",
        "name": "Roccaspina",
        "category": "settlement",
        "dataset": "tilea",
        "in_gazetteer": false,
        "type": null,
        "region": "Tilea",
        "province": null,
        "estate": null,
        "population": 172,
        "population_estimated": true,
        "size_category": 1,
        "trade": null,
        "source": null,
        "tags": [],
        "notes": [],
        "history": {
          "province_2512": null,
          "province_2276": null,
          "ruler_2515": null,
          "ruler_2512": null,
          "ruler_2276": null
        },
        "wiki": {
          "title": null,
          "url": null,
          "description": null,
          "image": null
        },
        "svg_layer": "Tilea"
      }
    },
    {
      "type": "Feature",
      "id": "copy_text_14578",
      "geometry": {
        "type": "Point",
        "coordinates": [
          -8.28656,
          33.341141
        ]
      },
      "properties": {
        "id": "copy_text_14578",
        "name": "Valdilume",
        "category": "settlement",
        "dataset": "tilea",
        "in_gazetteer": false,
        "type": null,
        "region": "Tilea",
        "province": null,
        "estate": null,
        "population": 250,
        "population_estimated": true,
        "size_category": 1,
        "trade": null,
        "source": null,
        "tags": [],
        "notes": [],
        "history": {
          "province_2512": null,
          "province_2276": null,
          "ruler_2515": null,
          "ruler_2512": null,
          "ruler_2276": null
        },
        "wiki": {
          "title": null,
          "url": null,
          "description": null,
          "image": null
        },
        "svg_layer": "Tilea"
      }
    },
    {
      "type": "Feature",
      "id": "copy_text_14579",
      "geometry": {
        "type": "Point",
        "coordinates": [
          -8.397237,
          33.489581
        ]
      },
      "properties": {
        "id": "copy_text_14579",
        "name": "Sant'Almira",
        "category": "settlement",
        "dataset": "tilea",
        "in_gazetteer": false,
        "type": null,
        "region": "Tilea",
        "province": null,
        "estate": null,
        "population": 85,
        "population_estimated": true,
        "size_category": 1,
        "trade": null,
        "source": null,
        "tags": [],
        "notes": [],
        "history": {
          "province_2512": null,
          "province_2276": null,
          "ruler_2515": null,
          "ruler_2512": null,
          "ruler_2276": null
        },
        "wiki": {
          "title": null,
          "url": null,
          "description": null,
          "image": null
        },
        "svg_layer": "Tilea"
      }
    },
    {
      "type": "Feature",
      "id": "copy_text_14580",
      "geometry": {
        "type": "Point",
        "coordinates": [
          -8.468852,
          33.35286
        ]
      },
      "properties": {
        "id": "copy_text_14580",
        "name": "Castelvarra",
        "category": "settlement",
        "dataset": "tilea",
        "in_gazetteer": false,
        "type": null,
        "region": "Tilea",
        "province": null,
        "estate": null,
        "population": 111,
        "population_estimated": true,
        "size_category": 1,
        "trade": null,
        "source": null,
        "tags": [],
        "notes": [],
        "history": {
          "province_2512": null,
          "province_2276": null,
          "ruler_2515": null,
          "ruler_2512": null,
          "ruler_2276": null
        },
        "wiki": {
          "title": null,
          "url": null,
          "description": null,
          "image": null
        },
        "svg_layer": "Tilea"
      }
    },
    {
      "type": "Feature",
      "id": "copy_text_14581",
      "geometry": {
        "type": "Point",
        "coordinates": [
          -5.863057,
          33.003904
        ]
      },
      "properties": {
        "id": "copy_text_14581",
        "name": "Borgo Nerano",
        "category": "settlement",
        "dataset": "tilea",
        "in_gazetteer": false,
        "type": null,
        "region": "Tilea",
        "province": null,
        "estate": null,
        "population": 76,
        "population_estimated": true,
        "size_category": 1,
        "trade": null,
        "source": null,
        "tags": [],
        "notes": [],
        "history": {
          "province_2512": null,
          "province_2276": null,
          "ruler_2515": null,
          "ruler_2512": null,
          "ruler_2276": null
        },
        "wiki": {
          "title": null,
          "url": null,
          "description": null,
          "image": null
        },
        "svg_layer": "Tilea"
      }
    },
    {
      "type": "Feature",
      "id": "copy_text_14582",
      "geometry": {
        "type": "Point",
        "coordinates": [
          -6.048604,
          32.919269
        ]
      },
      "properties": {
        "id": "copy_text_14582",
        "name": "Villalastro",
        "category": "settlement",
        "dataset": "tilea",
        "in_gazetteer": false,
        "type": null,
        "region": "Tilea",
        "province": null,
        "estate": null,
        "population": 262,
        "population_estimated": true,
        "size_category": 1,
        "trade": null,
        "source": null,
        "tags": [],
        "notes": [],
        "history": {
          "province_2512": null,
          "province_2276": null,
          "ruler_2515": null,
          "ruler_2512": null,
          "ruler_2276": null
        },
        "wiki": {
          "title": null,
          "url": null,
          "description": null,
          "image": null
        },
        "svg_layer": "Tilea"
      }
    },
    {
      "type": "Feature",
      "id": "copy_text_14583",
      "geometry": {
        "type": "Point",
        "coordinates": [
          -6.016052,
          33.256506
        ]
      },
      "properties": {
        "id": "copy_text_14583",
        "name": "Torre Grifara",
        "category": "settlement",
        "dataset": "tilea",
        "in_gazetteer": false,
        "type": null,
        "region": "Tilea",
        "province": null,
        "estate": null,
        "population": 99,
        "population_estimated": true,
        "size_category": 1,
        "trade": null,
        "source": null,
        "tags": [],
        "notes": [],
        "history": {
          "province_2512": null,
          "province_2276": null,
          "ruler_2515": null,
          "ruler_2512": null,
          "ruler_2276": null
        },
        "wiki": {
          "title": null,
          "url": null,
          "description": null,
          "image": null
        },
        "svg_layer": "Tilea"
      }
    },
    {
      "type": "Feature",
      "id": "copy_text_14584",
      "geometry": {
        "type": "Point",
        "coordinates": [
          -5.714945,
          33.399085
        ]
      },
      "properties": {
        "id": "copy_text_14584",
        "name": "Collemira",
        "category": "settlement",
        "dataset": "tilea",
        "in_gazetteer": false,
        "type": null,
        "region": "Tilea",
        "province": null,
        "estate": null,
        "population": 283,
        "population_estimated": true,
        "size_category": 1,
        "trade": null,
        "source": null,
        "tags": [],
        "notes": [],
        "history": {
          "province_2512": null,
          "province_2276": null,
          "ruler_2515": null,
          "ruler_2512": null,
          "ruler_2276": null
        },
        "wiki": {
          "title": null,
          "url": null,
          "description": null,
          "image": null
        },
        "svg_layer": "Tilea"
      }
    },
    {
      "type": "Feature",
      "id": "copy_text_14585",
      "geometry": {
        "type": "Point",
        "coordinates": [
          -5.432556,
          33.609373
        ]
      },
      "properties": {
        "id": "copy_text_14585",
        "name": "Montelara",
        "category": "settlement",
        "dataset": "tilea",
        "in_gazetteer": false,
        "type": null,
        "region": "Tilea",
        "province": null,
        "estate": null,
        "population": 157,
        "population_estimated": true,
        "size_category": 1,
        "trade": null,
        "source": null,
        "tags": [],
        "notes": [],
        "history": {
          "province_2512": null,
          "province_2276": null,
          "ruler_2515": null,
          "ruler_2512": null,
          "ruler_2276": null
        },
        "wiki": {
          "title": null,
          "url": null,
          "description": null,
          "image": null
        },
        "svg_layer": "Tilea"
      }
    },
    {
      "type": "Feature",
      "id": "copy_text_14587",
      "geometry": {
        "type": "Point",
        "coordinates": [
          -5.644144,
          33.723956
        ]
      },
      "properties": {
        "id": "copy_text_14587",
        "name": "Valdrano",
        "category": "settlement",
        "dataset": "tilea",
        "in_gazetteer": false,
        "type": null,
        "region": "Tilea",
        "province": null,
        "estate": null,
        "population": 226,
        "population_estimated": true,
        "size_category": 1,
        "trade": null,
        "source": null,
        "tags": [],
        "notes": [],
        "history": {
          "province_2512": null,
          "province_2276": null,
          "ruler_2515": null,
          "ruler_2512": null,
          "ruler_2276": null
        },
        "wiki": {
          "title": null,
          "url": null,
          "description": null,
          "image": null
        },
        "svg_layer": "Tilea"
      }
    },
    {
      "type": "Feature",
      "id": "copy_text_14588",
      "geometry": {
        "type": "Point",
        "coordinates": [
          -5.446391,
          33.889971
        ]
      },
      "properties": {
        "id": "copy_text_14588",
        "name": "Castridoro",
        "category": "settlement",
        "dataset": "tilea",
        "in_gazetteer": false,
        "type": null,
        "region": "Tilea",
        "province": null,
        "estate": null,
        "population": 372,
        "population_estimated": true,
        "size_category": 2,
        "trade": null,
        "source": null,
        "tags": [],
        "notes": [],
        "history": {
          "province_2512": null,
          "province_2276": null,
          "ruler_2515": null,
          "ruler_2512": null,
          "ruler_2276": null
        },
        "wiki": {
          "title": null,
          "url": null,
          "description": null,
          "image": null
        },
        "svg_layer": "Tilea"
      }
    },
    {
      "type": "Feature",
      "id": "copy_text_14589",
      "geometry": {
        "type": "Point",
        "coordinates": [
          -7.882914,
          34.134111
        ]
      },
      "properties": {
        "id": "copy_text_14589",
        "name": "Sant'Arvico",
        "category": "settlement",
        "dataset": "tilea",
        "in_gazetteer": false,
        "type": null,
        "region": "Tilea",
        "province": null,
        "estate": null,
        "population": 132,
        "population_estimated": true,
        "size_category": 1,
        "trade": null,
        "source": null,
        "tags": [],
        "notes": [],
        "history": {
          "province_2512": null,
          "province_2276": null,
          "ruler_2515": null,
          "ruler_2512": null,
          "ruler_2276": null
        },
        "wiki": {
          "title": null,
          "url": null,
          "description": null,
          "image": null
        },
        "svg_layer": "Tilea"
      }
    },
    {
      "type": "Feature",
      "id": "copy_text_14590",
      "geometry": {
        "type": "Point",
        "coordinates": [
          -7.972432,
          34.252599
        ]
      },
      "properties": {
        "id": "copy_text_14590",
        "name": "Borgo Valcara",
        "category": "settlement",
        "dataset": "tilea",
        "in_gazetteer": false,
        "type": null,
        "region": "Tilea",
        "province": null,
        "estate": null,
        "population": 108,
        "population_estimated": true,
        "size_category": 1,
        "trade": null,
        "source": null,
        "tags": [],
        "notes": [],
        "history": {
          "province_2512": null,
          "province_2276": null,
          "ruler_2515": null,
          "ruler_2512": null,
          "ruler_2276": null
        },
        "wiki": {
          "title": null,
          "url": null,
          "description": null,
          "image": null
        },
        "svg_layer": "Tilea"
      }
    },
    {
      "type": "Feature",
      "id": "copy_text_14591",
      "geometry": {
        "type": "Point",
        "coordinates": [
          -8.569763,
          35.067703
        ]
      },
      "properties": {
        "id": "copy_text_14591",
        "name": "Villapetra",
        "category": "settlement",
        "dataset": "tilea",
        "in_gazetteer": false,
        "type": null,
        "region": "Tilea",
        "province": null,
        "estate": null,
        "population": 249,
        "population_estimated": true,
        "size_category": 1,
        "trade": null,
        "source": null,
        "tags": [],
        "notes": [],
        "history": {
          "province_2512": null,
          "province_2276": null,
          "ruler_2515": null,
          "ruler_2512": null,
          "ruler_2276": null
        },
        "wiki": {
          "title": null,
          "url": null,
          "description": null,
          "image": null
        },
        "svg_layer": "Tilea"
      }
    },
    {
      "type": "Feature",
      "id": "copy_text_14592",
      "geometry": {
        "type": "Point",
        "coordinates": [
          -7.656677,
          34.49609
        ]
      },
      "properties": {
        "id": "copy_text_14592",
        "name": "Montevarco",
        "category": "settlement",
        "dataset": "tilea",
        "in_gazetteer": false,
        "type": null,
        "region": "Tilea",
        "province": null,
        "estate": null,
        "population": 370,
        "population_estimated": true,
        "size_category": 2,
        "trade": null,
        "source": null,
        "tags": [],
        "notes": [],
        "history": {
          "province_2512": null,
          "province_2276": null,
          "ruler_2515": null,
          "ruler_2512": null,
          "ruler_2276": null
        },
        "wiki": {
          "title": null,
          "url": null,
          "description": null,
          "image": null
        },
        "svg_layer": "Tilea"
      }
    },
    {
      "type": "Feature",
      "id": "copy_text_14594",
      "geometry": {
        "type": "Point",
        "coordinates": [
          -8.968293,
          34.942451
        ]
      },
      "properties": {
        "id": "copy_text_14594",
        "name": "Valmarina",
        "category": "settlement",
        "dataset": "tilea",
        "in_gazetteer": false,
        "type": null,
        "region": "Tilea",
        "province": null,
        "estate": null,
        "population": 489,
        "population_estimated": true,
        "size_category": 2,
        "trade": null,
        "source": null,
        "tags": [],
        "notes": [],
        "history": {
          "province_2512": null,
          "province_2276": null,
          "ruler_2515": null,
          "ruler_2512": null,
          "ruler_2276": null
        },
        "wiki": {
          "title": null,
          "url": null,
          "description": null,
          "image": null
        },
        "svg_layer": "Tilea"
      }
    },
    {
      "type": "Feature",
      "id": "copy_text_14595",
      "geometry": {
        "type": "Point",
        "coordinates": [
          -8.546782,
          34.784642
        ]
      },
      "properties": {
        "id": "copy_text_14595",
        "name": "Castelzara",
        "category": "settlement",
        "dataset": "tilea",
        "in_gazetteer": false,
        "type": null,
        "region": "Tilea",
        "province": null,
        "estate": null,
        "population": 335,
        "population_estimated": true,
        "size_category": 2,
        "trade": null,
        "source": null,
        "tags": [],
        "notes": [],
        "history": {
          "province_2512": null,
          "province_2276": null,
          "ruler_2515": null,
          "ruler_2512": null,
          "ruler_2276": null
        },
        "wiki": {
          "title": null,
          "url": null,
          "description": null,
          "image": null
        },
        "svg_layer": "Tilea"
      }
    },
    {
      "type": "Feature",
      "id": "copy_text_14596",
      "geometry": {
        "type": "Point",
        "coordinates": [
          -8.581309,
          34.631806
        ]
      },
      "properties": {
        "id": "copy_text_14596",
        "name": "Borgo Lucena",
        "category": "settlement",
        "dataset": "tilea",
        "in_gazetteer": false,
        "type": null,
        "region": "Tilea",
        "province": null,
        "estate": null,
        "population": 152,
        "population_estimated": true,
        "size_category": 1,
        "trade": null,
        "source": null,
        "tags": [],
        "notes": [],
        "history": {
          "province_2512": null,
          "province_2276": null,
          "ruler_2515": null,
          "ruler_2512": null,
          "ruler_2276": null
        },
        "wiki": {
          "title": null,
          "url": null,
          "description": null,
          "image": null
        },
        "svg_layer": "Tilea"
      }
    },
    {
      "type": "Feature",
      "id": "copy_text_14597",
      "geometry": {
        "type": "Point",
        "coordinates": [
          -9.00436,
          34.673439
        ]
      },
      "properties": {
        "id": "copy_text_14597",
        "name": "Villadorme",
        "category": "settlement",
        "dataset": "tilea",
        "in_gazetteer": false,
        "type": null,
        "region": "Tilea",
        "province": null,
        "estate": null,
        "population": 250,
        "population_estimated": true,
        "size_category": 1,
        "trade": null,
        "source": null,
        "tags": [],
        "notes": [],
        "history": {
          "province_2512": null,
          "province_2276": null,
          "ruler_2515": null,
          "ruler_2512": null,
          "ruler_2276": null
        },
        "wiki": {
          "title": null,
          "url": null,
          "description": null,
          "image": null
        },
        "svg_layer": "Tilea"
      }
    },
    {
      "type": "Feature",
      "id": "copy_text_14598",
      "geometry": {
        "type": "Point",
        "coordinates": [
          -8.885144,
          34.289298
        ]
      },
      "properties": {
        "id": "copy_text_14598",
        "name": "Sant'Orvello",
        "category": "settlement",
        "dataset": "tilea",
        "in_gazetteer": false,
        "type": null,
        "region": "Tilea",
        "province": null,
        "estate": null,
        "population": 168,
        "population_estimated": true,
        "size_category": 1,
        "trade": null,
        "source": null,
        "tags": [],
        "notes": [],
        "history": {
          "province_2512": null,
          "province_2276": null,
          "ruler_2515": null,
          "ruler_2512": null,
          "ruler_2276": null
        },
        "wiki": {
          "title": null,
          "url": null,
          "description": null,
          "image": null
        },
        "svg_layer": "Tilea"
      }
    },
    {
      "type": "Feature",
      "id": "copy_text_14599",
      "geometry": {
        "type": "Point",
        "coordinates": [
          -8.793073,
          34.35651
        ]
      },
      "properties": {
        "id": "copy_text_14599",
        "name": "Torre Milena",
        "category": "settlement",
        "dataset": "tilea",
        "in_gazetteer": false,
        "type": null,
        "region": "Tilea",
        "province": null,
        "estate": null,
        "population": 92,
        "population_estimated": true,
        "size_category": 1,
        "trade": null,
        "source": null,
        "tags": [],
        "notes": [],
        "history": {
          "province_2512": null,
          "province_2276": null,
          "ruler_2515": null,
          "ruler_2512": null,
          "ruler_2276": null
        },
        "wiki": {
          "title": null,
          "url": null,
          "description": null,
          "image": null
        },
        "svg_layer": "Tilea"
      }
    },
    {
      "type": "Feature",
      "id": "copy_text_14600",
      "geometry": {
        "type": "Point",
        "coordinates": [
          -8.428241,
          33.91641
        ]
      },
      "properties": {
        "id": "copy_text_14600",
        "name": "Montefara",
        "category": "settlement",
        "dataset": "tilea",
        "in_gazetteer": false,
        "type": null,
        "region": "Tilea",
        "province": null,
        "estate": null,
        "population": 250,
        "population_estimated": true,
        "size_category": 1,
        "trade": null,
        "source": null,
        "tags": [],
        "notes": [],
        "history": {
          "province_2512": null,
          "province_2276": null,
          "ruler_2515": null,
          "ruler_2512": null,
          "ruler_2276": null
        },
        "wiki": {
          "title": null,
          "url": null,
          "description": null,
          "image": null
        },
        "svg_layer": "Tilea"
      }
    },
    {
      "type": "Feature",
      "id": "copy_text_14602",
      "geometry": {
        "type": "Point",
        "coordinates": [
          -8.143971,
          33.73503
        ]
      },
      "properties": {
        "id": "copy_text_14602",
        "name": "Valdorsa",
        "category": "settlement",
        "dataset": "tilea",
        "in_gazetteer": false,
        "type": null,
        "region": "Tilea",
        "province": null,
        "estate": null,
        "population": 164,
        "population_estimated": true,
        "size_category": 1,
        "trade": null,
        "source": null,
        "tags": [],
        "notes": [],
        "history": {
          "province_2512": null,
          "province_2276": null,
          "ruler_2515": null,
          "ruler_2512": null,
          "ruler_2276": null
        },
        "wiki": {
          "title": null,
          "url": null,
          "description": null,
          "image": null
        },
        "svg_layer": "Tilea"
      }
    },
    {
      "type": "Feature",
      "id": "copy_text_14603",
      "geometry": {
        "type": "Point",
        "coordinates": [
          -8.276184,
          33.798943
        ]
      },
      "properties": {
        "id": "copy_text_14603",
        "name": "Casaltrano",
        "category": "settlement",
        "dataset": "tilea",
        "in_gazetteer": false,
        "type": null,
        "region": "Tilea",
        "province": null,
        "estate": null,
        "population": 291,
        "population_estimated": true,
        "size_category": 1,
        "trade": null,
        "source": null,
        "tags": [],
        "notes": [],
        "history": {
          "province_2512": null,
          "province_2276": null,
          "ruler_2515": null,
          "ruler_2512": null,
          "ruler_2276": null
        },
        "wiki": {
          "title": null,
          "url": null,
          "description": null,
          "image": null
        },
        "svg_layer": "Tilea"
      }
    },
    {
      "type": "Feature",
      "id": "copy_text_14604",
      "geometry": {
        "type": "Point",
        "coordinates": [
          -8.173894,
          33.213907
        ]
      },
      "properties": {
        "id": "copy_text_14604",
        "name": "Borgo Serica",
        "category": "settlement",
        "dataset": "tilea",
        "in_gazetteer": false,
        "type": null,
        "region": "Tilea",
        "province": null,
        "estate": null,
        "population": 74,
        "population_estimated": true,
        "size_category": 1,
        "trade": null,
        "source": null,
        "tags": [],
        "notes": [],
        "history": {
          "province_2512": null,
          "province_2276": null,
          "ruler_2515": null,
          "ruler_2512": null,
          "ruler_2276": null
        },
        "wiki": {
          "title": null,
          "url": null,
          "description": null,
          "image": null
        },
        "svg_layer": "Tilea"
      }
    },
    {
      "type": "Feature",
      "id": "copy_text_14605",
      "geometry": {
        "type": "Point",
        "coordinates": [
          -8.049598,
          33.08869
        ]
      },
      "properties": {
        "id": "copy_text_14605",
        "name": "Villacorda",
        "category": "settlement",
        "dataset": "tilea",
        "in_gazetteer": false,
        "type": null,
        "region": "Tilea",
        "province": null,
        "estate": null,
        "population": 104,
        "population_estimated": true,
        "size_category": 1,
        "trade": null,
        "source": null,
        "tags": [],
        "notes": [],
        "history": {
          "province_2512": null,
          "province_2276": null,
          "ruler_2515": null,
          "ruler_2512": null,
          "ruler_2276": null
        },
        "wiki": {
          "title": null,
          "url": null,
          "description": null,
          "image": null
        },
        "svg_layer": "Tilea"
      }
    },
    {
      "type": "Feature",
      "id": "copy_text_14606",
      "geometry": {
        "type": "Point",
        "coordinates": [
          -7.776837,
          33.087769
        ]
      },
      "properties": {
        "id": "copy_text_14606",
        "name": "Sant'Erviano",
        "category": "settlement",
        "dataset": "tilea",
        "in_gazetteer": false,
        "type": null,
        "region": "Tilea",
        "province": null,
        "estate": null,
        "population": 276,
        "population_estimated": true,
        "size_category": 1,
        "trade": null,
        "source": null,
        "tags": [],
        "notes": [],
        "history": {
          "province_2512": null,
          "province_2276": null,
          "ruler_2515": null,
          "ruler_2512": null,
          "ruler_2276": null
        },
        "wiki": {
          "title": null,
          "url": null,
          "description": null,
          "image": null
        },
        "svg_layer": "Tilea"
      }
    },
    {
      "type": "Feature",
      "id": "copy_text_14607",
      "geometry": {
        "type": "Point",
        "coordinates": [
          -5.918487,
          32.976633
        ]
      },
      "properties": {
        "id": "copy_text_14607",
        "name": "Torre Calvino",
        "category": "settlement",
        "dataset": "tilea",
        "in_gazetteer": false,
        "type": null,
        "region": "Tilea",
        "province": null,
        "estate": null,
        "population": 308,
        "population_estimated": true,
        "size_category": 2,
        "trade": null,
        "source": null,
        "tags": [],
        "notes": [],
        "history": {
          "province_2512": null,
          "province_2276": null,
          "ruler_2515": null,
          "ruler_2512": null,
          "ruler_2276": null
        },
        "wiki": {
          "title": null,
          "url": null,
          "description": null,
          "image": null
        },
        "svg_layer": "Tilea"
      }
    },
    {
      "type": "Feature",
      "id": "copy_text_14608",
      "geometry": {
        "type": "Point",
        "coordinates": [
          -5.428068,
          33.841672
        ]
      },
      "properties": {
        "id": "copy_text_14608",
        "name": "Montespira",
        "category": "settlement",
        "dataset": "tilea",
        "in_gazetteer": false,
        "type": null,
        "region": "Tilea",
        "province": null,
        "estate": null,
        "population": 168,
        "population_estimated": true,
        "size_category": 1,
        "trade": null,
        "source": null,
        "tags": [],
        "notes": [],
        "history": {
          "province_2512": null,
          "province_2276": null,
          "ruler_2515": null,
          "ruler_2512": null,
          "ruler_2276": null
        },
        "wiki": {
          "title": null,
          "url": null,
          "description": null,
          "image": null
        },
        "svg_layer": "Tilea"
      }
    },
    {
      "type": "Feature",
      "id": "copy_text_14610",
      "geometry": {
        "type": "Point",
        "coordinates": [
          -3.956894,
          34.257996
        ]
      },
      "properties": {
        "id": "copy_text_14610",
        "name": "Valmora",
        "category": "settlement",
        "dataset": "tilea",
        "in_gazetteer": false,
        "type": null,
        "region": "Tilea",
        "province": null,
        "estate": null,
        "population": 222,
        "population_estimated": true,
        "size_category": 1,
        "trade": null,
        "source": null,
        "tags": [],
        "notes": [],
        "history": {
          "province_2512": null,
          "province_2276": null,
          "ruler_2515": null,
          "ruler_2512": null,
          "ruler_2276": null
        },
        "wiki": {
          "title": null,
          "url": null,
          "description": null,
          "image": null
        },
        "svg_layer": "Tilea"
      }
    },
    {
      "type": "Feature",
      "id": "copy_text_14611",
      "geometry": {
        "type": "Point",
        "coordinates": [
          -4.045652,
          34.174368
        ]
      },
      "properties": {
        "id": "copy_text_14611",
        "name": "Castelvigna",
        "category": "settlement",
        "dataset": "tilea",
        "in_gazetteer": false,
        "type": null,
        "region": "Tilea",
        "province": null,
        "estate": null,
        "population": 158,
        "population_estimated": true,
        "size_category": 1,
        "trade": null,
        "source": null,
        "tags": [],
        "notes": [],
        "history": {
          "province_2512": null,
          "province_2276": null,
          "ruler_2515": null,
          "ruler_2512": null,
          "ruler_2276": null
        },
        "wiki": {
          "title": null,
          "url": null,
          "description": null,
          "image": null
        },
        "svg_layer": "Tilea"
      }
    },
    {
      "type": "Feature",
      "id": "copy_text_14612",
      "geometry": {
        "type": "Point",
        "coordinates": [
          -4.537082,
          34.219786
        ]
      },
      "properties": {
        "id": "copy_text_14612",
        "name": "Borgo Tirena",
        "category": "settlement",
        "dataset": "tilea",
        "in_gazetteer": false,
        "type": null,
        "region": "Tilea",
        "province": null,
        "estate": null,
        "population": 340,
        "population_estimated": true,
        "size_category": 2,
        "trade": null,
        "source": null,
        "tags": [],
        "notes": [],
        "history": {
          "province_2512": null,
          "province_2276": null,
          "ruler_2515": null,
          "ruler_2512": null,
          "ruler_2276": null
        },
        "wiki": {
          "title": null,
          "url": null,
          "description": null,
          "image": null
        },
        "svg_layer": "Tilea"
      }
    },
    {
      "type": "Feature",
      "id": "copy_text_14613",
      "geometry": {
        "type": "Point",
        "coordinates": [
          -6.390014,
          33.120915
        ]
      },
      "properties": {
        "id": "copy_text_14613",
        "name": "Sant'Olmero",
        "category": "settlement",
        "dataset": "tilea",
        "in_gazetteer": false,
        "type": null,
        "region": "Tilea",
        "province": null,
        "estate": null,
        "population": 180,
        "population_estimated": true,
        "size_category": 1,
        "trade": null,
        "source": null,
        "tags": [],
        "notes": [],
        "history": {
          "province_2512": null,
          "province_2276": null,
          "ruler_2515": null,
          "ruler_2512": null,
          "ruler_2276": null
        },
        "wiki": {
          "title": null,
          "url": null,
          "description": null,
          "image": null
        },
        "svg_layer": "Tilea"
      }
    },
    {
      "type": "Feature",
      "id": "copy_text_14614",
      "geometry": {
        "type": "Point",
        "coordinates": [
          -8.966899,
          35.011716
        ]
      },
      "properties": {
        "id": "copy_text_14614",
        "name": "Torre Silena",
        "category": "settlement",
        "dataset": "tilea",
        "in_gazetteer": false,
        "type": null,
        "region": "Tilea",
        "province": null,
        "estate": null,
        "population": 91,
        "population_estimated": true,
        "size_category": 1,
        "trade": null,
        "source": null,
        "tags": [],
        "notes": [],
        "history": {
          "province_2512": null,
          "province_2276": null,
          "ruler_2515": null,
          "ruler_2512": null,
          "ruler_2276": null
        },
        "wiki": {
          "title": null,
          "url": null,
          "description": null,
          "image": null
        },
        "svg_layer": "Tilea"
      }
    },
    {
      "type": "Feature",
      "id": "copy_text_14615",
      "geometry": {
        "type": "Point",
        "coordinates": [
          -7.7285,
          35.424537
        ]
      },
      "properties": {
        "id": "copy_text_14615",
        "name": "Montezara",
        "category": "settlement",
        "dataset": "tilea",
        "in_gazetteer": false,
        "type": null,
        "region": "Tilea",
        "province": null,
        "estate": null,
        "population": 72,
        "population_estimated": true,
        "size_category": 1,
        "trade": null,
        "source": null,
        "tags": [],
        "notes": [],
        "history": {
          "province_2512": null,
          "province_2276": null,
          "ruler_2515": null,
          "ruler_2512": null,
          "ruler_2276": null
        },
        "wiki": {
          "title": null,
          "url": null,
          "description": null,
          "image": null
        },
        "svg_layer": "Tilea"
      }
    },
    {
      "type": "Feature",
      "id": "copy_text_14617",
      "geometry": {
        "type": "Point",
        "coordinates": [
          -8.028405,
          34.563225
        ]
      },
      "properties": {
        "id": "copy_text_14617",
        "name": "Valcetra",
        "category": "settlement",
        "dataset": "tilea",
        "in_gazetteer": false,
        "type": null,
        "region": "Tilea",
        "province": null,
        "estate": null,
        "population": 92,
        "population_estimated": true,
        "size_category": 1,
        "trade": null,
        "source": null,
        "tags": [],
        "notes": [],
        "history": {
          "province_2512": null,
          "province_2276": null,
          "ruler_2515": null,
          "ruler_2512": null,
          "ruler_2276": null
        },
        "wiki": {
          "title": null,
          "url": null,
          "description": null,
          "image": null
        },
        "svg_layer": "Tilea"
      }
    },
    {
      "type": "Feature",
      "id": "copy_text_14618",
      "geometry": {
        "type": "Point",
        "coordinates": [
          -8.094483,
          33.773702
        ]
      },
      "properties": {
        "id": "copy_text_14618",
        "name": "Casalriva",
        "category": "settlement",
        "dataset": "tilea",
        "in_gazetteer": false,
        "type": null,
        "region": "Tilea",
        "province": null,
        "estate": null,
        "population": 123,
        "population_estimated": true,
        "size_category": 1,
        "trade": null,
        "source": null,
        "tags": [],
        "notes": [],
        "history": {
          "province_2512": null,
          "province_2276": null,
          "ruler_2515": null,
          "ruler_2512": null,
          "ruler_2276": null
        },
        "wiki": {
          "title": null,
          "url": null,
          "description": null,
          "image": null
        },
        "svg_layer": "Tilea"
      }
    },
    {
      "type": "Feature",
      "id": "copy_text_14619",
      "geometry": {
        "type": "Point",
        "coordinates": [
          -6.185156,
          32.991095
        ]
      },
      "properties": {
        "id": "copy_text_14619",
        "name": "Borgo Lestara",
        "category": "settlement",
        "dataset": "tilea",
        "in_gazetteer": false,
        "type": null,
        "region": "Tilea",
        "province": null,
        "estate": null,
        "population": 553,
        "population_estimated": true,
        "size_category": 2,
        "trade": null,
        "source": null,
        "tags": [],
        "notes": [],
        "history": {
          "province_2512": null,
          "province_2276": null,
          "ruler_2515": null,
          "ruler_2512": null,
          "ruler_2276": null
        },
        "wiki": {
          "title": null,
          "url": null,
          "description": null,
          "image": null
        },
        "svg_layer": "Tilea"
      }
    },
    {
      "type": "Feature",
      "id": "copy_text_14620",
      "geometry": {
        "type": "Point",
        "coordinates": [
          -8.728623,
          35.837936
        ]
      },
      "properties": {
        "id": "copy_text_14620",
        "name": "Sant'Albiro",
        "category": "settlement",
        "dataset": "tilea",
        "in_gazetteer": false,
        "type": null,
        "region": "Tilea",
        "province": null,
        "estate": null,
        "population": 396,
        "population_estimated": true,
        "size_category": 2,
        "trade": null,
        "source": null,
        "tags": [],
        "notes": [],
        "history": {
          "province_2512": null,
          "province_2276": null,
          "ruler_2515": null,
          "ruler_2512": null,
          "ruler_2276": null
        },
        "wiki": {
          "title": null,
          "url": null,
          "description": null,
          "image": null
        },
        "svg_layer": "Tilea"
      }
    },
    {
      "type": "Feature",
      "id": "copy_text_14621",
      "geometry": {
        "type": "Point",
        "coordinates": [
          -8.688342,
          35.808474
        ]
      },
      "properties": {
        "id": "copy_text_14621",
        "name": "Torre Vetrana",
        "category": "settlement",
        "dataset": "tilea",
        "in_gazetteer": false,
        "type": null,
        "region": "Tilea",
        "province": null,
        "estate": null,
        "population": 83,
        "population_estimated": true,
        "size_category": 1,
        "trade": null,
        "source": null,
        "tags": [],
        "notes": [],
        "history": {
          "province_2512": null,
          "province_2276": null,
          "ruler_2515": null,
          "ruler_2512": null,
          "ruler_2276": null
        },
        "wiki": {
          "title": null,
          "url": null,
          "description": null,
          "image": null
        },
        "svg_layer": "Tilea"
      }
    },
    {
      "type": "Feature",
      "id": "copy_text_14622",
      "geometry": {
        "type": "Point",
        "coordinates": [
          -5.771987,
          35.022183
        ]
      },
      "properties": {
        "id": "copy_text_14622",
        "name": "Montecaria",
        "category": "settlement",
        "dataset": "tilea",
        "in_gazetteer": false,
        "type": null,
        "region": "Tilea",
        "province": null,
        "estate": null,
        "population": 237,
        "population_estimated": true,
        "size_category": 1,
        "trade": null,
        "source": null,
        "tags": [],
        "notes": [],
        "history": {
          "province_2512": null,
          "province_2276": null,
          "ruler_2515": null,
          "ruler_2512": null,
          "ruler_2276": null
        },
        "wiki": {
          "title": null,
          "url": null,
          "description": null,
          "image": null
        },
        "svg_layer": "Tilea"
      }
    },
    {
      "type": "Feature",
      "id": "copy_text_14624",
      "geometry": {
        "type": "Point",
        "coordinates": [
          -4.668396,
          34.634111
        ]
      },
      "properties": {
        "id": "copy_text_14624",
        "name": "Valtrisa",
        "category": "settlement",
        "dataset": "tilea",
        "in_gazetteer": false,
        "type": null,
        "region": "Tilea",
        "province": null,
        "estate": null,
        "population": 347,
        "population_estimated": true,
        "size_category": 2,
        "trade": null,
        "source": null,
        "tags": [],
        "notes": [],
        "history": {
          "province_2512": null,
          "province_2276": null,
          "ruler_2515": null,
          "ruler_2512": null,
          "ruler_2276": null
        },
        "wiki": {
          "title": null,
          "url": null,
          "description": null,
          "image": null
        },
        "svg_layer": "Tilea"
      }
    },
    {
      "type": "Feature",
      "id": "copy_text_14625",
      "geometry": {
        "type": "Point",
        "coordinates": [
          -4.869405,
          34.525387
        ]
      },
      "properties": {
        "id": "copy_text_14625",
        "name": "Castelmina",
        "category": "settlement",
        "dataset": "tilea",
        "in_gazetteer": false,
        "type": null,
        "region": "Tilea",
        "province": null,
        "estate": null,
        "population": 142,
        "population_estimated": true,
        "size_category": 1,
        "trade": null,
        "source": null,
        "tags": [],
        "notes": [],
        "history": {
          "province_2512": null,
          "province_2276": null,
          "ruler_2515": null,
          "ruler_2512": null,
          "ruler_2276": null
        },
        "wiki": {
          "title": null,
          "url": null,
          "description": null,
          "image": null
        },
        "svg_layer": "Tilea"
      }
    },
    {
      "type": "Feature",
      "id": "copy_text_14626",
      "geometry": {
        "type": "Point",
        "coordinates": [
          -4.549581,
          34.642576
        ]
      },
      "properties": {
        "id": "copy_text_14626",
        "name": "Borgo Natera",
        "category": "settlement",
        "dataset": "tilea",
        "in_gazetteer": false,
        "type": null,
        "region": "Tilea",
        "province": null,
        "estate": null,
        "population": 118,
        "population_estimated": true,
        "size_category": 1,
        "trade": null,
        "source": null,
        "tags": [],
        "notes": [],
        "history": {
          "province_2512": null,
          "province_2276": null,
          "ruler_2515": null,
          "ruler_2512": null,
          "ruler_2276": null
        },
        "wiki": {
          "title": null,
          "url": null,
          "description": null,
          "image": null
        },
        "svg_layer": "Tilea"
      }
    },
    {
      "type": "Feature",
      "id": "copy_text_14627",
      "geometry": {
        "type": "Point",
        "coordinates": [
          -8.198186,
          33.776697
        ]
      },
      "properties": {
        "id": "copy_text_14627",
        "name": "Mintopua",
        "category": "settlement",
        "dataset": "tilea",
        "in_gazetteer": true,
        "type": null,
        "region": "Tilea",
        "province": "Luccini",
        "estate": null,
        "population": 2182,
        "population_estimated": false,
        "size_category": 3,
        "trade": null,
        "source": "Alfred \"MadAlfred\" Nuñez Jr. (unofficial)",
        "tags": [],
        "notes": [],
        "history": {
          "province_2512": null,
          "province_2276": null,
          "ruler_2515": null,
          "ruler_2512": null,
          "ruler_2276": null
        },
        "wiki": {
          "title": "Mintopua",
          "url": "https://warhammerfantasy.fandom.com/wiki/Mintopua",
          "description": "Mintopua, also spelled Minotupa, is a port town of the Principality of Luccini in southern Tilea and is the closest mainland Tilean settlement to the pirate island of Sartosa. It lies on the Pirate's Current.",
          "image": "https://static.wikia.nocookie.net/warhammerfb/images/5/50/Luccinian_domain.png/revision/latest?cb=20250208083543"
        },
        "svg_layer": "Tilea"
      }
    },
    {
      "type": "Feature",
      "id": "copy_text_14628",
      "geometry": {
        "type": "Point",
        "coordinates": [
          -8.01484,
          33.809858
        ]
      },
      "properties": {
        "id": "copy_text_14628",
        "name": "Borgoravello",
        "category": "settlement",
        "dataset": "tilea",
        "in_gazetteer": false,
        "type": null,
        "region": "Tilea",
        "province": null,
        "estate": null,
        "population": 82,
        "population_estimated": true,
        "size_category": 1,
        "trade": null,
        "source": null,
        "tags": [],
        "notes": [],
        "history": {
          "province_2512": null,
          "province_2276": null,
          "ruler_2515": null,
          "ruler_2512": null,
          "ruler_2276": null
        },
        "wiki": {
          "title": null,
          "url": null,
          "description": null,
          "image": null
        },
        "svg_layer": "Tilea"
      }
    },
    {
      "type": "Feature",
      "id": "copy_text_14629",
      "geometry": {
        "type": "Point",
        "coordinates": [
          -11.080769,
          34.488966
        ]
      },
      "properties": {
        "id": "copy_text_14629",
        "name": "Capo Mantegara",
        "category": "settlement",
        "dataset": "tilea",
        "in_gazetteer": true,
        "type": null,
        "region": "Tilea",
        "province": "Sartosa",
        "estate": null,
        "population": 116,
        "population_estimated": true,
        "size_category": 1,
        "trade": null,
        "source": "Alfred \"MadAlfred\" Nuñez Jr. (unofficial)",
        "tags": [],
        "notes": [],
        "history": {
          "province_2512": null,
          "province_2276": null,
          "ruler_2515": null,
          "ruler_2512": null,
          "ruler_2276": null
        },
        "wiki": {
          "title": null,
          "url": null,
          "description": null,
          "image": null
        },
        "svg_layer": "Tilea"
      }
    },
    {
      "type": "Feature",
      "id": "copy_text_14630",
      "geometry": {
        "type": "Point",
        "coordinates": [
          -10.906576,
          33.59664
        ]
      },
      "properties": {
        "id": "copy_text_14630",
        "name": "Scavo",
        "category": "settlement",
        "dataset": "tilea",
        "in_gazetteer": true,
        "type": null,
        "region": "Tilea",
        "province": "Sartosa",
        "estate": null,
        "population": 97,
        "population_estimated": true,
        "size_category": 1,
        "trade": null,
        "source": "Alfred \"MadAlfred\" Nuñez Jr. (unofficial)",
        "tags": [],
        "notes": [],
        "history": {
          "province_2512": null,
          "province_2276": null,
          "ruler_2515": null,
          "ruler_2512": null,
          "ruler_2276": null
        },
        "wiki": {
          "title": null,
          "url": null,
          "description": null,
          "image": null
        },
        "svg_layer": "Tilea"
      }
    },
    {
      "type": "Feature",
      "id": "copy_text_14631",
      "geometry": {
        "type": "Point",
        "coordinates": [
          -10.899251,
          33.770467
        ]
      },
      "properties": {
        "id": "copy_text_14631",
        "name": "Silvaro",
        "category": "settlement",
        "dataset": "tilea",
        "in_gazetteer": true,
        "type": null,
        "region": "Tilea",
        "province": "Sartosa",
        "estate": null,
        "population": 113,
        "population_estimated": true,
        "size_category": 1,
        "trade": null,
        "source": "Alfred \"MadAlfred\" Nuñez Jr. (unofficial)",
        "tags": [],
        "notes": [],
        "history": {
          "province_2512": null,
          "province_2276": null,
          "ruler_2515": null,
          "ruler_2512": null,
          "ruler_2276": null
        },
        "wiki": {
          "title": null,
          "url": null,
          "description": null,
          "image": null
        },
        "svg_layer": "Tilea"
      }
    },
    {
      "type": "Feature",
      "id": "copy_text_14632",
      "geometry": {
        "type": "Point",
        "coordinates": [
          -10.900879,
          33.846638
        ]
      },
      "properties": {
        "id": "copy_text_14632",
        "name": "Gambini",
        "category": "settlement",
        "dataset": "tilea",
        "in_gazetteer": true,
        "type": null,
        "region": "Tilea",
        "province": "Sartosa",
        "estate": null,
        "population": 108,
        "population_estimated": true,
        "size_category": 1,
        "trade": null,
        "source": "Alfred \"MadAlfred\" Nuñez Jr. (unofficial)",
        "tags": [],
        "notes": [],
        "history": {
          "province_2512": null,
          "province_2276": null,
          "ruler_2515": null,
          "ruler_2512": null,
          "ruler_2276": null
        },
        "wiki": {
          "title": null,
          "url": null,
          "description": null,
          "image": null
        },
        "svg_layer": "Tilea"
      }
    },
    {
      "type": "Feature",
      "id": "copy_text_14633",
      "geometry": {
        "type": "Point",
        "coordinates": [
          -4.863281,
          37.770467
        ]
      },
      "properties": {
        "id": "copy_text_14633",
        "name": "Malavigna",
        "category": "settlement",
        "dataset": "tilea",
        "in_gazetteer": true,
        "type": null,
        "region": "Tilea",
        "province": "Pavona",
        "estate": null,
        "population": 1294,
        "population_estimated": false,
        "size_category": 3,
        "trade": null,
        "source": "Spears of the Maiden Tilea Sourcebook (unofficial)",
        "tags": [],
        "notes": [],
        "history": {
          "province_2512": null,
          "province_2276": null,
          "ruler_2515": null,
          "ruler_2512": null,
          "ruler_2276": null
        },
        "wiki": {
          "title": null,
          "url": null,
          "description": null,
          "image": null
        },
        "svg_layer": "Tilea"
      }
    },
    {
      "type": "Feature",
      "id": "copy_text_14634",
      "geometry": {
        "type": "Point",
        "coordinates": [
          -10.388184,
          33.278279
        ]
      },
      "properties": {
        "id": "copy_text_14634",
        "name": "Morello",
        "category": "settlement",
        "dataset": "tilea",
        "in_gazetteer": true,
        "type": null,
        "region": "Tilea",
        "province": "Sartosa",
        "estate": null,
        "population": 222,
        "population_estimated": true,
        "size_category": 1,
        "trade": null,
        "source": "Alfred \"MadAlfred\" Nuñez Jr. (unofficial)",
        "tags": [],
        "notes": [],
        "history": {
          "province_2512": null,
          "province_2276": null,
          "ruler_2515": null,
          "ruler_2512": null,
          "ruler_2276": null
        },
        "wiki": {
          "title": null,
          "url": null,
          "description": null,
          "image": null
        },
        "svg_layer": "Tilea"
      }
    },
    {
      "type": "Feature",
      "id": "text1090",
      "geometry": {
        "type": "Point",
        "coordinates": [
          -6.848145,
          38.639243
        ]
      },
      "properties": {
        "id": "text1090",
        "name": "Cortalis",
        "category": "settlement",
        "dataset": "tilea",
        "in_gazetteer": true,
        "type": null,
        "region": "Tilea",
        "province": null,
        "estate": null,
        "population": 90,
        "population_estimated": true,
        "size_category": 1,
        "trade": null,
        "source": "Alfred \"MadAlfred\" Nuñez Jr. (unofficial)",
        "tags": [],
        "notes": [],
        "history": {
          "province_2512": null,
          "province_2276": null,
          "ruler_2515": null,
          "ruler_2512": null,
          "ruler_2276": null
        },
        "wiki": {
          "title": null,
          "url": null,
          "description": null,
          "image": null
        },
        "svg_layer": "Tilea"
      }
    }
  ]
}