{
  "type": "FeatureCollection",
  "name": "geographic_features",
  "schema_version": 2,
  "features": [
    {
      "type": "Feature",
      "id": "text9927-6",
      "geometry": {
        "type": "Point",
        "coordinates": [
          1.772803,
          56.19892
        ]
      },
      "properties": {
        "id": "text9927-6",
        "name": "Messersee",
        "category": "geographic_feature",
        "in_gazetteer": true,
        "type": "Lake",
        "svg_type": "Lake",
        "source": null,
        "tags": [],
        "names": {
          "de": "Messersee",
          "fr": "Messersee",
          "pl": "Messersee"
        },
        "wiki": {
          "title": null,
          "url": null,
          "description": null,
          "image": null
        }
      }
    },
    {
      "type": "Feature",
      "id": "text9928-6",
      "geometry": {
        "type": "Point",
        "coordinates": [
          3.051768,
          56.278131
        ]
      },
      "properties": {
        "id": "text9928-6",
        "name": "Öbelsee",
        "category": "geographic_feature",
        "in_gazetteer": true,
        "type": "Lake",
        "svg_type": "Lake",
        "source": null,
        "tags": [],
        "names": {
          "de": "Öbelsee",
          "fr": "Öbelsee",
          "pl": "Öbelsee"
        },
        "wiki": {
          "title": null,
          "url": null,
          "description": null,
          "image": null
        }
      }
    },
    {
      "type": "Feature",
      "id": "text9929-2",
      "geometry": {
        "type": "Point",
        "coordinates": [
          4.453606,
          56.243688
        ]
      },
      "properties": {
        "id": "text9929-2",
        "name": "Barmsee",
        "category": "geographic_feature",
        "in_gazetteer": true,
        "type": "Lake",
        "svg_type": "Lake",
        "source": null,
        "tags": [],
        "names": {
          "de": "Barmsee",
          "fr": "Barmsee",
          "pl": "Barmsee"
        },
        "wiki": {
          "title": null,
          "url": null,
          "description": null,
          "image": null
        }
      }
    },
    {
      "type": "Feature",
      "id": "text9930-8",
      "geometry": {
        "type": "Point",
        "coordinates": [
          4.49454,
          56.706253
        ]
      },
      "properties": {
        "id": "text9930-8",
        "name": "Kaltsee",
        "category": "geographic_feature",
        "in_gazetteer": true,
        "type": "Lake",
        "svg_type": "Lake",
        "source": null,
        "tags": [],
        "names": {
          "de": "Kaltsee",
          "fr": "Kaltsee",
          "pl": "Kaltsee"
        },
        "wiki": {
          "title": null,
          "url": null,
          "description": null,
          "image": null
        }
      }
    },
    {
      "type": "Feature",
      "id": "text9933-9",
      "geometry": {
        "type": "Point",
        "coordinates": [
          3.921451,
          55.578903
        ]
      },
      "properties": {
        "id": "text9933-9",
        "name": "Wolfsee",
        "category": "geographic_feature",
        "in_gazetteer": true,
        "type": "Lake",
        "svg_type": "Lake",
        "source": null,
        "tags": [],
        "names": {
          "de": "Wolfsee",
          "fr": "Wolfsee",
          "pl": "Wilcze Jezioro"
        },
        "wiki": {
          "title": null,
          "url": null,
          "description": null,
          "image": null
        }
      }
    },
    {
      "type": "Feature",
      "id": "text4672-8",
      "geometry": {
        "type": "Point",
        "coordinates": [
          -1.766932,
          49.297888
        ]
      },
      "properties": {
        "id": "text4672-8",
        "name": "Bögensee",
        "category": "geographic_feature",
        "in_gazetteer": true,
        "type": "Lake",
        "svg_type": "Lake",
        "source": null,
        "tags": [],
        "names": {
          "de": "Bögensee",
          "fr": "Bögensee",
          "pl": "Jezioro Bögen"
        },
        "wiki": {
          "title": "Bögensee",
          "url": "https://warhammerfantasy.fandom.com/wiki/B%C3%B6gensee",
          "description": "High up in the Grey Mountains, the residents of Bögensee are isolated from the rest of the Reikland, close to the eerie ruins of Castle Drachenfels and the haunted stretches of the Grey Lady Pass. Sorrow and death are constant companions to those that live there. Recently, a great River Troll Hag named Grua Gribbleback has taken up residence downstream from the town, and is the latest in a line of monsters to bring tragedy to Bögensee’s inhabitants.",
          "image": null
        }
      }
    },
    {
      "type": "Feature",
      "id": "text4673-4",
      "geometry": {
        "type": "Point",
        "coordinates": [
          -0.700103,
          48.932937
        ]
      },
      "properties": {
        "id": "text4673-4",
        "name": "Frugelsee",
        "category": "geographic_feature",
        "in_gazetteer": true,
        "type": "Lake",
        "svg_type": "Lake",
        "source": null,
        "tags": [],
        "names": {
          "de": "Frugelsee",
          "fr": "Frugelsee",
          "pl": "Frugelsee"
        },
        "wiki": {
          "title": null,
          "url": null,
          "description": null,
          "image": null
        }
      }
    },
    {
      "type": "Feature",
      "id": "text4676-0",
      "geometry": {
        "type": "Point",
        "coordinates": [
          -0.727922,
          48.730301
        ]
      },
      "properties": {
        "id": "text4676-0",
        "name": "Gargrimvarn",
        "category": "geographic_feature",
        "in_gazetteer": true,
        "type": "Lake",
        "svg_type": "Lake",
        "source": null,
        "tags": [],
        "names": {
          "de": "Gargrimvarn",
          "fr": "Gargrimvarn",
          "pl": "Gargrimvarn"
        },
        "wiki": {
          "title": null,
          "url": null,
          "description": null,
          "image": null
        }
      }
    },
    {
      "type": "Feature",
      "id": "text4678-9",
      "geometry": {
        "type": "Point",
        "coordinates": [
          0.771048,
          46.827447
        ]
      },
      "properties": {
        "id": "text4678-9",
        "name": "Glanzsee",
        "category": "geographic_feature",
        "in_gazetteer": true,
        "type": "Lake",
        "svg_type": "Lake",
        "source": null,
        "tags": [],
        "names": {
          "de": "Glanzsee",
          "fr": "Glanzsee",
          "pl": "Glanzsee"
        },
        "wiki": {
          "title": null,
          "url": null,
          "description": null,
          "image": null
        }
      }
    },
    {
      "type": "Feature",
      "id": "text4678-7-8",
      "geometry": {
        "type": "Point",
        "coordinates": [
          7.888143,
          49.795025
        ]
      },
      "properties": {
        "id": "text4678-7-8",
        "name": "Svarsee",
        "category": "geographic_feature",
        "in_gazetteer": true,
        "type": "Lake",
        "svg_type": "Lake",
        "source": null,
        "tags": [],
        "names": {
          "de": "Svarsee",
          "fr": "Svarsee",
          "pl": "Svarsee"
        },
        "wiki": {
          "title": null,
          "url": null,
          "description": null,
          "image": null
        }
      }
    },
    {
      "type": "Feature",
      "id": "text4678-7-8-2",
      "geometry": {
        "type": "Point",
        "coordinates": [
          19.750136,
          58.301625
        ]
      },
      "properties": {
        "id": "text4678-7-8-2",
        "name": "Ozergrany",
        "category": "geographic_feature",
        "in_gazetteer": true,
        "type": "Lake",
        "svg_type": "Lake",
        "source": null,
        "tags": [],
        "names": {
          "de": "Ozergrany",
          "fr": "Ozergrany",
          "pl": "Ozergrany"
        },
        "wiki": {
          "title": null,
          "url": null,
          "description": null,
          "image": null
        }
      }
    },
    {
      "type": "Feature",
      "id": "text4678-7-8-2-3",
      "geometry": {
        "type": "Point",
        "coordinates": [
          21.703537,
          58.239673
        ]
      },
      "properties": {
        "id": "text4678-7-8-2-3",
        "name": "Ozeryatruk",
        "category": "geographic_feature",
        "in_gazetteer": true,
        "type": "Lake",
        "svg_type": "Lake",
        "source": null,
        "tags": [],
        "names": {
          "de": "Ozeryatruk",
          "fr": "Ozeryatruk",
          "pl": "Ozeryatruk"
        },
        "wiki": {
          "title": null,
          "url": null,
          "description": null,
          "image": null
        }
      }
    },
    {
      "type": "Feature",
      "id": "text4680-1",
      "geometry": {
        "type": "Point",
        "coordinates": [
          9.162947,
          49.24853
        ]
      },
      "properties": {
        "id": "text4680-1",
        "name": "Helsee",
        "category": "geographic_feature",
        "in_gazetteer": true,
        "type": "Lake",
        "svg_type": "Lake",
        "source": null,
        "tags": [],
        "names": {
          "de": "Helsee",
          "fr": "Bonjour",
          "pl": "Cześć"
        },
        "wiki": {
          "title": "Helsee",
          "url": "https://warhammerfantasy.fandom.com/wiki/Helsee",
          "description": "Ice-cold and greasy to the touch, the waters of the lake known as Helsee are as black as a hangman's heart. The fork in the river mid-Stir offers a direct route to the northern shore of Helsee, and hence the mouth of the Vale of Darkness itself, without needing to risk open battle against the unliving. Furthermore, the river fork is unquestionably the fastest route from Altdorf to the vale.",
          "image": "https://static.wikia.nocookie.net/warhammerfb/images/8/85/Helsee.jpg/revision/latest?cb=20181218112150"
        }
      }
    },
    {
      "type": "Feature",
      "id": "text1243-5",
      "geometry": {
        "type": "Point",
        "coordinates": [
          0.790363,
          54.240589
        ]
      },
      "properties": {
        "id": "text1243-5",
        "name": "Delbsee",
        "category": "geographic_feature",
        "in_gazetteer": true,
        "type": "Lake",
        "svg_type": "Lake",
        "source": null,
        "tags": [],
        "names": {
          "de": "Delbsee",
          "fr": "Delbsee",
          "pl": "Delbsee"
        },
        "wiki": {
          "title": null,
          "url": null,
          "description": null,
          "image": null
        }
      }
    },
    {
      "type": "Feature",
      "id": "text1407-7",
      "geometry": {
        "type": "Point",
        "coordinates": [
          1.634121,
          53.859668
        ]
      },
      "properties": {
        "id": "text1407-7",
        "name": "Untzensee",
        "category": "geographic_feature",
        "in_gazetteer": true,
        "type": "Lake",
        "svg_type": "Lake",
        "source": null,
        "tags": [],
        "names": {
          "de": "Untzensee",
          "fr": "Untzensee",
          "pl": "Untzensee"
        },
        "wiki": {
          "title": null,
          "url": null,
          "description": null,
          "image": null
        }
      }
    },
    {
      "type": "Feature",
      "id": "text1410-2",
      "geometry": {
        "type": "Point",
        "coordinates": [
          2.299866,
          54.125387
        ]
      },
      "properties": {
        "id": "text1410-2",
        "name": "Ulfensee",
        "category": "geographic_feature",
        "in_gazetteer": true,
        "type": "Lake",
        "svg_type": "Lake",
        "source": null,
        "tags": [],
        "names": {
          "de": "Ulfensee",
          "fr": "Ulfensee",
          "pl": "Ulfensee"
        },
        "wiki": {
          "title": null,
          "url": null,
          "description": null,
          "image": null
        }
      }
    },
    {
      "type": "Feature",
      "id": "text1440-8",
      "geometry": {
        "type": "Point",
        "coordinates": [
          -1.902375,
          52.179646
        ]
      },
      "properties": {
        "id": "text1440-8",
        "name": "Myrkelmere",
        "category": "geographic_feature",
        "in_gazetteer": true,
        "type": "Lake",
        "svg_type": "Lake",
        "source": null,
        "tags": [],
        "names": {
          "de": "Myrkelmere",
          "fr": "Myrkelmere",
          "pl": "Myrkelmere"
        },
        "wiki": {
          "title": null,
          "url": null,
          "description": null,
          "image": null
        }
      }
    },
    {
      "type": "Feature",
      "id": "text1441-9",
      "geometry": {
        "type": "Point",
        "coordinates": [
          -1.540921,
          52.690411
        ]
      },
      "properties": {
        "id": "text1441-9",
        "name": "Glimmersee",
        "category": "geographic_feature",
        "in_gazetteer": true,
        "type": "Lake",
        "svg_type": "Lake",
        "source": null,
        "tags": [],
        "names": {
          "de": "Glimmersee",
          "fr": "Glimmersee",
          "pl": "Glimmersee"
        },
        "wiki": {
          "title": null,
          "url": null,
          "description": null,
          "image": null
        }
      }
    },
    {
      "type": "Feature",
      "id": "text1442-1",
      "geometry": {
        "type": "Point",
        "coordinates": [
          -1.378204,
          52.434158
        ]
      },
      "properties": {
        "id": "text1442-1",
        "name": "Spiegelsee",
        "category": "geographic_feature",
        "in_gazetteer": true,
        "type": "Lake",
        "svg_type": "Lake",
        "source": null,
        "tags": [],
        "names": {
          "de": "Spiegelsee",
          "fr": "Spiegelsee",
          "pl": "Spiegelsee"
        },
        "wiki": {
          "title": null,
          "url": null,
          "description": null,
          "image": null
        }
      }
    },
    {
      "type": "Feature",
      "id": "text1443-6",
      "geometry": {
        "type": "Point",
        "coordinates": [
          -1.256423,
          52.100129
        ]
      },
      "properties": {
        "id": "text1443-6",
        "name": "Dornsee",
        "category": "geographic_feature",
        "in_gazetteer": true,
        "type": "Lake",
        "svg_type": "Lake",
        "source": null,
        "tags": [],
        "names": {
          "de": "Dornsee",
          "fr": "Dornsee",
          "pl": "Jezioro Dorn"
        },
        "wiki": {
          "title": null,
          "url": null,
          "description": null,
          "image": null
        }
      }
    },
    {
      "type": "Feature",
      "id": "text1444-0",
      "geometry": {
        "type": "Point",
        "coordinates": [
          -1.714895,
          52.132876
        ]
      },
      "properties": {
        "id": "text1444-0",
        "name": "Brachsee",
        "category": "geographic_feature",
        "in_gazetteer": true,
        "type": "Lake",
        "svg_type": "Lake",
        "source": null,
        "tags": [],
        "names": {
          "de": "Brassee",
          "fr": "Brachsee",
          "pl": "Brachsee"
        },
        "wiki": {
          "title": null,
          "url": null,
          "description": null,
          "image": null
        }
      }
    },
    {
      "type": "Feature",
      "id": "text1445-5",
      "geometry": {
        "type": "Point",
        "coordinates": [
          -1.721035,
          52.328545
        ]
      },
      "properties": {
        "id": "text1445-5",
        "name": "Riedsee",
        "category": "geographic_feature",
        "in_gazetteer": true,
        "type": "Lake",
        "svg_type": "Lake",
        "source": null,
        "tags": [],
        "names": {
          "de": "Riedsee",
          "fr": "Riedsee",
          "pl": "Riedsee"
        },
        "wiki": {
          "title": null,
          "url": null,
          "description": null,
          "image": null
        }
      }
    },
    {
      "type": "Feature",
      "id": "text1469-2",
      "geometry": {
        "type": "Point",
        "coordinates": [
          -0.948387,
          52.49556
        ]
      },
      "properties": {
        "id": "text1469-2",
        "name": "Nomensee",
        "category": "geographic_feature",
        "in_gazetteer": true,
        "type": "Lake",
        "svg_type": "Lake",
        "source": null,
        "tags": [],
        "names": {
          "de": "Nomensee",
          "fr": "Nomensee",
          "pl": "Nomensee"
        },
        "wiki": {
          "title": null,
          "url": null,
          "description": null,
          "image": null
        }
      }
    },
    {
      "type": "Feature",
      "id": "text1470-0",
      "geometry": {
        "type": "Point",
        "coordinates": [
          -0.956574,
          52.761637
        ]
      },
      "properties": {
        "id": "text1470-0",
        "name": "Ehrlersee",
        "category": "geographic_feature",
        "in_gazetteer": true,
        "type": "Lake",
        "svg_type": "Lake",
        "source": null,
        "tags": [],
        "names": {
          "de": "Ehrlersee",
          "fr": "Ehrlersee",
          "pl": "Jezioro Ehrler"
        },
        "wiki": {
          "title": null,
          "url": null,
          "description": null,
          "image": null
        }
      }
    },
    {
      "type": "Feature",
      "id": "text1714-2",
      "geometry": {
        "type": "Point",
        "coordinates": [
          0.434449,
          53.586494
        ]
      },
      "properties": {
        "id": "text1714-2",
        "name": "Wyrmsee",
        "category": "geographic_feature",
        "in_gazetteer": true,
        "type": "Lake",
        "svg_type": "Lake",
        "source": null,
        "tags": [],
        "names": {
          "de": "Wyrmsee",
          "fr": "Wyrmsee",
          "pl": "Wyrmsee"
        },
        "wiki": {
          "title": null,
          "url": null,
          "description": null,
          "image": null
        }
      }
    },
    {
      "type": "Feature",
      "id": "text1745-7",
      "geometry": {
        "type": "Point",
        "coordinates": [
          -3.01879,
          50.560149
        ]
      },
      "properties": {
        "id": "text1745-7",
        "name": "Maissee",
        "category": "geographic_feature",
        "in_gazetteer": true,
        "type": "Lake",
        "svg_type": "Lake",
        "source": null,
        "tags": [],
        "names": {
          "de": "Maisee",
          "fr": "Maissee",
          "pl": "Maissee"
        },
        "wiki": {
          "title": null,
          "url": null,
          "description": null,
          "image": null
        }
      }
    },
    {
      "type": "Feature",
      "id": "text59",
      "geometry": {
        "type": "Point",
        "coordinates": [
          -0.869374,
          48.809889
        ]
      },
      "properties": {
        "id": "text59",
        "name": "Copper Tarn",
        "category": "geographic_feature",
        "in_gazetteer": true,
        "type": "Lake",
        "svg_type": "Lake",
        "source": null,
        "tags": [],
        "names": {
          "de": "Kupferteer",
          "fr": "Cuivre Tarn",
          "pl": "Miedziany Tarn"
        },
        "wiki": {
          "title": null,
          "url": null,
          "description": null,
          "image": null
        }
      }
    },
    {
      "type": "Feature",
      "id": "text45",
      "geometry": {
        "type": "Point",
        "coordinates": [
          9.430992,
          61.753198
        ]
      },
      "properties": {
        "id": "text45",
        "name": "Korv Ozero",
        "category": "geographic_feature",
        "in_gazetteer": true,
        "type": "Lake",
        "svg_type": "Lake",
        "source": null,
        "tags": [],
        "names": {
          "de": "Korv Ozero",
          "fr": "Saucisse Ozero",
          "pl": "Kiełbasa Ozero"
        },
        "wiki": {
          "title": null,
          "url": null,
          "description": null,
          "image": null
        }
      }
    },
    {
      "type": "Feature",
      "id": "text5414",
      "geometry": {
        "type": "Point",
        "coordinates": [
          21.216558,
          57.908944
        ]
      },
      "properties": {
        "id": "text5414",
        "name": "Ozertemnyy",
        "category": "geographic_feature",
        "in_gazetteer": true,
        "type": "Lake",
        "svg_type": "Lake",
        "source": null,
        "tags": [],
        "names": {
          "de": "Ozertemnyy",
          "fr": "Lac Dark",
          "pl": "Jezioro Ciemności"
        },
        "wiki": {
          "title": null,
          "url": null,
          "description": null,
          "image": null
        }
      }
    },
    {
      "type": "Feature",
      "id": "text440",
      "geometry": {
        "type": "Point",
        "coordinates": [
          0.406927,
          56.964952
        ]
      },
      "properties": {
        "id": "text440",
        "name": "Soldersø",
        "category": "geographic_feature",
        "in_gazetteer": true,
        "type": "Lake",
        "svg_type": "Lake",
        "source": null,
        "tags": [],
        "names": {
          "de": "Lötenø",
          "fr": "Soldersø",
          "pl": "Soldersø"
        },
        "wiki": {
          "title": null,
          "url": null,
          "description": null,
          "image": null
        }
      }
    },
    {
      "type": "Feature",
      "id": "text441",
      "geometry": {
        "type": "Point",
        "coordinates": [
          0.725494,
          56.730171
        ]
      },
      "properties": {
        "id": "text441",
        "name": "Trolvedsø",
        "category": "geographic_feature",
        "in_gazetteer": true,
        "type": "Lake",
        "svg_type": "Lake",
        "source": null,
        "tags": [],
        "names": {
          "de": "Trolvedsø",
          "fr": "Trolvedsø",
          "pl": "Trolvedsø"
        },
        "wiki": {
          "title": null,
          "url": null,
          "description": null,
          "image": null
        }
      }
    },
    {
      "type": "Feature",
      "id": "text442",
      "geometry": {
        "type": "Point",
        "coordinates": [
          0.305649,
          56.752728
        ]
      },
      "properties": {
        "id": "text442",
        "name": "Ammensø",
        "category": "geographic_feature",
        "in_gazetteer": true,
        "type": "Lake",
        "svg_type": "Lake",
        "source": null,
        "tags": [],
        "names": {
          "de": "Ammensø",
          "fr": "Ammensø",
          "pl": "Ammensø"
        },
        "wiki": {
          "title": null,
          "url": null,
          "description": null,
          "image": null
        }
      }
    },
    {
      "type": "Feature",
      "id": "text443",
      "geometry": {
        "type": "Point",
        "coordinates": [
          1.298783,
          56.894468
        ]
      },
      "properties": {
        "id": "text443",
        "name": "Ormsdeep",
        "category": "geographic_feature",
        "in_gazetteer": true,
        "type": "Lake",
        "svg_type": "Lake",
        "source": null,
        "tags": [],
        "names": {
          "de": "Ormsdeep",
          "fr": "Ormsdeep",
          "pl": "Ormsdeep"
        },
        "wiki": {
          "title": null,
          "url": null,
          "description": null,
          "image": null
        }
      }
    },
    {
      "type": "Feature",
      "id": "text444",
      "geometry": {
        "type": "Point",
        "coordinates": [
          1.527298,
          57.093036
        ]
      },
      "properties": {
        "id": "text444",
        "name": "Lützelsee",
        "category": "geographic_feature",
        "in_gazetteer": true,
        "type": "Lake",
        "svg_type": "Lake",
        "source": null,
        "tags": [],
        "names": {
          "de": "Lützelsee",
          "fr": "Lützelsee",
          "pl": "Jezioro Lützelsee"
        },
        "wiki": {
          "title": null,
          "url": null,
          "description": null,
          "image": null
        }
      }
    },
    {
      "type": "Feature",
      "id": "text445",
      "geometry": {
        "type": "Point",
        "coordinates": [
          4.101911,
          52.8849
        ]
      },
      "properties": {
        "id": "text445",
        "name": "Kratersee",
        "category": "geographic_feature",
        "in_gazetteer": true,
        "type": "Lake",
        "svg_type": "Lake",
        "source": null,
        "tags": [],
        "names": {
          "de": "Kratersee",
          "fr": "Kratersee",
          "pl": "Kratersee"
        },
        "wiki": {
          "title": null,
          "url": null,
          "description": null,
          "image": null
        }
      }
    },
    {
      "type": "Feature",
      "id": "text547",
      "geometry": {
        "type": "Point",
        "coordinates": [
          -2.41662,
          45.483853
        ]
      },
      "properties": {
        "id": "text547",
        "name": "Mirror Pools of Ithorien",
        "category": "geographic_feature",
        "in_gazetteer": true,
        "type": "Lake",
        "svg_type": "Lake",
        "source": null,
        "tags": [],
        "names": {
          "de": "Spiegelbecken Von Ithorien",
          "fr": "Bassins Miroirs D'Ithorien",
          "pl": "Lustrzane Baseny Ithorien"
        },
        "wiki": {
          "title": null,
          "url": null,
          "description": null,
          "image": null
        }
      }
    },
    {
      "type": "Feature",
      "id": "text548",
      "geometry": {
        "type": "Point",
        "coordinates": [
          -0.344031,
          42.985133
        ]
      },
      "properties": {
        "id": "text548",
        "name": "Crystal Mere",
        "category": "geographic_feature",
        "in_gazetteer": true,
        "type": "Lake",
        "svg_type": "Lake",
        "source": null,
        "tags": [],
        "names": {
          "de": "Kristallmeer",
          "fr": "Crystal Mere",
          "pl": "Kryształowe Mere"
        },
        "wiki": {
          "title": "Crystal Mere",
          "url": "https://warhammerfantasy.fandom.com/wiki/Crystal_Mere",
          "description": "Within Athel Loren, through the otherworldly waters of the Crystal Mere, Asrai prophetesses and scryers sift the strands of future fate, seeking significant signs or portents of the next threat.",
          "image": "https://static.wikia.nocookie.net/warhammerfb/images/f/f3/Crystal_Mere_Map.png/revision/latest?cb=20190612182243"
        }
      }
    },
    {
      "type": "Feature",
      "id": "text1479",
      "geometry": {
        "type": "Point",
        "coordinates": [
          -0.445653,
          56.044395
        ]
      },
      "properties": {
        "id": "text1479",
        "name": "Tarn of Tears",
        "category": "geographic_feature",
        "in_gazetteer": true,
        "type": "Lake",
        "svg_type": "Lake",
        "source": null,
        "tags": [],
        "names": {
          "de": "Tränensee",
          "fr": "Tarn Of Tears",
          "pl": "Jezioro Łez"
        },
        "wiki": {
          "title": null,
          "url": null,
          "description": null,
          "image": null
        }
      }
    },
    {
      "type": "Feature",
      "id": "text1519",
      "geometry": {
        "type": "Point",
        "coordinates": [
          1.916414,
          44.092933
        ]
      },
      "properties": {
        "id": "text1519",
        "name": "Ellsee",
        "category": "geographic_feature",
        "in_gazetteer": true,
        "type": "Lake",
        "svg_type": "Lake",
        "source": null,
        "tags": [],
        "names": {
          "de": "Ellsee",
          "fr": "Ellsee",
          "pl": "Ellsee"
        },
        "wiki": {
          "title": null,
          "url": null,
          "description": null,
          "image": null
        }
      }
    },
    {
      "type": "Feature",
      "id": "text2835",
      "geometry": {
        "type": "Point",
        "coordinates": [
          9.669317,
          51.562646
        ]
      },
      "properties": {
        "id": "text2835",
        "name": "Luisksee",
        "category": "geographic_feature",
        "in_gazetteer": true,
        "type": "Lake",
        "svg_type": "Lake",
        "source": null,
        "tags": [],
        "names": {
          "de": "Luisksee",
          "fr": "Louissee",
          "pl": "Louissee"
        },
        "wiki": {
          "title": null,
          "url": null,
          "description": null,
          "image": null
        }
      }
    },
    {
      "type": "Feature",
      "id": "text2836",
      "geometry": {
        "type": "Point",
        "coordinates": [
          10.103893,
          51.82781
        ]
      },
      "properties": {
        "id": "text2836",
        "name": "Volensee",
        "category": "geographic_feature",
        "in_gazetteer": true,
        "type": "Lake",
        "svg_type": "Lake",
        "source": null,
        "tags": [],
        "names": {
          "de": "Volensee",
          "fr": "Volensee",
          "pl": "Volensee"
        },
        "wiki": {
          "title": null,
          "url": null,
          "description": null,
          "image": null
        }
      }
    },
    {
      "type": "Feature",
      "id": "text2837",
      "geometry": {
        "type": "Point",
        "coordinates": [
          9.779802,
          52.290007
        ]
      },
      "properties": {
        "id": "text2837",
        "name": "Felsensee",
        "category": "geographic_feature",
        "in_gazetteer": true,
        "type": "Lake",
        "svg_type": "Lake",
        "source": null,
        "tags": [],
        "names": {
          "de": "Felsensee",
          "fr": "Felsensee",
          "pl": "Felsensee"
        },
        "wiki": {
          "title": null,
          "url": null,
          "description": null,
          "image": null
        }
      }
    },
    {
      "type": "Feature",
      "id": "text2838",
      "geometry": {
        "type": "Point",
        "coordinates": [
          9.067172,
          52.348934
        ]
      },
      "properties": {
        "id": "text2838",
        "name": "Zhylweiher",
        "category": "geographic_feature",
        "in_gazetteer": true,
        "type": "Lake",
        "svg_type": "Lake",
        "source": null,
        "tags": [],
        "names": {
          "de": "Zhylweiher",
          "fr": "Zhylweiher",
          "pl": "Żylweiher"
        },
        "wiki": {
          "title": null,
          "url": null,
          "description": null,
          "image": null
        }
      }
    },
    {
      "type": "Feature",
      "id": "text2839",
      "geometry": {
        "type": "Point",
        "coordinates": [
          8.604974,
          52.006427
        ]
      },
      "properties": {
        "id": "text2839",
        "name": "Ziegelsee",
        "category": "geographic_feature",
        "in_gazetteer": true,
        "type": "Lake",
        "svg_type": "Lake",
        "source": null,
        "tags": [],
        "names": {
          "de": "Ziegelsee",
          "fr": "Ziegelsee",
          "pl": "Ziegelsee"
        },
        "wiki": {
          "title": null,
          "url": null,
          "description": null,
          "image": null
        }
      }
    },
    {
      "type": "Feature",
      "id": "text2841",
      "geometry": {
        "type": "Point",
        "coordinates": [
          8.49633,
          53.091027
        ]
      },
      "properties": {
        "id": "text2841",
        "name": "Grysee",
        "category": "geographic_feature",
        "in_gazetteer": true,
        "type": "Lake",
        "svg_type": "Lake",
        "source": null,
        "tags": [],
        "names": {
          "de": "Grysee",
          "fr": "Grysee",
          "pl": "Grysee"
        },
        "wiki": {
          "title": null,
          "url": null,
          "description": null,
          "image": null
        }
      }
    },
    {
      "type": "Feature",
      "id": "text696",
      "geometry": {
        "type": "Point",
        "coordinates": [
          4.690453,
          50.990369
        ]
      },
      "properties": {
        "id": "text696",
        "name": "Eggersee",
        "category": "geographic_feature",
        "in_gazetteer": true,
        "type": "Lake",
        "svg_type": "Lake",
        "source": null,
        "tags": [],
        "names": {
          "de": "Eggersee",
          "fr": "Eggersee",
          "pl": "Jezioro Eggers"
        },
        "wiki": {
          "title": null,
          "url": null,
          "description": null,
          "image": null
        }
      }
    },
    {
      "type": "Feature",
      "id": "text7147",
      "geometry": {
        "type": "Point",
        "coordinates": [
          -6.802037,
          19.483851
        ]
      },
      "properties": {
        "id": "text7147",
        "name": "Pools of Despair",
        "category": "geographic_feature",
        "in_gazetteer": true,
        "type": "Lake",
        "svg_type": "Lake",
        "source": null,
        "tags": [],
        "names": {
          "de": "Tümpel Der Verzweiflung",
          "fr": "Bassins Du Désespoir",
          "pl": "Baseny Rozpaczy"
        },
        "wiki": {
          "title": "Pools of Despair",
          "url": "https://warhammerfantasy.fandom.com/wiki/Pools_of_Despair",
          "description": "The Pools of Despair are a phenomenon found within the lands of Nehekhara. It is unknown what foul magic spawned their creation, but as a collection of mirages, they have led many to their deaths. It is said that, as one's water supply runs short, a lush oasis will appear.",
          "image": "https://static.wikia.nocookie.net/warhammerfb/images/8/85/Pools_of_Despair-0.png/revision/latest?cb=20170712003724"
        }
      }
    },
    {
      "type": "Feature",
      "id": "text7154",
      "geometry": {
        "type": "Point",
        "coordinates": [
          8.604214,
          18.713017
        ]
      },
      "properties": {
        "id": "text7154",
        "name": "Ash Mere",
        "category": "geographic_feature",
        "in_gazetteer": true,
        "type": "Lake",
        "svg_type": "Lake",
        "source": null,
        "tags": [],
        "names": {
          "de": "Ash Mere",
          "fr": "Ash Mere",
          "pl": "Ash Mere"
        },
        "wiki": {
          "title": null,
          "url": null,
          "description": null,
          "image": null
        }
      }
    },
    {
      "type": "Feature",
      "id": "text3124",
      "geometry": {
        "type": "Point",
        "coordinates": [
          -0.52155,
          54.95898
        ]
      },
      "properties": {
        "id": "text3124",
        "name": "Schadensumpf",
        "category": "geographic_feature",
        "in_gazetteer": true,
        "type": "Large Marsh",
        "svg_type": "Large Marsh",
        "source": null,
        "tags": [],
        "names": {
          "de": "Schadensumpf",
          "fr": "Marais Endommagé",
          "pl": "Bagno Uszkodzeń"
        },
        "wiki": {
          "title": null,
          "url": null,
          "description": null,
          "image": null
        }
      }
    },
    {
      "type": "Feature",
      "id": "text3130",
      "geometry": {
        "type": "Point",
        "coordinates": [
          -3.24567,
          53.462774
        ]
      },
      "properties": {
        "id": "text3130",
        "name": "Cursed Marshes",
        "category": "geographic_feature",
        "in_gazetteer": true,
        "type": "Large Marsh",
        "svg_type": "Large Marsh",
        "source": null,
        "tags": [],
        "names": {
          "de": "Verfluchte Sümpfe",
          "fr": "Marais Maudits",
          "pl": "Przeklęte Bagna"
        },
        "wiki": {
          "title": "Cursed Marshes",
          "url": "https://warhammerfantasy.fandom.com/wiki/Cursed_Marshes",
          "description": "Marienburg, the most infamous trading port in the Old World, lies in the midst of the stinking swampland called the Cursed Marshes. It is within these marshes that the Skaven Clan Scruten have their hidden stronghold, from where they launch their insidious raids beneath Marienburg and its surroundings. Around the year 2000 IC the clan was led away from Skavenblight by the Grey Seer Kritislik.",
          "image": null
        }
      }
    },
    {
      "type": "Feature",
      "id": "text3126",
      "geometry": {
        "type": "Point",
        "coordinates": [
          -1.566275,
          51.991066
        ]
      },
      "properties": {
        "id": "text3126",
        "name": "Midden Marshes",
        "category": "geographic_feature",
        "in_gazetteer": true,
        "type": "Large Marsh",
        "svg_type": "Large Marsh",
        "source": null,
        "tags": [],
        "names": {
          "de": "Mistenmarschen",
          "fr": "Marais Du Milieu",
          "pl": "Bagna Środkowe"
        },
        "wiki": {
          "title": "Middenland",
          "url": "https://warhammerfantasy.fandom.com/wiki/Middenland",
          "description": "Middenland, officially the Grand Duchies of Middenland and Middenheim, is a founding Electoral Province of the Empire that lies in the north-central region of that realm. Towering above the gloomy canopies of the Drakwald Forest is a sheer-sided pinnacle of white rock atop which sits the fortress city-state of Middenheim, capital of Middenland and the sacred City of the White Wolf. The White Wolf is the holy symbol of Ulric, the Imperial god of war, winter and wolves.",
          "image": "https://static.wikia.nocookie.net/warhammerfb/images/9/95/Middenland.png/revision/latest?cb=20160626200908"
        }
      }
    },
    {
      "type": "Feature",
      "id": "text3134",
      "geometry": {
        "type": "Point",
        "coordinates": [
          7.895557,
          48.204633
        ]
      },
      "properties": {
        "id": "text3134",
        "name": "Bylorhof Marsh",
        "category": "geographic_feature",
        "in_gazetteer": true,
        "type": "Large Marsh",
        "svg_type": "Large Marsh",
        "source": null,
        "tags": [],
        "names": {
          "de": "Bylorhof-Sumpf",
          "fr": "Marais De Bylorhof",
          "pl": "Bagna Bylorhof"
        },
        "wiki": {
          "title": "Bylorhof",
          "url": "https://warhammerfantasy.fandom.com/wiki/Bylorhof",
          "description": "Bylorhof is home to the worship of Bylorak, God of the Marshes, believed by some scholars to be an aspect of Taal or Manann. To the residents of this settlement, though, Bylorak is no scholar's aspect—he's their God, and they're proud to be his holiest site. When Vlad von Carstein began to drive the priests out of Sylvania, Bylorhof's priests of Sigmar, Shallya, and Morr all fled, but not the priest of Bylorak.",
          "image": "https://static.wikia.nocookie.net/warhammerfb/images/2/2e/Bylorhof.png/revision/latest?cb=20160726150851"
        }
      }
    },
    {
      "type": "Feature",
      "id": "text3144",
      "geometry": {
        "type": "Point",
        "coordinates": [
          7.002352,
          57.21172
        ]
      },
      "properties": {
        "id": "text3144",
        "name": "Czarnebłota (The Blight)",
        "category": "geographic_feature",
        "in_gazetteer": true,
        "type": "Large Marsh",
        "svg_type": "Large Marsh",
        "source": null,
        "tags": [],
        "names": {
          "de": "Czarnebłota (Die Plage)",
          "fr": "Le Fléau",
          "pl": "Czarnebłota (The Blight)"
        },
        "wiki": {
          "title": "The Blight",
          "url": "https://warhammerfantasy.fandom.com/wiki/The_Blight",
          "description": "The Blight is a large moorland within the Western Oblast region of Kislev that is mostly uninhabited. A few Kislevite tirsas dot the edge of the moors, making their living by mining peat, but the central regions have no known Human residents. The Blight is known to be home to monsters of various kinds, including Greenskins and Beastmen, as well as mutants.",
          "image": "https://static.wikia.nocookie.net/warhammerfb/images/f/f0/The_Blight_Map.png/revision/latest?cb=20180827192806"
        }
      }
    },
    {
      "type": "Feature",
      "id": "text3130-0",
      "geometry": {
        "type": "Point",
        "coordinates": [
          -8.210537,
          40.718641
        ]
      },
      "properties": {
        "id": "text3130-0",
        "name": "Blighted Marshes",
        "category": "geographic_feature",
        "in_gazetteer": true,
        "type": "Large Marsh",
        "svg_type": "Large Marsh",
        "source": null,
        "tags": [],
        "names": {
          "de": "Verfluchtete Sümpfe",
          "fr": "Marais Déplacés",
          "pl": "Zniszczone Bagna"
        },
        "wiki": {
          "title": "Blighted Marshes",
          "url": "https://warhammerfantasy.fandom.com/wiki/Blighted_Marshes",
          "description": "The Blighted Marshes, sometimes called the Blighted Marsh, the Zombie Swamps or the Zombie Marshes, and occasionally Putrid Swamp, is a swampy region that lies in north-western Tilea in the Principality of Tobaro, stretching from the River Trino to the Abasko Mountains. In their depths hide the Skaven and the capital of their Under-Empire, the subterranean city of Skavenblight. The Blighted Marshes are a lifeless area of shallow pools covered by a great swirling mist and fed by innumerable stinking streams.",
          "image": "https://static.wikia.nocookie.net/warhammerfb/images/e/e8/Blighted_Marshes_Map.png/revision/latest?cb=20180711162309"
        }
      }
    },
    {
      "type": "Feature",
      "id": "text3130-0-2",
      "geometry": {
        "type": "Point",
        "coordinates": [
          2.129092,
          28.682986
        ]
      },
      "properties": {
        "id": "text3130-0-2",
        "name": "Marshes of Madness",
        "category": "geographic_feature",
        "in_gazetteer": true,
        "type": "Large Marsh",
        "svg_type": "Large Marsh",
        "source": null,
        "tags": [],
        "names": {
          "de": "Sümpfe Des Wahnsinns",
          "fr": "Marais De La Folie",
          "pl": "Bagna Szaleństwa"
        },
        "wiki": {
          "title": "Marshes of Madness",
          "url": "https://warhammerfantasy.fandom.com/wiki/Marshes_of_Madness",
          "description": "The Marshes of Madness are a swampland in the heart of the Badlands. During the days of great Nehekhara, this region was known as the Sinking Marshes of Khernarch. In the southern reaches of the dusty plains south of the Old World, the Blind River flows into a depression surrounded by a crescent of hills stretching from the Dragonback Mountains to the desert sands of Nehekhara.",
          "image": "https://static.wikia.nocookie.net/warhammerfb/images/f/f7/Marshes_of_Madness.jpg/revision/latest?cb=20170905220010"
        }
      }
    },
    {
      "type": "Feature",
      "id": "text16892",
      "geometry": {
        "type": "Point",
        "coordinates": [
          11.451232,
          72.642854
        ]
      },
      "properties": {
        "id": "text16892",
        "name": "Blood Marshes",
        "category": "geographic_feature",
        "in_gazetteer": true,
        "type": "Large Marsh",
        "svg_type": "Large Marsh",
        "source": null,
        "tags": [],
        "names": {
          "de": "Blutsümpfe",
          "fr": "Marais De Sang",
          "pl": "Krwawe Bagna"
        },
        "wiki": {
          "title": "Blood Marshes",
          "url": "https://warhammerfantasy.fandom.com/wiki/Blood_Marshes",
          "description": "The Blood Marshes are a vast, Chaos -corrupted wetland situated at the edge of the northern Chaos Wastes, along the coast of the Frozen Sea. The smell of death hangs heavily over this otherworldly wetland. In this place of murky water and seemingly innocuous animal life, blood chokes the waterways and beasts gorge themselves on the crimson ichor.",
          "image": "https://static.wikia.nocookie.net/warhammerfb/images/c/c0/Warhammer_Blood_Marshes.png/revision/latest?cb=20250527114032"
        }
      }
    },
    {
      "type": "Feature",
      "id": "text16993",
      "geometry": {
        "type": "Point",
        "coordinates": [
          -6.997005,
          25.427348
        ]
      },
      "properties": {
        "id": "text16993",
        "name": "Mortis Delta",
        "category": "geographic_feature",
        "in_gazetteer": true,
        "type": "Large Marsh",
        "svg_type": "Large Marsh",
        "source": null,
        "tags": [],
        "names": {
          "de": "Mortis Delta",
          "fr": "Delta De La Mort",
          "pl": "Delta Śmierci"
        },
        "wiki": {
          "title": null,
          "url": null,
          "description": null,
          "image": null
        }
      }
    },
    {
      "type": "Feature",
      "id": "text2981",
      "geometry": {
        "type": "Point",
        "coordinates": [
          19.906461,
          13.323329
        ]
      },
      "properties": {
        "id": "text2981",
        "name": "Doom Glade Swamp",
        "category": "geographic_feature",
        "in_gazetteer": true,
        "type": "Large Marsh",
        "svg_type": "Large Marsh",
        "source": null,
        "tags": [],
        "names": {
          "de": "Doom Glade Swamp",
          "fr": "Marais De La Glade Du Maudit",
          "pl": "Bagno Polany Zagłady"
        },
        "wiki": {
          "title": null,
          "url": null,
          "description": null,
          "image": null
        }
      }
    },
    {
      "type": "Feature",
      "id": "text5427",
      "geometry": {
        "type": "Point",
        "coordinates": [
          -5.403255,
          22.146098
        ]
      },
      "properties": {
        "id": "text5427",
        "name": "Swamp of Terror",
        "category": "geographic_feature",
        "in_gazetteer": true,
        "type": "Large Marsh",
        "svg_type": "Large Marsh",
        "source": null,
        "tags": [],
        "names": {
          "de": "Sumpf Des Schreckens",
          "fr": "Marais De La Terreur",
          "pl": "Bagno Terroru"
        },
        "wiki": {
          "title": "Swamp of Terror",
          "url": "https://warhammerfantasy.fandom.com/wiki/Swamp_of_Terror",
          "description": "Since the Great Necromancer commanded the waters of the Vitae River to be poisoned, its waters have become the colour of rotten blood, and its banks have become sickly and corrupted, populated only by the husks of deathless waterfowl, its floodplains stalked by great undead beasts. The Swamp of Terror lies within the domian of the Kings of Zandri.",
          "image": null
        }
      }
    },
    {
      "type": "Feature",
      "id": "text3128",
      "geometry": {
        "type": "Point",
        "coordinates": [
          -1.387193,
          52.590359
        ]
      },
      "properties": {
        "id": "text3128",
        "name": "Mirror Moors",
        "category": "geographic_feature",
        "in_gazetteer": true,
        "type": "Small Marsh",
        "svg_type": "Small Marsh",
        "source": null,
        "tags": [],
        "names": {
          "de": "Spiegelmoore",
          "fr": "Les Landes Miroirs",
          "pl": "Wrzosowiska Lustrzane"
        },
        "wiki": {
          "title": "Midden Moors",
          "url": "https://warhammerfantasy.fandom.com/wiki/Midden_Moors",
          "description": "The Midden Moors, known locally as the Mirror Moors, are located in southwestern Middenland in the Empire. The meres of this moorland are still as glass, perfectly reflecting the night skies. Said to be haunted by the Ghosts of long-dead warriors, strange lights float among its mists, beckoning heedless travellers to follow, and rumours abound of a mysterious race of \"Moorfolk\" in the region known as Gnomes.",
          "image": "https://static.wikia.nocookie.net/warhammerfb/images/9/9f/Warhammer_Middenland_Map.png/revision/latest?cb=20170320214330"
        }
      }
    },
    {
      "type": "Feature",
      "id": "text3135",
      "geometry": {
        "type": "Point",
        "coordinates": [
          9.166449,
          49.278458
        ]
      },
      "properties": {
        "id": "text3135",
        "name": "Grimmoor",
        "category": "geographic_feature",
        "in_gazetteer": true,
        "type": "Small Marsh",
        "svg_type": "Small Marsh",
        "source": null,
        "tags": [],
        "names": {
          "de": "Grimmoor",
          "fr": "Grimmoor",
          "pl": "Grimmoor"
        },
        "wiki": {
          "title": null,
          "url": null,
          "description": null,
          "image": null
        }
      }
    },
    {
      "type": "Feature",
      "id": "text3136",
      "geometry": {
        "type": "Point",
        "coordinates": [
          9.939065,
          49.322334
        ]
      },
      "properties": {
        "id": "text3136",
        "name": "Dunkelmoor",
        "category": "geographic_feature",
        "in_gazetteer": true,
        "type": "Small Marsh",
        "svg_type": "Small Marsh",
        "source": null,
        "tags": [],
        "names": {
          "de": "Dunkelmoor",
          "fr": "Dunkelmoor",
          "pl": "Dunkelmoor"
        },
        "wiki": {
          "title": null,
          "url": null,
          "description": null,
          "image": null
        }
      }
    },
    {
      "type": "Feature",
      "id": "text3137",
      "geometry": {
        "type": "Point",
        "coordinates": [
          7.886372,
          49.740812
        ]
      },
      "properties": {
        "id": "text3137",
        "name": "Morrsfenn",
        "category": "geographic_feature",
        "in_gazetteer": true,
        "type": "Small Marsh",
        "svg_type": "Small Marsh",
        "source": null,
        "tags": [],
        "names": {
          "de": "Morrsfenn",
          "fr": "Morrsfenn",
          "pl": "Morrsfenn"
        },
        "wiki": {
          "title": null,
          "url": null,
          "description": null,
          "image": null
        }
      }
    },
    {
      "type": "Feature",
      "id": "text3138",
      "geometry": {
        "type": "Point",
        "coordinates": [
          8.321895,
          50.438223
        ]
      },
      "properties": {
        "id": "text3138",
        "name": "Totensümpfe",
        "category": "geographic_feature",
        "in_gazetteer": true,
        "type": "Small Marsh",
        "svg_type": "Small Marsh",
        "source": null,
        "tags": [],
        "names": {
          "de": "Totensümpfe",
          "fr": "Marais Morts",
          "pl": "Martwe Bagna"
        },
        "wiki": {
          "title": null,
          "url": null,
          "description": null,
          "image": null
        }
      }
    },
    {
      "type": "Feature",
      "id": "text3139",
      "geometry": {
        "type": "Point",
        "coordinates": [
          9.618938,
          50.293834
        ]
      },
      "properties": {
        "id": "text3139",
        "name": "Hel Fenn",
        "category": "geographic_feature",
        "in_gazetteer": true,
        "type": "Small Marsh",
        "svg_type": "Small Marsh",
        "source": null,
        "tags": [],
        "names": {
          "de": "Hel Fenn",
          "fr": "Bonjour, À L'Étage",
          "pl": "Cześć, Na Górze"
        },
        "wiki": {
          "title": "Hel Fenn",
          "url": "https://warhammerfantasy.fandom.com/wiki/Hel_Fenn",
          "description": "Hel Fenn is a legendary cursed swamp that lies at the northern lands of Sylvania, right along the banks of the River Stir. It is best known for being the site of the infamous Battle of Hel Fenn between the forces of the Empire of Man and the Vampire Count Mannfred von Carstein in 2145 IC that brought the Vampire Wars to an end. In ages past, the tribes of Men who scratched a living from these lands used to bury their dead in this swampland in the east of Sylvania.",
          "image": "https://static.wikia.nocookie.net/warhammerfb/images/0/0c/Hel_Fenn.jpg/revision/latest?cb=20160524105901"
        }
      }
    },
    {
      "type": "Feature",
      "id": "text3140",
      "geometry": {
        "type": "Point",
        "coordinates": [
          7.994268,
          47.402539
        ]
      },
      "properties": {
        "id": "text3140",
        "name": "Albenmoor",
        "category": "geographic_feature",
        "in_gazetteer": true,
        "type": "Small Marsh",
        "svg_type": "Small Marsh",
        "source": null,
        "tags": [],
        "names": {
          "de": "Albenmoor",
          "fr": "Albenmoor",
          "pl": "Albenmoor"
        },
        "wiki": {
          "title": null,
          "url": null,
          "description": null,
          "image": null
        }
      }
    },
    {
      "type": "Feature",
      "id": "text3142",
      "geometry": {
        "type": "Point",
        "coordinates": [
          -2.982346,
          51.834947
        ]
      },
      "properties": {
        "id": "text3142",
        "name": "Grootscher Marsh",
        "category": "geographic_feature",
        "in_gazetteer": true,
        "type": "Small Marsh",
        "svg_type": "Small Marsh",
        "source": null,
        "tags": [],
        "names": {
          "de": "Grootscher-Sumpf",
          "fr": "Grootscher Marsh",
          "pl": "Bagna Grootscher"
        },
        "wiki": {
          "title": "Grootscher Marsh",
          "url": "https://warhammerfantasy.fandom.com/wiki/Grootscher_Marsh",
          "description": "The Grootscher Marsh is a large marshland located in the southwestern Empire at the convergence of the Reikland, Middenland, and the Wasteland. The marsh gained a cursed reputation among Imperial citizens when the Imperial Army lost the Battle of Grootscher Marsh in 2429 IC. This battle was one of the Empire's worst defeats in recent memory, and allowed the Wasteland and more importantly, the city-state of Marienburg, to secure its independence.",
          "image": "https://static.wikia.nocookie.net/warhammerfb/images/7/76/Sch%C3%A4delheim.png/revision/latest?cb=20180912031012"
        }
      }
    },
    {
      "type": "Feature",
      "id": "text3146",
      "geometry": {
        "type": "Point",
        "coordinates": [
          -3.676194,
          51.482088
        ]
      },
      "properties": {
        "id": "text3146",
        "name": "Uhland Bogs",
        "category": "geographic_feature",
        "in_gazetteer": true,
        "type": "Small Marsh",
        "svg_type": "Small Marsh",
        "source": null,
        "tags": [],
        "names": {
          "de": "Uhland-Moore",
          "fr": "Marais D'Uhland",
          "pl": "Bagna Uhland"
        },
        "wiki": {
          "title": "Uhland Bogs",
          "url": "https://warhammerfantasy.fandom.com/wiki/Uhland_Bogs",
          "description": "The Uhland Bogs are a region of peat bogs along the Westerfluss, the river that forms the boundary between Reikland and The Wasteland. Many people from the surrounding villages harvest blocks of peat from the bogs and use them as fuel or ship them down to be sold along the Reik. Many standing stones, of significance to the Cult of Rhya, are located in the southwest portion of the peatland.",
          "image": "https://static.wikia.nocookie.net/warhammerfb/images/9/94/Uhland_Bogs.png/revision/latest?cb=20180916214322"
        }
      }
    },
    {
      "type": "Feature",
      "id": "text3147",
      "geometry": {
        "type": "Point",
        "coordinates": [
          -0.761696,
          51.656325
        ]
      },
      "properties": {
        "id": "text3147",
        "name": "The Furdienst",
        "category": "geographic_feature",
        "in_gazetteer": true,
        "type": "Small Marsh",
        "svg_type": "Small Marsh",
        "source": null,
        "tags": [],
        "names": {
          "de": "Der Furdienst",
          "fr": "Le Furdienst",
          "pl": "Furdienst"
        },
        "wiki": {
          "title": null,
          "url": null,
          "description": null,
          "image": null
        }
      }
    },
    {
      "type": "Feature",
      "id": "text3149",
      "geometry": {
        "type": "Point",
        "coordinates": [
          -0.089314,
          51.51288
        ]
      },
      "properties": {
        "id": "text3149",
        "name": "Altdorf Flats",
        "category": "geographic_feature",
        "in_gazetteer": true,
        "type": "Small Marsh",
        "svg_type": "Small Marsh",
        "source": null,
        "tags": [],
        "names": {
          "de": "Altdorf Wohnungen",
          "fr": "Appartements Altdorf",
          "pl": "Altdorf Flats"
        },
        "wiki": {
          "title": null,
          "url": null,
          "description": null,
          "image": null
        }
      }
    },
    {
      "type": "Feature",
      "id": "text3151",
      "geometry": {
        "type": "Point",
        "coordinates": [
          0.688589,
          50.84533
        ]
      },
      "properties": {
        "id": "text3151",
        "name": "Reiker Marshes",
        "category": "geographic_feature",
        "in_gazetteer": true,
        "type": "Small Marsh",
        "svg_type": "Small Marsh",
        "source": null,
        "tags": [],
        "names": {
          "de": "Reiker-Sümpfe",
          "fr": "Marais De Reiker",
          "pl": "Bagna Reiker"
        },
        "wiki": {
          "title": "Reiker Marshes",
          "url": "https://warhammerfantasy.fandom.com/wiki/Reiker_Marshes",
          "description": "Lying between the Reiker Heights and the Hohesesienen Hills at the sluggish confluence of the River Reik and the River Teufel, the Reiker Marshes are notoriously treacherous, and inexperienced captains frequently run aground in its deceptively shallow waters. Tattered flags and corroded signposts mark the most perilous sections, but these are woefully insufficient. River guides locally known as \"huffers\" are available to guide boats through the waters for a reasonable price, most of whom gather in the towns of Prieze and Babenborn on the Reik, and in significantly fewer numbers in Buxhead on the Teufel.",
          "image": "https://static.wikia.nocookie.net/warhammerfb/images/3/3c/Reiker_Marshes.png/revision/latest?cb=20180916205210"
        }
      }
    },
    {
      "type": "Feature",
      "id": "text3153",
      "geometry": {
        "type": "Point",
        "coordinates": [
          -0.955832,
          51.545331
        ]
      },
      "properties": {
        "id": "text3153",
        "name": "Drakon Marsh",
        "category": "geographic_feature",
        "in_gazetteer": true,
        "type": "Small Marsh",
        "svg_type": "Small Marsh",
        "source": null,
        "tags": [],
        "names": {
          "de": "Drakon Marsh",
          "fr": "Marais Du Dragon",
          "pl": "Bagna Smoka"
        },
        "wiki": {
          "title": null,
          "url": null,
          "description": null,
          "image": null
        }
      }
    },
    {
      "type": "Feature",
      "id": "text3155",
      "geometry": {
        "type": "Point",
        "coordinates": [
          0.407005,
          49.522355
        ]
      },
      "properties": {
        "id": "text3155",
        "name": "The Oberslecht",
        "category": "geographic_feature",
        "in_gazetteer": true,
        "type": "Small Marsh",
        "svg_type": "Small Marsh",
        "source": null,
        "tags": [],
        "names": {
          "de": "Der Oberslecht",
          "fr": "L'Oberslecht",
          "pl": "Oberslecht"
        },
        "wiki": {
          "title": null,
          "url": null,
          "description": null,
          "image": null
        }
      }
    },
    {
      "type": "Feature",
      "id": "text3156",
      "geometry": {
        "type": "Point",
        "coordinates": [
          1.435034,
          57.515579
        ]
      },
      "properties": {
        "id": "text3156",
        "name": "Teufelsumpf",
        "category": "geographic_feature",
        "in_gazetteer": true,
        "type": "Small Marsh",
        "svg_type": "Small Marsh",
        "source": null,
        "tags": [],
        "names": {
          "de": "Teufelsumpf",
          "fr": "Marais Du Diable",
          "pl": "Bagno Diabła"
        },
        "wiki": {
          "title": null,
          "url": null,
          "description": null,
          "image": null
        }
      }
    },
    {
      "type": "Feature",
      "id": "text3157",
      "geometry": {
        "type": "Point",
        "coordinates": [
          0.200914,
          57.213075
        ]
      },
      "properties": {
        "id": "text3157",
        "name": "Hargensumpf",
        "category": "geographic_feature",
        "in_gazetteer": true,
        "type": "Small Marsh",
        "svg_type": "Small Marsh",
        "source": null,
        "tags": [],
        "names": {
          "de": "Hargensumpf",
          "fr": "Hargensumpf",
          "pl": "Hargensumpf"
        },
        "wiki": {
          "title": null,
          "url": null,
          "description": null,
          "image": null
        }
      }
    },
    {
      "type": "Feature",
      "id": "text3159",
      "geometry": {
        "type": "Point",
        "coordinates": [
          -0.31844,
          49.102068
        ]
      },
      "properties": {
        "id": "text3159",
        "name": "Ortschlamm",
        "category": "geographic_feature",
        "in_gazetteer": true,
        "type": "Small Marsh",
        "svg_type": "Small Marsh",
        "source": null,
        "tags": [],
        "names": {
          "de": "Ortschlamm",
          "fr": "Boue Locale",
          "pl": "Lokalne Błoto"
        },
        "wiki": {
          "title": null,
          "url": null,
          "description": null,
          "image": null
        }
      }
    },
    {
      "type": "Feature",
      "id": "text20464",
      "geometry": {
        "type": "Point",
        "coordinates": [
          3.911459,
          60.140257
        ]
      },
      "properties": {
        "id": "text20464",
        "name": "Bile Marshes",
        "category": "geographic_feature",
        "in_gazetteer": true,
        "type": "Small Marsh",
        "svg_type": "Small Marsh",
        "source": null,
        "tags": [],
        "names": {
          "de": "Gallensümpfe",
          "fr": "Marais Biliaires",
          "pl": "Bagna Żółciowe"
        },
        "wiki": {
          "title": null,
          "url": null,
          "description": null,
          "image": null
        }
      }
    },
    {
      "type": "Feature",
      "id": "text20465",
      "geometry": {
        "type": "Point",
        "coordinates": [
          4.66276,
          59.049111
        ]
      },
      "properties": {
        "id": "text20465",
        "name": "Tobol Saltmarshes",
        "category": "geographic_feature",
        "in_gazetteer": true,
        "type": "Small Marsh",
        "svg_type": "Small Marsh",
        "source": null,
        "tags": [],
        "names": {
          "de": "Tobol-Salzmarschen",
          "fr": "Marais Salants De Tobol",
          "pl": "Słone Bagna Tobol"
        },
        "wiki": {
          "title": null,
          "url": null,
          "description": null,
          "image": null
        }
      }
    },
    {
      "type": "Feature",
      "id": "text82",
      "geometry": {
        "type": "Point",
        "coordinates": [
          -17.248675,
          58.487054
        ]
      },
      "properties": {
        "id": "text82",
        "name": "Black Bog",
        "category": "geographic_feature",
        "in_gazetteer": true,
        "type": "Small Marsh",
        "svg_type": "Small Marsh",
        "source": null,
        "tags": [],
        "names": {
          "de": "Schwarzes Moor",
          "fr": "Marais Noir",
          "pl": "Czarne Bagno"
        },
        "wiki": {
          "title": null,
          "url": null,
          "description": null,
          "image": null
        }
      }
    },
    {
      "type": "Feature",
      "id": "text83",
      "geometry": {
        "type": "Point",
        "coordinates": [
          -19.384154,
          58.814656
        ]
      },
      "properties": {
        "id": "text83",
        "name": "Bleak Moor",
        "category": "geographic_feature",
        "in_gazetteer": true,
        "type": "Small Marsh",
        "svg_type": "Small Marsh",
        "source": null,
        "tags": [],
        "names": {
          "de": "Düsteres Moor",
          "fr": "Lande Désolée",
          "pl": "Ponure Wrzosowisko"
        },
        "wiki": {
          "title": "Bleak Moor",
          "url": "https://warhammerfantasy.fandom.com/wiki/Bleak_Moor",
          "description": "Bleak Moor is a large expanse of desolate land situated in north-eastern Albion. This treeless expanse is perpetually covered in a thick fog that is said to never lift. The landscape within the mist seems to change alarmingly, confusing travellers and making maps of the region useless.",
          "image": null
        }
      }
    },
    {
      "type": "Feature",
      "id": "text84",
      "geometry": {
        "type": "Point",
        "coordinates": [
          -12.692675,
          52.883308
        ]
      },
      "properties": {
        "id": "text84",
        "name": "The Dullian Mires",
        "category": "geographic_feature",
        "in_gazetteer": true,
        "type": "Small Marsh",
        "svg_type": "Small Marsh",
        "source": null,
        "tags": [],
        "names": {
          "de": "Die Dullian-Moore",
          "fr": "Les Marais De Dullian",
          "pl": "Bagna Dullian"
        },
        "wiki": {
          "title": null,
          "url": null,
          "description": null,
          "image": null
        }
      }
    },
    {
      "type": "Feature",
      "id": "text85",
      "geometry": {
        "type": "Point",
        "coordinates": [
          -9.835245,
          54.999104
        ]
      },
      "properties": {
        "id": "text85",
        "name": "The Mourning Meadows",
        "category": "geographic_feature",
        "in_gazetteer": true,
        "type": "Small Marsh",
        "svg_type": "Small Marsh",
        "source": null,
        "tags": [],
        "names": {
          "de": "Die Trauerwiesen",
          "fr": "Les Prairies Du Deuil",
          "pl": "Łąki Żałoby"
        },
        "wiki": {
          "title": null,
          "url": null,
          "description": null,
          "image": null
        }
      }
    },
    {
      "type": "Feature",
      "id": "text86",
      "geometry": {
        "type": "Point",
        "coordinates": [
          -5.999308,
          55.663166
        ]
      },
      "properties": {
        "id": "text86",
        "name": "Le Mollier Marshes",
        "category": "geographic_feature",
        "in_gazetteer": true,
        "type": "Small Marsh",
        "svg_type": "Small Marsh",
        "source": null,
        "tags": [],
        "names": {
          "de": "Le Mollier-Sümpfe",
          "fr": "Les Marais De Mollier",
          "pl": "Bagna Le Mollier"
        },
        "wiki": {
          "title": null,
          "url": null,
          "description": null,
          "image": null
        }
      }
    },
    {
      "type": "Feature",
      "id": "text87",
      "geometry": {
        "type": "Point",
        "coordinates": [
          -4.819876,
          55.415495
        ]
      },
      "properties": {
        "id": "text87",
        "name": "Theronde Bogs",
        "category": "geographic_feature",
        "in_gazetteer": true,
        "type": "Small Marsh",
        "svg_type": "Small Marsh",
        "source": null,
        "tags": [],
        "names": {
          "de": "Theronde-Moore",
          "fr": "Marais De Théronde",
          "pl": "Torfowiska Theronde"
        },
        "wiki": {
          "title": null,
          "url": null,
          "description": null,
          "image": null
        }
      }
    },
    {
      "type": "Feature",
      "id": "text88",
      "geometry": {
        "type": "Point",
        "coordinates": [
          -9.824185,
          50.298672
        ]
      },
      "properties": {
        "id": "text88",
        "name": "Moussillon Marshes",
        "category": "geographic_feature",
        "in_gazetteer": true,
        "type": "Small Marsh",
        "svg_type": "Small Marsh",
        "source": null,
        "tags": [],
        "names": {
          "de": "Moussillon-Sümpfe",
          "fr": "Marais De Moussillon",
          "pl": "Bagna Moussillon"
        },
        "wiki": {
          "title": null,
          "url": null,
          "description": null,
          "image": null
        }
      }
    },
    {
      "type": "Feature",
      "id": "text89",
      "geometry": {
        "type": "Point",
        "coordinates": [
          -9.506477,
          49.900235
        ]
      },
      "properties": {
        "id": "text89",
        "name": "Forsaken Marshes",
        "category": "geographic_feature",
        "in_gazetteer": true,
        "type": "Small Marsh",
        "svg_type": "Small Marsh",
        "source": null,
        "tags": [],
        "names": {
          "de": "Verlassene Sümpfe",
          "fr": "Marais Abandonnés",
          "pl": "Opuszczone Bagna"
        },
        "wiki": {
          "title": null,
          "url": null,
          "description": null,
          "image": null
        }
      }
    },
    {
      "type": "Feature",
      "id": "text90",
      "geometry": {
        "type": "Point",
        "coordinates": [
          -8.158821,
          50.647631
        ]
      },
      "properties": {
        "id": "text90",
        "name": "Marais de la Lune",
        "category": "geographic_feature",
        "in_gazetteer": true,
        "type": "Small Marsh",
        "svg_type": "Small Marsh",
        "source": null,
        "tags": [],
        "names": {
          "de": "Marais De La Lune",
          "fr": "Marais De La Lune",
          "pl": "Księżycowe Bagna"
        },
        "wiki": {
          "title": null,
          "url": null,
          "description": null,
          "image": null
        }
      }
    },
    {
      "type": "Feature",
      "id": "text91",
      "geometry": {
        "type": "Point",
        "coordinates": [
          -7.355435,
          51.186693
        ]
      },
      "properties": {
        "id": "text91",
        "name": "Rangonges Marsh",
        "category": "geographic_feature",
        "in_gazetteer": true,
        "type": "Small Marsh",
        "svg_type": "Small Marsh",
        "source": null,
        "tags": [],
        "names": {
          "de": "Rangonges Marsh",
          "fr": "Marais De Rangonges",
          "pl": "Bagna Rangonges"
        },
        "wiki": {
          "title": null,
          "url": null,
          "description": null,
          "image": null
        }
      }
    },
    {
      "type": "Feature",
      "id": "text92",
      "geometry": {
        "type": "Point",
        "coordinates": [
          -6.321581,
          51.750495
        ]
      },
      "properties": {
        "id": "text92",
        "name": "Le Bunard",
        "category": "geographic_feature",
        "in_gazetteer": true,
        "type": "Small Marsh",
        "svg_type": "Small Marsh",
        "source": null,
        "tags": [],
        "names": {
          "de": "Le Bunard",
          "fr": "Le Bunard",
          "pl": "Bunard"
        },
        "wiki": {
          "title": null,
          "url": null,
          "description": null,
          "image": null
        }
      }
    },
    {
      "type": "Feature",
      "id": "text93",
      "geometry": {
        "type": "Point",
        "coordinates": [
          -5.084602,
          50.427579
        ]
      },
      "properties": {
        "id": "text93",
        "name": "Maresquet Mires",
        "category": "geographic_feature",
        "in_gazetteer": true,
        "type": "Small Marsh",
        "svg_type": "Small Marsh",
        "source": null,
        "tags": [],
        "names": {
          "de": "Maresquet Mires",
          "fr": "Marais De Maresquet",
          "pl": "Bagna Maresquet"
        },
        "wiki": {
          "title": null,
          "url": null,
          "description": null,
          "image": null
        }
      }
    },
    {
      "type": "Feature",
      "id": "text94",
      "geometry": {
        "type": "Point",
        "coordinates": [
          -3.053352,
          48.522631
        ]
      },
      "properties": {
        "id": "text94",
        "name": "Halluin Morass",
        "category": "geographic_feature",
        "in_gazetteer": true,
        "type": "Small Marsh",
        "svg_type": "Small Marsh",
        "source": null,
        "tags": [],
        "names": {
          "de": "Halluin-Morast",
          "fr": "Marais D'Halluin",
          "pl": "Halluin Morass"
        },
        "wiki": {
          "title": null,
          "url": null,
          "description": null,
          "image": null
        }
      }
    },
    {
      "type": "Feature",
      "id": "text95",
      "geometry": {
        "type": "Point",
        "coordinates": [
          -9.479134,
          45.10336
        ]
      },
      "properties": {
        "id": "text95",
        "name": "Engoumois Marsh",
        "category": "geographic_feature",
        "in_gazetteer": true,
        "type": "Small Marsh",
        "svg_type": "Small Marsh",
        "source": null,
        "tags": [],
        "names": {
          "de": "Engoumois Marsh",
          "fr": "Engoumois Marsh",
          "pl": "Bagna Engoumois"
        },
        "wiki": {
          "title": null,
          "url": null,
          "description": null,
          "image": null
        }
      }
    },
    {
      "type": "Feature",
      "id": "text1524",
      "geometry": {
        "type": "Point",
        "coordinates": [
          2.945988,
          43.567592
        ]
      },
      "properties": {
        "id": "text1524",
        "name": "Geltensumpf",
        "category": "geographic_feature",
        "in_gazetteer": true,
        "type": "Small Marsh",
        "svg_type": "Small Marsh",
        "source": null,
        "tags": [],
        "names": {
          "de": "Geltensumpf",
          "fr": "Geltensumpf",
          "pl": "Geltensumpf"
        },
        "wiki": {
          "title": null,
          "url": null,
          "description": null,
          "image": null
        }
      }
    },
    {
      "type": "Feature",
      "id": "text5428",
      "geometry": {
        "type": "Point",
        "coordinates": [
          -6.102831,
          25.10336
        ]
      },
      "properties": {
        "id": "text5428",
        "name": "Slough Mire",
        "category": "geographic_feature",
        "in_gazetteer": true,
        "type": "Small Marsh",
        "svg_type": "Small Marsh",
        "source": null,
        "tags": [],
        "names": {
          "de": "Sumpfmoor",
          "fr": "Marais De Slough",
          "pl": "Bagna Slough"
        },
        "wiki": {
          "title": null,
          "url": null,
          "description": null,
          "image": null
        }
      }
    },
    {
      "type": "Feature",
      "id": "text3112",
      "geometry": {
        "type": "Point",
        "coordinates": [
          0.355805,
          57.586728
        ]
      },
      "properties": {
        "id": "text3112",
        "name": "Eiger Bay",
        "category": "geographic_feature",
        "in_gazetteer": true,
        "type": "Small Sea",
        "svg_type": "Small Sea",
        "source": null,
        "tags": [],
        "names": {
          "de": "Eigerbucht",
          "fr": "Baie D'Eiger",
          "pl": "Zatoka Eiger"
        },
        "wiki": {
          "title": null,
          "url": null,
          "description": null,
          "image": null
        }
      }
    },
    {
      "type": "Feature",
      "id": "text3114",
      "geometry": {
        "type": "Point",
        "coordinates": [
          2.100814,
          57.677041
        ]
      },
      "properties": {
        "id": "text3114",
        "name": "Drosselspule Bay",
        "category": "geographic_feature",
        "in_gazetteer": true,
        "type": "Small Sea",
        "svg_type": "Small Sea",
        "source": null,
        "tags": [],
        "names": {
          "de": "Drosselspule Bucht",
          "fr": "Baie De Bobine D'Accélérateur",
          "pl": "Komora Cewki Przepustnicy"
        },
        "wiki": {
          "title": null,
          "url": null,
          "description": null,
          "image": null
        }
      }
    },
    {
      "type": "Feature",
      "id": "text3118",
      "geometry": {
        "type": "Point",
        "coordinates": [
          2.763665,
          57.437373
        ]
      },
      "properties": {
        "id": "text3118",
        "name": "Kreideklippe Bight",
        "category": "geographic_feature",
        "in_gazetteer": true,
        "type": "Small Sea",
        "svg_type": "Small Sea",
        "source": null,
        "tags": [],
        "names": {
          "de": "Kreideklippe Bucht",
          "fr": "Baie De La Falaise De Craie",
          "pl": "Zatoka Kredowa"
        },
        "wiki": {
          "title": null,
          "url": null,
          "description": null,
          "image": null
        }
      }
    },
    {
      "type": "Feature",
      "id": "text3123",
      "geometry": {
        "type": "Point",
        "coordinates": [
          -0.570214,
          57.667654
        ]
      },
      "properties": {
        "id": "text3123",
        "name": "Klarwasser Bay",
        "category": "geographic_feature",
        "in_gazetteer": true,
        "type": "Small Sea",
        "svg_type": "Small Sea",
        "source": null,
        "tags": [],
        "names": {
          "de": "Klarwasserbucht",
          "fr": "Baie De Klarwasser",
          "pl": "Zatoka Klarwasser"
        },
        "wiki": {
          "title": null,
          "url": null,
          "description": null,
          "image": null
        }
      }
    },
    {
      "type": "Feature",
      "id": "text1430",
      "geometry": {
        "type": "Point",
        "coordinates": [
          5.245733,
          57.355167
        ]
      },
      "properties": {
        "id": "text1430",
        "name": "Starivoda Bay (Altwasser)",
        "category": "geographic_feature",
        "in_gazetteer": true,
        "type": "Small Sea",
        "svg_type": "Small Sea",
        "source": null,
        "tags": [],
        "names": {
          "de": "Starivoda-Bucht (Altwasser)",
          "fr": "Baie De Starivoda (Altwasser)",
          "pl": "Zatoka Starivoda (Altwasser)"
        },
        "wiki": {
          "title": null,
          "url": null,
          "description": null,
          "image": null
        }
      }
    },
    {
      "type": "Feature",
      "id": "text1455",
      "geometry": {
        "type": "Point",
        "coordinates": [
          -12.442689,
          61.568053
        ]
      },
      "properties": {
        "id": "text1455",
        "name": "Troll Fjord",
        "category": "geographic_feature",
        "in_gazetteer": true,
        "type": "Small Sea",
        "svg_type": "Small Sea",
        "source": null,
        "tags": [],
        "names": {
          "de": "Trollfjord",
          "fr": "Fjord Des Trolls",
          "pl": "Fiord Trolla"
        },
        "wiki": {
          "title": null,
          "url": null,
          "description": null,
          "image": null
        }
      }
    },
    {
      "type": "Feature",
      "id": "text1456",
      "geometry": {
        "type": "Point",
        "coordinates": [
          -12.549786,
          61.077139
        ]
      },
      "properties": {
        "id": "text1456",
        "name": "Clawfjord",
        "category": "geographic_feature",
        "in_gazetteer": true,
        "type": "Small Sea",
        "svg_type": "Small Sea",
        "source": null,
        "tags": [],
        "names": {
          "de": "Clawfjord",
          "fr": "Clawfjord",
          "pl": "Clawfjord"
        },
        "wiki": {
          "title": null,
          "url": null,
          "description": null,
          "image": null
        }
      }
    },
    {
      "type": "Feature",
      "id": "text1457",
      "geometry": {
        "type": "Point",
        "coordinates": [
          -12.708987,
          62.346106
        ]
      },
      "properties": {
        "id": "text1457",
        "name": "Midfjord",
        "category": "geographic_feature",
        "in_gazetteer": true,
        "type": "Small Sea",
        "svg_type": "Small Sea",
        "source": null,
        "tags": [],
        "names": {
          "de": "Midfjord",
          "fr": "Midfjord",
          "pl": "Midfjord"
        },
        "wiki": {
          "title": null,
          "url": null,
          "description": null,
          "image": null
        }
      }
    },
    {
      "type": "Feature",
      "id": "text1458",
      "geometry": {
        "type": "Point",
        "coordinates": [
          -12.245859,
          62.783761
        ]
      },
      "properties": {
        "id": "text1458",
        "name": "Amfjord",
        "category": "geographic_feature",
        "in_gazetteer": true,
        "type": "Small Sea",
        "svg_type": "Small Sea",
        "source": null,
        "tags": [],
        "names": {
          "de": "Amfjord",
          "fr": "Amfjord",
          "pl": "Amfjord"
        },
        "wiki": {
          "title": null,
          "url": null,
          "description": null,
          "image": null
        }
      }
    },
    {
      "type": "Feature",
      "id": "text3047",
      "geometry": {
        "type": "Point",
        "coordinates": [
          -9.582878,
          60.001408
        ]
      },
      "properties": {
        "id": "text3047",
        "name": "Pack Ice Bay",
        "category": "geographic_feature",
        "in_gazetteer": true,
        "type": "Small Sea",
        "svg_type": "Small Sea",
        "source": null,
        "tags": [],
        "names": {
          "de": "Packeisbucht",
          "fr": "Baie De La Banquise",
          "pl": "Zatoka Paku Lodowego"
        },
        "wiki": {
          "title": null,
          "url": null,
          "description": null,
          "image": null
        }
      }
    },
    {
      "type": "Feature",
      "id": "text3049",
      "geometry": {
        "type": "Point",
        "coordinates": [
          -7.122896,
          59.555192
        ]
      },
      "properties": {
        "id": "text3049",
        "name": "Icedrake Fjord",
        "category": "geographic_feature",
        "in_gazetteer": true,
        "type": "Small Sea",
        "svg_type": "Small Sea",
        "source": null,
        "tags": [],
        "names": {
          "de": "Eisdrachenfjord",
          "fr": "Fjord Du Dragon De Glace",
          "pl": "Fiord Lodowego Draka"
        },
        "wiki": {
          "title": null,
          "url": null,
          "description": null,
          "image": null
        }
      }
    },
    {
      "type": "Feature",
      "id": "text3054",
      "geometry": {
        "type": "Point",
        "coordinates": [
          0.810676,
          61.588151
        ]
      },
      "properties": {
        "id": "text3054",
        "name": "Fjaergardfjord",
        "category": "geographic_feature",
        "in_gazetteer": true,
        "type": "Small Sea",
        "svg_type": "Small Sea",
        "source": null,
        "tags": [],
        "names": {
          "de": "Fjærgårdfjord",
          "fr": "Fjärgardfjord",
          "pl": "Fjaergardfjord"
        },
        "wiki": {
          "title": null,
          "url": null,
          "description": null,
          "image": null
        }
      }
    },
    {
      "type": "Feature",
      "id": "text3055",
      "geometry": {
        "type": "Point",
        "coordinates": [
          0.810739,
          61.104662
        ]
      },
      "properties": {
        "id": "text3055",
        "name": "Bay Of Blades",
        "category": "geographic_feature",
        "in_gazetteer": true,
        "type": "Small Sea",
        "svg_type": "Small Sea",
        "source": null,
        "tags": [],
        "names": {
          "de": "Bucht Der Klingen",
          "fr": "Baie Des Lames",
          "pl": "Zatoka Ostrzy"
        },
        "wiki": {
          "title": null,
          "url": null,
          "description": null,
          "image": null
        }
      }
    },
    {
      "type": "Feature",
      "id": "text3056",
      "geometry": {
        "type": "Point",
        "coordinates": [
          2.894426,
          61.144981
        ]
      },
      "properties": {
        "id": "text3056",
        "name": "Dypvannfjord",
        "category": "geographic_feature",
        "in_gazetteer": true,
        "type": "Small Sea",
        "svg_type": "Small Sea",
        "source": null,
        "tags": [],
        "names": {
          "de": "Dypvannfjord",
          "fr": "Deepwaterfjord",
          "pl": "Fiord Głębokowodny"
        },
        "wiki": {
          "title": null,
          "url": null,
          "description": null,
          "image": null
        }
      }
    },
    {
      "type": "Feature",
      "id": "text3057",
      "geometry": {
        "type": "Point",
        "coordinates": [
          11.897693,
          63.230833
        ]
      },
      "properties": {
        "id": "text3057",
        "name": "Drakfjord",
        "category": "geographic_feature",
        "in_gazetteer": true,
        "type": "Small Sea",
        "svg_type": "Small Sea",
        "source": null,
        "tags": [],
        "names": {
          "de": "Drakfjord",
          "fr": "Drakfjord",
          "pl": "Drakfjord"
        },
        "wiki": {
          "title": null,
          "url": null,
          "description": null,
          "image": null
        }
      }
    },
    {
      "type": "Feature",
      "id": "text3058",
      "geometry": {
        "type": "Point",
        "coordinates": [
          13.985057,
          62.144364
        ]
      },
      "properties": {
        "id": "text3058",
        "name": "Ursfjord",
        "category": "geographic_feature",
        "in_gazetteer": true,
        "type": "Small Sea",
        "svg_type": "Small Sea",
        "source": null,
        "tags": [],
        "names": {
          "de": "Ursfjord",
          "fr": "Ursfjord",
          "pl": "Ursfjord"
        },
        "wiki": {
          "title": null,
          "url": null,
          "description": null,
          "image": null
        }
      }
    },
    {
      "type": "Feature",
      "id": "text13071",
      "geometry": {
        "type": "Point",
        "coordinates": [
          -1.132188,
          57.477818
        ]
      },
      "properties": {
        "id": "text13071",
        "name": "Schaukeln Bay",
        "category": "geographic_feature",
        "in_gazetteer": true,
        "type": "Small Sea",
        "svg_type": "Small Sea",
        "source": null,
        "tags": [],
        "names": {
          "de": "Schaukeln Bay",
          "fr": "Baie Des Balançoires",
          "pl": "Zatoka Huśtawek"
        },
        "wiki": {
          "title": null,
          "url": null,
          "description": null,
          "image": null
        }
      }
    },
    {
      "type": "Feature",
      "id": "text13072",
      "geometry": {
        "type": "Point",
        "coordinates": [
          -1.556577,
          57.779927
        ]
      },
      "properties": {
        "id": "text13072",
        "name": "Hochfelson Bay",
        "category": "geographic_feature",
        "in_gazetteer": true,
        "type": "Small Sea",
        "svg_type": "Small Sea",
        "source": null,
        "tags": [],
        "names": {
          "de": "Hochfelson Bay",
          "fr": "Baie De Hochfelson",
          "pl": "Zatoka Hochfelsona"
        },
        "wiki": {
          "title": null,
          "url": null,
          "description": null,
          "image": null
        }
      }
    },
    {
      "type": "Feature",
      "id": "text13073",
      "geometry": {
        "type": "Point",
        "coordinates": [
          -2.306295,
          57.540872
        ]
      },
      "properties": {
        "id": "text13073",
        "name": "Ertsund Bight",
        "category": "geographic_feature",
        "in_gazetteer": true,
        "type": "Small Sea",
        "svg_type": "Small Sea",
        "source": null,
        "tags": [],
        "names": {
          "de": "Ertsund Bucht",
          "fr": "Baie D'Ertsund",
          "pl": "Zatoka Ertsund"
        },
        "wiki": {
          "title": null,
          "url": null,
          "description": null,
          "image": null
        }
      }
    },
    {
      "type": "Feature",
      "id": "text13074",
      "geometry": {
        "type": "Point",
        "coordinates": [
          -2.412086,
          57.323179
        ]
      },
      "properties": {
        "id": "text13074",
        "name": "Dundal Bay",
        "category": "geographic_feature",
        "in_gazetteer": true,
        "type": "Small Sea",
        "svg_type": "Small Sea",
        "source": null,
        "tags": [],
        "names": {
          "de": "Dundal Bay",
          "fr": "Baie De Dundalk",
          "pl": "Zatoka Dundalk"
        },
        "wiki": {
          "title": null,
          "url": null,
          "description": null,
          "image": null
        }
      }
    },
    {
      "type": "Feature",
      "id": "text13075",
      "geometry": {
        "type": "Point",
        "coordinates": [
          -2.382587,
          57.173643
        ]
      },
      "properties": {
        "id": "text13075",
        "name": "Rotsen Bay",
        "category": "geographic_feature",
        "in_gazetteer": true,
        "type": "Small Sea",
        "svg_type": "Small Sea",
        "source": null,
        "tags": [],
        "names": {
          "de": "Rotsen Bay",
          "fr": "Baie De Rotsen",
          "pl": "Zatoka Rotsen"
        },
        "wiki": {
          "title": null,
          "url": null,
          "description": null,
          "image": null
        }
      }
    },
    {
      "type": "Feature",
      "id": "text13076",
      "geometry": {
        "type": "Point",
        "coordinates": [
          -2.117837,
          57.796944
        ]
      },
      "properties": {
        "id": "text13076",
        "name": "Ruimer's Bay",
        "category": "geographic_feature",
        "in_gazetteer": true,
        "type": "Small Sea",
        "svg_type": "Small Sea",
        "source": null,
        "tags": [],
        "names": {
          "de": "Ruimer'S Bay",
          "fr": "Baie De Ruimer",
          "pl": "Zatoka Ruimera"
        },
        "wiki": {
          "title": null,
          "url": null,
          "description": null,
          "image": null
        }
      }
    },
    {
      "type": "Feature",
      "id": "text13077",
      "geometry": {
        "type": "Point",
        "coordinates": [
          -3.479579,
          56.4104
        ]
      },
      "properties": {
        "id": "text13077",
        "name": "Noordwijk Bay",
        "category": "geographic_feature",
        "in_gazetteer": true,
        "type": "Small Sea",
        "svg_type": "Small Sea",
        "source": null,
        "tags": [],
        "names": {
          "de": "Noordwijk Bucht",
          "fr": "Baie De Noordwijk",
          "pl": "Zatoka Noordwijk"
        },
        "wiki": {
          "title": null,
          "url": null,
          "description": null,
          "image": null
        }
      }
    },
    {
      "type": "Feature",
      "id": "text57",
      "geometry": {
        "type": "Point",
        "coordinates": [
          4.774497,
          68.328781
        ]
      },
      "properties": {
        "id": "text57",
        "name": "Bloodfjord",
        "category": "geographic_feature",
        "in_gazetteer": true,
        "type": "Small Sea",
        "svg_type": "Small Sea",
        "source": null,
        "tags": [],
        "names": {
          "de": "Blutfjord",
          "fr": "Bloodfjord",
          "pl": "Krwawy Fiord"
        },
        "wiki": {
          "title": null,
          "url": null,
          "description": null,
          "image": null
        }
      }
    },
    {
      "type": "Feature",
      "id": "text8713",
      "geometry": {
        "type": "Point",
        "coordinates": [
          8.767484,
          65.933959
        ]
      },
      "properties": {
        "id": "text8713",
        "name": "Taldursfjord",
        "category": "geographic_feature",
        "in_gazetteer": true,
        "type": "Small Sea",
        "svg_type": "Small Sea",
        "source": null,
        "tags": [],
        "names": {
          "de": "Taldursfjord",
          "fr": "Taldursfjord",
          "pl": "Taldursfjord"
        },
        "wiki": {
          "title": null,
          "url": null,
          "description": null,
          "image": null
        }
      }
    },
    {
      "type": "Feature",
      "id": "text495",
      "geometry": {
        "type": "Point",
        "coordinates": [
          -12.080716,
          56.405069
        ]
      },
      "properties": {
        "id": "text495",
        "name": "Dragon's Maw",
        "category": "geographic_feature",
        "in_gazetteer": true,
        "type": "Small Sea",
        "svg_type": "Small Sea",
        "source": null,
        "tags": [],
        "names": {
          "de": "Drachenmaul",
          "fr": "Guêpe Du Dragon",
          "pl": "Smocza Papza"
        },
        "wiki": {
          "title": "Dragon's Maw",
          "url": "https://warhammerfantasy.fandom.com/wiki/Dragon%27s_Maw",
          "description": "The Dragon's Maw is a dangerous region of the Sea of Claws located north and west of the Gulf of L'Anguille off the Bretonnian coast. Any sailor with a semblance of sanity refuses to go anywhere near the region, as it has a deadly (and well-deserved) reputation, and only a very desperate or foolhardy captain would seek to navigate through the mist-shrouded waters of the Dragon's Maw. Dozens of sharp rocks rise from the water, and the tides and currents raise a constant spray from them, so that they look like teeth wreathed in smoke.",
          "image": "https://static.wikia.nocookie.net/warhammerfb/images/c/c3/Dragons_maw.png/revision/latest?cb=20160116022042"
        }
      }
    },
    {
      "type": "Feature",
      "id": "text1484",
      "geometry": {
        "type": "Point",
        "coordinates": [
          -1.054509,
          57.770774
        ]
      },
      "properties": {
        "id": "text1484",
        "name": "Manann's Teeth",
        "category": "geographic_feature",
        "in_gazetteer": true,
        "type": "Small Sea",
        "svg_type": "Small Sea",
        "source": null,
        "tags": [],
        "names": {
          "de": "Mananns Zähne",
          "fr": "Les Dents De Manann",
          "pl": "Zęby Mananna"
        },
        "wiki": {
          "title": null,
          "url": null,
          "description": null,
          "image": null
        }
      }
    },
    {
      "type": "Feature",
      "id": "text2941",
      "geometry": {
        "type": "Point",
        "coordinates": [
          -2.806752,
          59.717238
        ]
      },
      "properties": {
        "id": "text2941",
        "name": "Bay of Fins",
        "category": "geographic_feature",
        "in_gazetteer": true,
        "type": "Small Sea",
        "svg_type": "Small Sea",
        "source": null,
        "tags": [],
        "names": {
          "de": "Bay Of Fins",
          "fr": "Baie Des Ailerons",
          "pl": "Zatoka Płetw"
        },
        "wiki": {
          "title": null,
          "url": null,
          "description": null,
          "image": null
        }
      }
    },
    {
      "type": "Feature",
      "id": "text7140",
      "geometry": {
        "type": "Point",
        "coordinates": [
          8.649113,
          23.189641
        ]
      },
      "properties": {
        "id": "text7140",
        "name": "Mortis Tarn",
        "category": "geographic_feature",
        "in_gazetteer": true,
        "type": "Small Sea",
        "svg_type": "Small Sea",
        "source": null,
        "tags": [],
        "names": {
          "de": "Mortis Tarn",
          "fr": "La Mort Est Maintenant",
          "pl": "Śmierć Jest Teraz"
        },
        "wiki": {
          "title": "Mortis Tarn",
          "url": "https://warhammerfantasy.fandom.com/wiki/Mortis_Tarn",
          "description": "The Mortis Tarn, known formerly as the Vitae Tarn is a large body of lakes situated high up within the Worlds Edge Mountains, forming the source of all the waters that flows through the now polluted Great Mortis River. When Nagash grew bitter over the resent of his own people, he polluted the source of all life within Nehekhara, the Vitae Tarn with large amount of Warpstone and Dark Magic, so much so that the waters began to look sickly and became the color of blood. Ever since then, the Tarn had been the source of the pollution that still runs across Nehekhara.",
          "image": "https://static.wikia.nocookie.net/warhammerfb/images/b/b7/Warhammer_Mortis_Tarn.png/revision/latest?cb=20161118221425"
        }
      }
    },
    {
      "type": "Feature",
      "id": "text881",
      "geometry": {
        "type": "Point",
        "coordinates": [
          -8.567253,
          59.626408
        ]
      },
      "properties": {
        "id": "text881",
        "name": "Eldagrimm Gulf",
        "category": "geographic_feature",
        "in_gazetteer": false,
        "type": "Small Sea",
        "svg_type": "Small Sea",
        "source": null,
        "tags": [],
        "names": {
          "de": null,
          "fr": null,
          "pl": null
        },
        "wiki": {
          "title": null,
          "url": null,
          "description": null,
          "image": null
        }
      }
    },
    {
      "type": "Feature",
      "id": "text3111",
      "geometry": {
        "type": "Point",
        "coordinates": [
          -3.096078,
          57.410385
        ]
      },
      "properties": {
        "id": "text3111",
        "name": "Bay of Aarnau",
        "category": "geographic_feature",
        "in_gazetteer": true,
        "type": "Medium Sea",
        "svg_type": "Medium Sea",
        "source": null,
        "tags": [],
        "names": {
          "de": "Bucht Von Aarnau",
          "fr": "Baie D'Aarnau",
          "pl": "Zatoka Aarnau"
        },
        "wiki": {
          "title": null,
          "url": null,
          "description": null,
          "image": null
        }
      }
    },
    {
      "type": "Feature",
      "id": "text3121",
      "geometry": {
        "type": "Point",
        "coordinates": [
          10.498178,
          46.774163
        ]
      },
      "properties": {
        "id": "text3121",
        "name": "Varn Drazh (Black Water)",
        "category": "geographic_feature",
        "in_gazetteer": true,
        "type": "Medium Sea",
        "svg_type": "Medium Sea",
        "source": null,
        "tags": [],
        "names": {
          "de": "Varn Drazh (Schwarzwasser)",
          "fr": "Varn Drazh (Eau Noire)",
          "pl": "Varn Drazh (Czarna Woda)"
        },
        "wiki": {
          "title": "Black Water",
          "url": "https://warhammerfantasy.fandom.com/wiki/Black_Water",
          "description": "In the Dwarf language, this vast lake is known as Varn Drazh, which means Black Water, and is the name by which it is known to Men. The lake is formed from a vast crater filled with the melt water of the surrounding mountains. In the ancient past, a meteor crashed from the sky to pound this huge gaping crater out of the rock.",
          "image": "https://static.wikia.nocookie.net/warhammerfb/images/4/4d/BlackWaterMap.png/revision/latest?cb=20210220234142"
        }
      }
    },
    {
      "type": "Feature",
      "id": "text3104",
      "geometry": {
        "type": "Point",
        "coordinates": [
          -5.917383,
          40.607169
        ]
      },
      "properties": {
        "id": "text3104",
        "name": "Bay of Pearls",
        "category": "geographic_feature",
        "in_gazetteer": true,
        "type": "Medium Sea",
        "svg_type": "Medium Sea",
        "source": null,
        "tags": [],
        "names": {
          "de": "Perlenbucht",
          "fr": "Baie Des Perles",
          "pl": "Zatoka Pereł"
        },
        "wiki": {
          "title": null,
          "url": null,
          "description": null,
          "image": null
        }
      }
    },
    {
      "type": "Feature",
      "id": "text1426",
      "geometry": {
        "type": "Point",
        "coordinates": [
          -4.037583,
          55.03943
        ]
      },
      "properties": {
        "id": "text1426",
        "name": "Manannspoort Sea",
        "category": "geographic_feature",
        "in_gazetteer": true,
        "type": "Medium Sea",
        "svg_type": "Medium Sea",
        "source": null,
        "tags": [],
        "names": {
          "de": "Manannspoort Meer",
          "fr": "Manannspoort Oui",
          "pl": "Manannspoort Tak"
        },
        "wiki": {
          "title": null,
          "url": null,
          "description": null,
          "image": null
        }
      }
    },
    {
      "type": "Feature",
      "id": "text1431",
      "geometry": {
        "type": "Point",
        "coordinates": [
          -11.5594,
          46.68413
        ]
      },
      "properties": {
        "id": "text1431",
        "name": "Gulf of Bidouze",
        "category": "geographic_feature",
        "in_gazetteer": true,
        "type": "Medium Sea",
        "svg_type": "Medium Sea",
        "source": null,
        "tags": [],
        "names": {
          "de": "Golf Von Bidouze",
          "fr": "Golfe De Bidouze",
          "pl": "Zatoka Bidouze"
        },
        "wiki": {
          "title": null,
          "url": null,
          "description": null,
          "image": null
        }
      }
    },
    {
      "type": "Feature",
      "id": "text3593-9-7-11-2-8-9-44-41",
      "geometry": {
        "type": "Point",
        "coordinates": [
          -7.358258,
          39.08727
        ]
      },
      "properties": {
        "id": "text3593-9-7-11-2-8-9-44-41",
        "name": "Baia di Remas",
        "category": "geographic_feature",
        "in_gazetteer": true,
        "type": "Medium Sea",
        "svg_type": "Medium Sea",
        "source": null,
        "tags": [],
        "names": {
          "de": "Baia Di Remas",
          "fr": "Baia À Remas",
          "pl": "Baia In Remas"
        },
        "wiki": {
          "title": null,
          "url": null,
          "description": null,
          "image": null
        }
      }
    },
    {
      "type": "Feature",
      "id": "text3593-9-7-11-2-8-9-44-41-4",
      "geometry": {
        "type": "Point",
        "coordinates": [
          -8.375664,
          36.49915
        ]
      },
      "properties": {
        "id": "text3593-9-7-11-2-8-9-44-41-4",
        "name": "Baia di Verezzo",
        "category": "geographic_feature",
        "in_gazetteer": true,
        "type": "Medium Sea",
        "svg_type": "Medium Sea",
        "source": null,
        "tags": [],
        "names": {
          "de": "Baia Di Verezzo",
          "fr": "Baie De Verezzo",
          "pl": "Zatoka Verezzo"
        },
        "wiki": {
          "title": null,
          "url": null,
          "description": null,
          "image": null
        }
      }
    },
    {
      "type": "Feature",
      "id": "text3593-9-7-11-2-8-9-4-3-9-16",
      "geometry": {
        "type": "Point",
        "coordinates": [
          -10.871782,
          50.315714
        ]
      },
      "properties": {
        "id": "text3593-9-7-11-2-8-9-4-3-9-16",
        "name": "Moussille Bay",
        "category": "geographic_feature",
        "in_gazetteer": true,
        "type": "Medium Sea",
        "svg_type": "Medium Sea",
        "source": null,
        "tags": [],
        "names": {
          "de": "Moussille-Bucht",
          "fr": "Baie De Moussille",
          "pl": "Zatoka Moussille"
        },
        "wiki": {
          "title": null,
          "url": null,
          "description": null,
          "image": null
        }
      }
    },
    {
      "type": "Feature",
      "id": "text3593-9-7-11-2-8-9-4-3-9-16-6",
      "geometry": {
        "type": "Point",
        "coordinates": [
          -10.64118,
          56.2521
        ]
      },
      "properties": {
        "id": "text3593-9-7-11-2-8-9-4-3-9-16-6",
        "name": "Bay of L'Anguille",
        "category": "geographic_feature",
        "in_gazetteer": true,
        "type": "Medium Sea",
        "svg_type": "Medium Sea",
        "source": null,
        "tags": [],
        "names": {
          "de": "Bucht Von L'Anguille",
          "fr": "Baie De L'Anguille",
          "pl": "Zatoka L'Anguille"
        },
        "wiki": {
          "title": null,
          "url": null,
          "description": null,
          "image": null
        }
      }
    },
    {
      "type": "Feature",
      "id": "text1294-8",
      "geometry": {
        "type": "Point",
        "coordinates": [
          -19.795757,
          45.582072
        ]
      },
      "properties": {
        "id": "text1294-8",
        "name": "Bahía de Muros",
        "category": "geographic_feature",
        "in_gazetteer": true,
        "type": "Medium Sea",
        "svg_type": "Medium Sea",
        "source": null,
        "tags": [],
        "names": {
          "de": "Bahía De Muros",
          "fr": "Baie De Muros",
          "pl": "Zatoka Muros"
        },
        "wiki": {
          "title": null,
          "url": null,
          "description": null,
          "image": null
        }
      }
    },
    {
      "type": "Feature",
      "id": "text1299-5",
      "geometry": {
        "type": "Point",
        "coordinates": [
          -19.685694,
          41.406284
        ]
      },
      "properties": {
        "id": "text1299-5",
        "name": "Gulfo Naranja",
        "category": "geographic_feature",
        "in_gazetteer": true,
        "type": "Medium Sea",
        "svg_type": "Medium Sea",
        "source": null,
        "tags": [],
        "names": {
          "de": "Gulfo Naranja",
          "fr": "Golfe D'Orange",
          "pl": "Pomarańczowa Zatoka"
        },
        "wiki": {
          "title": null,
          "url": null,
          "description": null,
          "image": null
        }
      }
    },
    {
      "type": "Feature",
      "id": "text1304-1",
      "geometry": {
        "type": "Point",
        "coordinates": [
          -13.515382,
          38.585163
        ]
      },
      "properties": {
        "id": "text1304-1",
        "name": "Bahía de Las Águilas",
        "category": "geographic_feature",
        "in_gazetteer": true,
        "type": "Medium Sea",
        "svg_type": "Medium Sea",
        "source": null,
        "tags": [],
        "names": {
          "de": "Bahía De Las Águilas",
          "fr": "Eagle Bay",
          "pl": "Zatoka Orła"
        },
        "wiki": {
          "title": null,
          "url": null,
          "description": null,
          "image": null
        }
      }
    },
    {
      "type": "Feature",
      "id": "text1307-2",
      "geometry": {
        "type": "Point",
        "coordinates": [
          -6.845765,
          40.246961
        ]
      },
      "properties": {
        "id": "text1307-2",
        "name": "Golfo di Miragliano",
        "category": "geographic_feature",
        "in_gazetteer": true,
        "type": "Medium Sea",
        "svg_type": "Medium Sea",
        "source": null,
        "tags": [],
        "names": {
          "de": "Golf Von Miragliano",
          "fr": "Golfe De Miragliano",
          "pl": "Zatoka Miragliano"
        },
        "wiki": {
          "title": null,
          "url": null,
          "description": null,
          "image": null
        }
      }
    },
    {
      "type": "Feature",
      "id": "text1314-1",
      "geometry": {
        "type": "Point",
        "coordinates": [
          -7.290211,
          37.338567
        ]
      },
      "properties": {
        "id": "text1314-1",
        "name": "Baia di Olesi",
        "category": "geographic_feature",
        "in_gazetteer": true,
        "type": "Medium Sea",
        "svg_type": "Medium Sea",
        "source": null,
        "tags": [],
        "names": {
          "de": "Baia Di Olesi",
          "fr": "Baie Olesi",
          "pl": "Zatoka Olesi"
        },
        "wiki": {
          "title": null,
          "url": null,
          "description": null,
          "image": null
        }
      }
    },
    {
      "type": "Feature",
      "id": "text7170",
      "geometry": {
        "type": "Point",
        "coordinates": [
          -14.086821,
          53.611187
        ]
      },
      "properties": {
        "id": "text7170",
        "name": "Lyonen Bay",
        "category": "geographic_feature",
        "in_gazetteer": true,
        "type": "Medium Sea",
        "svg_type": "Medium Sea",
        "source": null,
        "tags": [],
        "names": {
          "de": "Lyonen Bay",
          "fr": "Baie De Lyonen",
          "pl": "Zatoka Lyonen"
        },
        "wiki": {
          "title": null,
          "url": null,
          "description": null,
          "image": null
        }
      }
    },
    {
      "type": "Feature",
      "id": "text1434",
      "geometry": {
        "type": "Point",
        "coordinates": [
          -9.047276,
          33.58597
        ]
      },
      "properties": {
        "id": "text1434",
        "name": "Pirate's Current",
        "category": "geographic_feature",
        "in_gazetteer": true,
        "type": "Medium Sea",
        "svg_type": "Medium Sea",
        "source": null,
        "tags": [],
        "names": {
          "de": "Piratenstrom",
          "fr": "Courant Pirate",
          "pl": "Prąd Pirata"
        },
        "wiki": {
          "title": "Pirate's Current",
          "url": "https://warhammerfantasy.fandom.com/wiki/Pirate%27s_Current",
          "description": "The Pirate's Current, also spelled Pirates Current,{ or Pirates' Current, is a powerful and deadly sea current that flows through the strait between the island of Sartosa and the Tilean mainland to the north. It is one of the pirate city's most effective defences, especially against sea-borne assaults. The current is so dangerous that it makes it impossible for any ship to land on the north side of the island.",
          "image": "https://static.wikia.nocookie.net/warhammerfb/images/b/b3/Sartosa_MoW_Corsairs.png/revision/latest?cb=20250301131115"
        }
      }
    },
    {
      "type": "Feature",
      "id": "text1436",
      "geometry": {
        "type": "Point",
        "coordinates": [
          -9.465605,
          41.000167
        ]
      },
      "properties": {
        "id": "text1436",
        "name": "Golfo di Fodore",
        "category": "geographic_feature",
        "in_gazetteer": true,
        "type": "Medium Sea",
        "svg_type": "Medium Sea",
        "source": null,
        "tags": [],
        "names": {
          "de": "Golfo Di Fodore",
          "fr": "Golfe De Fodore",
          "pl": "Zatoka Fodore"
        },
        "wiki": {
          "title": "Golfo di Fodore",
          "url": "https://warhammerfantasy.fandom.com/wiki/Golfo_di_Fodore",
          "description": "The Golfo di Fodore, also known as the Golfo di Forore, is a gulf of the north-western Tilean Sea embraced by the coasts of Tobaro and the Blighted Marshes.",
          "image": "https://static.wikia.nocookie.net/warhammerfb/images/0/03/Tobaro_borders.png/revision/latest?cb=20250123201725"
        }
      }
    },
    {
      "type": "Feature",
      "id": "text1438",
      "geometry": {
        "type": "Point",
        "coordinates": [
          -16.204251,
          40.89209
        ]
      },
      "properties": {
        "id": "text1438",
        "name": "Bahía de la Quietud",
        "category": "geographic_feature",
        "in_gazetteer": true,
        "type": "Medium Sea",
        "svg_type": "Medium Sea",
        "source": null,
        "tags": [],
        "names": {
          "de": "Bahía De La Quietud",
          "fr": "Baie De La Tranquillité",
          "pl": "Zatoka Spokoju"
        },
        "wiki": {
          "title": null,
          "url": null,
          "description": null,
          "image": null
        }
      }
    },
    {
      "type": "Feature",
      "id": "text1441",
      "geometry": {
        "type": "Point",
        "coordinates": [
          -16.504584,
          47.710692
        ]
      },
      "properties": {
        "id": "text1441",
        "name": "Bahía de Bilbali",
        "category": "geographic_feature",
        "in_gazetteer": true,
        "type": "Medium Sea",
        "svg_type": "Medium Sea",
        "source": null,
        "tags": [],
        "names": {
          "de": "Bahía De Bilbali",
          "fr": "Baie De Bilbali",
          "pl": "Zatoka Bilbali"
        },
        "wiki": {
          "title": null,
          "url": null,
          "description": null,
          "image": null
        }
      }
    },
    {
      "type": "Feature",
      "id": "text1444",
      "geometry": {
        "type": "Point",
        "coordinates": [
          -1.682116,
          36.074494
        ]
      },
      "properties": {
        "id": "text1444",
        "name": "Laguna de la Lagrime",
        "category": "geographic_feature",
        "in_gazetteer": true,
        "type": "Medium Sea",
        "svg_type": "Medium Sea",
        "source": null,
        "tags": [],
        "names": {
          "de": "Laguna De La Lagrime",
          "fr": "La Lagune Des Larmes",
          "pl": "Laguna Łez"
        },
        "wiki": {
          "title": null,
          "url": null,
          "description": null,
          "image": null
        }
      }
    },
    {
      "type": "Feature",
      "id": "text1449",
      "geometry": {
        "type": "Point",
        "coordinates": [
          1.60721,
          60.845388
        ]
      },
      "properties": {
        "id": "text1449",
        "name": "Gulf of the Maelstrom",
        "category": "geographic_feature",
        "in_gazetteer": true,
        "type": "Medium Sea",
        "svg_type": "Medium Sea",
        "source": null,
        "tags": [],
        "names": {
          "de": "Golf Des Mahlstroms",
          "fr": "Golfe Du Maelström",
          "pl": "Zatoka Maelstromu"
        },
        "wiki": {
          "title": null,
          "url": null,
          "description": null,
          "image": null
        }
      }
    },
    {
      "type": "Feature",
      "id": "text3045",
      "geometry": {
        "type": "Point",
        "coordinates": [
          -12.672575,
          60.078432
        ]
      },
      "properties": {
        "id": "text3045",
        "name": "Bay of Taaketskog",
        "category": "geographic_feature",
        "in_gazetteer": true,
        "type": "Medium Sea",
        "svg_type": "Medium Sea",
        "source": null,
        "tags": [],
        "names": {
          "de": "Bucht Von Taaketskog",
          "fr": "Baie De Taaketskog",
          "pl": "Zatoka Taaketskog"
        },
        "wiki": {
          "title": null,
          "url": null,
          "description": null,
          "image": null
        }
      }
    },
    {
      "type": "Feature",
      "id": "text3053",
      "geometry": {
        "type": "Point",
        "coordinates": [
          -0.422077,
          59.968106
        ]
      },
      "properties": {
        "id": "text3053",
        "name": "Sea of Soerligslette",
        "category": "geographic_feature",
        "in_gazetteer": true,
        "type": "Medium Sea",
        "svg_type": "Medium Sea",
        "source": null,
        "tags": [],
        "names": {
          "de": "Meer Von Sörligslette",
          "fr": "Mer De Soerligslette",
          "pl": "Morze Sørligslette"
        },
        "wiki": {
          "title": null,
          "url": null,
          "description": null,
          "image": null
        }
      }
    },
    {
      "type": "Feature",
      "id": "text3061",
      "geometry": {
        "type": "Point",
        "coordinates": [
          -5.494637,
          65.625799
        ]
      },
      "properties": {
        "id": "text3061",
        "name": "Varg Sea",
        "category": "geographic_feature",
        "in_gazetteer": true,
        "type": "Medium Sea",
        "svg_type": "Medium Sea",
        "source": null,
        "tags": [],
        "names": {
          "de": "Varg-Meer",
          "fr": "Mer Du Loup",
          "pl": "Morze Wilka"
        },
        "wiki": {
          "title": null,
          "url": null,
          "description": null,
          "image": null
        }
      }
    },
    {
      "type": "Feature",
      "id": "text8871",
      "geometry": {
        "type": "Point",
        "coordinates": [
          -3.701669,
          34.677108
        ]
      },
      "properties": {
        "id": "text8871",
        "name": "Bay of Wrecks",
        "category": "geographic_feature",
        "in_gazetteer": true,
        "type": "Medium Sea",
        "svg_type": "Medium Sea",
        "source": null,
        "tags": [],
        "names": {
          "de": "Bucht Der Wracks",
          "fr": "Baie Des Épaves",
          "pl": "Zatoka Wraków"
        },
        "wiki": {
          "title": "Bay of Wrecks",
          "url": "https://warhammerfantasy.fandom.com/wiki/Bay_of_Wrecks",
          "description": "The Bay of Wrecks separates the lands of Tilea from the Border Princes. It is part of the Lagoon of Tears. Though seemingly deep and tranquil, the waters of the Bay of Wrecks conceal jagged rocks that claim many vessels.",
          "image": null
        }
      }
    },
    {
      "type": "Feature",
      "id": "text8872",
      "geometry": {
        "type": "Point",
        "coordinates": [
          -8.196176,
          26.305051
        ]
      },
      "properties": {
        "id": "text8872",
        "name": "The Charnal Deeps",
        "category": "geographic_feature",
        "in_gazetteer": true,
        "type": "Medium Sea",
        "svg_type": "Medium Sea",
        "source": null,
        "tags": [],
        "names": {
          "de": "Die Charnal-Tiefen",
          "fr": "Les Profondeurs Charnal",
          "pl": "Głębie Charnal"
        },
        "wiki": {
          "title": null,
          "url": null,
          "description": null,
          "image": null
        }
      }
    },
    {
      "type": "Feature",
      "id": "text8871-8",
      "geometry": {
        "type": "Point",
        "coordinates": [
          -21.943142,
          29.310504
        ]
      },
      "properties": {
        "id": "text8871-8",
        "name": "Bay of Al-Haikk",
        "category": "geographic_feature",
        "in_gazetteer": true,
        "type": "Medium Sea",
        "svg_type": "Medium Sea",
        "source": null,
        "tags": [],
        "names": {
          "de": "Bucht Von Al-Haikk",
          "fr": "Baie D'Al-Haïkk",
          "pl": "Zatoka Al-Haikk"
        },
        "wiki": {
          "title": null,
          "url": null,
          "description": null,
          "image": null
        }
      }
    },
    {
      "type": "Feature",
      "id": "text17187",
      "geometry": {
        "type": "Point",
        "coordinates": [
          10.505572,
          68.20578
        ]
      },
      "properties": {
        "id": "text17187",
        "name": "Fell Waters",
        "category": "geographic_feature",
        "in_gazetteer": true,
        "type": "Medium Sea",
        "svg_type": "Medium Sea",
        "source": null,
        "tags": [],
        "names": {
          "de": "Fell Waters",
          "fr": "Eaux De Fell",
          "pl": "Wody Spadkowe"
        },
        "wiki": {
          "title": null,
          "url": null,
          "description": null,
          "image": null
        }
      }
    },
    {
      "type": "Feature",
      "id": "text17188",
      "geometry": {
        "type": "Point",
        "coordinates": [
          -7.202762,
          69.20578
        ]
      },
      "properties": {
        "id": "text17188",
        "name": "Kraken Bay",
        "category": "geographic_feature",
        "in_gazetteer": true,
        "type": "Medium Sea",
        "svg_type": "Medium Sea",
        "source": null,
        "tags": [],
        "names": {
          "de": "Kraken Bay",
          "fr": "Baie Du Kraken",
          "pl": "Zatoka Krakena"
        },
        "wiki": {
          "title": null,
          "url": null,
          "description": null,
          "image": null
        }
      }
    },
    {
      "type": "Feature",
      "id": "text486",
      "geometry": {
        "type": "Point",
        "coordinates": [
          -16.455699,
          27.807901
        ]
      },
      "properties": {
        "id": "text486",
        "name": "The Pirate Coast",
        "category": "geographic_feature",
        "in_gazetteer": true,
        "type": "Medium Sea",
        "svg_type": "Medium Sea",
        "source": null,
        "tags": [],
        "names": {
          "de": "Die Piratenküste",
          "fr": "La Côte Des Pirates",
          "pl": "Wybrzeże Piratów"
        },
        "wiki": {
          "title": null,
          "url": null,
          "description": null,
          "image": null
        }
      }
    },
    {
      "type": "Feature",
      "id": "text2916",
      "geometry": {
        "type": "Point",
        "coordinates": [
          -35.784357,
          21.746504
        ]
      },
      "properties": {
        "id": "text2916",
        "name": "Shark Straits",
        "category": "geographic_feature",
        "in_gazetteer": true,
        "type": "Medium Sea",
        "svg_type": "Medium Sea",
        "source": null,
        "tags": [],
        "names": {
          "de": "Haifischstraße",
          "fr": "Détroit Des Requins",
          "pl": "Cieśnina Rekina"
        },
        "wiki": {
          "title": null,
          "url": null,
          "description": null,
          "image": null
        }
      }
    },
    {
      "type": "Feature",
      "id": "text3242",
      "geometry": {
        "type": "Point",
        "coordinates": [
          -53.297308,
          32.727171
        ]
      },
      "properties": {
        "id": "text3242",
        "name": "Elaranna Bay",
        "category": "geographic_feature",
        "in_gazetteer": true,
        "type": "Medium Sea",
        "svg_type": "Medium Sea",
        "source": null,
        "tags": [],
        "names": {
          "de": "Elaranna-Bucht",
          "fr": "Baie D'Elaranna",
          "pl": "Zatoka Elaranna"
        },
        "wiki": {
          "title": null,
          "url": null,
          "description": null,
          "image": null
        }
      }
    },
    {
      "type": "Feature",
      "id": "text3243",
      "geometry": {
        "type": "Point",
        "coordinates": [
          -50.770874,
          24.985824
        ]
      },
      "properties": {
        "id": "text3243",
        "name": "Bay of Tears",
        "category": "geographic_feature",
        "in_gazetteer": true,
        "type": "Medium Sea",
        "svg_type": "Medium Sea",
        "source": null,
        "tags": [],
        "names": {
          "de": "Tränenbuch",
          "fr": "Baie Des Larmes",
          "pl": "Zatoka Łez"
        },
        "wiki": {
          "title": null,
          "url": null,
          "description": null,
          "image": null
        }
      }
    },
    {
      "type": "Feature",
      "id": "text3244",
      "geometry": {
        "type": "Point",
        "coordinates": [
          -56.9065,
          22.908698
        ]
      },
      "properties": {
        "id": "text3244",
        "name": "Straits of Lothern",
        "category": "geographic_feature",
        "in_gazetteer": true,
        "type": "Medium Sea",
        "svg_type": "Medium Sea",
        "source": null,
        "tags": [],
        "names": {
          "de": "Straße Von Lothern",
          "fr": "Détroit De Lothern",
          "pl": "Cieśnina Lothern"
        },
        "wiki": {
          "title": "Straits of Lothern",
          "url": "https://warhammerfantasy.fandom.com/wiki/Straits_of_Lothern",
          "description": "The Straits of Lothern is the name given to the gap between the jagged fangs of rock that Lothern's Emerald and Sapphire Gates are built atop. Sandbars rise and fall throughout the channel in unpredictable ways, tides can change in a heartbeat whilst winds that had been gentle can become dangerously unpredictable squalls, dashing ships against the cliffs. All of this makes navigation hazardous for even the most experienced captains.",
          "image": null
        }
      }
    },
    {
      "type": "Feature",
      "id": "text879",
      "geometry": {
        "type": "Point",
        "coordinates": [
          -15.203681,
          60.356266
        ]
      },
      "properties": {
        "id": "text879",
        "name": "Gloomwrack Straits",
        "category": "geographic_feature",
        "in_gazetteer": false,
        "type": "Medium Sea",
        "svg_type": "Medium Sea",
        "source": null,
        "tags": [],
        "names": {
          "de": null,
          "fr": null,
          "pl": null
        },
        "wiki": {
          "title": null,
          "url": null,
          "description": null,
          "image": null
        }
      }
    },
    {
      "type": "Feature",
      "id": "text886",
      "geometry": {
        "type": "Point",
        "coordinates": [
          1.24333,
          66.939537
        ]
      },
      "properties": {
        "id": "text886",
        "name": "Nordlig Sea",
        "category": "geographic_feature",
        "in_gazetteer": true,
        "type": "Small Sea",
        "svg_type": "Medium Sea",
        "source": null,
        "tags": [],
        "names": {
          "de": "Nordlig Meer",
          "fr": "Mer Du Nord",
          "pl": "Morze Północne"
        },
        "wiki": {
          "title": null,
          "url": null,
          "description": null,
          "image": null
        }
      }
    },
    {
      "type": "Feature",
      "id": "text3109",
      "geometry": {
        "type": "Point",
        "coordinates": [
          -5.690817,
          57.024699
        ]
      },
      "properties": {
        "id": "text3109",
        "name": "Sea of Couronne",
        "category": "geographic_feature",
        "in_gazetteer": true,
        "type": "Large Sea",
        "svg_type": "Large Sea",
        "source": null,
        "tags": [],
        "names": {
          "de": "Meer Von Couronne",
          "fr": "Sea Of Couronne",
          "pl": "Morze Korony"
        },
        "wiki": {
          "title": null,
          "url": null,
          "description": null,
          "image": null
        }
      }
    },
    {
      "type": "Feature",
      "id": "text1406",
      "geometry": {
        "type": "Point",
        "coordinates": [
          -13.864962,
          57.446664
        ]
      },
      "properties": {
        "id": "text1406",
        "name": "Middle Sea",
        "category": "geographic_feature",
        "in_gazetteer": true,
        "type": "Large Sea",
        "svg_type": "Large Sea",
        "source": null,
        "tags": [],
        "names": {
          "de": "Mittelmeer",
          "fr": "Mer Moyenne",
          "pl": "Morze Środkowe"
        },
        "wiki": {
          "title": "Middle Sea",
          "url": "https://warhammerfantasy.fandom.com/wiki/Middle_Sea",
          "description": "Not to be confused with the Southern Sea. The Middle Sea is the stretch of the Great Ocean adjacent to the northern coast of Bretonnia in the Old World. It is surrounded by the Southern Sea to the south and by the Sea of Claws to the east.",
          "image": "https://static.wikia.nocookie.net/warhammerfb/images/a/ab/The_Old_World_Map_Advanced_Heroquest.png/revision/latest?cb=20230206172238"
        }
      }
    },
    {
      "type": "Feature",
      "id": "text1409",
      "geometry": {
        "type": "Point",
        "coordinates": [
          -12.220863,
          48.258229
        ]
      },
      "properties": {
        "id": "text1409",
        "name": "The Silent Sea",
        "category": "geographic_feature",
        "in_gazetteer": true,
        "type": "Large Sea",
        "svg_type": "Large Sea",
        "source": null,
        "tags": [],
        "names": {
          "de": "Das Stille Meer",
          "fr": "La Mer Silencieuse",
          "pl": "Ciche Morze"
        },
        "wiki": {
          "title": null,
          "url": null,
          "description": null,
          "image": null
        }
      }
    },
    {
      "type": "Feature",
      "id": "text1442",
      "geometry": {
        "type": "Point",
        "coordinates": [
          -2.495049,
          33.808953
        ]
      },
      "properties": {
        "id": "text1442",
        "name": "The Black Gulf",
        "category": "geographic_feature",
        "in_gazetteer": true,
        "type": "Large Sea",
        "svg_type": "Large Sea",
        "source": null,
        "tags": [],
        "names": {
          "de": "Der Schwarze Golf",
          "fr": "Le Golfe Noir",
          "pl": "Czarna Zatoka"
        },
        "wiki": {
          "title": null,
          "url": null,
          "description": null,
          "image": null
        }
      }
    },
    {
      "type": "Feature",
      "id": "text1450",
      "geometry": {
        "type": "Point",
        "coordinates": [
          -2.189231,
          67.953555
        ]
      },
      "properties": {
        "id": "text1450",
        "name": "Kraken Sea",
        "category": "geographic_feature",
        "in_gazetteer": true,
        "type": "Large Sea",
        "svg_type": "Large Sea",
        "source": null,
        "tags": [],
        "names": {
          "de": "Krakenmeer",
          "fr": "Mer Du Kraken",
          "pl": "Morze Krakena"
        },
        "wiki": {
          "title": null,
          "url": null,
          "description": null,
          "image": null
        }
      }
    },
    {
      "type": "Feature",
      "id": "text1451",
      "geometry": {
        "type": "Point",
        "coordinates": [
          11.655007,
          66.493685
        ]
      },
      "properties": {
        "id": "text1451",
        "name": "The Frozen Sea",
        "category": "geographic_feature",
        "in_gazetteer": true,
        "type": "Large Sea",
        "svg_type": "Large Sea",
        "source": null,
        "tags": [],
        "names": {
          "de": "Das Gefrorene Meer",
          "fr": "La Mer Gelée",
          "pl": "Zamarznięte Morze"
        },
        "wiki": {
          "title": null,
          "url": null,
          "description": null,
          "image": null
        }
      }
    },
    {
      "type": "Feature",
      "id": "text7501",
      "geometry": {
        "type": "Point",
        "coordinates": [
          3.118395,
          58.43286
        ]
      },
      "properties": {
        "id": "text7501",
        "name": "Gulf of Kislev",
        "category": "geographic_feature",
        "in_gazetteer": true,
        "type": "Large Sea",
        "svg_type": "Large Sea",
        "source": null,
        "tags": [],
        "names": {
          "de": "Golf Von Kislev",
          "fr": "Golfe De Kislev",
          "pl": "Zatoka Kislewska"
        },
        "wiki": {
          "title": null,
          "url": null,
          "description": null,
          "image": null
        }
      }
    },
    {
      "type": "Feature",
      "id": "text5407",
      "geometry": {
        "type": "Point",
        "coordinates": [
          10.060408,
          29.100367
        ]
      },
      "properties": {
        "id": "text5407",
        "name": "The Sour Sea",
        "category": "geographic_feature",
        "in_gazetteer": true,
        "type": "Large Sea",
        "svg_type": "Large Sea",
        "source": null,
        "tags": [],
        "names": {
          "de": "Das Saure Meer",
          "fr": "La Mer Aigre",
          "pl": "Kwaśne Morze"
        },
        "wiki": {
          "title": null,
          "url": null,
          "description": null,
          "image": null
        }
      }
    },
    {
      "type": "Feature",
      "id": "text5408",
      "geometry": {
        "type": "Point",
        "coordinates": [
          16.081243,
          25.433699
        ]
      },
      "properties": {
        "id": "text5408",
        "name": "The Straits of Nagash",
        "category": "geographic_feature",
        "in_gazetteer": true,
        "type": "Large Sea",
        "svg_type": "Large Sea",
        "source": null,
        "tags": [],
        "names": {
          "de": "Die Straße Von Nagash",
          "fr": "Le Détroit De Nagash",
          "pl": "Cieśnina Nagash"
        },
        "wiki": {
          "title": null,
          "url": null,
          "description": null,
          "image": null
        }
      }
    },
    {
      "type": "Feature",
      "id": "text8873",
      "geometry": {
        "type": "Point",
        "coordinates": [
          -8.899525,
          27.311719
        ]
      },
      "properties": {
        "id": "text8873",
        "name": "Gulf of Nehekhara",
        "category": "geographic_feature",
        "in_gazetteer": true,
        "type": "Large Sea",
        "svg_type": "Large Sea",
        "source": null,
        "tags": [],
        "names": {
          "de": "Golf Von Nehekhara",
          "fr": "Golfe De Nehekhara",
          "pl": "Zatoka Nehekhara"
        },
        "wiki": {
          "title": null,
          "url": null,
          "description": null,
          "image": null
        }
      }
    },
    {
      "type": "Feature",
      "id": "text8874",
      "geometry": {
        "type": "Point",
        "coordinates": [
          -19.580371,
          29.170714
        ]
      },
      "properties": {
        "id": "text8874",
        "name": "Sea of Araby",
        "category": "geographic_feature",
        "in_gazetteer": true,
        "type": "Large Sea",
        "svg_type": "Large Sea",
        "source": null,
        "tags": [],
        "names": {
          "de": "Arabisches Meer",
          "fr": "Mer D'Arabie",
          "pl": "Morze Arabskie"
        },
        "wiki": {
          "title": null,
          "url": null,
          "description": null,
          "image": null
        }
      }
    },
    {
      "type": "Feature",
      "id": "text8875",
      "geometry": {
        "type": "Point",
        "coordinates": [
          -32.749342,
          24.585366
        ]
      },
      "properties": {
        "id": "text8875",
        "name": "Bay of Corsairs",
        "category": "geographic_feature",
        "in_gazetteer": true,
        "type": "Large Sea",
        "svg_type": "Large Sea",
        "source": null,
        "tags": [],
        "names": {
          "de": "Bucht Der Korsaren",
          "fr": "Baie Des Corsairs",
          "pl": "Zatoka Korsarzy"
        },
        "wiki": {
          "title": null,
          "url": null,
          "description": null,
          "image": null
        }
      }
    },
    {
      "type": "Feature",
      "id": "text2919",
      "geometry": {
        "type": "Point",
        "coordinates": [
          20.98679,
          15.98397
        ]
      },
      "properties": {
        "id": "text2919",
        "name": "Gulf of Fear",
        "category": "geographic_feature",
        "in_gazetteer": true,
        "type": "Large Sea",
        "svg_type": "Large Sea",
        "source": null,
        "tags": [],
        "names": {
          "de": "Golf Der Angst",
          "fr": "Golfe De La Peur",
          "pl": "Zatoka Strachu"
        },
        "wiki": {
          "title": null,
          "url": null,
          "description": null,
          "image": null
        }
      }
    },
    {
      "type": "Feature",
      "id": "text2920",
      "geometry": {
        "type": "Point",
        "coordinates": [
          20.163873,
          21.348554
        ]
      },
      "properties": {
        "id": "text2920",
        "name": "Bitter Sea",
        "category": "geographic_feature",
        "in_gazetteer": true,
        "type": "Large Sea",
        "svg_type": "Large Sea",
        "source": null,
        "tags": [],
        "names": {
          "de": "Bitteres Meer",
          "fr": "Mer Amère",
          "pl": "Gorzkie Morze"
        },
        "wiki": {
          "title": "Bitter Sea",
          "url": "https://warhammerfantasy.fandom.com/wiki/Bitter_Sea",
          "description": "The Bitter Sea, formally known as the Crystal Sea, is a body of water east of the Land of the Dead, north-east of Lybaras, and south from the Plain of Bones. To the north-west, it is connected by the Straits of Nagash to the polluted Sour Sea. The sea most likely got its name from the contaminated waters high up in the Worlds Edge Mountains, where the Sour Sea is located, its waters being polluted by huge amounts of warpstone that run off from the warpstone fragment that struck Cripple Peak many centuries ago, as well as the pollutants caused by the River Ruin that feeds into the Sea of Dread.",
          "image": null
        }
      }
    },
    {
      "type": "Feature",
      "id": "text3240",
      "geometry": {
        "type": "Point",
        "coordinates": [
          -59.751985,
          31.081911
        ]
      },
      "properties": {
        "id": "text3240",
        "name": "Sea of Dusk",
        "category": "geographic_feature",
        "in_gazetteer": true,
        "type": "Large Sea",
        "svg_type": "Large Sea",
        "source": null,
        "tags": [],
        "names": {
          "de": "Meer Der Zwiebel",
          "fr": "Mer Du Crépuscule",
          "pl": "Morze Zmierzchu"
        },
        "wiki": {
          "title": "Sea of Dusk",
          "url": "https://warhammerfantasy.fandom.com/wiki/Sea_of_Dusk",
          "description": "The Sea of Dusk is one of two bodies of water that comprise the Inner Sea of Ulthuan. It breaks against the Bleak Coast, Caledor, Ellyrion, and western Avelorn. It also surrounds the Gaean Vale.",
          "image": "https://static.wikia.nocookie.net/warhammerfb/images/b/bd/452px-Ulthuan.jpg/revision/latest?cb=20160307170309"
        }
      }
    },
    {
      "type": "Feature",
      "id": "text3241",
      "geometry": {
        "type": "Point",
        "coordinates": [
          -54.50761,
          29.107902
        ]
      },
      "properties": {
        "id": "text3241",
        "name": "Sea of Dreams",
        "category": "geographic_feature",
        "in_gazetteer": true,
        "type": "Large Sea",
        "svg_type": "Large Sea",
        "source": null,
        "tags": [],
        "names": {
          "de": "Meer Der Träume",
          "fr": "Mer Des Rêves",
          "pl": "Morze Marzeń"
        },
        "wiki": {
          "title": "Sea of Dreams",
          "url": "https://warhammerfantasy.fandom.com/wiki/Sea_of_Dreams",
          "description": "The Sea of Dreams is one of the two masses of water comprising the Inner Sea of Ulthuan. As the eastern half, it surrounds the Island of Flame, and breaks against the coast of Saphery. It is also the first sea one enters when sailing inward from Lothern, Eataine.",
          "image": "https://static.wikia.nocookie.net/warhammerfb/images/b/bd/452px-Ulthuan.jpg/revision/latest?cb=20160307170309"
        }
      }
    },
    {
      "type": "Feature",
      "id": "text6894",
      "geometry": {
        "type": "Point",
        "coordinates": [
          35.027846,
          28.110262
        ]
      },
      "properties": {
        "id": "text6894",
        "name": "Sea of Storms",
        "category": "geographic_feature",
        "in_gazetteer": true,
        "type": "Large Sea",
        "svg_type": "Large Sea",
        "source": null,
        "tags": [],
        "names": {
          "de": "Meer Der Stürme",
          "fr": "Mer Des Tempêtes",
          "pl": "Morze Burz"
        },
        "wiki": {
          "title": null,
          "url": null,
          "description": null,
          "image": null
        }
      }
    },
    {
      "type": "Feature",
      "id": "text3062",
      "geometry": {
        "type": "Point",
        "coordinates": [
          -4.286443,
          58.511499
        ]
      },
      "properties": {
        "id": "text3062",
        "name": "Sea of Claws",
        "category": "geographic_feature",
        "in_gazetteer": true,
        "type": "Major Sea",
        "svg_type": "Major Sea",
        "source": null,
        "tags": [],
        "names": {
          "de": "Meer Der Klauen",
          "fr": "Mer De Griffes",
          "pl": "Morze Pazurów"
        },
        "wiki": {
          "title": "Sea of Claws",
          "url": "https://warhammerfantasy.fandom.com/wiki/Sea_of_Claws",
          "description": "The Sea of Claws is a bitterly cold and rough stretch of water that belongs to the Great Ocean, separating the northern Empire from the land of Norsca, and it has a well-deserved reputation as a hotbed of piracy. Of course pirates and foul weather don't stop dozens of ships sailing across it from Marienburg and other northern ports of the Old World, making it quite accessible for those wishing to cross it, either on their way to Norsca or other places further afield. Within the Sea of Claws lies the Dragon's Maw, also called the Dragon's Teeth, a jagged line of rocky islands off the northern tip of Bretonnia.",
          "image": "https://static.wikia.nocookie.net/warhammerfb/images/5/5e/Sea_of_Claws_Map_C7.jpg/revision/latest?cb=20230120203202"
        }
      }
    },
    {
      "type": "Feature",
      "id": "text1421",
      "geometry": {
        "type": "Point",
        "coordinates": [
          -9.041197,
          37.795901
        ]
      },
      "properties": {
        "id": "text1421",
        "name": "Tilean Sea",
        "category": "geographic_feature",
        "in_gazetteer": true,
        "type": "Major Sea",
        "svg_type": "Major Sea",
        "source": null,
        "tags": [],
        "names": {
          "de": "Tileanisches Meer",
          "fr": "Mer De Tilée",
          "pl": "Morze Tileańskie"
        },
        "wiki": {
          "title": "Tilean Sea",
          "url": "https://warhammerfantasy.fandom.com/wiki/Tilean_Sea",
          "description": "The Tilean Sea, also known as the Tilea Sea, is the warm and placid sea that separates the peninsula of Tilea from Estalia in the southern realms of the Old World. It is sometimes tempestuous, but only treacherous around the rocky islands of the coast south of Tobaro, and in the Pirates' Current. Apart from this, the sea is calm and easy sailing for small ships and sleek galleys.",
          "image": null
        }
      }
    },
    {
      "type": "Feature",
      "id": "text1445",
      "geometry": {
        "type": "Point",
        "coordinates": [
          -14.846078,
          65.648337
        ]
      },
      "properties": {
        "id": "text1445",
        "name": "Sea of Chaos",
        "category": "geographic_feature",
        "in_gazetteer": true,
        "type": "Major Sea",
        "svg_type": "Major Sea",
        "source": null,
        "tags": [],
        "names": {
          "de": "Meer Des Chaos",
          "fr": "Mer Du Chaos",
          "pl": "Morze Chaosu"
        },
        "wiki": {
          "title": "Sea of Chaos",
          "url": "https://warhammerfantasy.fandom.com/wiki/Sea_of_Chaos",
          "description": "The Sea of Chaos is a Chaos -corrupted and near-frozen sea that forms a natural barrier between the northern peninsula of Norsca and the Chaos Wastes. It consists of the western region of the ocean adjacent to the Frozen Sea, which occupies the waters off Norsca's eastern coast. There are many reasons not to make the journey to the lands of the Norscans.",
          "image": "https://static.wikia.nocookie.net/warhammerfb/images/1/14/Sea_of_Chaos_Map.png/revision/latest?cb=20180610232716"
        }
      }
    },
    {
      "type": "Feature",
      "id": "text2917",
      "geometry": {
        "type": "Point",
        "coordinates": [
          -11.486607,
          6.035019
        ]
      },
      "properties": {
        "id": "text2917",
        "name": "Gulf of Medes",
        "category": "geographic_feature",
        "in_gazetteer": true,
        "type": "Major Sea",
        "svg_type": "Major Sea",
        "source": null,
        "tags": [],
        "names": {
          "de": "Golf Von Medes",
          "fr": "Golfe Des Médies",
          "pl": "Zatoka Medyjska"
        },
        "wiki": {
          "title": null,
          "url": null,
          "description": null,
          "image": null
        }
      }
    },
    {
      "type": "Feature",
      "id": "text2918",
      "geometry": {
        "type": "Point",
        "coordinates": [
          22.984851,
          23.300215
        ]
      },
      "properties": {
        "id": "text2918",
        "name": "Sea of Dread",
        "category": "geographic_feature",
        "in_gazetteer": true,
        "type": "Major Sea",
        "svg_type": "Major Sea",
        "source": null,
        "tags": [],
        "names": {
          "de": "Meer Des Schreckens",
          "fr": "Mer De L'Épouvante",
          "pl": "Morze Strachu"
        },
        "wiki": {
          "title": "Sea of Dread",
          "url": "https://warhammerfantasy.fandom.com/wiki/Sea_of_Dread",
          "description": "The Sea of Dread, also known as the Dread Sea, is a large body of water which lies south of the Darklands, east of the Southlands, and west of the Kingdoms of Ind. The Sea of Dread joins the Great Ocean at the southern tip of the Southlands and the Far Sea at the Gates of Calith. Within the Sea of Dread lie the Dragon Isles which are reputedly inhabited by Lizardmen who have turned feral without guidance from a Slann.",
          "image": "https://static.wikia.nocookie.net/warhammerfb/images/d/d5/Sea_of_Dread.png/revision/latest?cb=20250609150218"
        }
      }
    },
    {
      "type": "Feature",
      "id": "text3164",
      "geometry": {
        "type": "Point",
        "coordinates": [
          -72.875802,
          57.391913
        ]
      },
      "properties": {
        "id": "text3164",
        "name": "Sea of Chill",
        "category": "geographic_feature",
        "in_gazetteer": true,
        "type": "Major Sea",
        "svg_type": "Major Sea",
        "source": null,
        "tags": [],
        "names": {
          "de": "Meer Der Kälte",
          "fr": "Mer De Froid",
          "pl": "Morze Chłodu"
        },
        "wiki": {
          "title": null,
          "url": null,
          "description": null,
          "image": null
        }
      }
    },
    {
      "type": "Feature",
      "id": "text3239",
      "geometry": {
        "type": "Point",
        "coordinates": [
          -66.667466,
          42.516913
        ]
      },
      "properties": {
        "id": "text3239",
        "name": "Sea of Chaos",
        "category": "geographic_feature",
        "in_gazetteer": true,
        "type": "Major Sea",
        "svg_type": "Major Sea",
        "source": null,
        "tags": [],
        "names": {
          "de": "Meer Des Chaos",
          "fr": "Mer Du Chaos",
          "pl": "Morze Chaosu"
        },
        "wiki": {
          "title": "Sea of Chaos",
          "url": "https://warhammerfantasy.fandom.com/wiki/Sea_of_Chaos",
          "description": "The Sea of Chaos is a Chaos -corrupted and near-frozen sea that forms a natural barrier between the northern peninsula of Norsca and the Chaos Wastes. It consists of the western region of the ocean adjacent to the Frozen Sea, which occupies the waters off Norsca's eastern coast. There are many reasons not to make the journey to the lands of the Norscans.",
          "image": "https://static.wikia.nocookie.net/warhammerfb/images/1/14/Sea_of_Chaos_Map.png/revision/latest?cb=20180610232716"
        }
      }
    },
    {
      "type": "Feature",
      "id": "text1423",
      "geometry": {
        "type": "Point",
        "coordinates": [
          -19.742518,
          32.726336
        ]
      },
      "properties": {
        "id": "text1423",
        "name": "The Southern Sea",
        "category": "geographic_feature",
        "in_gazetteer": true,
        "type": "Ocean",
        "svg_type": "Ocean",
        "source": null,
        "tags": [],
        "names": {
          "de": "Das Südliche Meer",
          "fr": "La Mer Du Sud",
          "pl": "Morze Południowe"
        },
        "wiki": {
          "title": null,
          "url": null,
          "description": null,
          "image": null
        }
      }
    },
    {
      "type": "Feature",
      "id": "text1424",
      "geometry": {
        "type": "Point",
        "coordinates": [
          -22.675624,
          51.698934
        ]
      },
      "properties": {
        "id": "text1424",
        "name": "The Great Ocean",
        "category": "geographic_feature",
        "in_gazetteer": true,
        "type": "Ocean",
        "svg_type": "Ocean",
        "source": null,
        "tags": [],
        "names": {
          "de": "Der Große Ozean",
          "fr": "Le Grand Océan",
          "pl": "Wielki Ocean"
        },
        "wiki": {
          "title": null,
          "url": null,
          "description": null,
          "image": null
        }
      }
    },
    {
      "type": "Feature",
      "id": "text2914",
      "geometry": {
        "type": "Point",
        "coordinates": [
          -39.134022,
          51.698934
        ]
      },
      "properties": {
        "id": "text2914",
        "name": "The Great Ocean",
        "category": "geographic_feature",
        "in_gazetteer": true,
        "type": "Ocean",
        "svg_type": "Ocean",
        "source": null,
        "tags": [],
        "names": {
          "de": "Der Große Ozean",
          "fr": "Le Grand Océan",
          "pl": "Wielki Ocean"
        },
        "wiki": {
          "title": null,
          "url": null,
          "description": null,
          "image": null
        }
      }
    },
    {
      "type": "Feature",
      "id": "text2915",
      "geometry": {
        "type": "Point",
        "coordinates": [
          -39.134022,
          30.240549
        ]
      },
      "properties": {
        "id": "text2915",
        "name": "The Great Ocean",
        "category": "geographic_feature",
        "in_gazetteer": true,
        "type": "Ocean",
        "svg_type": "Ocean",
        "source": null,
        "tags": [],
        "names": {
          "de": "Der Große Ozean",
          "fr": "Le Grand Océan",
          "pl": "Wielki Ocean"
        },
        "wiki": {
          "title": null,
          "url": null,
          "description": null,
          "image": null
        }
      }
    },
    {
      "type": "Feature",
      "id": "text803",
      "geometry": {
        "type": "Point",
        "coordinates": [
          -89.342361,
          52.782267
        ]
      },
      "properties": {
        "id": "text803",
        "name": "Sea of Malice",
        "category": "geographic_feature",
        "in_gazetteer": true,
        "type": "Ocean",
        "svg_type": "Ocean",
        "source": null,
        "tags": [],
        "names": {
          "de": "Meer Des Maliz",
          "fr": "Mer De La Malice",
          "pl": "Morze Złości"
        },
        "wiki": {
          "title": null,
          "url": null,
          "description": null,
          "image": null
        }
      }
    },
    {
      "type": "Feature",
      "id": "text1017",
      "geometry": {
        "type": "Point",
        "coordinates": [
          -63.578929,
          29.342853
        ]
      },
      "properties": {
        "id": "text1017",
        "name": "Under Construction",
        "category": "geographic_feature",
        "in_gazetteer": false,
        "type": "Ocean",
        "svg_type": "Ocean",
        "source": null,
        "tags": [],
        "names": {
          "de": null,
          "fr": null,
          "pl": null
        },
        "wiki": {
          "title": null,
          "url": null,
          "description": null,
          "image": null
        }
      }
    },
    {
      "type": "Feature",
      "id": "text1018",
      "geometry": {
        "type": "Point",
        "coordinates": [
          -61.392236,
          35.925945
        ]
      },
      "properties": {
        "id": "text1018",
        "name": "Under Construction",
        "category": "geographic_feature",
        "in_gazetteer": false,
        "type": "Ocean",
        "svg_type": "Ocean",
        "source": null,
        "tags": [],
        "names": {
          "de": null,
          "fr": null,
          "pl": null
        },
        "wiki": {
          "title": null,
          "url": null,
          "description": null,
          "image": null
        }
      }
    },
    {
      "type": "Feature",
      "id": "text1019",
      "geometry": {
        "type": "Point",
        "coordinates": [
          -51.195349,
          32.933631
        ]
      },
      "properties": {
        "id": "text1019",
        "name": "Under Construction",
        "category": "geographic_feature",
        "in_gazetteer": false,
        "type": "Ocean",
        "svg_type": "Ocean",
        "source": null,
        "tags": [],
        "names": {
          "de": null,
          "fr": null,
          "pl": null
        },
        "wiki": {
          "title": null,
          "url": null,
          "description": null,
          "image": null
        }
      }
    },
    {
      "type": "Feature",
      "id": "text1020",
      "geometry": {
        "type": "Point",
        "coordinates": [
          -53.451097,
          25.268704
        ]
      },
      "properties": {
        "id": "text1020",
        "name": "Under Construction",
        "category": "geographic_feature",
        "in_gazetteer": false,
        "type": "Ocean",
        "svg_type": "Ocean",
        "source": null,
        "tags": [],
        "names": {
          "de": null,
          "fr": null,
          "pl": null
        },
        "wiki": {
          "title": null,
          "url": null,
          "description": null,
          "image": null
        }
      }
    },
    {
      "type": "Feature",
      "id": "text1021",
      "geometry": {
        "type": "Point",
        "coordinates": [
          -56.696604,
          42.163769
        ]
      },
      "properties": {
        "id": "text1021",
        "name": "Under Construction",
        "category": "geographic_feature",
        "in_gazetteer": false,
        "type": "Ocean",
        "svg_type": "Ocean",
        "source": null,
        "tags": [],
        "names": {
          "de": null,
          "fr": null,
          "pl": null
        },
        "wiki": {
          "title": null,
          "url": null,
          "description": null,
          "image": null
        }
      }
    },
    {
      "type": "Feature",
      "id": "text17227",
      "geometry": {
        "type": "Point",
        "coordinates": [
          0.421779,
          42.56145
        ]
      },
      "properties": {
        "id": "text17227",
        "name": "The Wildwood",
        "category": "geographic_feature",
        "in_gazetteer": true,
        "type": "Forest",
        "svg_type": "Forest",
        "source": null,
        "tags": [],
        "names": {
          "de": "Der Wildwald",
          "fr": "Le Bois Sauvage",
          "pl": "Dziki Las"
        },
        "wiki": {
          "title": null,
          "url": null,
          "description": null,
          "image": null
        }
      }
    },
    {
      "type": "Feature",
      "id": "text17228",
      "geometry": {
        "type": "Point",
        "coordinates": [
          1.156154,
          48.819262
        ]
      },
      "properties": {
        "id": "text17228",
        "name": "The Grissenwald",
        "category": "geographic_feature",
        "in_gazetteer": true,
        "type": "Forest",
        "svg_type": "Forest",
        "source": null,
        "tags": [],
        "names": {
          "de": "Der Grissenwald",
          "fr": "Le Grissenwald",
          "pl": "Grissenwald"
        },
        "wiki": {
          "title": "The Grissenwald",
          "url": "https://warhammerfantasy.fandom.com/wiki/The_Grissenwald",
          "description": "The south-westernmost end of the Reikwald branches southwards along the Stirland border and thins out as it heads upriver towards the City-State of Nuln. This wide section of the forest is known locally as the Grissenwald, a tight woodland packed with distorted trees and twisted undergrowth, the depths of which are said to be swarming with Beastmen, Witches, and tribes of feral Mutants. Because of this, most local woodsmen travel in groups and seldom stay outdoors come nightfall, and its commonplace to find fluttering bills posted on roadside trees offering rewards for the retrieval of lost family and friends from the bowels of the forest.",
          "image": null
        }
      }
    },
    {
      "type": "Feature",
      "id": "text17229",
      "geometry": {
        "type": "Point",
        "coordinates": [
          1.992091,
          48.702075
        ]
      },
      "properties": {
        "id": "text17229",
        "name": "Nattern Forest",
        "category": "geographic_feature",
        "in_gazetteer": true,
        "type": "Forest",
        "svg_type": "Forest",
        "source": null,
        "tags": [],
        "names": {
          "de": "Naturwald",
          "fr": "Forêt De Nattern",
          "pl": "Las Nattern"
        },
        "wiki": {
          "title": null,
          "url": null,
          "description": null,
          "image": null
        }
      }
    },
    {
      "type": "Feature",
      "id": "text17230",
      "geometry": {
        "type": "Point",
        "coordinates": [
          2.192612,
          49.623949
        ]
      },
      "properties": {
        "id": "text17230",
        "name": "Southern Great Forest",
        "category": "geographic_feature",
        "in_gazetteer": true,
        "type": "Forest",
        "svg_type": "Forest",
        "source": null,
        "tags": [],
        "names": {
          "de": "Südlicher Großer Wald",
          "fr": "Grande Forêt Du Sud",
          "pl": "Południowy Wielki Las"
        },
        "wiki": {
          "title": null,
          "url": null,
          "description": null,
          "image": null
        }
      }
    },
    {
      "type": "Feature",
      "id": "text17231",
      "geometry": {
        "type": "Point",
        "coordinates": [
          -0.533854,
          50.245725
        ]
      },
      "properties": {
        "id": "text17231",
        "name": "The Reikwald",
        "category": "geographic_feature",
        "in_gazetteer": true,
        "type": "Forest",
        "svg_type": "Forest",
        "source": null,
        "tags": [],
        "names": {
          "de": "Der Reikwald",
          "fr": "Le Reikwald",
          "pl": "Reikwald"
        },
        "wiki": {
          "title": null,
          "url": null,
          "description": null,
          "image": null
        }
      }
    },
    {
      "type": "Feature",
      "id": "text17232",
      "geometry": {
        "type": "Point",
        "coordinates": [
          -3.369888,
          50.457283
        ]
      },
      "properties": {
        "id": "text17232",
        "name": "Maiswald",
        "category": "geographic_feature",
        "in_gazetteer": true,
        "type": "Forest",
        "svg_type": "Forest",
        "source": null,
        "tags": [],
        "names": {
          "de": "Maiswald",
          "fr": "Maiswald",
          "pl": "Maiswald"
        },
        "wiki": {
          "title": null,
          "url": null,
          "description": null,
          "image": null
        }
      }
    },
    {
      "type": "Feature",
      "id": "text17233",
      "geometry": {
        "type": "Point",
        "coordinates": [
          -9.575617,
          52.944262
        ]
      },
      "properties": {
        "id": "text17233",
        "name": "Forest of Arden",
        "category": "geographic_feature",
        "in_gazetteer": true,
        "type": "Forest",
        "svg_type": "Forest",
        "source": null,
        "tags": [],
        "names": {
          "de": "Wald Von Arden",
          "fr": "Forêt D'Arden",
          "pl": "Las Ardenów"
        },
        "wiki": {
          "title": "Forest of Arden",
          "url": "https://warhammerfantasy.fandom.com/wiki/Forest_of_Arden",
          "description": "The Forest of Arden spreads over the hinterland of Bretonnia and is a huge oak forest that extends up the slopes of the Grey Mountains. Because of this, it is often invaded by Orcs, Goblins and worse enemies descending from the higher peaks who pass into Bretonnia. In the depths of the forest they are able to hide and organise raids of the surrounding countryside.",
          "image": "https://static.wikia.nocookie.net/warhammerfb/images/e/ee/Forest_of_Arden.png/revision/latest?cb=20170613132631"
        }
      }
    },
    {
      "type": "Feature",
      "id": "text17234",
      "geometry": {
        "type": "Point",
        "coordinates": [
          -3.786555,
          39.933844
        ]
      },
      "properties": {
        "id": "text17234",
        "name": "Tettoverde Wood",
        "category": "geographic_feature",
        "in_gazetteer": true,
        "type": "Forest",
        "svg_type": "Forest",
        "source": null,
        "tags": [],
        "names": {
          "de": "Tettoverde Wood",
          "fr": "Bois De Tettoverde",
          "pl": "Las Tettoverde"
        },
        "wiki": {
          "title": "Tettoverde Wood",
          "url": "https://warhammerfantasy.fandom.com/wiki/Tettoverde_Wood",
          "description": "Tettoverde Wood (meaning \"greenroof\" in the Tilean language ) is a forest located northern Tilea. Together with the Sussurrio Wood, the Tettoverde Wood is one of the biggest woodlands found on the peninsula. Tettoverde Wood is connected to the Worldroots of the Oak of Ages, providing an underground connection to the heart of the Wood Elves ' magical forest of Athel Loren.",
          "image": "https://static.wikia.nocookie.net/warhammerfb/images/e/eb/Tribes_and_Tribulations_Greenskins_Map.jpg/revision/latest?cb=20240225093509"
        }
      }
    },
    {
      "type": "Feature",
      "id": "text17235",
      "geometry": {
        "type": "Point",
        "coordinates": [
          -4.429784,
          39.337488
        ]
      },
      "properties": {
        "id": "text17235",
        "name": "Appentine Forest",
        "category": "geographic_feature",
        "in_gazetteer": true,
        "type": "Forest",
        "svg_type": "Forest",
        "source": null,
        "tags": [],
        "names": {
          "de": "Appentiner Wald",
          "fr": "Appentine Forest",
          "pl": "Las Apentyński"
        },
        "wiki": {
          "title": "Appentine Forest",
          "url": "https://warhammerfantasy.fandom.com/wiki/Appentine_Forest",
          "description": "The Appentine Forest is located at the edge of the Trantine Hills, near the city-state of Trantio in Tilea. In the scrub of this forest dwell fearsome Beastmen, who are always ready to attack the nearby settlements, such as when they assaulted Villa da Vincia. This forest is still reached by the Worldroots of the Oak of Ages, providing an underground connection to the heart of Athel Loren.",
          "image": "https://static.wikia.nocookie.net/warhammerfb/images/1/1a/Villa_da_Vincia_location.png/revision/latest?cb=20220618103202"
        }
      }
    },
    {
      "type": "Feature",
      "id": "text17236",
      "geometry": {
        "type": "Point",
        "coordinates": [
          -0.032552,
          51.172809
        ]
      },
      "properties": {
        "id": "text17236",
        "name": "Bloodpine Woods",
        "category": "geographic_feature",
        "in_gazetteer": true,
        "type": "Forest",
        "svg_type": "Forest",
        "source": null,
        "tags": [],
        "names": {
          "de": "Blutkiefernwald",
          "fr": "Bois De Pins Rouges",
          "pl": "Krwawy Las Sosnowy"
        },
        "wiki": {
          "title": "Bloodpine Woods",
          "url": "https://warhammerfantasy.fandom.com/wiki/Bloodpine_Woods",
          "description": "The Bloodpine Woods is a small forest located south of the Imperial capital at Altdorf. It is an outcrop of pine trees that grows down the southern face of the magical Amber Hills and spills into the depths of the Reikwald Forest. Called \"bloodpine\" for its deep-maroon wood, the lumber here is greatly desired by the artisans of Altdorf, and is most often used to produce exquisite furniture destined for the high-class markets of Marienburg and Nuln.",
          "image": "https://static.wikia.nocookie.net/warhammerfb/images/e/e4/WH3_Bloodpine_Woods_POI.png/revision/latest?cb=20241211221409"
        }
      }
    },
    {
      "type": "Feature",
      "id": "text17237",
      "geometry": {
        "type": "Point",
        "coordinates": [
          0.722656,
          51.426715
        ]
      },
      "properties": {
        "id": "text17237",
        "name": "Taal's Triangle",
        "category": "geographic_feature",
        "in_gazetteer": true,
        "type": "Forest",
        "svg_type": "Forest",
        "source": null,
        "tags": [],
        "names": {
          "de": "Taal-Dreieck",
          "fr": "Triangle De Taal",
          "pl": "Trójkąt Taala"
        },
        "wiki": {
          "title": null,
          "url": null,
          "description": null,
          "image": null
        }
      }
    },
    {
      "type": "Feature",
      "id": "text17238",
      "geometry": {
        "type": "Point",
        "coordinates": [
          8.322915,
          50.922809
        ]
      },
      "properties": {
        "id": "text17238",
        "name": "Dead Wood",
        "category": "geographic_feature",
        "in_gazetteer": true,
        "type": "Forest",
        "svg_type": "Forest",
        "source": null,
        "tags": [],
        "names": {
          "de": "Totholz",
          "fr": "Bois Mort",
          "pl": "Martwe Drewno"
        },
        "wiki": {
          "title": "Dead Wood",
          "url": "https://warhammerfantasy.fandom.com/wiki/Dead_Wood",
          "description": "Not to be confused with the Dead Wood found in north-western Naggaroth. Forming the southern border of Ostermark is a reputedly haunted forest known as the Dead Wood. The reason for its sinister reputation is that somewhere in its depths lie the ruins of Mordheim, a city so corrupted, so foul, Sigmar shattered it on the anvil of the earth.",
          "image": "https://static.wikia.nocookie.net/warhammerfb/images/3/32/Dead_Wood.png/revision/latest?cb=20180823234643"
        }
      }
    },
    {
      "type": "Feature",
      "id": "text17239",
      "geometry": {
        "type": "Point",
        "coordinates": [
          7.348802,
          50.215702
        ]
      },
      "properties": {
        "id": "text17239",
        "name": "Hundsheimerwald",
        "category": "geographic_feature",
        "in_gazetteer": true,
        "type": "Forest",
        "svg_type": "Forest",
        "source": null,
        "tags": [],
        "names": {
          "de": "Hundsheimerwald",
          "fr": "Hundsheimerwald",
          "pl": "Hundsheimerwald"
        },
        "wiki": {
          "title": null,
          "url": null,
          "description": null,
          "image": null
        }
      }
    },
    {
      "type": "Feature",
      "id": "text17240",
      "geometry": {
        "type": "Point",
        "coordinates": [
          8.27688,
          50.079436
        ]
      },
      "properties": {
        "id": "text17240",
        "name": "Hunger Wood",
        "category": "geographic_feature",
        "in_gazetteer": true,
        "type": "Forest",
        "svg_type": "Forest",
        "source": null,
        "tags": [],
        "names": {
          "de": "Hunger Wood",
          "fr": "Bois De La Faim",
          "pl": "Głodowe Drewno"
        },
        "wiki": {
          "title": "Hunger Wood",
          "url": "https://warhammerfantasy.fandom.com/wiki/Hunger_Wood",
          "description": "Hunger Wood, also known as Verhungern is the most despised by the Sylvanian folk. It is a spirit -infested maze of briars and bogs, in which the unwary are easily trapped. Travellers that venture beneath the contorted boughs do not return.",
          "image": "https://static.wikia.nocookie.net/warhammerfb/images/7/72/Hunger_Wood.png/revision/latest?cb=20160725195619"
        }
      }
    },
    {
      "type": "Feature",
      "id": "text17241",
      "geometry": {
        "type": "Point",
        "coordinates": [
          9.269407,
          49.830844
        ]
      },
      "properties": {
        "id": "text17241",
        "name": "Grim Wood",
        "category": "geographic_feature",
        "in_gazetteer": true,
        "type": "Forest",
        "svg_type": "Forest",
        "source": null,
        "tags": [],
        "names": {
          "de": "Grim Wood",
          "fr": "Bois Sinistre",
          "pl": "Ponury Las"
        },
        "wiki": {
          "title": "Grim Wood",
          "url": "https://warhammerfantasy.fandom.com/wiki/Grim_Wood",
          "description": "In the northeast of Sylvania is Grim Wood, which is haunted by an unseen monster that takes only maidens who dare to tread there.",
          "image": "https://static.wikia.nocookie.net/warhammerfb/images/6/69/Grim_Wood_Map.png/revision/latest?cb=20180827191158"
        }
      }
    },
    {
      "type": "Feature",
      "id": "text17242",
      "geometry": {
        "type": "Point",
        "coordinates": [
          10.385309,
          49.619081
        ]
      },
      "properties": {
        "id": "text17242",
        "name": "Verbogenwald",
        "category": "geographic_feature",
        "in_gazetteer": true,
        "type": "Forest",
        "svg_type": "Forest",
        "source": null,
        "tags": [],
        "names": {
          "de": "Verbogenwald",
          "fr": "Forêt Courbée",
          "pl": "Bent Forest"
        },
        "wiki": {
          "title": null,
          "url": null,
          "description": null,
          "image": null
        }
      }
    },
    {
      "type": "Feature",
      "id": "text17243",
      "geometry": {
        "type": "Point",
        "coordinates": [
          8.670944,
          48.425838
        ]
      },
      "properties": {
        "id": "text17243",
        "name": "Ghoul Wood",
        "category": "geographic_feature",
        "in_gazetteer": true,
        "type": "Forest",
        "svg_type": "Forest",
        "source": null,
        "tags": [],
        "names": {
          "de": "Ghulwald",
          "fr": "Bois Des Goules",
          "pl": "Ghoul Wood"
        },
        "wiki": {
          "title": "Ghoul Wood",
          "url": "https://warhammerfantasy.fandom.com/wiki/Ghoul_Wood",
          "description": "In the southern area of Sylvania is Ghoul Wood, said to be ruled by one of the Strigoi who has thrown in his lot with the Von Carsteins and lent them the aid of the flesh-eaters.",
          "image": "https://static.wikia.nocookie.net/warhammerfb/images/d/d8/Ghoul_Wood.png/revision/latest?cb=20170708152249"
        }
      }
    },
    {
      "type": "Feature",
      "id": "text17245",
      "geometry": {
        "type": "Point",
        "coordinates": [
          -7.199242,
          48.859275
        ]
      },
      "properties": {
        "id": "text17245",
        "name": "Forest of Châlons",
        "category": "geographic_feature",
        "in_gazetteer": true,
        "type": "Forest",
        "svg_type": "Forest",
        "source": null,
        "tags": [],
        "names": {
          "de": "Wald Von Châlons",
          "fr": "Forest Of Châlons",
          "pl": "Las Châlons"
        },
        "wiki": {
          "title": "Forest of Châlons",
          "url": "https://warhammerfantasy.fandom.com/wiki/Forest_of_Ch%C3%A2lons",
          "description": "The Forest of Châlons, also known as the Forest of Charons, is a crag-filled oaks forest close to the Massif Orcal. An altogether different forest from the other vast forests of Bretonnia, being located in the highlands west of the rocky crags of the Massif Orcal, the great, weather-beaten crags of rock that dominate the heartland of Bretonnia. The Forest of Châlons extends over rocky ravines, and crags and knolls of weathered rock reach above the stunted, gnarled trees.",
          "image": null
        }
      }
    },
    {
      "type": "Feature",
      "id": "text17246",
      "geometry": {
        "type": "Point",
        "coordinates": [
          -0.128741,
          53.026276
        ]
      },
      "properties": {
        "id": "text17246",
        "name": "The Drakwald",
        "category": "geographic_feature",
        "in_gazetteer": true,
        "type": "Forest",
        "svg_type": "Forest",
        "source": null,
        "tags": [],
        "names": {
          "de": "Der Drakwald",
          "fr": "Le Drakwald",
          "pl": "Drakwald"
        },
        "wiki": {
          "title": null,
          "url": null,
          "description": null,
          "image": null
        }
      }
    },
    {
      "type": "Feature",
      "id": "text17247",
      "geometry": {
        "type": "Point",
        "coordinates": [
          3.358916,
          56.606004
        ]
      },
      "properties": {
        "id": "text17247",
        "name": "Forest of Shadows",
        "category": "geographic_feature",
        "in_gazetteer": true,
        "type": "Forest",
        "svg_type": "Forest",
        "source": null,
        "tags": [],
        "names": {
          "de": "Wald Der Schatten",
          "fr": "Forêt Des Ombres",
          "pl": "Las Cieni"
        },
        "wiki": {
          "title": "Forest of Shadows",
          "url": "https://warhammerfantasy.fandom.com/wiki/Forest_of_Shadows",
          "description": "North and east of the Middle Mountains runs the Forest of Shadows. Shaped like an arm wrapped around the shoulders of the Middle Mountains, almost the whole of the province of Ostland is covered by the ominous Forest of Shadows. It earns its name, for it is the gloomiest of the Empire’s forests, its ancient trees having grown so close together that their branches nearly interweave like tightly clasped fingers.",
          "image": "https://static.wikia.nocookie.net/warhammerfb/images/3/36/Ostland.jpg/revision/latest?cb=20130208004638"
        }
      }
    },
    {
      "type": "Feature",
      "id": "text17248",
      "geometry": {
        "type": "Point",
        "coordinates": [
          -1.08444,
          56.637308
        ]
      },
      "properties": {
        "id": "text17248",
        "name": "Laurelorn Forest",
        "category": "geographic_feature",
        "in_gazetteer": true,
        "type": "Forest",
        "svg_type": "Forest",
        "source": null,
        "tags": [],
        "names": {
          "de": "Lorbeerwald",
          "fr": "Forêt De Lauriers",
          "pl": "Las Laurowy"
        },
        "wiki": {
          "title": "Laurelorn Forest",
          "url": "https://warhammerfantasy.fandom.com/wiki/Laurelorn_Forest",
          "description": "Laurelorn Forest is a magical forest that lies on the northern coastline of the Empire of Man, home to reclusive communities of Eonir, a distinct community of Wood Elves. While both Middenland and Nordland claim the forest as theirs, the so-called \"Wood Elves\" dare either to try to enforce their claim. Laurelorn lies west of Salzenmund and the Silver Hills above it, and stretches west to the Imperial borders with the Wasteland.",
          "image": "https://static.wikia.nocookie.net/warhammerfb/images/d/d8/Laurelorn_Forest-Archives_of_the_Empire.png/revision/latest?cb=20201231135703"
        }
      }
    },
    {
      "type": "Feature",
      "id": "text17249",
      "geometry": {
        "type": "Point",
        "coordinates": [
          -9.604708,
          64.553589
        ]
      },
      "properties": {
        "id": "text17249",
        "name": "Forest of Nilfheim",
        "category": "geographic_feature",
        "in_gazetteer": true,
        "type": "Forest",
        "svg_type": "Forest",
        "source": null,
        "tags": [],
        "names": {
          "de": "Wald Von Nilfheim",
          "fr": "Forêt De Nilfheim",
          "pl": "Las Nilfheimu"
        },
        "wiki": {
          "title": null,
          "url": null,
          "description": null,
          "image": null
        }
      }
    },
    {
      "type": "Feature",
      "id": "text17250",
      "geometry": {
        "type": "Point",
        "coordinates": [
          -8.186812,
          65.076554
        ]
      },
      "properties": {
        "id": "text17250",
        "name": "Forest of Landring",
        "category": "geographic_feature",
        "in_gazetteer": true,
        "type": "Forest",
        "svg_type": "Forest",
        "source": null,
        "tags": [],
        "names": {
          "de": "Wald Von Landring",
          "fr": "Forêt De Landring",
          "pl": "Las Landring"
        },
        "wiki": {
          "title": null,
          "url": null,
          "description": null,
          "image": null
        }
      }
    },
    {
      "type": "Feature",
      "id": "text17251",
      "geometry": {
        "type": "Point",
        "coordinates": [
          7.943587,
          65.222004
        ]
      },
      "properties": {
        "id": "text17251",
        "name": "Forest of Knives",
        "category": "geographic_feature",
        "in_gazetteer": true,
        "type": "Forest",
        "svg_type": "Forest",
        "source": null,
        "tags": [],
        "names": {
          "de": "Messerwald",
          "fr": "Forêt De Couteaux",
          "pl": "Las Noży"
        },
        "wiki": {
          "title": "Forest of Knives",
          "url": "https://warhammerfantasy.fandom.com/wiki/Forest_of_Knives",
          "description": "The Forest of Knives is an ancient place, located deep in the frozen wilds the Norscan Peninsula, at the edge of the Chaos Wastes. The Winds of Magic blow hard there, corrupting all they touch.",
          "image": null
        }
      }
    },
    {
      "type": "Feature",
      "id": "text17251-6",
      "geometry": {
        "type": "Point",
        "coordinates": [
          1.589284,
          70.539939
        ]
      },
      "properties": {
        "id": "text17251-6",
        "name": "Shard Woods",
        "category": "geographic_feature",
        "in_gazetteer": true,
        "type": "Forest",
        "svg_type": "Forest",
        "source": null,
        "tags": [],
        "names": {
          "de": "Scherbenwald",
          "fr": "Bois De Shard",
          "pl": "Lasy Odłamkowe"
        },
        "wiki": {
          "title": null,
          "url": null,
          "description": null,
          "image": null
        }
      }
    },
    {
      "type": "Feature",
      "id": "text17252",
      "geometry": {
        "type": "Point",
        "coordinates": [
          -1.149635,
          37.687308
        ]
      },
      "properties": {
        "id": "text17252",
        "name": "Kharnos Forest",
        "category": "geographic_feature",
        "in_gazetteer": true,
        "type": "Forest",
        "svg_type": "Forest",
        "source": null,
        "tags": [],
        "names": {
          "de": "Kharnos-Wald",
          "fr": "Forêt De Kharnos",
          "pl": "Las Kharnos"
        },
        "wiki": {
          "title": "Kharnos Forest",
          "url": "https://warhammerfantasy.fandom.com/wiki/Kharnos_Forest",
          "description": "The Kharnos Forest is a dense woodland of the Border Princes on its border with Tilea, formed of mighty oaks that rises from the rugged shores of the Lagoon of Tears into the Apuccini Mountains of the south-western Border Princes. Long regarded as a lawless and dangerous region, the forest is infamous as a refuge for countless bandits, outlaws, smugglers and fugitives. The forest's name is likely derived either from \" Karnos \", an ancient Classical name for Taal, the god of nature, still used in Tilea, and also employed in certain provinces of the Empire for his aspect as the Lord of Beasts, or from \"Kharnos\", the archaic name of the constellation later known as the Broken Cart.",
          "image": null
        }
      }
    },
    {
      "type": "Feature",
      "id": "text17253",
      "geometry": {
        "type": "Point",
        "coordinates": [
          6.665368,
          42.239306
        ]
      },
      "properties": {
        "id": "text17253",
        "name": "Hvargir Forest",
        "category": "geographic_feature",
        "in_gazetteer": true,
        "type": "Forest",
        "svg_type": "Forest",
        "source": null,
        "tags": [],
        "names": {
          "de": "Hvargir-Wald",
          "fr": "Forêt De Hvargir",
          "pl": "Las Hvargir"
        },
        "wiki": {
          "title": null,
          "url": null,
          "description": null,
          "image": null
        }
      }
    },
    {
      "type": "Feature",
      "id": "text17254",
      "geometry": {
        "type": "Point",
        "coordinates": [
          10.712817,
          43.270504
        ]
      },
      "properties": {
        "id": "text17254",
        "name": "Forest of Gloom",
        "category": "geographic_feature",
        "in_gazetteer": true,
        "type": "Forest",
        "svg_type": "Forest",
        "source": null,
        "tags": [],
        "names": {
          "de": "Wald Der Düsternis",
          "fr": "Forêt Des Ténèbres",
          "pl": "Las Mroku"
        },
        "wiki": {
          "title": "Forest of Gloom",
          "url": "https://warhammerfantasy.fandom.com/wiki/Forest_of_Gloom",
          "description": "The Forest of Gloom is a forest located in the Border Princes near Black Fire Pass and Karaz-a-Karak, bordering the Black Mountains and Worlds Edge Mountains. The South Road, Old Dwarf Road, and Skull River run through it. The Forest of Gloom is one of the forests that collectively make up the thousand-mile-long belt of forest sometimes called the Black Deeps.",
          "image": "https://static.wikia.nocookie.net/warhammerfb/images/f/f7/Warhammer_Forest_of_Gloom.png/revision/latest?cb=20250430025244"
        }
      }
    },
    {
      "type": "Feature",
      "id": "text17255",
      "geometry": {
        "type": "Point",
        "coordinates": [
          -17.355491,
          44.557192
        ]
      },
      "properties": {
        "id": "text17255",
        "name": "Piña Wood",
        "category": "geographic_feature",
        "in_gazetteer": true,
        "type": "Forest",
        "svg_type": "Forest",
        "source": null,
        "tags": [],
        "names": {
          "de": "Pinienholz",
          "fr": "Bois D'Ananas",
          "pl": "Drewno Ananasowe"
        },
        "wiki": {
          "title": "Piña Wood",
          "url": "https://warhammerfantasy.fandom.com/wiki/Pi%C3%B1a_Wood",
          "description": "Piña Wood is one of the two main forests of the Estalian peninsula, it is located in the realm of Obregon.",
          "image": "https://static.wikia.nocookie.net/warhammerfb/images/e/ee/Obregon_01-25.png/revision/latest?cb=20250222191544"
        }
      }
    },
    {
      "type": "Feature",
      "id": "text17258",
      "geometry": {
        "type": "Point",
        "coordinates": [
          -13.057608,
          41.828201
        ]
      },
      "properties": {
        "id": "text17258",
        "name": "Sombra Wood",
        "category": "geographic_feature",
        "in_gazetteer": true,
        "type": "Forest",
        "svg_type": "Forest",
        "source": null,
        "tags": [],
        "names": {
          "de": "Sombra Wood",
          "fr": "Bois De Sombra",
          "pl": "Sombra Wood"
        },
        "wiki": {
          "title": "Sombra Wood",
          "url": "https://warhammerfantasy.fandom.com/wiki/Sombra_Wood",
          "description": "Sombra Wood is one of the two main forests of the Estalian peninsula. It is located in the Kingdom of Cantonia in south-eastern Estalia, just south of the eastern stretch of the Irrana Mountains.",
          "image": null
        }
      }
    },
    {
      "type": "Feature",
      "id": "text17259",
      "geometry": {
        "type": "Point",
        "coordinates": [
          -6.307721,
          34.114846
        ]
      },
      "properties": {
        "id": "text17259",
        "name": "Sussurrio Wood",
        "category": "geographic_feature",
        "in_gazetteer": true,
        "type": "Forest",
        "svg_type": "Forest",
        "source": null,
        "tags": [],
        "names": {
          "de": "Sussurrio-Holz",
          "fr": "Bois De Sussurrio",
          "pl": "Drewno Sussurrio"
        },
        "wiki": {
          "title": "Sussurrio Wood",
          "url": "https://warhammerfantasy.fandom.com/wiki/Sussurrio_Wood",
          "description": "Sussurrio Wood (meaning something like \"wood of whispers\" in the Tilean language ) is a forest in southern Tilea. Together with the Tettoverde Wood the Sussurrio Wood is one of the biggest woodlands found on the peninsula. Sussurrio Wood is connected to the Worldroots of the Oak of Ages, providing an underground connection to the heart of the Wood Elves ' magical forest of Athel Loren.",
          "image": "https://static.wikia.nocookie.net/warhammerfb/images/e/eb/Tribes_and_Tribulations_Greenskins_Map.jpg/revision/latest?cb=20240225093509"
        }
      }
    },
    {
      "type": "Feature",
      "id": "text17260",
      "geometry": {
        "type": "Point",
        "coordinates": [
          3.987533,
          53.03671
        ]
      },
      "properties": {
        "id": "text17260",
        "name": "Taalgrunhaar",
        "category": "geographic_feature",
        "in_gazetteer": true,
        "type": "Forest",
        "svg_type": "Forest",
        "source": null,
        "tags": [],
        "names": {
          "de": "Taalgrunhaar",
          "fr": "Groupe Linguistique",
          "pl": "Grupa Językowa"
        },
        "wiki": {
          "title": null,
          "url": null,
          "description": null,
          "image": null
        }
      }
    },
    {
      "type": "Feature",
      "id": "text20446",
      "geometry": {
        "type": "Point",
        "coordinates": [
          9.319175,
          53.224192
        ]
      },
      "properties": {
        "id": "text20446",
        "name": "Gryphon's Wood",
        "category": "geographic_feature",
        "in_gazetteer": true,
        "type": "Forest",
        "svg_type": "Forest",
        "source": null,
        "tags": [],
        "names": {
          "de": "Greifenwald",
          "fr": "Bois Du Griffon",
          "pl": "Las Gryfa"
        },
        "wiki": {
          "title": null,
          "url": null,
          "description": null,
          "image": null
        }
      }
    },
    {
      "type": "Feature",
      "id": "text20447",
      "geometry": {
        "type": "Point",
        "coordinates": [
          5.462404,
          57.794505
        ]
      },
      "properties": {
        "id": "text20447",
        "name": "Grovod Wood",
        "category": "geographic_feature",
        "in_gazetteer": true,
        "type": "Forest",
        "svg_type": "Forest",
        "source": null,
        "tags": [],
        "names": {
          "de": "Grovod Wood",
          "fr": "Bois De Grovod",
          "pl": "Drewno Grovod"
        },
        "wiki": {
          "title": null,
          "url": null,
          "description": null,
          "image": null
        }
      }
    },
    {
      "type": "Feature",
      "id": "text20448",
      "geometry": {
        "type": "Point",
        "coordinates": [
          12.928801,
          58.265335
        ]
      },
      "properties": {
        "id": "text20448",
        "name": "Dukhly's Forest",
        "category": "geographic_feature",
        "in_gazetteer": true,
        "type": "Forest",
        "svg_type": "Forest",
        "source": null,
        "tags": [],
        "names": {
          "de": "Dukhlys Wald",
          "fr": "La Forêt De Dukhly",
          "pl": "Las Dukhly'Ego"
        },
        "wiki": {
          "title": null,
          "url": null,
          "description": null,
          "image": null
        }
      }
    },
    {
      "type": "Feature",
      "id": "text20449",
      "geometry": {
        "type": "Point",
        "coordinates": [
          10.735811,
          57.814043
        ]
      },
      "properties": {
        "id": "text20449",
        "name": "Staslav Forest",
        "category": "geographic_feature",
        "in_gazetteer": true,
        "type": "Forest",
        "svg_type": "Forest",
        "source": null,
        "tags": [],
        "names": {
          "de": "Staslav-Wald",
          "fr": "Forêt De Staslav",
          "pl": "Las Stasławski"
        },
        "wiki": {
          "title": null,
          "url": null,
          "description": null,
          "image": null
        }
      }
    },
    {
      "type": "Feature",
      "id": "text20450",
      "geometry": {
        "type": "Point",
        "coordinates": [
          6.748862,
          55.255442
        ]
      },
      "properties": {
        "id": "text20450",
        "name": "Osterwald",
        "category": "geographic_feature",
        "in_gazetteer": true,
        "type": "Forest",
        "svg_type": "Forest",
        "source": null,
        "tags": [],
        "names": {
          "de": "Osterwald",
          "fr": "Osterwald",
          "pl": "Osterwald"
        },
        "wiki": {
          "title": null,
          "url": null,
          "description": null,
          "image": null
        }
      }
    },
    {
      "type": "Feature",
      "id": "text20451",
      "geometry": {
        "type": "Point",
        "coordinates": [
          9.2404,
          54.445545
        ]
      },
      "properties": {
        "id": "text20451",
        "name": "Shirokij Forest",
        "category": "geographic_feature",
        "in_gazetteer": true,
        "type": "Forest",
        "svg_type": "Forest",
        "source": null,
        "tags": [],
        "names": {
          "de": "Shirokij-Wald",
          "fr": "Forêt De Shirokij",
          "pl": "Las Shirokij"
        },
        "wiki": {
          "title": null,
          "url": null,
          "description": null,
          "image": null
        }
      }
    },
    {
      "type": "Feature",
      "id": "text20452",
      "geometry": {
        "type": "Point",
        "coordinates": [
          4.54053,
          59.695546
        ]
      },
      "properties": {
        "id": "text20452",
        "name": "The Angskog",
        "category": "geographic_feature",
        "in_gazetteer": true,
        "type": "Forest",
        "svg_type": "Forest",
        "source": null,
        "tags": [],
        "names": {
          "de": "Der Angskog",
          "fr": "L'Angskog",
          "pl": "Angskog"
        },
        "wiki": {
          "title": null,
          "url": null,
          "description": null,
          "image": null
        }
      }
    },
    {
      "type": "Feature",
      "id": "text20453",
      "geometry": {
        "type": "Point",
        "coordinates": [
          4.183759,
          61.190338
        ]
      },
      "properties": {
        "id": "text20453",
        "name": "Wulfsiege Forest",
        "category": "geographic_feature",
        "in_gazetteer": true,
        "type": "Forest",
        "svg_type": "Forest",
        "source": null,
        "tags": [],
        "names": {
          "de": "Wulfsiege-Wald",
          "fr": "Forêt De Wulfsiege",
          "pl": "Las Wulfsiege"
        },
        "wiki": {
          "title": null,
          "url": null,
          "description": null,
          "image": null
        }
      }
    },
    {
      "type": "Feature",
      "id": "text20454",
      "geometry": {
        "type": "Point",
        "coordinates": [
          4.811363,
          61.521067
        ]
      },
      "properties": {
        "id": "text20454",
        "name": "Gotland Forest",
        "category": "geographic_feature",
        "in_gazetteer": true,
        "type": "Forest",
        "svg_type": "Forest",
        "source": null,
        "tags": [],
        "names": {
          "de": "Gotlandwald",
          "fr": "Forêt De Gotland",
          "pl": "Las Gotlandzki"
        },
        "wiki": {
          "title": null,
          "url": null,
          "description": null,
          "image": null
        }
      }
    },
    {
      "type": "Feature",
      "id": "text20455",
      "geometry": {
        "type": "Point",
        "coordinates": [
          4.256675,
          62.284088
        ]
      },
      "properties": {
        "id": "text20455",
        "name": "Askreved Forest",
        "category": "geographic_feature",
        "in_gazetteer": true,
        "type": "Forest",
        "svg_type": "Forest",
        "source": null,
        "tags": [],
        "names": {
          "de": "Askreved-Wald",
          "fr": "Forêt D'Askreved",
          "pl": "Las Askreved"
        },
        "wiki": {
          "title": null,
          "url": null,
          "description": null,
          "image": null
        }
      }
    },
    {
      "type": "Feature",
      "id": "text20456",
      "geometry": {
        "type": "Point",
        "coordinates": [
          -6.74325,
          62.869717
        ]
      },
      "properties": {
        "id": "text20456",
        "name": "Tanngnjóst Forest",
        "category": "geographic_feature",
        "in_gazetteer": true,
        "type": "Forest",
        "svg_type": "Forest",
        "source": null,
        "tags": [],
        "names": {
          "de": "Tanngnjóst-Wald",
          "fr": "Forêt De Tanngnjóst",
          "pl": "Las Tanngnjóst"
        },
        "wiki": {
          "title": null,
          "url": null,
          "description": null,
          "image": null
        }
      }
    },
    {
      "type": "Feature",
      "id": "text20457",
      "geometry": {
        "type": "Point",
        "coordinates": [
          -8.645441,
          63.633907
        ]
      },
      "properties": {
        "id": "text20457",
        "name": "The Ågskarskog",
        "category": "geographic_feature",
        "in_gazetteer": true,
        "type": "Forest",
        "svg_type": "Forest",
        "source": null,
        "tags": [],
        "names": {
          "de": "Der Ågskarskog",
          "fr": "L'Ågskarskog",
          "pl": "Ågskarskog"
        },
        "wiki": {
          "title": null,
          "url": null,
          "description": null,
          "image": null
        }
      }
    },
    {
      "type": "Feature",
      "id": "text20458",
      "geometry": {
        "type": "Point",
        "coordinates": [
          -11.390233,
          61.685991
        ]
      },
      "properties": {
        "id": "text20458",
        "name": "Kalevala Wood",
        "category": "geographic_feature",
        "in_gazetteer": true,
        "type": "Forest",
        "svg_type": "Forest",
        "source": null,
        "tags": [],
        "names": {
          "de": "Kalevala-Holz",
          "fr": "Bois Du Calvaire",
          "pl": "Calvary Wood"
        },
        "wiki": {
          "title": null,
          "url": null,
          "description": null,
          "image": null
        }
      }
    },
    {
      "type": "Feature",
      "id": "text20459",
      "geometry": {
        "type": "Point",
        "coordinates": [
          -12.387629,
          60.743282
        ]
      },
      "properties": {
        "id": "text20459",
        "name": "The Taaketskog",
        "category": "geographic_feature",
        "in_gazetteer": true,
        "type": "Forest",
        "svg_type": "Forest",
        "source": null,
        "tags": [],
        "names": {
          "de": "Der Taaketskog",
          "fr": "Le Taaketskog",
          "pl": "Taaketskog"
        },
        "wiki": {
          "title": null,
          "url": null,
          "description": null,
          "image": null
        }
      }
    },
    {
      "type": "Feature",
      "id": "text20460",
      "geometry": {
        "type": "Point",
        "coordinates": [
          -11.521976,
          63.012325
        ]
      },
      "properties": {
        "id": "text20460",
        "name": "Forest of Bøydetrær",
        "category": "geographic_feature",
        "in_gazetteer": true,
        "type": "Forest",
        "svg_type": "Forest",
        "source": null,
        "tags": [],
        "names": {
          "de": "Wald Von Bøydetrær",
          "fr": "Forêt D'Arbres Courbés",
          "pl": "Las Drzew Giętych"
        },
        "wiki": {
          "title": null,
          "url": null,
          "description": null,
          "image": null
        }
      }
    },
    {
      "type": "Feature",
      "id": "text20461",
      "geometry": {
        "type": "Point",
        "coordinates": [
          -1.955389,
          61.395904
        ]
      },
      "properties": {
        "id": "text20461",
        "name": "The Vargarskog (Forest of Wolves)",
        "category": "geographic_feature",
        "in_gazetteer": true,
        "type": "Forest",
        "svg_type": "Forest",
        "source": null,
        "tags": [],
        "names": {
          "de": "Der Vargarskog (Wald Der Wölfe)",
          "fr": "La Forêt Des Loups",
          "pl": "Las Wilków"
        },
        "wiki": {
          "title": null,
          "url": null,
          "description": null,
          "image": null
        }
      }
    },
    {
      "type": "Feature",
      "id": "text20462",
      "geometry": {
        "type": "Point",
        "coordinates": [
          0.747822,
          65.027192
        ]
      },
      "properties": {
        "id": "text20462",
        "name": "The Åskskogen",
        "category": "geographic_feature",
        "in_gazetteer": true,
        "type": "Forest",
        "svg_type": "Forest",
        "source": null,
        "tags": [],
        "names": {
          "de": "Die Åskskogen",
          "fr": "L'Åskskogen",
          "pl": "Åskskogen"
        },
        "wiki": {
          "title": null,
          "url": null,
          "description": null,
          "image": null
        }
      }
    },
    {
      "type": "Feature",
      "id": "text20463",
      "geometry": {
        "type": "Point",
        "coordinates": [
          4.382792,
          64.375327
        ]
      },
      "properties": {
        "id": "text20463",
        "name": "The Mammoth Woods",
        "category": "geographic_feature",
        "in_gazetteer": true,
        "type": "Forest",
        "svg_type": "Forest",
        "source": null,
        "tags": [],
        "names": {
          "de": "Die Mammoth Woods",
          "fr": "Les Bois De Mammouth",
          "pl": "Mamuci Las"
        },
        "wiki": {
          "title": null,
          "url": null,
          "description": null,
          "image": null
        }
      }
    },
    {
      "type": "Feature",
      "id": "text20473",
      "geometry": {
        "type": "Point",
        "coordinates": [
          -0.653044,
          60.618021
        ]
      },
      "properties": {
        "id": "text20473",
        "name": "Forest of Olricsraseri",
        "category": "geographic_feature",
        "in_gazetteer": true,
        "type": "Forest",
        "svg_type": "Forest",
        "source": null,
        "tags": [],
        "names": {
          "de": "Wald Von Olricsraseri",
          "fr": "Forêt D'Olricsraseri",
          "pl": "Las Olricsraseri"
        },
        "wiki": {
          "title": null,
          "url": null,
          "description": null,
          "image": null
        }
      }
    },
    {
      "type": "Feature",
      "id": "text20474",
      "geometry": {
        "type": "Point",
        "coordinates": [
          -4.781516,
          60.111629
        ]
      },
      "properties": {
        "id": "text20474",
        "name": "The Skuggskog",
        "category": "geographic_feature",
        "in_gazetteer": true,
        "type": "Forest",
        "svg_type": "Forest",
        "source": null,
        "tags": [],
        "names": {
          "de": "Der Skuggskog",
          "fr": "La Forêt Des Ombres",
          "pl": "Las Cienia"
        },
        "wiki": {
          "title": null,
          "url": null,
          "description": null,
          "image": null
        }
      }
    },
    {
      "type": "Feature",
      "id": "text20475",
      "geometry": {
        "type": "Point",
        "coordinates": [
          0.543571,
          62.051615
        ]
      },
      "properties": {
        "id": "text20475",
        "name": "The Ormswood",
        "category": "geographic_feature",
        "in_gazetteer": true,
        "type": "Forest",
        "svg_type": "Forest",
        "source": null,
        "tags": [],
        "names": {
          "de": "Das Ormswood",
          "fr": "Le Bois D'Orm",
          "pl": "Ormswood"
        },
        "wiki": {
          "title": null,
          "url": null,
          "description": null,
          "image": null
        }
      }
    },
    {
      "type": "Feature",
      "id": "text20478",
      "geometry": {
        "type": "Point",
        "coordinates": [
          3.759118,
          40.598683
        ]
      },
      "properties": {
        "id": "text20478",
        "name": "Hvargir Forest",
        "category": "geographic_feature",
        "in_gazetteer": true,
        "type": "Forest",
        "svg_type": "Forest",
        "source": null,
        "tags": [],
        "names": {
          "de": "Hvargir-Wald",
          "fr": "Forêt De Hvargir",
          "pl": "Las Hvargir"
        },
        "wiki": {
          "title": null,
          "url": null,
          "description": null,
          "image": null
        }
      }
    },
    {
      "type": "Feature",
      "id": "text590",
      "geometry": {
        "type": "Point",
        "coordinates": [
          -4.725283,
          45.223859
        ]
      },
      "properties": {
        "id": "text590",
        "name": "Bois Oelouere",
        "category": "geographic_feature",
        "in_gazetteer": true,
        "type": "Forest",
        "svg_type": "Forest",
        "source": null,
        "tags": [],
        "names": {
          "de": "Bois Oelouere",
          "fr": "Bois Oelouere",
          "pl": "Bois Oelouere"
        },
        "wiki": {
          "title": null,
          "url": null,
          "description": null,
          "image": null
        }
      }
    },
    {
      "type": "Feature",
      "id": "text375",
      "geometry": {
        "type": "Point",
        "coordinates": [
          0.321989,
          49.247392
        ]
      },
      "properties": {
        "id": "text375",
        "name": "Westlaufholz",
        "category": "geographic_feature",
        "in_gazetteer": true,
        "type": "Forest",
        "svg_type": "Forest",
        "source": null,
        "tags": [],
        "names": {
          "de": "Westlaufholz",
          "fr": "Westlaufholz",
          "pl": "Westlaufholz"
        },
        "wiki": {
          "title": null,
          "url": null,
          "description": null,
          "image": null
        }
      }
    },
    {
      "type": "Feature",
      "id": "text395",
      "geometry": {
        "type": "Point",
        "coordinates": [
          -4.048177,
          51.120725
        ]
      },
      "properties": {
        "id": "text395",
        "name": "Geetwald",
        "category": "geographic_feature",
        "in_gazetteer": true,
        "type": "Forest",
        "svg_type": "Forest",
        "source": null,
        "tags": [],
        "names": {
          "de": "Geetwald",
          "fr": "Geetwald",
          "pl": "Geetwald"
        },
        "wiki": {
          "title": null,
          "url": null,
          "description": null,
          "image": null
        }
      }
    },
    {
      "type": "Feature",
      "id": "text8714",
      "geometry": {
        "type": "Point",
        "coordinates": [
          6.074993,
          70.016974
        ]
      },
      "properties": {
        "id": "text8714",
        "name": "The Forest of Decay",
        "category": "geographic_feature",
        "in_gazetteer": true,
        "type": "Forest",
        "svg_type": "Forest",
        "source": null,
        "tags": [],
        "names": {
          "de": "Der Wald Des Verfalls",
          "fr": "La Forêt De La Décomposition",
          "pl": "Las Rozkładu"
        },
        "wiki": {
          "title": null,
          "url": null,
          "description": null,
          "image": null
        }
      }
    },
    {
      "type": "Feature",
      "id": "text8730",
      "geometry": {
        "type": "Point",
        "coordinates": [
          20.590487,
          66.23847
        ]
      },
      "properties": {
        "id": "text8730",
        "name": "Forest of Beasts",
        "category": "geographic_feature",
        "in_gazetteer": true,
        "type": "Forest",
        "svg_type": "Forest",
        "source": null,
        "tags": [],
        "names": {
          "de": "Wald Der Bestien",
          "fr": "Forêt Des Bêtes",
          "pl": "Las Bestii"
        },
        "wiki": {
          "title": null,
          "url": null,
          "description": null,
          "image": null
        }
      }
    },
    {
      "type": "Feature",
      "id": "text8794",
      "geometry": {
        "type": "Point",
        "coordinates": [
          -14.254327,
          69.987513
        ]
      },
      "properties": {
        "id": "text8794",
        "name": "The Withered Forest",
        "category": "geographic_feature",
        "in_gazetteer": true,
        "type": "Forest",
        "svg_type": "Forest",
        "source": null,
        "tags": [],
        "names": {
          "de": "Der Verdorrte Wald",
          "fr": "La Forêt Desséchée",
          "pl": "Zwiędły Las"
        },
        "wiki": {
          "title": null,
          "url": null,
          "description": null,
          "image": null
        }
      }
    },
    {
      "type": "Feature",
      "id": "text8795",
      "geometry": {
        "type": "Point",
        "coordinates": [
          -8.46489,
          70.068536
        ]
      },
      "properties": {
        "id": "text8795",
        "name": "The Withered Forest",
        "category": "geographic_feature",
        "in_gazetteer": true,
        "type": "Forest",
        "svg_type": "Forest",
        "source": null,
        "tags": [],
        "names": {
          "de": "Der Verdorrte Wald",
          "fr": "La Forêt Desséchée",
          "pl": "Zwiędły Las"
        },
        "wiki": {
          "title": null,
          "url": null,
          "description": null,
          "image": null
        }
      }
    },
    {
      "type": "Feature",
      "id": "text8731",
      "geometry": {
        "type": "Point",
        "coordinates": [
          30.749612,
          59.711158
        ]
      },
      "properties": {
        "id": "text8731",
        "name": "The Withered Forest",
        "category": "geographic_feature",
        "in_gazetteer": true,
        "type": "Forest",
        "svg_type": "Forest",
        "source": null,
        "tags": [],
        "names": {
          "de": "Der Verdorrte Wald",
          "fr": "La Forêt Desséchée",
          "pl": "Zwiędły Las"
        },
        "wiki": {
          "title": null,
          "url": null,
          "description": null,
          "image": null
        }
      }
    },
    {
      "type": "Feature",
      "id": "text1374",
      "geometry": {
        "type": "Point",
        "coordinates": [
          -2.276621,
          49.783954
        ]
      },
      "properties": {
        "id": "text1374",
        "name": "Teutenwald",
        "category": "geographic_feature",
        "in_gazetteer": true,
        "type": "Forest",
        "svg_type": "Forest",
        "source": null,
        "tags": [],
        "names": {
          "de": "Teutenwald",
          "fr": "Teutenwald",
          "pl": "Teutenwald"
        },
        "wiki": {
          "title": null,
          "url": null,
          "description": null,
          "image": null
        }
      }
    },
    {
      "type": "Feature",
      "id": "text1375",
      "geometry": {
        "type": "Point",
        "coordinates": [
          0.633368,
          48.02292
        ]
      },
      "properties": {
        "id": "text1375",
        "name": "Bluteichenwald",
        "category": "geographic_feature",
        "in_gazetteer": true,
        "type": "Forest",
        "svg_type": "Forest",
        "source": null,
        "tags": [],
        "names": {
          "de": "Bluteichenwald",
          "fr": "Forêt Bleue",
          "pl": "Bluteichenwald"
        },
        "wiki": {
          "title": null,
          "url": null,
          "description": null,
          "image": null
        }
      }
    },
    {
      "type": "Feature",
      "id": "text17189",
      "geometry": {
        "type": "Point",
        "coordinates": [
          -4.71489,
          69.709161
        ]
      },
      "properties": {
        "id": "text17189",
        "name": "Agvald Forest",
        "category": "geographic_feature",
        "in_gazetteer": true,
        "type": "Forest",
        "svg_type": "Forest",
        "source": null,
        "tags": [],
        "names": {
          "de": "Agvald-Wald",
          "fr": "Forêt D'Agvald",
          "pl": "Las Agvald"
        },
        "wiki": {
          "title": null,
          "url": null,
          "description": null,
          "image": null
        }
      }
    },
    {
      "type": "Feature",
      "id": "text2634",
      "geometry": {
        "type": "Point",
        "coordinates": [
          4.121868,
          73.709682
        ]
      },
      "properties": {
        "id": "text2634",
        "name": "The Blighted Grove",
        "category": "geographic_feature",
        "in_gazetteer": true,
        "type": "Forest",
        "svg_type": "Forest",
        "source": null,
        "tags": [],
        "names": {
          "de": "Der Verfluchte Hain",
          "fr": "Le Bosquet Maudit",
          "pl": "Zniszczony Gaj"
        },
        "wiki": {
          "title": null,
          "url": null,
          "description": null,
          "image": null
        }
      }
    },
    {
      "type": "Feature",
      "id": "text456",
      "geometry": {
        "type": "Point",
        "coordinates": [
          10.509486,
          48.389379
        ]
      },
      "properties": {
        "id": "text456",
        "name": "The Unclean Wood",
        "category": "geographic_feature",
        "in_gazetteer": true,
        "type": "Forest",
        "svg_type": "Forest",
        "source": null,
        "tags": [],
        "names": {
          "de": "Das Unreine Holz",
          "fr": "Le Bois Impur",
          "pl": "Nieczyste Drewno"
        },
        "wiki": {
          "title": null,
          "url": null,
          "description": null,
          "image": null
        }
      }
    },
    {
      "type": "Feature",
      "id": "text457",
      "geometry": {
        "type": "Point",
        "coordinates": [
          9.418341,
          47.524795
        ]
      },
      "properties": {
        "id": "text457",
        "name": "Forsaken Forest",
        "category": "geographic_feature",
        "in_gazetteer": true,
        "type": "Forest",
        "svg_type": "Forest",
        "source": null,
        "tags": [],
        "names": {
          "de": "Verlassener Wald",
          "fr": "Forêt Abandonnée",
          "pl": "Zapomniany Las"
        },
        "wiki": {
          "title": null,
          "url": null,
          "description": null,
          "image": null
        }
      }
    },
    {
      "type": "Feature",
      "id": "text488",
      "geometry": {
        "type": "Point",
        "coordinates": [
          -4.147158,
          45.838442
        ]
      },
      "properties": {
        "id": "text488",
        "name": "Notnam Forest",
        "category": "geographic_feature",
        "in_gazetteer": true,
        "type": "Forest",
        "svg_type": "Forest",
        "source": null,
        "tags": [],
        "names": {
          "de": "Notnam Forest",
          "fr": "Forêt De Notnam",
          "pl": "Las Notnam"
        },
        "wiki": {
          "title": "Notnam Forest",
          "url": "https://warhammerfantasy.fandom.com/wiki/Notnam_Forest",
          "description": "Notnam Forest is a small Wood Elf land ruled by King Rollo Tripleg. Normally Rollo would not have crossed the borders of his kingdom, as defined by the river Trentuin, for anything. Anything, that is, except money; realising this Aer Dressair made suitable overtures and persuaded the aging monarch from his silvan haunt.",
          "image": null
        }
      }
    },
    {
      "type": "Feature",
      "id": "text519",
      "geometry": {
        "type": "Point",
        "coordinates": [
          4.263668,
          43.637032
        ]
      },
      "properties": {
        "id": "text519",
        "name": "Martinswald",
        "category": "geographic_feature",
        "in_gazetteer": true,
        "type": "Forest",
        "svg_type": "Forest",
        "source": null,
        "tags": [],
        "names": {
          "de": "Martinswald",
          "fr": "Martinswald",
          "pl": "Martinswald"
        },
        "wiki": {
          "title": null,
          "url": null,
          "description": null,
          "image": null
        }
      }
    },
    {
      "type": "Feature",
      "id": "text520",
      "geometry": {
        "type": "Point",
        "coordinates": [
          5.156759,
          43.416061
        ]
      },
      "properties": {
        "id": "text520",
        "name": "Aschwald",
        "category": "geographic_feature",
        "in_gazetteer": true,
        "type": "Forest",
        "svg_type": "Forest",
        "source": null,
        "tags": [],
        "names": {
          "de": "Aschwald",
          "fr": "Aschwald",
          "pl": "Aschwald"
        },
        "wiki": {
          "title": null,
          "url": null,
          "description": null,
          "image": null
        }
      }
    },
    {
      "type": "Feature",
      "id": "text534",
      "geometry": {
        "type": "Point",
        "coordinates": [
          3.07595,
          42.276219
        ]
      },
      "properties": {
        "id": "text534",
        "name": "Brenzwald",
        "category": "geographic_feature",
        "in_gazetteer": true,
        "type": "Forest",
        "svg_type": "Forest",
        "source": null,
        "tags": [],
        "names": {
          "de": "Brenzwald",
          "fr": "Brenzwald",
          "pl": "Brenzwald"
        },
        "wiki": {
          "title": null,
          "url": null,
          "description": null,
          "image": null
        }
      }
    },
    {
      "type": "Feature",
      "id": "text549",
      "geometry": {
        "type": "Point",
        "coordinates": [
          -1.463637,
          46.181242
        ]
      },
      "properties": {
        "id": "text549",
        "name": "Deep Forests of Durthu",
        "category": "geographic_feature",
        "in_gazetteer": true,
        "type": "Forest",
        "svg_type": "Forest",
        "source": null,
        "tags": [],
        "names": {
          "de": "Die Tiefen Wälder Von Durthu",
          "fr": "Forêts Profondes De Durthu",
          "pl": "Głębokie Lasy Durthu"
        },
        "wiki": {
          "title": null,
          "url": null,
          "description": null,
          "image": null
        }
      }
    },
    {
      "type": "Feature",
      "id": "text798",
      "geometry": {
        "type": "Point",
        "coordinates": [
          -0.235543,
          56.379508
        ]
      },
      "properties": {
        "id": "text798",
        "name": "Golden Wood",
        "category": "geographic_feature",
        "in_gazetteer": true,
        "type": "Forest",
        "svg_type": "Forest",
        "source": null,
        "tags": [],
        "names": {
          "de": "Goldener Wald",
          "fr": "Bois D'Or",
          "pl": "Złote Drewno"
        },
        "wiki": {
          "title": null,
          "url": null,
          "description": null,
          "image": null
        }
      }
    },
    {
      "type": "Feature",
      "id": "text799",
      "geometry": {
        "type": "Point",
        "coordinates": [
          -0.712472,
          56.8859
        ]
      },
      "properties": {
        "id": "text799",
        "name": "Silver Wood",
        "category": "geographic_feature",
        "in_gazetteer": true,
        "type": "Forest",
        "svg_type": "Forest",
        "source": null,
        "tags": [],
        "names": {
          "de": "Silberholz",
          "fr": "Bois D'Argent",
          "pl": "Srebrne Drewno"
        },
        "wiki": {
          "title": null,
          "url": null,
          "description": null,
          "image": null
        }
      }
    },
    {
      "type": "Feature",
      "id": "text1485",
      "geometry": {
        "type": "Point",
        "coordinates": [
          -0.931601,
          56.140124
        ]
      },
      "properties": {
        "id": "text1485",
        "name": "Wishing Wood",
        "category": "geographic_feature",
        "in_gazetteer": true,
        "type": "Forest",
        "svg_type": "Forest",
        "source": null,
        "tags": [],
        "names": {
          "de": "Wunschholz",
          "fr": "Bois Des Souhaits",
          "pl": "Drewno Życzeń"
        },
        "wiki": {
          "title": null,
          "url": null,
          "description": null,
          "image": null
        }
      }
    },
    {
      "type": "Feature",
      "id": "text1492",
      "geometry": {
        "type": "Point",
        "coordinates": [
          5.840216,
          47.006566
        ]
      },
      "properties": {
        "id": "text1492",
        "name": "Wailing Woods",
        "category": "geographic_feature",
        "in_gazetteer": true,
        "type": "Forest",
        "svg_type": "Forest",
        "source": null,
        "tags": [],
        "names": {
          "de": "Klagewald",
          "fr": "Bois Des Lamentations",
          "pl": "Lasy Płaczu"
        },
        "wiki": {
          "title": null,
          "url": null,
          "description": null,
          "image": null
        }
      }
    },
    {
      "type": "Feature",
      "id": "text1512",
      "geometry": {
        "type": "Point",
        "coordinates": [
          2.320559,
          44.523754
        ]
      },
      "properties": {
        "id": "text1512",
        "name": "Eppiswald",
        "category": "geographic_feature",
        "in_gazetteer": true,
        "type": "Forest",
        "svg_type": "Forest",
        "source": null,
        "tags": [],
        "names": {
          "de": "Eppiswald",
          "fr": "Eppiswald",
          "pl": "Eppiswald"
        },
        "wiki": {
          "title": null,
          "url": null,
          "description": null,
          "image": null
        }
      }
    },
    {
      "type": "Feature",
      "id": "text1514",
      "geometry": {
        "type": "Point",
        "coordinates": [
          3.221601,
          44.269848
        ]
      },
      "properties": {
        "id": "text1514",
        "name": "Morgenwald",
        "category": "geographic_feature",
        "in_gazetteer": true,
        "type": "Forest",
        "svg_type": "Forest",
        "source": null,
        "tags": [],
        "names": {
          "de": "Morgenwald",
          "fr": "Morgenwald",
          "pl": "Morgenwald"
        },
        "wiki": {
          "title": null,
          "url": null,
          "description": null,
          "image": null
        }
      }
    },
    {
      "type": "Feature",
      "id": "text1515",
      "geometry": {
        "type": "Point",
        "coordinates": [
          2.311352,
          43.17215
        ]
      },
      "properties": {
        "id": "text1515",
        "name": "Tapfwald",
        "category": "geographic_feature",
        "in_gazetteer": true,
        "type": "Forest",
        "svg_type": "Forest",
        "source": null,
        "tags": [],
        "names": {
          "de": "Tapfwald",
          "fr": "Tapfwald",
          "pl": "Tapfwald"
        },
        "wiki": {
          "title": null,
          "url": null,
          "description": null,
          "image": null
        }
      }
    },
    {
      "type": "Feature",
      "id": "text1516",
      "geometry": {
        "type": "Point",
        "coordinates": [
          2.578766,
          42.476934
        ]
      },
      "properties": {
        "id": "text1516",
        "name": "Geistenwald",
        "category": "geographic_feature",
        "in_gazetteer": true,
        "type": "Forest",
        "svg_type": "Forest",
        "source": null,
        "tags": [],
        "names": {
          "de": "Geistenwald",
          "fr": "Forêt Fantôme",
          "pl": "Las Duchów"
        },
        "wiki": {
          "title": null,
          "url": null,
          "description": null,
          "image": null
        }
      }
    },
    {
      "type": "Feature",
      "id": "text1517",
      "geometry": {
        "type": "Point",
        "coordinates": [
          1.99831,
          43.698797
        ]
      },
      "properties": {
        "id": "text1517",
        "name": "Ziertwald",
        "category": "geographic_feature",
        "in_gazetteer": true,
        "type": "Forest",
        "svg_type": "Forest",
        "source": null,
        "tags": [],
        "names": {
          "de": "Ziertwald",
          "fr": "Forêt Ornementale",
          "pl": "Las Ozdobny"
        },
        "wiki": {
          "title": null,
          "url": null,
          "description": null,
          "image": null
        }
      }
    },
    {
      "type": "Feature",
      "id": "text1521",
      "geometry": {
        "type": "Point",
        "coordinates": [
          1.651955,
          44.302964
        ]
      },
      "properties": {
        "id": "text1521",
        "name": "Dietenwald",
        "category": "geographic_feature",
        "in_gazetteer": true,
        "type": "Forest",
        "svg_type": "Forest",
        "source": null,
        "tags": [],
        "names": {
          "de": "Dietenwald",
          "fr": "Dietenwald",
          "pl": "Dietenwald"
        },
        "wiki": {
          "title": null,
          "url": null,
          "description": null,
          "image": null
        }
      }
    },
    {
      "type": "Feature",
      "id": "text2638",
      "geometry": {
        "type": "Point",
        "coordinates": [
          5.818355,
          44.776355
        ]
      },
      "properties": {
        "id": "text2638",
        "name": "Dämulwald",
        "category": "geographic_feature",
        "in_gazetteer": true,
        "type": "Forest",
        "svg_type": "Forest",
        "source": null,
        "tags": [],
        "names": {
          "de": "Dämulwald",
          "fr": "Dämulwald",
          "pl": "Dämulwald"
        },
        "wiki": {
          "title": null,
          "url": null,
          "description": null,
          "image": null
        }
      }
    },
    {
      "type": "Feature",
      "id": "text2640",
      "geometry": {
        "type": "Point",
        "coordinates": [
          4.758459,
          45.263335
        ]
      },
      "properties": {
        "id": "text2640",
        "name": "Marschwald",
        "category": "geographic_feature",
        "in_gazetteer": true,
        "type": "Forest",
        "svg_type": "Forest",
        "source": null,
        "tags": [],
        "names": {
          "de": "Marschwald",
          "fr": "Marschwald",
          "pl": "Marschwald"
        },
        "wiki": {
          "title": null,
          "url": null,
          "description": null,
          "image": null
        }
      }
    },
    {
      "type": "Feature",
      "id": "text2649",
      "geometry": {
        "type": "Point",
        "coordinates": [
          4.077469,
          45.374011
        ]
      },
      "properties": {
        "id": "text2649",
        "name": "Habichtwald",
        "category": "geographic_feature",
        "in_gazetteer": true,
        "type": "Forest",
        "svg_type": "Forest",
        "source": null,
        "tags": [],
        "names": {
          "de": "Habichtwald",
          "fr": "Habichtwald",
          "pl": "Habichtwald"
        },
        "wiki": {
          "title": null,
          "url": null,
          "description": null,
          "image": null
        }
      }
    },
    {
      "type": "Feature",
      "id": "text2650",
      "geometry": {
        "type": "Point",
        "coordinates": [
          3.501948,
          45.501615
        ]
      },
      "properties": {
        "id": "text2650",
        "name": "Finnwald",
        "category": "geographic_feature",
        "in_gazetteer": true,
        "type": "Forest",
        "svg_type": "Forest",
        "source": null,
        "tags": [],
        "names": {
          "de": "Finnwald",
          "fr": "Finnwald",
          "pl": "Finnwald"
        },
        "wiki": {
          "title": null,
          "url": null,
          "description": null,
          "image": null
        }
      }
    },
    {
      "type": "Feature",
      "id": "text2672",
      "geometry": {
        "type": "Point",
        "coordinates": [
          4.408199,
          44.838855
        ]
      },
      "properties": {
        "id": "text2672",
        "name": "Obernwald",
        "category": "geographic_feature",
        "in_gazetteer": true,
        "type": "Forest",
        "svg_type": "Forest",
        "source": null,
        "tags": [],
        "names": {
          "de": "Obernwald",
          "fr": "Obernwald",
          "pl": "Obernwald"
        },
        "wiki": {
          "title": null,
          "url": null,
          "description": null,
          "image": null
        }
      }
    },
    {
      "type": "Feature",
      "id": "text2869",
      "geometry": {
        "type": "Point",
        "coordinates": [
          0.094072,
          55.357518
        ]
      },
      "properties": {
        "id": "text2869",
        "name": "Elsterwald",
        "category": "geographic_feature",
        "in_gazetteer": true,
        "type": "Forest",
        "svg_type": "Forest",
        "source": null,
        "tags": [],
        "names": {
          "de": "Elsterwald",
          "fr": "Elsterwald",
          "pl": "Elsterwald"
        },
        "wiki": {
          "title": null,
          "url": null,
          "description": null,
          "image": null
        }
      }
    },
    {
      "type": "Feature",
      "id": "text2946",
      "geometry": {
        "type": "Point",
        "coordinates": [
          22.734769,
          14.400021
        ]
      },
      "properties": {
        "id": "text2946",
        "name": "The Cursed Jungle",
        "category": "geographic_feature",
        "in_gazetteer": true,
        "type": "Forest",
        "svg_type": "Forest",
        "source": null,
        "tags": [],
        "names": {
          "de": "Der Verfluchte Dschungel",
          "fr": "La Jungle Maudite",
          "pl": "Przeklęta Dżungla"
        },
        "wiki": {
          "title": null,
          "url": null,
          "description": null,
          "image": null
        }
      }
    },
    {
      "type": "Feature",
      "id": "text2947",
      "geometry": {
        "type": "Point",
        "coordinates": [
          15.650185,
          3.625155
        ]
      },
      "properties": {
        "id": "text2947",
        "name": "The Jungle of the Gods",
        "category": "geographic_feature",
        "in_gazetteer": true,
        "type": "Forest",
        "svg_type": "Forest",
        "source": null,
        "tags": [],
        "names": {
          "de": "Der Dschungel Der Götter",
          "fr": "La Jungle Des Dieux",
          "pl": "Dżungla Bogów"
        },
        "wiki": {
          "title": null,
          "url": null,
          "description": null,
          "image": null
        }
      }
    },
    {
      "type": "Feature",
      "id": "text2948",
      "geometry": {
        "type": "Point",
        "coordinates": [
          -3.183899,
          2.387717
        ]
      },
      "properties": {
        "id": "text2948",
        "name": "Western Jungles",
        "category": "geographic_feature",
        "in_gazetteer": true,
        "type": "Forest",
        "svg_type": "Forest",
        "source": null,
        "tags": [],
        "names": {
          "de": "Westliche Dschungel",
          "fr": "Jungles De L'Ouest",
          "pl": "Dżungle Zachodnie"
        },
        "wiki": {
          "title": null,
          "url": null,
          "description": null,
          "image": null
        }
      }
    },
    {
      "type": "Feature",
      "id": "text8735",
      "geometry": {
        "type": "Point",
        "coordinates": [
          7.18136,
          48.07688
        ]
      },
      "properties": {
        "id": "text8735",
        "name": "Sleepy Wood",
        "category": "geographic_feature",
        "in_gazetteer": true,
        "type": "Forest",
        "svg_type": "Forest",
        "source": null,
        "tags": [],
        "names": {
          "de": "Schläfriger Wald",
          "fr": "Bois Endormi",
          "pl": "Senny Las"
        },
        "wiki": {
          "title": null,
          "url": null,
          "description": null,
          "image": null
        }
      }
    },
    {
      "type": "Feature",
      "id": "text8736",
      "geometry": {
        "type": "Point",
        "coordinates": [
          6.228235,
          48.212296
        ]
      },
      "properties": {
        "id": "text8736",
        "name": "Altern Forest",
        "category": "geographic_feature",
        "in_gazetteer": true,
        "type": "Forest",
        "svg_type": "Forest",
        "source": null,
        "tags": [],
        "names": {
          "de": "Alternierenwald",
          "fr": "Forêt Alterne",
          "pl": "Alternatywny Las"
        },
        "wiki": {
          "title": null,
          "url": null,
          "description": null,
          "image": null
        }
      }
    },
    {
      "type": "Feature",
      "id": "text1",
      "geometry": {
        "type": "Point",
        "coordinates": [
          3.795991,
          55.499611
        ]
      },
      "properties": {
        "id": "text1",
        "name": "Middle Mountains",
        "category": "geographic_feature",
        "in_gazetteer": true,
        "type": "Mountain Range",
        "svg_type": "Mountain Range",
        "source": null,
        "tags": [],
        "names": {
          "de": "Mittleres Gebirge",
          "fr": "Montagnes Du Milieu",
          "pl": "Góry Środkowe"
        },
        "wiki": {
          "title": "Middle Mountains",
          "url": "https://warhammerfantasy.fandom.com/wiki/Middle_Mountains",
          "description": "The Middle Mountains, called Mitteberge in Reikspiel, are a desolate mountain range located in the north-western region of the Empire, which acts as a natural border for the lands of Nordland, Ostland, Hochland and Middenland. This range of mountains is notorious for being highly devoid of valuable resources and mineral deposits, to such an extent that the Dwarfs who had previously colonised the mountains have all but abandoned them and returned to the domains of the more resource-rich Worlds Edge Mountains. Nonetheless, this range of mountains has in the past provided adequate shelter for the Empire's people, resulting in the creation of cities such as Middenheim and Wolfenburg.",
          "image": "https://static.wikia.nocookie.net/warhammerfb/images/9/98/Middle_Mountains.png/revision/latest?cb=20150527000745"
        }
      }
    },
    {
      "type": "Feature",
      "id": "text2",
      "geometry": {
        "type": "Point",
        "coordinates": [
          0.125,
          41.151978
        ]
      },
      "properties": {
        "id": "text2",
        "name": "The Vaults",
        "category": "geographic_feature",
        "in_gazetteer": true,
        "type": "Mountain Range",
        "svg_type": "Mountain Range",
        "source": null,
        "tags": [],
        "names": {
          "de": "Die Gewölbe",
          "fr": "Les Voûtes",
          "pl": "Sklepienia"
        },
        "wiki": {
          "title": "The Vaults",
          "url": "https://warhammerfantasy.fandom.com/wiki/The_Vaults",
          "description": "Not to be confused with the Grey Vaults. The Vaults are a mountainous region of the Old World consisting of deep, ice-cut valleys, frozen glaciers and towering peaks that form the junction between the Black Mountains and the Grey Mountains. Its immense mountains geographically divide the lands of Tilea, Bretonnia, the Empire and the Border Princes.",
          "image": "https://static.wikia.nocookie.net/warhammerfb/images/9/92/The_Storming_of_the_Vaults_1.png/revision/latest?cb=20251025133905"
        }
      }
    },
    {
      "type": "Feature",
      "id": "text3",
      "geometry": {
        "type": "Point",
        "coordinates": [
          -4.489583,
          48.469686
        ]
      },
      "properties": {
        "id": "text3",
        "name": "Massif Orcal",
        "category": "geographic_feature",
        "in_gazetteer": true,
        "type": "Mountain Range",
        "svg_type": "Mountain Range",
        "source": null,
        "tags": [],
        "names": {
          "de": "Massif Orcal",
          "fr": "Massif Orcal",
          "pl": "Masyw Orcal"
        },
        "wiki": {
          "title": "Massif Orcal",
          "url": "https://warhammerfantasy.fandom.com/wiki/Massif_Orcal",
          "description": "The sheer cliffs of the Massif Orcal rise above the wild Forest of Châlons in Bretonnia and mark the beginning of a rocky highland occupied by Greenskins and other monsters. The Massif Orcal is a barren, desolate place, a blighted region almost devoid of life. Scraggly pines cling to some of the upper heights, and equally sickly-looking brambles creep about the lower slopes, vainly trying to wrest moisture from the thin layer of soil that powders the rocks.",
          "image": "https://static.wikia.nocookie.net/warhammerfb/images/e/ea/Massif_Orcal.png/revision/latest?cb=20180203185229"
        }
      }
    },
    {
      "type": "Feature",
      "id": "text4",
      "geometry": {
        "type": "Point",
        "coordinates": [
          -5.745243,
          53.317524
        ]
      },
      "properties": {
        "id": "text4",
        "name": "The Pale Sisters",
        "category": "geographic_feature",
        "in_gazetteer": true,
        "type": "Mountain Range",
        "svg_type": "Mountain Range",
        "source": null,
        "tags": [],
        "names": {
          "de": "Die Bleichen Schwestern",
          "fr": "Les Sœurs Pâles",
          "pl": "Blade Siostry"
        },
        "wiki": {
          "title": null,
          "url": null,
          "description": null,
          "image": null
        }
      }
    },
    {
      "type": "Feature",
      "id": "text5",
      "geometry": {
        "type": "Point",
        "coordinates": [
          -2.150783,
          49.288489
        ]
      },
      "properties": {
        "id": "text5",
        "name": "Grey Mountains",
        "category": "geographic_feature",
        "in_gazetteer": true,
        "type": "Mountain Range",
        "svg_type": "Mountain Range",
        "source": null,
        "tags": [],
        "names": {
          "de": "Graue Berge",
          "fr": "Montagnes Grises",
          "pl": "Góry Szare"
        },
        "wiki": {
          "title": "Grey Mountains",
          "url": "https://warhammerfantasy.fandom.com/wiki/Grey_Mountains",
          "description": "The Grey Mountains, called the Arluii by the Elves, are the mountain range forming the border between the Empire of Man to the east and Bretonnia and the Forest of Loren to the west, and these peaks are mainly inhabited by Grey Dwarfs and Human mountaineers. The range stretches out from the Vaults in the south to the Pale Sisters in the north close to the Sea of Claws. One pass bridges it, Axe Bite Pass, which is guarded by many fortresses, such as Castle Montfort, and ends close to the great city of Parravon on the Bretonnian side while it is flanked on the other side of the border by the stout Imperial fortified town of Helmgart in Reikland.",
          "image": "https://static.wikia.nocookie.net/warhammerfb/images/b/b6/Warhammer_Grey_Mountains.png/revision/latest?cb=20180111073740"
        }
      }
    },
    {
      "type": "Feature",
      "id": "text6",
      "geometry": {
        "type": "Point",
        "coordinates": [
          1.086702,
          43.882883
        ]
      },
      "properties": {
        "id": "text6",
        "name": "Grey Mountains",
        "category": "geographic_feature",
        "in_gazetteer": true,
        "type": "Mountain Range",
        "svg_type": "Mountain Range",
        "source": null,
        "tags": [],
        "names": {
          "de": "Graue Berge",
          "fr": "Montagnes Grises",
          "pl": "Góry Szare"
        },
        "wiki": {
          "title": "Grey Mountains",
          "url": "https://warhammerfantasy.fandom.com/wiki/Grey_Mountains",
          "description": "The Grey Mountains, called the Arluii by the Elves, are the mountain range forming the border between the Empire of Man to the east and Bretonnia and the Forest of Loren to the west, and these peaks are mainly inhabited by Grey Dwarfs and Human mountaineers. The range stretches out from the Vaults in the south to the Pale Sisters in the north close to the Sea of Claws. One pass bridges it, Axe Bite Pass, which is guarded by many fortresses, such as Castle Montfort, and ends close to the great city of Parravon on the Bretonnian side while it is flanked on the other side of the border by the stout Imperial fortified town of Helmgart in Reikland.",
          "image": "https://static.wikia.nocookie.net/warhammerfb/images/b/b6/Warhammer_Grey_Mountains.png/revision/latest?cb=20180111073740"
        }
      }
    },
    {
      "type": "Feature",
      "id": "text7",
      "geometry": {
        "type": "Point",
        "coordinates": [
          6.695417,
          43.300177
        ]
      },
      "properties": {
        "id": "text7",
        "name": "Black Mountains",
        "category": "geographic_feature",
        "in_gazetteer": true,
        "type": "Mountain Range",
        "svg_type": "Mountain Range",
        "source": null,
        "tags": [],
        "names": {
          "de": "Schwarze Berge",
          "fr": "Montagnes Noires",
          "pl": "Czarne Góry"
        },
        "wiki": {
          "title": "Black Mountains",
          "url": "https://warhammerfantasy.fandom.com/wiki/Black_Mountains",
          "description": "The Black Mountains divide the territory of the Empire of Man from the wild, southern lands of the Border Princes. The skies above this range are wreathed in black thunderheads and flocks of Blood Harpies, while Ice Giants and other predatory creatures prowl the blizzard-swept slopes. The Black Mountains are riddled with crude, Goblin -hewn tunnels and infested with all manner of ravenous beasts, including Trolls, Wyverns and dreaded Cockatrices.",
          "image": "https://static.wikia.nocookie.net/warhammerfb/images/a/ad/Warhammer_Black_Mountains.png/revision/latest?cb=20170408202909"
        }
      }
    },
    {
      "type": "Feature",
      "id": "text8",
      "geometry": {
        "type": "Point",
        "coordinates": [
          13.276665,
          47.809825
        ]
      },
      "properties": {
        "id": "text8",
        "name": "World's Edge Mountains",
        "category": "geographic_feature",
        "in_gazetteer": true,
        "type": "Mountain Range",
        "svg_type": "Mountain Range",
        "source": null,
        "tags": [],
        "names": {
          "de": "Weltrandberge",
          "fr": "Montagnes Du Bord Du Monde",
          "pl": "Góry Krańca Świata"
        },
        "wiki": {
          "title": "Worlds Edge Mountains",
          "url": "https://warhammerfantasy.fandom.com/wiki/Worlds_Edge_Mountains",
          "description": "The Worlds Edge Mountains, also spelled World's Edge Mountains and sometimes called the \" Mountains-at-World's-End \" and Saraeluii (lit. \"Mountains at the Edge of the World\") in Eltharin, the language of the Elves, is the longest mountain range in the Known World and one of the highest. Stretching from the northern Chaos Wastes and extending southwards across the eastern Old World into the Southlands, they form a natural barrier between the Old World and the Dark Lands of the Far East. The Worlds Edge Mountains were at the heart of the great Dwarf empire of Karaz Ankor in ancient days, and even now, many great Dwarf Holds and fortresses may be found amidst this towering range of peaks.",
          "image": "https://static.wikia.nocookie.net/warhammerfb/images/a/a3/Worlds_Edge_Mountains_Map.jpg/revision/latest?cb=20130926175113"
        }
      }
    },
    {
      "type": "Feature",
      "id": "text9",
      "geometry": {
        "type": "Point",
        "coordinates": [
          15.644737,
          54.982171
        ]
      },
      "properties": {
        "id": "text9",
        "name": "Northern World's Edge Mountains",
        "category": "geographic_feature",
        "in_gazetteer": true,
        "type": "Mountain Range",
        "svg_type": "Mountain Range",
        "source": null,
        "tags": [],
        "names": {
          "de": "Nördliche Weltrandgebirge",
          "fr": "Montagnes Du Bord Du Monde Nordique",
          "pl": "Góry Północnego Krańca Świata"
        },
        "wiki": {
          "title": null,
          "url": null,
          "description": null,
          "image": null
        }
      }
    },
    {
      "type": "Feature",
      "id": "text10",
      "geometry": {
        "type": "Point",
        "coordinates": [
          14.724022,
          40.081368
        ]
      },
      "properties": {
        "id": "text10",
        "name": "World's Edge Mountains",
        "category": "geographic_feature",
        "in_gazetteer": true,
        "type": "Mountain Range",
        "svg_type": "Mountain Range",
        "source": null,
        "tags": [],
        "names": {
          "de": "Weltrandberge",
          "fr": "Montagnes Du Bord Du Monde",
          "pl": "Góry Krańca Świata"
        },
        "wiki": {
          "title": "Worlds Edge Mountains",
          "url": "https://warhammerfantasy.fandom.com/wiki/Worlds_Edge_Mountains",
          "description": "The Worlds Edge Mountains, also spelled World's Edge Mountains and sometimes called the \" Mountains-at-World's-End \" and Saraeluii (lit. \"Mountains at the Edge of the World\") in Eltharin, the language of the Elves, is the longest mountain range in the Known World and one of the highest. Stretching from the northern Chaos Wastes and extending southwards across the eastern Old World into the Southlands, they form a natural barrier between the Old World and the Dark Lands of the Far East. The Worlds Edge Mountains were at the heart of the great Dwarf empire of Karaz Ankor in ancient days, and even now, many great Dwarf Holds and fortresses may be found amidst this towering range of peaks.",
          "image": "https://static.wikia.nocookie.net/warhammerfb/images/a/a3/Worlds_Edge_Mountains_Map.jpg/revision/latest?cb=20130926175113"
        }
      }
    },
    {
      "type": "Feature",
      "id": "text11",
      "geometry": {
        "type": "Point",
        "coordinates": [
          11.615696,
          33.06186
        ]
      },
      "properties": {
        "id": "text11",
        "name": "Southern World's Edge Mountains",
        "category": "geographic_feature",
        "in_gazetteer": true,
        "type": "Mountain Range",
        "svg_type": "Mountain Range",
        "source": null,
        "tags": [],
        "names": {
          "de": "Südliche Weltrandgebirge",
          "fr": "Montagnes Du Bord Du Monde Sud",
          "pl": "Góry Południowego Krańca Świata"
        },
        "wiki": {
          "title": null,
          "url": null,
          "description": null,
          "image": null
        }
      }
    },
    {
      "type": "Feature",
      "id": "text12",
      "geometry": {
        "type": "Point",
        "coordinates": [
          -2.199865,
          38.187722
        ]
      },
      "properties": {
        "id": "text12",
        "name": "Apuccini Mountains",
        "category": "geographic_feature",
        "in_gazetteer": true,
        "type": "Mountain Range",
        "svg_type": "Mountain Range",
        "source": null,
        "tags": [],
        "names": {
          "de": "Apuccini-Gebirge",
          "fr": "Monts Apuccini",
          "pl": "Góry Apuccini"
        },
        "wiki": {
          "title": "Apuccini Mountains",
          "url": "https://warhammerfantasy.fandom.com/wiki/Apuccini_Mountains",
          "description": "The Apuccini Mountains, also called the Apuccinis,, Appuccinis,, Appucinis, or Puccini Mountains, divide the lands of eastern Tilea from the Border Princes. They are generally avoided by Human travellers, since there are numerous bandit strongholds, Goblin caves and the dwellings of other evil creatures. The mountains are thickly wooded along both their eastern and western slopes, and there are no Dwarf populations within them as far as is known.",
          "image": null
        }
      }
    },
    {
      "type": "Feature",
      "id": "text13",
      "geometry": {
        "type": "Point",
        "coordinates": [
          -10.692709,
          40.657185
        ]
      },
      "properties": {
        "id": "text13",
        "name": "Abasko Mountains",
        "category": "geographic_feature",
        "in_gazetteer": true,
        "type": "Mountain Range",
        "svg_type": "Mountain Range",
        "source": null,
        "tags": [],
        "names": {
          "de": "Abasko-Gebirge",
          "fr": "Montagnes Abasko",
          "pl": "Góry Abasko"
        },
        "wiki": {
          "title": "Abasko Mountains",
          "url": "https://warhammerfantasy.fandom.com/wiki/Abasko_Mountains",
          "description": "The Abasko Mountains form the border between Tilea and Estalia, spreading northwards till they connect with the Irrana Mountains. Vast veins of silver are mined by Estalia within the Abasko, which, alongside a rich agricultural industry, maintains their strong economy. The slopes of the Abasko Mountains are renowned for their pale wood, used to craft fine furniture.",
          "image": "https://static.wikia.nocookie.net/warhammerfb/images/f/f2/Abasko_and_Irrana_Mountains.png/revision/latest?cb=20240421105627"
        }
      }
    },
    {
      "type": "Feature",
      "id": "text14",
      "geometry": {
        "type": "Point",
        "coordinates": [
          -14.369792,
          43.698852
        ]
      },
      "properties": {
        "id": "text14",
        "name": "Western Irrana  Mountains",
        "category": "geographic_feature",
        "in_gazetteer": true,
        "type": "Mountain Range",
        "svg_type": "Mountain Range",
        "source": null,
        "tags": [],
        "names": {
          "de": "Westliche Irrana-Berge",
          "fr": "Montagnes Pluvieuses De L'Ouest",
          "pl": "Zachodnie Góry Deszczowe"
        },
        "wiki": {
          "title": "Irrana Mountains",
          "url": "https://warhammerfantasy.fandom.com/wiki/Irrana_Mountains",
          "description": "The Irrana Mountains are the range of mountains in the southern Old World that divide Tilea from the lands of Bretonnia and Estalia. It is colloquially subdivided into two mountainous sub-regions, the Eastern Irrana Mountains and Western Irrana Mountains. Bretonnians often just call them both the Southern Mountains.",
          "image": "https://static.wikia.nocookie.net/warhammerfb/images/f/f2/Abasko_and_Irrana_Mountains.png/revision/latest?cb=20240421105627"
        }
      }
    },
    {
      "type": "Feature",
      "id": "text15",
      "geometry": {
        "type": "Point",
        "coordinates": [
          -5.09375,
          42.224894
        ]
      },
      "properties": {
        "id": "text15",
        "name": "Eastern Irrana  Mountains",
        "category": "geographic_feature",
        "in_gazetteer": true,
        "type": "Mountain Range",
        "svg_type": "Mountain Range",
        "source": null,
        "tags": [],
        "names": {
          "de": "Östliches Irrana-Gebirge",
          "fr": "Montagnes Orientales D'Irrana",
          "pl": "Wschodnie Góry Irrana"
        },
        "wiki": {
          "title": "Irrana Mountains",
          "url": "https://warhammerfantasy.fandom.com/wiki/Irrana_Mountains",
          "description": "The Irrana Mountains are the range of mountains in the southern Old World that divide Tilea from the lands of Bretonnia and Estalia. It is colloquially subdivided into two mountainous sub-regions, the Eastern Irrana Mountains and Western Irrana Mountains. Bretonnians often just call them both the Southern Mountains.",
          "image": "https://static.wikia.nocookie.net/warhammerfb/images/f/f2/Abasko_and_Irrana_Mountains.png/revision/latest?cb=20240421105627"
        }
      }
    },
    {
      "type": "Feature",
      "id": "text16",
      "geometry": {
        "type": "Point",
        "coordinates": [
          -8.728123,
          62.453726
        ]
      },
      "properties": {
        "id": "text16",
        "name": "Mountains of Thjazi",
        "category": "geographic_feature",
        "in_gazetteer": true,
        "type": "Mountain Range",
        "svg_type": "Mountain Range",
        "source": null,
        "tags": [],
        "names": {
          "de": "Gebirge Des Thjazi",
          "fr": "Montagnes De Thjazi",
          "pl": "Góry Thjazi"
        },
        "wiki": {
          "title": null,
          "url": null,
          "description": null,
          "image": null
        }
      }
    },
    {
      "type": "Feature",
      "id": "text17",
      "geometry": {
        "type": "Point",
        "coordinates": [
          -6.024868,
          63.926495
        ]
      },
      "properties": {
        "id": "text17",
        "name": "Vanaheim Mountains",
        "category": "geographic_feature",
        "in_gazetteer": true,
        "type": "Mountain Range",
        "svg_type": "Mountain Range",
        "source": null,
        "tags": [],
        "names": {
          "de": "Vanaheim-Gebirge",
          "fr": "Montagnes De Vanaheim",
          "pl": "Góry Vanaheim"
        },
        "wiki": {
          "title": "Vanaheim Mountains",
          "url": "https://warhammerfantasy.fandom.com/wiki/Vanaheim_Mountains",
          "description": "The soaring Vanaheim Mountains of Norsca are capped with snow year round, their frozen peaks home to many monstrous beasts that are often hunted by the Norscan tribes for their meat and fur.",
          "image": null
        }
      }
    },
    {
      "type": "Feature",
      "id": "text18",
      "geometry": {
        "type": "Point",
        "coordinates": [
          -2.209482,
          62.910399
        ]
      },
      "properties": {
        "id": "text18",
        "name": "Ulfwerenar Mountains",
        "category": "geographic_feature",
        "in_gazetteer": true,
        "type": "Mountain Range",
        "svg_type": "Mountain Range",
        "source": null,
        "tags": [],
        "names": {
          "de": "Ulfwerenar-Gebirge",
          "fr": "Montagnes D'Ulfwerenar",
          "pl": "Góry Ulfwerenar"
        },
        "wiki": {
          "title": null,
          "url": null,
          "description": null,
          "image": null
        }
      }
    },
    {
      "type": "Feature",
      "id": "text19",
      "geometry": {
        "type": "Point",
        "coordinates": [
          9.552717,
          63.602303
        ]
      },
      "properties": {
        "id": "text19",
        "name": "Jotunheim Mountains",
        "category": "geographic_feature",
        "in_gazetteer": true,
        "type": "Mountain Range",
        "svg_type": "Mountain Range",
        "source": null,
        "tags": [],
        "names": {
          "de": "Jotunheim-Gebirge",
          "fr": "Montagnes De Jotunheim",
          "pl": "Góry Jotunheim"
        },
        "wiki": {
          "title": null,
          "url": null,
          "description": null,
          "image": null
        }
      }
    },
    {
      "type": "Feature",
      "id": "text20",
      "geometry": {
        "type": "Point",
        "coordinates": [
          12.204368,
          61.849267
        ]
      },
      "properties": {
        "id": "text20",
        "name": "The Goromadny",
        "category": "geographic_feature",
        "in_gazetteer": true,
        "type": "Mountain Range",
        "svg_type": "Mountain Range",
        "source": null,
        "tags": [],
        "names": {
          "de": "Die Goromadny",
          "fr": "La Goromadny",
          "pl": "Goromadny"
        },
        "wiki": {
          "title": null,
          "url": null,
          "description": null,
          "image": null
        }
      }
    },
    {
      "type": "Feature",
      "id": "text21",
      "geometry": {
        "type": "Point",
        "coordinates": [
          23.204368,
          59.745101
        ]
      },
      "properties": {
        "id": "text21",
        "name": "Danyastrona Mountains",
        "category": "geographic_feature",
        "in_gazetteer": true,
        "type": "Mountain Range",
        "svg_type": "Mountain Range",
        "source": null,
        "tags": [],
        "names": {
          "de": "Danyastrona-Gebirge",
          "fr": "Montagnes De Danyastrona",
          "pl": "Góry Danyastrona"
        },
        "wiki": {
          "title": null,
          "url": null,
          "description": null,
          "image": null
        }
      }
    },
    {
      "type": "Feature",
      "id": "text22",
      "geometry": {
        "type": "Point",
        "coordinates": [
          17.696821,
          65.440505
        ]
      },
      "properties": {
        "id": "text22",
        "name": "Northern World's Edge Mountains",
        "category": "geographic_feature",
        "in_gazetteer": true,
        "type": "Mountain Range",
        "svg_type": "Mountain Range",
        "source": null,
        "tags": [],
        "names": {
          "de": "Nördliche Weltrandgebirge",
          "fr": "Montagnes Du Bord Du Monde Nordique",
          "pl": "Góry Północnego Krańca Świata"
        },
        "wiki": {
          "title": null,
          "url": null,
          "description": null,
          "image": null
        }
      }
    },
    {
      "type": "Feature",
      "id": "text23",
      "geometry": {
        "type": "Point",
        "coordinates": [
          2.203125,
          35.125938
        ]
      },
      "properties": {
        "id": "text23",
        "name": "Dragonback Mountains",
        "category": "geographic_feature",
        "in_gazetteer": true,
        "type": "Mountain Range",
        "svg_type": "Mountain Range",
        "source": null,
        "tags": [],
        "names": {
          "de": "Drachenrückengebirge",
          "fr": "Montagnes De Dragonback",
          "pl": "Góry Smoczego Grzbietu"
        },
        "wiki": {
          "title": "Dragonback Mountains",
          "url": "https://warhammerfantasy.fandom.com/wiki/Dragonback_Mountains",
          "description": "The Dragonback Mountains are a range of mountains located within the eastern shores of the Black Gulf, adjacent to the Worlds Edge Mountains in the East, and comprising much of the Badlands western borders. Dragonback in ancient times was a Dwarf Hold in its own right, first founded by an expedition of the Angbok Clan but it was the Rinkeldraz Clan who would later become the Kings of Dragonback. However, following the onset of the Goblin Wars, the Mines of Ekrund and the whole Dragonback Mountains range have since fallen to the marauding Greenskin tribes that invaded the Badlands in -1500 IC.",
          "image": "https://static.wikia.nocookie.net/warhammerfb/images/a/ab/Dragonback_Mountains.PNG/revision/latest?cb=20151204222307"
        }
      }
    },
    {
      "type": "Feature",
      "id": "text24",
      "geometry": {
        "type": "Point",
        "coordinates": [
          16.222004,
          49.149942
        ]
      },
      "properties": {
        "id": "text24",
        "name": "Rib Peaks",
        "category": "geographic_feature",
        "in_gazetteer": true,
        "type": "Mountain Range",
        "svg_type": "Mountain Range",
        "source": null,
        "tags": [],
        "names": {
          "de": "Rippengipfel",
          "fr": "Pics De Côtes",
          "pl": "Rib Peaks"
        },
        "wiki": {
          "title": null,
          "url": null,
          "description": null,
          "image": null
        }
      }
    },
    {
      "type": "Feature",
      "id": "text38",
      "geometry": {
        "type": "Point",
        "coordinates": [
          11.531765,
          49.278061
        ]
      },
      "properties": {
        "id": "text38",
        "name": "Drakenhöhenzug",
        "category": "geographic_feature",
        "in_gazetteer": true,
        "type": "Mountain Range",
        "svg_type": "Mountain Range",
        "source": null,
        "tags": [],
        "names": {
          "de": "Drakenhöhenzug",
          "fr": "Drakenhöhenzug",
          "pl": "Wyciąg Smoczy"
        },
        "wiki": {
          "title": null,
          "url": null,
          "description": null,
          "image": null
        }
      }
    },
    {
      "type": "Feature",
      "id": "text16882",
      "geometry": {
        "type": "Point",
        "coordinates": [
          2.54794,
          62.261746
        ]
      },
      "properties": {
        "id": "text16882",
        "name": "Trollheim Mountains",
        "category": "geographic_feature",
        "in_gazetteer": true,
        "type": "Mountain Range",
        "svg_type": "Mountain Range",
        "source": null,
        "tags": [],
        "names": {
          "de": "Trollheimer Gebirge",
          "fr": "Montagnes De Trollheim",
          "pl": "Góry Trollheim"
        },
        "wiki": {
          "title": null,
          "url": null,
          "description": null,
          "image": null
        }
      }
    },
    {
      "type": "Feature",
      "id": "text16883",
      "geometry": {
        "type": "Point",
        "coordinates": [
          -0.347893,
          61.522163
        ]
      },
      "properties": {
        "id": "text16883",
        "name": "Iron Mountains",
        "category": "geographic_feature",
        "in_gazetteer": true,
        "type": "Mountain Range",
        "svg_type": "Mountain Range",
        "source": null,
        "tags": [],
        "names": {
          "de": "Eisenberge",
          "fr": "Montagnes De Fer",
          "pl": "Góry Żelazne"
        },
        "wiki": {
          "title": "Iron Mountains",
          "url": "https://warhammerfantasy.fandom.com/wiki/Iron_Mountains",
          "description": "The Iron Mountains are a mountain range in north-western Naggaroth, between the Boiling Sea and the Sea of Malice. The great Dark Elf city of Naggarond lies in the eastern foothills. Dark Pegasi notably nest within these mountains.",
          "image": null
        }
      }
    },
    {
      "type": "Feature",
      "id": "text16884",
      "geometry": {
        "type": "Point",
        "coordinates": [
          -8.483201,
          64.140037
        ]
      },
      "properties": {
        "id": "text16884",
        "name": "Helspire Ridge",
        "category": "geographic_feature",
        "in_gazetteer": true,
        "type": "Mountain Range",
        "svg_type": "Mountain Range",
        "source": null,
        "tags": [],
        "names": {
          "de": "Helspire Ridge",
          "fr": "Crête D'Helspire",
          "pl": "Helspire Ridge"
        },
        "wiki": {
          "title": null,
          "url": null,
          "description": null,
          "image": null
        }
      }
    },
    {
      "type": "Feature",
      "id": "text16885",
      "geometry": {
        "type": "Point",
        "coordinates": [
          6.147233,
          63.815668
        ]
      },
      "properties": {
        "id": "text16885",
        "name": "Mountains of Hel",
        "category": "geographic_feature",
        "in_gazetteer": true,
        "type": "Mountain Range",
        "svg_type": "Mountain Range",
        "source": null,
        "tags": [],
        "names": {
          "de": "Berge Von Hel",
          "fr": "Montagnes De Hel",
          "pl": "Góry Helskie"
        },
        "wiki": {
          "title": null,
          "url": null,
          "description": null,
          "image": null
        }
      }
    },
    {
      "type": "Feature",
      "id": "text16886",
      "geometry": {
        "type": "Point",
        "coordinates": [
          -0.55657,
          63.875029
        ]
      },
      "properties": {
        "id": "text16886",
        "name": "Mountains of Naglfari",
        "category": "geographic_feature",
        "in_gazetteer": true,
        "type": "Mountain Range",
        "svg_type": "Mountain Range",
        "source": null,
        "tags": [],
        "names": {
          "de": "Naglfari-Gebirge",
          "fr": "Montagnes De Naglfari",
          "pl": "Góry Naglfari"
        },
        "wiki": {
          "title": null,
          "url": null,
          "description": null,
          "image": null
        }
      }
    },
    {
      "type": "Feature",
      "id": "text16887",
      "geometry": {
        "type": "Point",
        "coordinates": [
          5.467154,
          64.506676
        ]
      },
      "properties": {
        "id": "text16887",
        "name": "Skadi Mountains",
        "category": "geographic_feature",
        "in_gazetteer": true,
        "type": "Mountain Range",
        "svg_type": "Mountain Range",
        "source": null,
        "tags": [],
        "names": {
          "de": "Skadi-Gebirge",
          "fr": "Montagnes Skadi",
          "pl": "Góry Skadi"
        },
        "wiki": {
          "title": null,
          "url": null,
          "description": null,
          "image": null
        }
      }
    },
    {
      "type": "Feature",
      "id": "text61",
      "geometry": {
        "type": "Point",
        "coordinates": [
          -18.200634,
          58.996475
        ]
      },
      "properties": {
        "id": "text61",
        "name": "Beast Peaks",
        "category": "geographic_feature",
        "in_gazetteer": true,
        "type": "Mountain Range",
        "svg_type": "Mountain Range",
        "source": null,
        "tags": [],
        "names": {
          "de": "Bestiengipfel",
          "fr": "Pics De La Bête",
          "pl": "Szczyty Bestii"
        },
        "wiki": {
          "title": "Beast Peaks",
          "url": "https://warhammerfantasy.fandom.com/wiki/Beast_Peaks",
          "description": "The Beast Peaks are a clump of mountains deep in the interior of the isle of Albion. Their heights are enshrouded in low cloud, obscured by constant rain and storm, so that the actual size of the mountains is unknown. They are known as the \"Beast Peaks\" due to the high number of monstrous creatures that live in these mountains, whether they live in the high altitudes above the cloud-line, or within the innumerable caves and labyrinthine caverns that riddle the mountains like honey-comb.",
          "image": null
        }
      }
    },
    {
      "type": "Feature",
      "id": "text609",
      "geometry": {
        "type": "Point",
        "coordinates": [
          5.14514,
          74.33955
        ]
      },
      "properties": {
        "id": "text609",
        "name": "Mountains of Questioning",
        "category": "geographic_feature",
        "in_gazetteer": true,
        "type": "Mountain Range",
        "svg_type": "Mountain Range",
        "source": null,
        "tags": [],
        "names": {
          "de": "Berge Von Fragen",
          "fr": "Montagnes De Questions",
          "pl": "Góry Pytań"
        },
        "wiki": {
          "title": null,
          "url": null,
          "description": null,
          "image": null
        }
      }
    },
    {
      "type": "Feature",
      "id": "text610",
      "geometry": {
        "type": "Point",
        "coordinates": [
          5.822912,
          77.755192
        ]
      },
      "properties": {
        "id": "text610",
        "name": "Shard Lands",
        "category": "geographic_feature",
        "in_gazetteer": true,
        "type": "Mountain Range",
        "svg_type": "Mountain Range",
        "source": null,
        "tags": [],
        "names": {
          "de": "Scherbenlande",
          "fr": "Terres De L'Éclat",
          "pl": "Krainy Odłamków"
        },
        "wiki": {
          "title": null,
          "url": null,
          "description": null,
          "image": null
        }
      }
    },
    {
      "type": "Feature",
      "id": "text5405",
      "geometry": {
        "type": "Point",
        "coordinates": [
          18.584447,
          29.37436
        ]
      },
      "properties": {
        "id": "text5405",
        "name": "The Broken Teeth",
        "category": "geographic_feature",
        "in_gazetteer": true,
        "type": "Mountain Range",
        "svg_type": "Mountain Range",
        "source": null,
        "tags": [],
        "names": {
          "de": "Die Abgebrochenen Zähne",
          "fr": "Les Dents Cassées",
          "pl": "Złamane Zęby"
        },
        "wiki": {
          "title": null,
          "url": null,
          "description": null,
          "image": null
        }
      }
    },
    {
      "type": "Feature",
      "id": "text16860",
      "geometry": {
        "type": "Point",
        "coordinates": [
          7.83362,
          69.375071
        ]
      },
      "properties": {
        "id": "text16860",
        "name": "The Cold Mires",
        "category": "geographic_feature",
        "in_gazetteer": true,
        "type": "Mountain Range",
        "svg_type": "Mountain Range",
        "source": null,
        "tags": [],
        "names": {
          "de": "Die Kalten Sümpfe",
          "fr": "Les Marais Froids",
          "pl": "Zimne Bagna"
        },
        "wiki": {
          "title": null,
          "url": null,
          "description": null,
          "image": null
        }
      }
    },
    {
      "type": "Feature",
      "id": "text16914",
      "geometry": {
        "type": "Point",
        "coordinates": [
          21.74113,
          35.593507
        ]
      },
      "properties": {
        "id": "text16914",
        "name": "Ash Ridge Mountains",
        "category": "geographic_feature",
        "in_gazetteer": true,
        "type": "Mountain Range",
        "svg_type": "Mountain Range",
        "source": null,
        "tags": [],
        "names": {
          "de": "Ash Ridge Mountains",
          "fr": "Montagnes Ash Ridge",
          "pl": "Góry Ash Ridge"
        },
        "wiki": {
          "title": null,
          "url": null,
          "description": null,
          "image": null
        }
      }
    },
    {
      "type": "Feature",
      "id": "text1393",
      "geometry": {
        "type": "Point",
        "coordinates": [
          -14.182445,
          73.043188
        ]
      },
      "properties": {
        "id": "text1393",
        "name": "Frostspire Mountains",
        "category": "geographic_feature",
        "in_gazetteer": true,
        "type": "Mountain Range",
        "svg_type": "Mountain Range",
        "source": null,
        "tags": [],
        "names": {
          "de": "Frostspire-Gebirge",
          "fr": "Montagnes De Frostspire",
          "pl": "Góry Frostspire"
        },
        "wiki": {
          "title": null,
          "url": null,
          "description": null,
          "image": null
        }
      }
    },
    {
      "type": "Feature",
      "id": "text12592",
      "geometry": {
        "type": "Point",
        "coordinates": [
          -27.545618,
          22.376793
        ]
      },
      "properties": {
        "id": "text12592",
        "name": "Atalan Mountains",
        "category": "geographic_feature",
        "in_gazetteer": true,
        "type": "Mountain Range",
        "svg_type": "Mountain Range",
        "source": null,
        "tags": [],
        "names": {
          "de": "Atalan-Gebirge",
          "fr": "Monts Atalans",
          "pl": "Góry Atalan"
        },
        "wiki": {
          "title": "Atalan Mountains",
          "url": "https://warhammerfantasy.fandom.com/wiki/Atalan_Mountains",
          "description": "The Atalan Mountains is a range of mountains found in north-west Araby. The land of Araby lies along the north-west coast of the Southlands, between the Atalan Mountains and the Great Ocean. To the east is the Great Desert of Araby that separates Araby from the Land of the Dead.",
          "image": "https://static.wikia.nocookie.net/warhammerfb/images/1/19/Atalan_Mountains.jpg/revision/latest?cb=20210816180406"
        }
      }
    },
    {
      "type": "Feature",
      "id": "text12980",
      "geometry": {
        "type": "Point",
        "coordinates": [
          10.658056,
          26.114842
        ]
      },
      "properties": {
        "id": "text12980",
        "name": "Southern World's Edge Mountains",
        "category": "geographic_feature",
        "in_gazetteer": true,
        "type": "Mountain Range",
        "svg_type": "Mountain Range",
        "source": null,
        "tags": [],
        "names": {
          "de": "Südliche Weltrandgebirge",
          "fr": "Montagnes Du Bord Du Monde Sud",
          "pl": "Góry Południowego Krańca Świata"
        },
        "wiki": {
          "title": null,
          "url": null,
          "description": null,
          "image": null
        }
      }
    },
    {
      "type": "Feature",
      "id": "text2688",
      "geometry": {
        "type": "Point",
        "coordinates": [
          3.954525,
          65.456292
        ]
      },
      "properties": {
        "id": "text2688",
        "name": "Jagged Tooth Mountains",
        "category": "geographic_feature",
        "in_gazetteer": true,
        "type": "Mountain Range",
        "svg_type": "Mountain Range",
        "source": null,
        "tags": [],
        "names": {
          "de": "Gezackte Zahnberge",
          "fr": "Montagnes Aux Dents Acérées",
          "pl": "Góry Jagged Tooth"
        },
        "wiki": {
          "title": null,
          "url": null,
          "description": null,
          "image": null
        }
      }
    },
    {
      "type": "Feature",
      "id": "text821",
      "geometry": {
        "type": "Point",
        "coordinates": [
          0.477327,
          47.059967
        ]
      },
      "properties": {
        "id": "text821",
        "name": "Grey Mountains",
        "category": "geographic_feature",
        "in_gazetteer": true,
        "type": "Mountain Range",
        "svg_type": "Mountain Range",
        "source": null,
        "tags": [],
        "names": {
          "de": "Graue Berge",
          "fr": "Montagnes Grises",
          "pl": "Góry Szare"
        },
        "wiki": {
          "title": "Grey Mountains",
          "url": "https://warhammerfantasy.fandom.com/wiki/Grey_Mountains",
          "description": "The Grey Mountains, called the Arluii by the Elves, are the mountain range forming the border between the Empire of Man to the east and Bretonnia and the Forest of Loren to the west, and these peaks are mainly inhabited by Grey Dwarfs and Human mountaineers. The range stretches out from the Vaults in the south to the Pale Sisters in the north close to the Sea of Claws. One pass bridges it, Axe Bite Pass, which is guarded by many fortresses, such as Castle Montfort, and ends close to the great city of Parravon on the Bretonnian side while it is flanked on the other side of the border by the stout Imperial fortified town of Helmgart in Reikland.",
          "image": "https://static.wikia.nocookie.net/warhammerfb/images/b/b6/Warhammer_Grey_Mountains.png/revision/latest?cb=20180111073740"
        }
      }
    },
    {
      "type": "Feature",
      "id": "text2938",
      "geometry": {
        "type": "Point",
        "coordinates": [
          -4.31432,
          60.557257
        ]
      },
      "properties": {
        "id": "text2938",
        "name": "Ice Tooth Mountains",
        "category": "geographic_feature",
        "in_gazetteer": true,
        "type": "Mountain Range",
        "svg_type": "Mountain Range",
        "source": null,
        "tags": [],
        "names": {
          "de": "Eiszahngebirge",
          "fr": "Montagnes Des Dents De Glace",
          "pl": "Góry Lodowego Zęba"
        },
        "wiki": {
          "title": null,
          "url": null,
          "description": null,
          "image": null
        }
      }
    },
    {
      "type": "Feature",
      "id": "text2939",
      "geometry": {
        "type": "Point",
        "coordinates": [
          -5.093152,
          62.192244
        ]
      },
      "properties": {
        "id": "text2939",
        "name": "Mountains of Thjazi",
        "category": "geographic_feature",
        "in_gazetteer": true,
        "type": "Mountain Range",
        "svg_type": "Mountain Range",
        "source": null,
        "tags": [],
        "names": {
          "de": "Gebirge Des Thjazi",
          "fr": "Montagnes De Thjazi",
          "pl": "Góry Thjazi"
        },
        "wiki": {
          "title": null,
          "url": null,
          "description": null,
          "image": null
        }
      }
    },
    {
      "type": "Feature",
      "id": "text5423",
      "geometry": {
        "type": "Point",
        "coordinates": [
          16.402092,
          17.336791
        ]
      },
      "properties": {
        "id": "text5423",
        "name": "Devil's Backbone",
        "category": "geographic_feature",
        "in_gazetteer": true,
        "type": "Mountain Range",
        "svg_type": "Mountain Range",
        "source": null,
        "tags": [],
        "names": {
          "de": "Teufelsrückgrat",
          "fr": "Épine Dorsale Du Diable",
          "pl": "Kręgosłup Diabła"
        },
        "wiki": {
          "title": null,
          "url": null,
          "description": null,
          "image": null
        }
      }
    },
    {
      "type": "Feature",
      "id": "text563",
      "geometry": {
        "type": "Point",
        "coordinates": [
          15.413905,
          51.497717
        ]
      },
      "properties": {
        "id": "text563",
        "name": "Peak Pass",
        "category": "geographic_feature",
        "in_gazetteer": true,
        "type": "Mountain Pass",
        "svg_type": "Mountain Pass",
        "source": null,
        "tags": [],
        "names": {
          "de": "Gipfelpass",
          "fr": "Col Du Pic",
          "pl": "Przełęcz Szczytowa"
        },
        "wiki": {
          "title": "Peak Pass",
          "url": "https://warhammerfantasy.fandom.com/wiki/Peak_Pass",
          "description": "Peak Pass runs through the Worlds Edge Mountains. It connects the Dark Lands with the Imperial Great Province of Ostermark. During the Golden Age, the Dwarfs fortified the pass, which connects to the great Dwarf hold of Karak Kadrin (\"Stronghold of the Pass\" in Khazalid ).",
          "image": "https://static.wikia.nocookie.net/warhammerfb/images/1/12/Peak_Pass.jpg/revision/latest?cb=20191021154432"
        }
      }
    },
    {
      "type": "Feature",
      "id": "text591",
      "geometry": {
        "type": "Point",
        "coordinates": [
          16.76974,
          60.144553
        ]
      },
      "properties": {
        "id": "text591",
        "name": "Belyevobota Pass (High Pass)",
        "category": "geographic_feature",
        "in_gazetteer": true,
        "type": "Mountain Pass",
        "svg_type": "Mountain Pass",
        "source": null,
        "tags": [],
        "names": {
          "de": "Belyevobota-Pass (Hoher Pass)",
          "fr": "Col De Belyevobota (Haut Col)",
          "pl": "Przełęcz Belyevobota (Wysoka Przełęcz)"
        },
        "wiki": {
          "title": "High Pass",
          "url": "https://warhammerfantasy.fandom.com/wiki/High_Pass",
          "description": "High Pass (called Belyerovota Pass in Kislevarin ) is the northernmost pass over the Worlds Edge Mountains and certainly the most treacherous. It connects Kislev with the Great Skull Land.",
          "image": "https://static.wikia.nocookie.net/warhammerfb/images/e/ea/High_Pass.jpg/revision/latest?cb=20180506085028"
        }
      }
    },
    {
      "type": "Feature",
      "id": "text592",
      "geometry": {
        "type": "Point",
        "coordinates": [
          9.983932,
          61.990499
        ]
      },
      "properties": {
        "id": "text592",
        "name": "Black Blood Pass",
        "category": "geographic_feature",
        "in_gazetteer": true,
        "type": "Mountain Pass",
        "svg_type": "Mountain Pass",
        "source": null,
        "tags": [],
        "names": {
          "de": "Schwarzer Blutpass",
          "fr": "Passage Du Sang Noir",
          "pl": "Przełęcz Czarnej Krwi"
        },
        "wiki": {
          "title": null,
          "url": null,
          "description": null,
          "image": null
        }
      }
    },
    {
      "type": "Feature",
      "id": "text593",
      "geometry": {
        "type": "Point",
        "coordinates": [
          7.878749,
          44.250321
        ]
      },
      "properties": {
        "id": "text593",
        "name": "Black Fire Pass",
        "category": "geographic_feature",
        "in_gazetteer": true,
        "type": "Mountain Pass",
        "svg_type": "Mountain Pass",
        "source": null,
        "tags": [],
        "names": {
          "de": "Black Fire Pass",
          "fr": "Col De Feu Noir",
          "pl": "Przełęcz Czarnego Ognia"
        },
        "wiki": {
          "title": "Black Fire Pass",
          "url": "https://warhammerfantasy.fandom.com/wiki/Black_Fire_Pass",
          "description": "Black Fire Pass, or Haz Drazh Kadrin as it is known in Khazalid, lies in the southeastern Empire of Man in the Electoral Province of Averland. Formed long ago when violent eruptions tore the Black Mountains in two, the pass is a gaping chasm of contorted lava flanked by steep black cliffs of polished volcanic glass. Eerie wisps of black vapour gush from vents at the base of the crags to form surging shapes against the darkened rock.",
          "image": "https://static.wikia.nocookie.net/warhammerfb/images/9/9b/Warhammer_Black_Fire_Pass.png/revision/latest?cb=20170804063633"
        }
      }
    },
    {
      "type": "Feature",
      "id": "text595",
      "geometry": {
        "type": "Point",
        "coordinates": [
          4.308436,
          41.890945
        ]
      },
      "properties": {
        "id": "text595",
        "name": "Icy Wind Pass",
        "category": "geographic_feature",
        "in_gazetteer": true,
        "type": "Mountain Pass",
        "svg_type": "Mountain Pass",
        "source": null,
        "tags": [],
        "names": {
          "de": "Eisiger Windpass",
          "fr": "Col Du Vent Glacé",
          "pl": "Przełęcz Lodowego Wiatru"
        },
        "wiki": {
          "title": null,
          "url": null,
          "description": null,
          "image": null
        }
      }
    },
    {
      "type": "Feature",
      "id": "text596",
      "geometry": {
        "type": "Point",
        "coordinates": [
          2.252054,
          41.678813
        ]
      },
      "properties": {
        "id": "text596",
        "name": "Winter's Teeth Pass",
        "category": "geographic_feature",
        "in_gazetteer": true,
        "type": "Mountain Pass",
        "svg_type": "Mountain Pass",
        "source": null,
        "tags": [],
        "names": {
          "de": "Winters Zähne Passieren",
          "fr": "Passage Des Dents D'Hiver",
          "pl": "Przełęcz Zimowych Zębów"
        },
        "wiki": {
          "title": "The Vaults",
          "url": "https://warhammerfantasy.fandom.com/wiki/The_Vaults",
          "description": "Not to be confused with the Grey Vaults. The Vaults are a mountainous region of the Old World consisting of deep, ice-cut valleys, frozen glaciers and towering peaks that form the junction between the Black Mountains and the Grey Mountains. Its immense mountains geographically divide the lands of Tilea, Bretonnia, the Empire and the Border Princes.",
          "image": "https://static.wikia.nocookie.net/warhammerfb/images/9/92/The_Storming_of_the_Vaults_1.png/revision/latest?cb=20251025133905"
        }
      }
    },
    {
      "type": "Feature",
      "id": "text597",
      "geometry": {
        "type": "Point",
        "coordinates": [
          1.787604,
          41.956049
        ]
      },
      "properties": {
        "id": "text597",
        "name": "Montdider Pass",
        "category": "geographic_feature",
        "in_gazetteer": true,
        "type": "Mountain Pass",
        "svg_type": "Mountain Pass",
        "source": null,
        "tags": [],
        "names": {
          "de": "Montdider-Pass",
          "fr": "Montdider Pass",
          "pl": "Przełęcz Montdider"
        },
        "wiki": {
          "title": null,
          "url": null,
          "description": null,
          "image": null
        }
      }
    },
    {
      "type": "Feature",
      "id": "text598",
      "geometry": {
        "type": "Point",
        "coordinates": [
          0.173021,
          40.693028
        ]
      },
      "properties": {
        "id": "text598",
        "name": "Brenheim Pass",
        "category": "geographic_feature",
        "in_gazetteer": true,
        "type": "Mountain Pass",
        "svg_type": "Mountain Pass",
        "source": null,
        "tags": [],
        "names": {
          "de": "Brenheim-Pass",
          "fr": "Col De Brenheim",
          "pl": "Przełęcz Brenheim"
        },
        "wiki": {
          "title": "The Vaults",
          "url": "https://warhammerfantasy.fandom.com/wiki/The_Vaults",
          "description": "Not to be confused with the Grey Vaults. The Vaults are a mountainous region of the Old World consisting of deep, ice-cut valleys, frozen glaciers and towering peaks that form the junction between the Black Mountains and the Grey Mountains. Its immense mountains geographically divide the lands of Tilea, Bretonnia, the Empire and the Border Princes.",
          "image": "https://static.wikia.nocookie.net/warhammerfb/images/9/92/The_Storming_of_the_Vaults_1.png/revision/latest?cb=20251025133905"
        }
      }
    },
    {
      "type": "Feature",
      "id": "text599",
      "geometry": {
        "type": "Point",
        "coordinates": [
          -1.306146,
          38.922195
        ]
      },
      "properties": {
        "id": "text599",
        "name": "Barbutto Vecchio Pass",
        "category": "geographic_feature",
        "in_gazetteer": true,
        "type": "Mountain Pass",
        "svg_type": "Mountain Pass",
        "source": null,
        "tags": [],
        "names": {
          "de": "Barbutto Vecchio Pass",
          "fr": "Vieux Col Barbu",
          "pl": "Stara Brodata Przełęcz"
        },
        "wiki": {
          "title": null,
          "url": null,
          "description": null,
          "image": null
        }
      }
    },
    {
      "type": "Feature",
      "id": "text600",
      "geometry": {
        "type": "Point",
        "coordinates": [
          -2.488438,
          37.870114
        ]
      },
      "properties": {
        "id": "text600",
        "name": "Dark Maiden Pass",
        "category": "geographic_feature",
        "in_gazetteer": true,
        "type": "Mountain Pass",
        "svg_type": "Mountain Pass",
        "source": null,
        "tags": [],
        "names": {
          "de": "Dark Maiden Pass",
          "fr": "Col De La Vierge Noire",
          "pl": "Przełęcz Ciemnej Dziewicy"
        },
        "wiki": {
          "title": "Apuccini Mountains",
          "url": "https://warhammerfantasy.fandom.com/wiki/Apuccini_Mountains",
          "description": "The Apuccini Mountains, also called the Apuccinis,, Appuccinis,, Appucinis, or Puccini Mountains, divide the lands of eastern Tilea from the Border Princes. They are generally avoided by Human travellers, since there are numerous bandit strongholds, Goblin caves and the dwellings of other evil creatures. The mountains are thickly wooded along both their eastern and western slopes, and there are no Dwarf populations within them as far as is known.",
          "image": null
        }
      }
    },
    {
      "type": "Feature",
      "id": "text601",
      "geometry": {
        "type": "Point",
        "coordinates": [
          13.641032,
          44.456281
        ]
      },
      "properties": {
        "id": "text601",
        "name": "Everpeak Pass (Karaz-a-Karak Kadrin)",
        "category": "geographic_feature",
        "in_gazetteer": true,
        "type": "Mountain Pass",
        "svg_type": "Mountain Pass",
        "source": null,
        "tags": [],
        "names": {
          "de": "Everpeak Pass (Karaz-A-Karak Kadrin)",
          "fr": "Col Everpeak (Karaz-A-Karak Kadrin)",
          "pl": "Przełęcz Everpeak (Karaz-A-Karak Kadrin)"
        },
        "wiki": {
          "title": null,
          "url": null,
          "description": null,
          "image": null
        }
      }
    },
    {
      "type": "Feature",
      "id": "text602",
      "geometry": {
        "type": "Point",
        "coordinates": [
          14.174865,
          40.358444
        ]
      },
      "properties": {
        "id": "text602",
        "name": "Mad Dog Pass",
        "category": "geographic_feature",
        "in_gazetteer": true,
        "type": "Mountain Pass",
        "svg_type": "Mountain Pass",
        "source": null,
        "tags": [],
        "names": {
          "de": "Mad Dog Pass",
          "fr": "Col Du Chien Fou",
          "pl": "Przełęcz Wściekłego Psa"
        },
        "wiki": {
          "title": "Mad Dog Pass",
          "url": "https://warhammerfantasy.fandom.com/wiki/Mad_Dog_Pass",
          "description": "Mad Dog Pass, called Varag Kadrin in the Dwarf tongue of Khazalid, cuts through the Worlds Edge Mountains between two branches of the Howling River, north of Barak Varr and the Blood River. Of the three passes through the mountains, it is the one most accessible from the Border Princes -- the Silver Road connects to the Old Dwarf Road that runs through the Forest of Gloom and from there merges with the Black Fire Pass of the Black Mountains, while Death Pass leads into the Badlands well below the protective line of the Blood River. Because of this, Mad Dog Pass has become a major thoroughfare and is the route of choice for anyone travelling from the Border Princes to the Dark Lands and back again.",
          "image": "https://static.wikia.nocookie.net/warhammerfb/images/e/e2/The_Land_Surrounding_Karitamen%27s_Tomb_%28Border_Princes%29.png/revision/latest?cb=20231230145452"
        }
      }
    },
    {
      "type": "Feature",
      "id": "text603",
      "geometry": {
        "type": "Point",
        "coordinates": [
          13.89101,
          36.535529
        ]
      },
      "properties": {
        "id": "text603",
        "name": "Death Pass",
        "category": "geographic_feature",
        "in_gazetteer": true,
        "type": "Mountain Pass",
        "svg_type": "Mountain Pass",
        "source": null,
        "tags": [],
        "names": {
          "de": "Todespass",
          "fr": "Passage De La Mort",
          "pl": "Przełęcz Śmierci"
        },
        "wiki": {
          "title": "Death Pass",
          "url": "https://warhammerfantasy.fandom.com/wiki/Death_Pass",
          "description": "Death Pass is a pass through the Worlds Edge Mountains from the Old World to the Dark Lands of the Far East. It is occupied on both sides by the Broken Tooth Orc tribe. It passes near Black Crag, a lost Dwarf hold formerly known as Karak Drazh.",
          "image": "https://static.wikia.nocookie.net/warhammerfb/images/0/00/Orcs_map_of_Death_Pass.png/revision/latest?cb=20231207075830"
        }
      }
    },
    {
      "type": "Feature",
      "id": "text604",
      "geometry": {
        "type": "Point",
        "coordinates": [
          -1.143943,
          49.089725
        ]
      },
      "properties": {
        "id": "text604",
        "name": "Grey Lady Pass",
        "category": "geographic_feature",
        "in_gazetteer": true,
        "type": "Mountain Pass",
        "svg_type": "Mountain Pass",
        "source": null,
        "tags": [],
        "names": {
          "de": "Grey Lady Pass",
          "fr": "Col De La Dame Grise",
          "pl": "Przełęcz Szarej Damy"
        },
        "wiki": {
          "title": null,
          "url": null,
          "description": null,
          "image": null
        }
      }
    },
    {
      "type": "Feature",
      "id": "text605",
      "geometry": {
        "type": "Point",
        "coordinates": [
          -3.327872,
          49.892586
        ]
      },
      "properties": {
        "id": "text605",
        "name": "Axe-Bite Pass",
        "category": "geographic_feature",
        "in_gazetteer": true,
        "type": "Mountain Pass",
        "svg_type": "Mountain Pass",
        "source": null,
        "tags": [],
        "names": {
          "de": "Axtbiss-Pass",
          "fr": "Col De La Morsure De La Hache",
          "pl": "Przejście Z Ugryzieniem Topora"
        },
        "wiki": {
          "title": null,
          "url": null,
          "description": null,
          "image": null
        }
      }
    },
    {
      "type": "Feature",
      "id": "text606",
      "geometry": {
        "type": "Point",
        "coordinates": [
          -5.066508,
          52.43423
        ]
      },
      "properties": {
        "id": "text606",
        "name": "Gisoreux Gap",
        "category": "geographic_feature",
        "in_gazetteer": true,
        "type": "Mountain Pass",
        "svg_type": "Mountain Pass",
        "source": null,
        "tags": [],
        "names": {
          "de": "Gisoreux-Lücke",
          "fr": "Gisoreux Gap",
          "pl": "Przełęcz Gisoreux"
        },
        "wiki": {
          "title": "Gisoreux Gap",
          "url": "https://warhammerfantasy.fandom.com/wiki/Gisoreux_Gap",
          "description": "The Gisoreux Gap is one of only three locations within the entire Grey Mountains that allow passage between Bretonnia and the Empire, connecting the Duchy of Gisoreux with the Imperial state of Reikland.",
          "image": null
        }
      }
    },
    {
      "type": "Feature",
      "id": "text607",
      "geometry": {
        "type": "Point",
        "coordinates": [
          5.149108,
          62.53127
        ]
      },
      "properties": {
        "id": "text607",
        "name": "Aesir Pass",
        "category": "geographic_feature",
        "in_gazetteer": true,
        "type": "Mountain Pass",
        "svg_type": "Mountain Pass",
        "source": null,
        "tags": [],
        "names": {
          "de": "Aesir-Pass",
          "fr": "Col D'Aesir",
          "pl": "Przełęcz Asir"
        },
        "wiki": {
          "title": null,
          "url": null,
          "description": null,
          "image": null
        }
      }
    },
    {
      "type": "Feature",
      "id": "text364",
      "geometry": {
        "type": "Point",
        "coordinates": [
          0.325513,
          47.841239
        ]
      },
      "properties": {
        "id": "text364",
        "name": "Wut Pass",
        "category": "geographic_feature",
        "in_gazetteer": true,
        "type": "Mountain Pass",
        "svg_type": "Mountain Pass",
        "source": null,
        "tags": [],
        "names": {
          "de": "Wut Pass",
          "fr": "Wut Pass",
          "pl": "Przełęcz Wut"
        },
        "wiki": {
          "title": null,
          "url": null,
          "description": null,
          "image": null
        }
      }
    },
    {
      "type": "Feature",
      "id": "text365",
      "geometry": {
        "type": "Point",
        "coordinates": [
          -0.963484,
          48.500469
        ]
      },
      "properties": {
        "id": "text365",
        "name": "Durak Way",
        "category": "geographic_feature",
        "in_gazetteer": true,
        "type": "Mountain Pass",
        "svg_type": "Mountain Pass",
        "source": null,
        "tags": [],
        "names": {
          "de": "Durak Way",
          "fr": "Voie D'Arrêt",
          "pl": "Zatrzymaj Się"
        },
        "wiki": {
          "title": null,
          "url": null,
          "description": null,
          "image": null
        }
      }
    },
    {
      "type": "Feature",
      "id": "text5411",
      "geometry": {
        "type": "Point",
        "coordinates": [
          16.969157,
          43.352115
        ]
      },
      "properties": {
        "id": "text5411",
        "name": "Deadrock Gap",
        "category": "geographic_feature",
        "in_gazetteer": true,
        "type": "Mountain Pass",
        "svg_type": "Mountain Pass",
        "source": null,
        "tags": [],
        "names": {
          "de": "Deadrock-Schlucht",
          "fr": "Col De Deadrock",
          "pl": "Przepaść Martwej Skały"
        },
        "wiki": {
          "title": null,
          "url": null,
          "description": null,
          "image": null
        }
      }
    },
    {
      "type": "Feature",
      "id": "text508",
      "geometry": {
        "type": "Point",
        "coordinates": [
          -3.37125,
          41.570634
        ]
      },
      "properties": {
        "id": "text508",
        "name": "Novalone Pass",
        "category": "geographic_feature",
        "in_gazetteer": true,
        "type": "Mountain Pass",
        "svg_type": "Mountain Pass",
        "source": null,
        "tags": [],
        "names": {
          "de": "Novalone-Pass",
          "fr": "Passage De Novalone",
          "pl": "Przełęcz Novalone"
        },
        "wiki": {
          "title": "Irrana Mountains",
          "url": "https://warhammerfantasy.fandom.com/wiki/Irrana_Mountains",
          "description": "The Irrana Mountains are the range of mountains in the southern Old World that divide Tilea from the lands of Bretonnia and Estalia. It is colloquially subdivided into two mountainous sub-regions, the Eastern Irrana Mountains and Western Irrana Mountains. Bretonnians often just call them both the Southern Mountains.",
          "image": "https://static.wikia.nocookie.net/warhammerfb/images/f/f2/Abasko_and_Irrana_Mountains.png/revision/latest?cb=20240421105627"
        }
      }
    },
    {
      "type": "Feature",
      "id": "text2685",
      "geometry": {
        "type": "Point",
        "coordinates": [
          5.989426,
          42.87532
        ]
      },
      "properties": {
        "id": "text2685",
        "name": "Pinetop Pass",
        "category": "geographic_feature",
        "in_gazetteer": true,
        "type": "Mountain Pass",
        "svg_type": "Mountain Pass",
        "source": null,
        "tags": [],
        "names": {
          "de": "Pinetop-Pass",
          "fr": "Col De Pinetop",
          "pl": "Przełęcz Pinetop"
        },
        "wiki": {
          "title": null,
          "url": null,
          "description": null,
          "image": null
        }
      }
    },
    {
      "type": "Feature",
      "id": "text2913",
      "geometry": {
        "type": "Point",
        "coordinates": [
          -10.689054,
          41.001499
        ]
      },
      "properties": {
        "id": "text2913",
        "name": "Tramoto Pass",
        "category": "geographic_feature",
        "in_gazetteer": true,
        "type": "Mountain Pass",
        "svg_type": "Mountain Pass",
        "source": null,
        "tags": [],
        "names": {
          "de": "Tramoto-Pass",
          "fr": "Col De Tramoto",
          "pl": "Przełęcz Tramoto"
        },
        "wiki": {
          "title": "Abasko Mountains",
          "url": "https://warhammerfantasy.fandom.com/wiki/Abasko_Mountains",
          "description": "The Abasko Mountains form the border between Tilea and Estalia, spreading northwards till they connect with the Irrana Mountains. Vast veins of silver are mined by Estalia within the Abasko, which, alongside a rich agricultural industry, maintains their strong economy. The slopes of the Abasko Mountains are renowned for their pale wood, used to craft fine furniture.",
          "image": "https://static.wikia.nocookie.net/warhammerfb/images/f/f2/Abasko_and_Irrana_Mountains.png/revision/latest?cb=20240421105627"
        }
      }
    },
    {
      "type": "Feature",
      "id": "text1483",
      "geometry": {
        "type": "Point",
        "coordinates": [
          8.969896,
          15.318032
        ]
      },
      "properties": {
        "id": "text1483",
        "name": "Charnal Valley",
        "category": "geographic_feature",
        "in_gazetteer": true,
        "type": "Mountain Pass",
        "svg_type": "Mountain Pass",
        "source": null,
        "tags": [],
        "names": {
          "de": "Charnal-Tal",
          "fr": "Carnal Valley",
          "pl": "Dolina Cielesna"
        },
        "wiki": {
          "title": null,
          "url": null,
          "description": null,
          "image": null
        }
      }
    },
    {
      "type": "Feature",
      "id": "text1505",
      "geometry": {
        "type": "Point",
        "coordinates": [
          4.902303,
          9.323413
        ]
      },
      "properties": {
        "id": "text1505",
        "name": "Golden Pass",
        "category": "geographic_feature",
        "in_gazetteer": true,
        "type": "Mountain Pass",
        "svg_type": "Mountain Pass",
        "source": null,
        "tags": [],
        "names": {
          "de": "Golden Pass",
          "fr": "Golden Pass",
          "pl": "Złota Przełęcz"
        },
        "wiki": {
          "title": null,
          "url": null,
          "description": null,
          "image": null
        }
      }
    },
    {
      "type": "Feature",
      "id": "text804",
      "geometry": {
        "type": "Point",
        "coordinates": [
          14.878013,
          35.393844
        ]
      },
      "properties": {
        "id": "text804",
        "name": "The Lost Pass (Nar Kadrin)",
        "category": "geographic_feature",
        "in_gazetteer": true,
        "type": "Mountain Pass",
        "svg_type": "Mountain Pass",
        "source": null,
        "tags": [],
        "names": {
          "de": "Der Verlorene Pass (Nar Kadrin)",
          "fr": "Le Col Perdu (Nar Kadrin)",
          "pl": "Zaginiona Przełęcz (Nar Kadrin)"
        },
        "wiki": {
          "title": null,
          "url": null,
          "description": null,
          "image": null
        }
      }
    },
    {
      "type": "Feature",
      "id": "text813",
      "geometry": {
        "type": "Point",
        "coordinates": [
          15.088928,
          41.66834
        ]
      },
      "properties": {
        "id": "text813",
        "name": "Blizzard Gap",
        "category": "geographic_feature",
        "in_gazetteer": true,
        "type": "Mountain Pass",
        "svg_type": "Mountain Pass",
        "source": null,
        "tags": [],
        "names": {
          "de": "Blizzard Gap",
          "fr": "Blizzard Gap",
          "pl": "Blizzard Gap"
        },
        "wiki": {
          "title": null,
          "url": null,
          "description": null,
          "image": null
        }
      }
    },
    {
      "type": "Feature",
      "id": "text818",
      "geometry": {
        "type": "Point",
        "coordinates": [
          12.432134,
          48.450842
        ]
      },
      "properties": {
        "id": "text818",
        "name": "King's Way",
        "category": "geographic_feature",
        "in_gazetteer": true,
        "type": "Mountain Pass",
        "svg_type": "Mountain Pass",
        "source": null,
        "tags": [],
        "names": {
          "de": "Königsweg",
          "fr": "Chemin Du Roi",
          "pl": "Droga Królewska"
        },
        "wiki": {
          "title": null,
          "url": null,
          "description": null,
          "image": null
        }
      }
    },
    {
      "type": "Feature",
      "id": "text2921",
      "geometry": {
        "type": "Point",
        "coordinates": [
          -4.473238,
          50.864858
        ]
      },
      "properties": {
        "id": "text2921",
        "name": "The Crooked Cooridor",
        "category": "geographic_feature",
        "in_gazetteer": true,
        "type": "Mountain Pass",
        "svg_type": "Mountain Pass",
        "source": null,
        "tags": [],
        "names": {
          "de": "Der Krumme Koordinaten",
          "fr": "Le Coordonné Tordu",
          "pl": "Krzywy Koordynator"
        },
        "wiki": {
          "title": null,
          "url": null,
          "description": null,
          "image": null
        }
      }
    },
    {
      "type": "Feature",
      "id": "text2930",
      "geometry": {
        "type": "Point",
        "coordinates": [
          -0.535788,
          61.997415
        ]
      },
      "properties": {
        "id": "text2930",
        "name": "Jotunir Pass",
        "category": "geographic_feature",
        "in_gazetteer": true,
        "type": "Mountain Pass",
        "svg_type": "Mountain Pass",
        "source": null,
        "tags": [],
        "names": {
          "de": "Jotunir-Pass",
          "fr": "Col De Jotunir",
          "pl": "Przełęcz Jotunir"
        },
        "wiki": {
          "title": null,
          "url": null,
          "description": null,
          "image": null
        }
      }
    },
    {
      "type": "Feature",
      "id": "text2932",
      "geometry": {
        "type": "Point",
        "coordinates": [
          3.128275,
          65.226582
        ]
      },
      "properties": {
        "id": "text2932",
        "name": "Gorge of the Damned",
        "category": "geographic_feature",
        "in_gazetteer": true,
        "type": "Mountain Pass",
        "svg_type": "Mountain Pass",
        "source": null,
        "tags": [],
        "names": {
          "de": "Schlucht Der Verdammten",
          "fr": "Gorge Des Damnés",
          "pl": "Wąwóz Potępionych"
        },
        "wiki": {
          "title": null,
          "url": null,
          "description": null,
          "image": null
        }
      }
    },
    {
      "type": "Feature",
      "id": "text2934",
      "geometry": {
        "type": "Point",
        "coordinates": [
          6.057963,
          64.302103
        ]
      },
      "properties": {
        "id": "text2934",
        "name": "The Shadow Pass",
        "category": "geographic_feature",
        "in_gazetteer": true,
        "type": "Mountain Pass",
        "svg_type": "Mountain Pass",
        "source": null,
        "tags": [],
        "names": {
          "de": "Der Schattenpass",
          "fr": "Le Col De L'Ombre",
          "pl": "Przełęcz Cienia"
        },
        "wiki": {
          "title": null,
          "url": null,
          "description": null,
          "image": null
        }
      }
    },
    {
      "type": "Feature",
      "id": "text896",
      "geometry": {
        "type": "Point",
        "coordinates": [
          -29.160803,
          21.101716
        ]
      },
      "properties": {
        "id": "text896",
        "name": "Cobra Pass",
        "category": "geographic_feature",
        "in_gazetteer": false,
        "type": "Mountain Pass",
        "svg_type": "Mountain Pass",
        "source": null,
        "tags": [],
        "names": {
          "de": null,
          "fr": null,
          "pl": null
        },
        "wiki": {
          "title": null,
          "url": null,
          "description": null,
          "image": null
        }
      }
    },
    {
      "type": "Feature",
      "id": "text3191",
      "geometry": {
        "type": "Point",
        "coordinates": [
          0.148445,
          48.930008
        ]
      },
      "properties": {
        "id": "text3191",
        "name": "Blitzfelsen Ridge",
        "category": "geographic_feature",
        "in_gazetteer": true,
        "type": "Minor Hills",
        "svg_type": "Minor Hills",
        "source": null,
        "tags": [],
        "names": {
          "de": "Blitzfelsen-Grat",
          "fr": "Crête De Blitzfelsen",
          "pl": "Blitzfelsen Ridge"
        },
        "wiki": {
          "title": null,
          "url": null,
          "description": null,
          "image": null
        }
      }
    },
    {
      "type": "Feature",
      "id": "text3192",
      "geometry": {
        "type": "Point",
        "coordinates": [
          0.098297,
          49.312958
        ]
      },
      "properties": {
        "id": "text3192",
        "name": "Blitzfelsen Hills",
        "category": "geographic_feature",
        "in_gazetteer": true,
        "type": "Minor Hills",
        "svg_type": "Minor Hills",
        "source": null,
        "tags": [],
        "names": {
          "de": "Blitzfelsen-Hügel",
          "fr": "Collines De Blitzfelsen",
          "pl": "Wzgórza Blitzfelsen"
        },
        "wiki": {
          "title": null,
          "url": null,
          "description": null,
          "image": null
        }
      }
    },
    {
      "type": "Feature",
      "id": "text3193",
      "geometry": {
        "type": "Point",
        "coordinates": [
          -0.017956,
          49.839515
        ]
      },
      "properties": {
        "id": "text3193",
        "name": "Sigmar's Seat",
        "category": "geographic_feature",
        "in_gazetteer": true,
        "type": "Minor Hills",
        "svg_type": "Minor Hills",
        "source": null,
        "tags": [],
        "names": {
          "de": "Sigmars Sitz",
          "fr": "Le Siège De Sigmar",
          "pl": "Siedziba Sigmara"
        },
        "wiki": {
          "title": null,
          "url": null,
          "description": null,
          "image": null
        }
      }
    },
    {
      "type": "Feature",
      "id": "text3194",
      "geometry": {
        "type": "Point",
        "coordinates": [
          0.241903,
          49.68907
        ]
      },
      "properties": {
        "id": "text3194",
        "name": "The Mounds",
        "category": "geographic_feature",
        "in_gazetteer": true,
        "type": "Minor Hills",
        "svg_type": "Minor Hills",
        "source": null,
        "tags": [],
        "names": {
          "de": "Die Hügel",
          "fr": "Les Tertres",
          "pl": "Kopce"
        },
        "wiki": {
          "title": null,
          "url": null,
          "description": null,
          "image": null
        }
      }
    },
    {
      "type": "Feature",
      "id": "text3195",
      "geometry": {
        "type": "Point",
        "coordinates": [
          0.547352,
          49.980842
        ]
      },
      "properties": {
        "id": "text3195",
        "name": "Hammastrat Heights",
        "category": "geographic_feature",
        "in_gazetteer": true,
        "type": "Minor Hills",
        "svg_type": "Minor Hills",
        "source": null,
        "tags": [],
        "names": {
          "de": "Hammastrat-Höhen",
          "fr": "Hauteurs D'Hammastrat",
          "pl": "Wzgórza Hammastrat"
        },
        "wiki": {
          "title": null,
          "url": null,
          "description": null,
          "image": null
        }
      }
    },
    {
      "type": "Feature",
      "id": "text3196",
      "geometry": {
        "type": "Point",
        "coordinates": [
          1.010084,
          49.698188
        ]
      },
      "properties": {
        "id": "text3196",
        "name": "Oberwalden Hills",
        "category": "geographic_feature",
        "in_gazetteer": true,
        "type": "Minor Hills",
        "svg_type": "Minor Hills",
        "source": null,
        "tags": [],
        "names": {
          "de": "Oberwalden Hills",
          "fr": "Collines D'Oberwalden",
          "pl": "Wzgórza Oberwalden"
        },
        "wiki": {
          "title": null,
          "url": null,
          "description": null,
          "image": null
        }
      }
    },
    {
      "type": "Feature",
      "id": "text3197",
      "geometry": {
        "type": "Point",
        "coordinates": [
          0.589741,
          49.407641
        ]
      },
      "properties": {
        "id": "text3197",
        "name": "Stimmeswald Heights",
        "category": "geographic_feature",
        "in_gazetteer": true,
        "type": "Minor Hills",
        "svg_type": "Minor Hills",
        "source": null,
        "tags": [],
        "names": {
          "de": "Stimmeswald Heights",
          "fr": "Hauteurs De Stimmeswald",
          "pl": "Wzgórza Stimmeswald"
        },
        "wiki": {
          "title": null,
          "url": null,
          "description": null,
          "image": null
        }
      }
    },
    {
      "type": "Feature",
      "id": "text3198",
      "geometry": {
        "type": "Point",
        "coordinates": [
          0.89611,
          50.081138
        ]
      },
      "properties": {
        "id": "text3198",
        "name": "Rott Hills",
        "category": "geographic_feature",
        "in_gazetteer": true,
        "type": "Minor Hills",
        "svg_type": "Minor Hills",
        "source": null,
        "tags": [],
        "names": {
          "de": "Rott Hills",
          "fr": "Rott Hills",
          "pl": "Wzgórza Rott"
        },
        "wiki": {
          "title": null,
          "url": null,
          "description": null,
          "image": null
        }
      }
    },
    {
      "type": "Feature",
      "id": "text3199",
      "geometry": {
        "type": "Point",
        "coordinates": [
          0.912066,
          50.279451
        ]
      },
      "properties": {
        "id": "text3199",
        "name": "Dech Hills",
        "category": "geographic_feature",
        "in_gazetteer": true,
        "type": "Minor Hills",
        "svg_type": "Minor Hills",
        "source": null,
        "tags": [],
        "names": {
          "de": "Dech Hills",
          "fr": "Collines De Dech",
          "pl": "Wzgórza Dech"
        },
        "wiki": {
          "title": null,
          "url": null,
          "description": null,
          "image": null
        }
      }
    },
    {
      "type": "Feature",
      "id": "text3200",
      "geometry": {
        "type": "Point",
        "coordinates": [
          0.12793,
          50.254378
        ]
      },
      "properties": {
        "id": "text3200",
        "name": "The Alderns",
        "category": "geographic_feature",
        "in_gazetteer": true,
        "type": "Minor Hills",
        "svg_type": "Minor Hills",
        "source": null,
        "tags": [],
        "names": {
          "de": "Die Alderns",
          "fr": "Les Aulnes",
          "pl": "Olchowie"
        },
        "wiki": {
          "title": null,
          "url": null,
          "description": null,
          "image": null
        }
      }
    },
    {
      "type": "Feature",
      "id": "text3201",
      "geometry": {
        "type": "Point",
        "coordinates": [
          -0.378111,
          50.844759
        ]
      },
      "properties": {
        "id": "text3201",
        "name": "Steinhaufen Hills",
        "category": "geographic_feature",
        "in_gazetteer": true,
        "type": "Minor Hills",
        "svg_type": "Minor Hills",
        "source": null,
        "tags": [],
        "names": {
          "de": "Steinhaufen Hügel",
          "fr": "Collines De Stone Heap",
          "pl": "Wzgórza Stone Heap"
        },
        "wiki": {
          "title": null,
          "url": null,
          "description": null,
          "image": null
        }
      }
    },
    {
      "type": "Feature",
      "id": "text3202",
      "geometry": {
        "type": "Point",
        "coordinates": [
          -0.001999,
          51.327
        ]
      },
      "properties": {
        "id": "text3202",
        "name": "Amber Hills",
        "category": "geographic_feature",
        "in_gazetteer": true,
        "type": "Minor Hills",
        "svg_type": "Minor Hills",
        "source": null,
        "tags": [],
        "names": {
          "de": "Amber Hills",
          "fr": "Amber Hills",
          "pl": "Wzgórza Bursztynowe"
        },
        "wiki": {
          "title": null,
          "url": null,
          "description": null,
          "image": null
        }
      }
    },
    {
      "type": "Feature",
      "id": "text3203",
      "geometry": {
        "type": "Point",
        "coordinates": [
          -1.606743,
          51.170722
        ]
      },
      "properties": {
        "id": "text3203",
        "name": "Prie Ridge",
        "category": "geographic_feature",
        "in_gazetteer": true,
        "type": "Minor Hills",
        "svg_type": "Minor Hills",
        "source": null,
        "tags": [],
        "names": {
          "de": "Prie Ridge",
          "fr": "Crête De Prie",
          "pl": "Prie Ridge"
        },
        "wiki": {
          "title": "Prie Ridge",
          "url": "https://warhammerfantasy.fandom.com/wiki/Prie_Ridge",
          "description": "Prie Ridge is a scree-laden highland near the center of the Skaag Hills. Although there are many abandoned mines in it, almost nobody visits the area today. It's just these qualities that, according to the dockers of the nearby town of Prie, make it an ideal place to dispose of bodies.",
          "image": null
        }
      }
    },
    {
      "type": "Feature",
      "id": "text3204",
      "geometry": {
        "type": "Point",
        "coordinates": [
          -2.039842,
          51.074984
        ]
      },
      "properties": {
        "id": "text3204",
        "name": "Gient Hallows",
        "category": "geographic_feature",
        "in_gazetteer": true,
        "type": "Minor Hills",
        "svg_type": "Minor Hills",
        "source": null,
        "tags": [],
        "names": {
          "de": "Riesenheiligtümer",
          "fr": "Les Reliques Géantes",
          "pl": "Wielkie Święta"
        },
        "wiki": {
          "title": null,
          "url": null,
          "description": null,
          "image": null
        }
      }
    },
    {
      "type": "Feature",
      "id": "text3205",
      "geometry": {
        "type": "Point",
        "coordinates": [
          -1.814175,
          50.865274
        ]
      },
      "properties": {
        "id": "text3205",
        "name": "Gerlbach Hills",
        "category": "geographic_feature",
        "in_gazetteer": true,
        "type": "Minor Hills",
        "svg_type": "Minor Hills",
        "source": null,
        "tags": [],
        "names": {
          "de": "Gerlbach Hills",
          "fr": "Collines De Gerlbach",
          "pl": "Wzgórza Gerlbach"
        },
        "wiki": {
          "title": null,
          "url": null,
          "description": null,
          "image": null
        }
      }
    },
    {
      "type": "Feature",
      "id": "text3206",
      "geometry": {
        "type": "Point",
        "coordinates": [
          -0.72459,
          51.282415
        ]
      },
      "properties": {
        "id": "text3206",
        "name": "Herzogswart Rise",
        "category": "geographic_feature",
        "in_gazetteer": true,
        "type": "Minor Hills",
        "svg_type": "Minor Hills",
        "source": null,
        "tags": [],
        "names": {
          "de": "Herzogswart-Hügel",
          "fr": "Mont Herzogswart",
          "pl": "Wzgórze Herzogswart"
        },
        "wiki": {
          "title": null,
          "url": null,
          "description": null,
          "image": null
        }
      }
    },
    {
      "type": "Feature",
      "id": "text3207",
      "geometry": {
        "type": "Point",
        "coordinates": [
          -1.242309,
          50.748678
        ]
      },
      "properties": {
        "id": "text3207",
        "name": "Seifenhügel",
        "category": "geographic_feature",
        "in_gazetteer": true,
        "type": "Minor Hills",
        "svg_type": "Minor Hills",
        "source": null,
        "tags": [],
        "names": {
          "de": "Seifenhügel",
          "fr": "Colline De Savon",
          "pl": "Wzgórze Mydlane"
        },
        "wiki": {
          "title": null,
          "url": null,
          "description": null,
          "image": null
        }
      }
    },
    {
      "type": "Feature",
      "id": "text3208",
      "geometry": {
        "type": "Point",
        "coordinates": [
          -1.169366,
          50.52985
        ]
      },
      "properties": {
        "id": "text3208",
        "name": "The Heuvals",
        "category": "geographic_feature",
        "in_gazetteer": true,
        "type": "Minor Hills",
        "svg_type": "Minor Hills",
        "source": null,
        "tags": [],
        "names": {
          "de": "Die Heuvals",
          "fr": "Les Heuvals",
          "pl": "Heuvalowie"
        },
        "wiki": {
          "title": null,
          "url": null,
          "description": null,
          "image": null
        }
      }
    },
    {
      "type": "Feature",
      "id": "text3209",
      "geometry": {
        "type": "Point",
        "coordinates": [
          -2.534765,
          50.791988
        ]
      },
      "properties": {
        "id": "text3209",
        "name": "Vinzenhügel",
        "category": "geographic_feature",
        "in_gazetteer": true,
        "type": "Minor Hills",
        "svg_type": "Minor Hills",
        "source": null,
        "tags": [],
        "names": {
          "de": "Vinzenhügel",
          "fr": "Vinzenhügel",
          "pl": "Vinzenhügel"
        },
        "wiki": {
          "title": null,
          "url": null,
          "description": null,
          "image": null
        }
      }
    },
    {
      "type": "Feature",
      "id": "text3210",
      "geometry": {
        "type": "Point",
        "coordinates": [
          -3.19809,
          51.106554
        ]
      },
      "properties": {
        "id": "text3210",
        "name": "Morrshöhe",
        "category": "geographic_feature",
        "in_gazetteer": true,
        "type": "Minor Hills",
        "svg_type": "Minor Hills",
        "source": null,
        "tags": [],
        "names": {
          "de": "Morrshöhe",
          "fr": "Morrshöhe",
          "pl": "Morrshöhe"
        },
        "wiki": {
          "title": null,
          "url": null,
          "description": null,
          "image": null
        }
      }
    },
    {
      "type": "Feature",
      "id": "text3211",
      "geometry": {
        "type": "Point",
        "coordinates": [
          0.009118,
          50.962947
        ]
      },
      "properties": {
        "id": "text3211",
        "name": "Alternhügel",
        "category": "geographic_feature",
        "in_gazetteer": true,
        "type": "Minor Hills",
        "svg_type": "Minor Hills",
        "source": null,
        "tags": [],
        "names": {
          "de": "Alternhügel",
          "fr": "Colline De La Vieillesse",
          "pl": "Wzgórze Starości"
        },
        "wiki": {
          "title": null,
          "url": null,
          "description": null,
          "image": null
        }
      }
    },
    {
      "type": "Feature",
      "id": "text3212",
      "geometry": {
        "type": "Point",
        "coordinates": [
          -1.53408,
          50.092192
        ]
      },
      "properties": {
        "id": "text3212",
        "name": "Tanzuck Hills",
        "category": "geographic_feature",
        "in_gazetteer": true,
        "type": "Minor Hills",
        "svg_type": "Minor Hills",
        "source": null,
        "tags": [],
        "names": {
          "de": "Tanzuck Hills",
          "fr": "Collines De Tanzuck",
          "pl": "Wzgórza Tanzuck"
        },
        "wiki": {
          "title": null,
          "url": null,
          "description": null,
          "image": null
        }
      }
    },
    {
      "type": "Feature",
      "id": "text3213",
      "geometry": {
        "type": "Point",
        "coordinates": [
          -1.374518,
          49.950865
        ]
      },
      "properties": {
        "id": "text3213",
        "name": "Amchenhügel",
        "category": "geographic_feature",
        "in_gazetteer": true,
        "type": "Minor Hills",
        "svg_type": "Minor Hills",
        "source": null,
        "tags": [],
        "names": {
          "de": "Amchenhügel",
          "fr": "Amchenhügel",
          "pl": "Amchenhügel"
        },
        "wiki": {
          "title": null,
          "url": null,
          "description": null,
          "image": null
        }
      }
    },
    {
      "type": "Feature",
      "id": "text3214",
      "geometry": {
        "type": "Point",
        "coordinates": [
          -1.866882,
          50.240357
        ]
      },
      "properties": {
        "id": "text3214",
        "name": "The Höhenlachs",
        "category": "geographic_feature",
        "in_gazetteer": true,
        "type": "Minor Hills",
        "svg_type": "Minor Hills",
        "source": null,
        "tags": [],
        "names": {
          "de": "Die Höhenlachs",
          "fr": "Le Saumon Des Hautes Terres",
          "pl": "Łosoś Górski"
        },
        "wiki": {
          "title": null,
          "url": null,
          "description": null,
          "image": null
        }
      }
    },
    {
      "type": "Feature",
      "id": "text3215",
      "geometry": {
        "type": "Point",
        "coordinates": [
          -3.243679,
          51.430238
        ]
      },
      "properties": {
        "id": "text3215",
        "name": "Wallenimhügel",
        "category": "geographic_feature",
        "in_gazetteer": true,
        "type": "Minor Hills",
        "svg_type": "Minor Hills",
        "source": null,
        "tags": [],
        "names": {
          "de": "Wallenimhügel",
          "fr": "Wallenimhügel",
          "pl": "Wallenimhügel"
        },
        "wiki": {
          "title": null,
          "url": null,
          "description": null,
          "image": null
        }
      }
    },
    {
      "type": "Feature",
      "id": "text3216",
      "geometry": {
        "type": "Point",
        "coordinates": [
          0.891551,
          50.853877
        ]
      },
      "properties": {
        "id": "text3216",
        "name": "Reiker Heights",
        "category": "geographic_feature",
        "in_gazetteer": true,
        "type": "Minor Hills",
        "svg_type": "Minor Hills",
        "source": null,
        "tags": [],
        "names": {
          "de": "Reiker Heights",
          "fr": "Hauteurs De Reiker",
          "pl": "Wzgórza Reikera"
        },
        "wiki": {
          "title": null,
          "url": null,
          "description": null,
          "image": null
        }
      }
    },
    {
      "type": "Feature",
      "id": "text3217",
      "geometry": {
        "type": "Point",
        "coordinates": [
          1.589068,
          50.614533
        ]
      },
      "properties": {
        "id": "text3217",
        "name": "Kemheim Heights",
        "category": "geographic_feature",
        "in_gazetteer": true,
        "type": "Minor Hills",
        "svg_type": "Minor Hills",
        "source": null,
        "tags": [],
        "names": {
          "de": "Kemheim Heights",
          "fr": "Hauteurs De Kemheim",
          "pl": "Wzgórza Kemheim"
        },
        "wiki": {
          "title": null,
          "url": null,
          "description": null,
          "image": null
        }
      }
    },
    {
      "type": "Feature",
      "id": "text3219",
      "geometry": {
        "type": "Point",
        "coordinates": [
          1.13026,
          48.995052
        ]
      },
      "properties": {
        "id": "text3219",
        "name": "Gauhügel",
        "category": "geographic_feature",
        "in_gazetteer": true,
        "type": "Minor Hills",
        "svg_type": "Minor Hills",
        "source": null,
        "tags": [],
        "names": {
          "de": "Gauhügel",
          "fr": "Gauhügel",
          "pl": "Gauhügel"
        },
        "wiki": {
          "title": null,
          "url": null,
          "description": null,
          "image": null
        }
      }
    },
    {
      "type": "Feature",
      "id": "text3220",
      "geometry": {
        "type": "Point",
        "coordinates": [
          1.550946,
          48.458314
        ]
      },
      "properties": {
        "id": "text3220",
        "name": "Black Hills",
        "category": "geographic_feature",
        "in_gazetteer": true,
        "type": "Minor Hills",
        "svg_type": "Minor Hills",
        "source": null,
        "tags": [],
        "names": {
          "de": "Schwarze Hügel",
          "fr": "Collines Noires",
          "pl": "Czarne Wzgórza"
        },
        "wiki": {
          "title": null,
          "url": null,
          "description": null,
          "image": null
        }
      }
    },
    {
      "type": "Feature",
      "id": "text3221",
      "geometry": {
        "type": "Point",
        "coordinates": [
          -2.510494,
          52.222604
        ]
      },
      "properties": {
        "id": "text3221",
        "name": "Kriegshang",
        "category": "geographic_feature",
        "in_gazetteer": true,
        "type": "Minor Hills",
        "svg_type": "Minor Hills",
        "source": null,
        "tags": [],
        "names": {
          "de": "Kriegshang",
          "fr": "Pente De Guerre",
          "pl": "Zbocze Wojenne"
        },
        "wiki": {
          "title": null,
          "url": null,
          "description": null,
          "image": null
        }
      }
    },
    {
      "type": "Feature",
      "id": "text3222",
      "geometry": {
        "type": "Point",
        "coordinates": [
          0.281187,
          52.480497
        ]
      },
      "properties": {
        "id": "text3222",
        "name": "The Five Sisters",
        "category": "geographic_feature",
        "in_gazetteer": true,
        "type": "Minor Hills",
        "svg_type": "Minor Hills",
        "source": null,
        "tags": [],
        "names": {
          "de": "Die Fünf Schwestern",
          "fr": "Les Cinq Sœurs",
          "pl": "Pięć Sióstr"
        },
        "wiki": {
          "title": null,
          "url": null,
          "description": null,
          "image": null
        }
      }
    },
    {
      "type": "Feature",
      "id": "text3223",
      "geometry": {
        "type": "Point",
        "coordinates": [
          -0.43124,
          52.34188
        ]
      },
      "properties": {
        "id": "text3223",
        "name": "Grimmfelsen",
        "category": "geographic_feature",
        "in_gazetteer": true,
        "type": "Minor Hills",
        "svg_type": "Minor Hills",
        "source": null,
        "tags": [],
        "names": {
          "de": "Grimmfelsen",
          "fr": "Rocher Grimm",
          "pl": "Grimm Rock"
        },
        "wiki": {
          "title": null,
          "url": null,
          "description": null,
          "image": null
        }
      }
    },
    {
      "type": "Feature",
      "id": "text3224",
      "geometry": {
        "type": "Point",
        "coordinates": [
          0.713157,
          52.731941
        ]
      },
      "properties": {
        "id": "text3224",
        "name": "Pestwen Hills",
        "category": "geographic_feature",
        "in_gazetteer": true,
        "type": "Minor Hills",
        "svg_type": "Minor Hills",
        "source": null,
        "tags": [],
        "names": {
          "de": "Pestwen Hills",
          "fr": "Collines De Pestwen",
          "pl": "Wzgórza Pestwen"
        },
        "wiki": {
          "title": null,
          "url": null,
          "description": null,
          "image": null
        }
      }
    },
    {
      "type": "Feature",
      "id": "text3225",
      "geometry": {
        "type": "Point",
        "coordinates": [
          1.277296,
          54.126171
        ]
      },
      "properties": {
        "id": "text3225",
        "name": "Cragwrath",
        "category": "geographic_feature",
        "in_gazetteer": true,
        "type": "Minor Hills",
        "svg_type": "Minor Hills",
        "source": null,
        "tags": [],
        "names": {
          "de": "Felszorn",
          "fr": "Cragwrath",
          "pl": "Cragwrath"
        },
        "wiki": {
          "title": null,
          "url": null,
          "description": null,
          "image": null
        }
      }
    },
    {
      "type": "Feature",
      "id": "text3226",
      "geometry": {
        "type": "Point",
        "coordinates": [
          1.452985,
          53.906963
        ]
      },
      "properties": {
        "id": "text3226",
        "name": "Donnerschlag Heights",
        "category": "geographic_feature",
        "in_gazetteer": true,
        "type": "Minor Hills",
        "svg_type": "Minor Hills",
        "source": null,
        "tags": [],
        "names": {
          "de": "Donnerschlag Heights",
          "fr": "Hauteurs De Donnerschlag",
          "pl": "Wzgórza Donnerschlag"
        },
        "wiki": {
          "title": null,
          "url": null,
          "description": null,
          "image": null
        }
      }
    },
    {
      "type": "Feature",
      "id": "text3227",
      "geometry": {
        "type": "Point",
        "coordinates": [
          -0.097591,
          53.354106
        ]
      },
      "properties": {
        "id": "text3227",
        "name": "Drakkenrückengrat",
        "category": "geographic_feature",
        "in_gazetteer": true,
        "type": "Minor Hills",
        "svg_type": "Minor Hills",
        "source": null,
        "tags": [],
        "names": {
          "de": "Drakkenrückengrat",
          "fr": "Le Dos Du Dragon",
          "pl": "Plecy Smoka"
        },
        "wiki": {
          "title": null,
          "url": null,
          "description": null,
          "image": null
        }
      }
    },
    {
      "type": "Feature",
      "id": "text3228",
      "geometry": {
        "type": "Point",
        "coordinates": [
          -0.586537,
          53.927392
        ]
      },
      "properties": {
        "id": "text3228",
        "name": "Wyrmsteige",
        "category": "geographic_feature",
        "in_gazetteer": true,
        "type": "Minor Hills",
        "svg_type": "Minor Hills",
        "source": null,
        "tags": [],
        "names": {
          "de": "Wyrmsteige",
          "fr": "Wyrmsteige",
          "pl": "Wyrmsteige"
        },
        "wiki": {
          "title": null,
          "url": null,
          "description": null,
          "image": null
        }
      }
    },
    {
      "type": "Feature",
      "id": "text3229",
      "geometry": {
        "type": "Point",
        "coordinates": [
          0.288778,
          55.254042
        ]
      },
      "properties": {
        "id": "text3229",
        "name": "Brachkron Hills",
        "category": "geographic_feature",
        "in_gazetteer": true,
        "type": "Minor Hills",
        "svg_type": "Minor Hills",
        "source": null,
        "tags": [],
        "names": {
          "de": "Brachkron Hills",
          "fr": "Collines De Brachkron",
          "pl": "Wzgórza Brachkron"
        },
        "wiki": {
          "title": null,
          "url": null,
          "description": null,
          "image": null
        }
      }
    },
    {
      "type": "Feature",
      "id": "text3230",
      "geometry": {
        "type": "Point",
        "coordinates": [
          1.60631,
          56.480394
        ]
      },
      "properties": {
        "id": "text3230",
        "name": "Erdel Heights",
        "category": "geographic_feature",
        "in_gazetteer": true,
        "type": "Minor Hills",
        "svg_type": "Minor Hills",
        "source": null,
        "tags": [],
        "names": {
          "de": "Erdel Heights",
          "fr": "Hauteurs D'Erdel",
          "pl": "Wzgórza Erdel"
        },
        "wiki": {
          "title": null,
          "url": null,
          "description": null,
          "image": null
        }
      }
    },
    {
      "type": "Feature",
      "id": "text3231",
      "geometry": {
        "type": "Point",
        "coordinates": [
          0.501483,
          55.747546
        ]
      },
      "properties": {
        "id": "text3231",
        "name": "Hohlenhügel",
        "category": "geographic_feature",
        "in_gazetteer": true,
        "type": "Minor Hills",
        "svg_type": "Minor Hills",
        "source": null,
        "tags": [],
        "names": {
          "de": "Hohlenhügel",
          "fr": "Hohlenhügel",
          "pl": "Hohlenhügel"
        },
        "wiki": {
          "title": null,
          "url": null,
          "description": null,
          "image": null
        }
      }
    },
    {
      "type": "Feature",
      "id": "text3232",
      "geometry": {
        "type": "Point",
        "coordinates": [
          1.150416,
          57.132321
        ]
      },
      "properties": {
        "id": "text3232",
        "name": "Salzhügel",
        "category": "geographic_feature",
        "in_gazetteer": true,
        "type": "Minor Hills",
        "svg_type": "Minor Hills",
        "source": null,
        "tags": [],
        "names": {
          "de": "Salzhügel",
          "fr": "Salt Hill",
          "pl": "Wzgórze Solne"
        },
        "wiki": {
          "title": null,
          "url": null,
          "description": null,
          "image": null
        }
      }
    },
    {
      "type": "Feature",
      "id": "text3233",
      "geometry": {
        "type": "Point",
        "coordinates": [
          1.545993,
          56.715006
        ]
      },
      "properties": {
        "id": "text3233",
        "name": "Beeckerbirge",
        "category": "geographic_feature",
        "in_gazetteer": true,
        "type": "Minor Hills",
        "svg_type": "Minor Hills",
        "source": null,
        "tags": [],
        "names": {
          "de": "Beeckerbirge",
          "fr": "Beeckerburg",
          "pl": "Beeckerbirge"
        },
        "wiki": {
          "title": null,
          "url": null,
          "description": null,
          "image": null
        }
      }
    },
    {
      "type": "Feature",
      "id": "text3235",
      "geometry": {
        "type": "Point",
        "coordinates": [
          2.033018,
          56.778153
        ]
      },
      "properties": {
        "id": "text3235",
        "name": "Roteshügel",
        "category": "geographic_feature",
        "in_gazetteer": true,
        "type": "Minor Hills",
        "svg_type": "Minor Hills",
        "source": null,
        "tags": [],
        "names": {
          "de": "Roteshügel",
          "fr": "Roteshügel",
          "pl": "Roteshügel"
        },
        "wiki": {
          "title": null,
          "url": null,
          "description": null,
          "image": null
        }
      }
    },
    {
      "type": "Feature",
      "id": "text3236",
      "geometry": {
        "type": "Point",
        "coordinates": [
          -1.992918,
          57.629032
        ]
      },
      "properties": {
        "id": "text3236",
        "name": "Raven Hills",
        "category": "geographic_feature",
        "in_gazetteer": true,
        "type": "Minor Hills",
        "svg_type": "Minor Hills",
        "source": null,
        "tags": [],
        "names": {
          "de": "Raven Hills",
          "fr": "Raven Hills",
          "pl": "Wzgórza Kruka"
        },
        "wiki": {
          "title": null,
          "url": null,
          "description": null,
          "image": null
        }
      }
    },
    {
      "type": "Feature",
      "id": "text3305",
      "geometry": {
        "type": "Point",
        "coordinates": [
          -1.154124,
          56.28436
        ]
      },
      "properties": {
        "id": "text3305",
        "name": "The Hidden Range",
        "category": "geographic_feature",
        "in_gazetteer": true,
        "type": "Minor Hills",
        "svg_type": "Minor Hills",
        "source": null,
        "tags": [],
        "names": {
          "de": "Die Verborgene Bergkette",
          "fr": "La Gamme Cachée",
          "pl": "Ukryty Zakres"
        },
        "wiki": {
          "title": null,
          "url": null,
          "description": null,
          "image": null
        }
      }
    },
    {
      "type": "Feature",
      "id": "text3237",
      "geometry": {
        "type": "Point",
        "coordinates": [
          3.781909,
          42.242551
        ]
      },
      "properties": {
        "id": "text3237",
        "name": "Bezau Hills",
        "category": "geographic_feature",
        "in_gazetteer": true,
        "type": "Minor Hills",
        "svg_type": "Minor Hills",
        "source": null,
        "tags": [],
        "names": {
          "de": "Bezau-Hügel",
          "fr": "Collines De Bezau",
          "pl": "Wzgórza Bezau"
        },
        "wiki": {
          "title": null,
          "url": null,
          "description": null,
          "image": null
        }
      }
    },
    {
      "type": "Feature",
      "id": "text3238",
      "geometry": {
        "type": "Point",
        "coordinates": [
          3.390819,
          43.173047
        ]
      },
      "properties": {
        "id": "text3238",
        "name": "Retten Hills",
        "category": "geographic_feature",
        "in_gazetteer": true,
        "type": "Minor Hills",
        "svg_type": "Minor Hills",
        "source": null,
        "tags": [],
        "names": {
          "de": "Retten Hills",
          "fr": "Collines De Retten",
          "pl": "Wzgórza Retten"
        },
        "wiki": {
          "title": null,
          "url": null,
          "description": null,
          "image": null
        }
      }
    },
    {
      "type": "Feature",
      "id": "text3250",
      "geometry": {
        "type": "Point",
        "coordinates": [
          2.280233,
          43.828905
        ]
      },
      "properties": {
        "id": "text3250",
        "name": "Tann Hills",
        "category": "geographic_feature",
        "in_gazetteer": true,
        "type": "Minor Hills",
        "svg_type": "Minor Hills",
        "source": null,
        "tags": [],
        "names": {
          "de": "Tann Hills",
          "fr": "Collines De Tann",
          "pl": "Wzgórza Tann"
        },
        "wiki": {
          "title": null,
          "url": null,
          "description": null,
          "image": null
        }
      }
    },
    {
      "type": "Feature",
      "id": "text3251",
      "geometry": {
        "type": "Point",
        "coordinates": [
          3.668667,
          44.438416
        ]
      },
      "properties": {
        "id": "text3251",
        "name": "Pürn Hills",
        "category": "geographic_feature",
        "in_gazetteer": true,
        "type": "Minor Hills",
        "svg_type": "Minor Hills",
        "source": null,
        "tags": [],
        "names": {
          "de": "Pürner Berge",
          "fr": "Collines De Pürn",
          "pl": "Wzgórza Pürn"
        },
        "wiki": {
          "title": null,
          "url": null,
          "description": null,
          "image": null
        }
      }
    },
    {
      "type": "Feature",
      "id": "text3252",
      "geometry": {
        "type": "Point",
        "coordinates": [
          1.763714,
          43.508497
        ]
      },
      "properties": {
        "id": "text3252",
        "name": "Hauns Hills",
        "category": "geographic_feature",
        "in_gazetteer": true,
        "type": "Minor Hills",
        "svg_type": "Minor Hills",
        "source": null,
        "tags": [],
        "names": {
          "de": "Hauns Hills",
          "fr": "Collines De Hauns",
          "pl": "Wzgórza Hauns"
        },
        "wiki": {
          "title": null,
          "url": null,
          "description": null,
          "image": null
        }
      }
    },
    {
      "type": "Feature",
      "id": "text3272",
      "geometry": {
        "type": "Point",
        "coordinates": [
          1.330498,
          44.254358
        ]
      },
      "properties": {
        "id": "text3272",
        "name": "Fessen Hills",
        "category": "geographic_feature",
        "in_gazetteer": true,
        "type": "Minor Hills",
        "svg_type": "Minor Hills",
        "source": null,
        "tags": [],
        "names": {
          "de": "Fessen Hills",
          "fr": "Collines De Fessen",
          "pl": "Wzgórza Fessen"
        },
        "wiki": {
          "title": null,
          "url": null,
          "description": null,
          "image": null
        }
      }
    },
    {
      "type": "Feature",
      "id": "text3273",
      "geometry": {
        "type": "Point",
        "coordinates": [
          3.313198,
          43.813416
        ]
      },
      "properties": {
        "id": "text3273",
        "name": "Ichen Hills",
        "category": "geographic_feature",
        "in_gazetteer": true,
        "type": "Minor Hills",
        "svg_type": "Minor Hills",
        "source": null,
        "tags": [],
        "names": {
          "de": "Ichen Hills",
          "fr": "Collines D'Ichen",
          "pl": "Wzgórza Ichen"
        },
        "wiki": {
          "title": null,
          "url": null,
          "description": null,
          "image": null
        }
      }
    },
    {
      "type": "Feature",
      "id": "text3274",
      "geometry": {
        "type": "Point",
        "coordinates": [
          3.119922,
          45.550636
        ]
      },
      "properties": {
        "id": "text3274",
        "name": "Kolber Hills",
        "category": "geographic_feature",
        "in_gazetteer": true,
        "type": "Minor Hills",
        "svg_type": "Minor Hills",
        "source": null,
        "tags": [],
        "names": {
          "de": "Kolber Hills",
          "fr": "Collines De Kolber",
          "pl": "Wzgórza Kolber"
        },
        "wiki": {
          "title": null,
          "url": null,
          "description": null,
          "image": null
        }
      }
    },
    {
      "type": "Feature",
      "id": "text3275",
      "geometry": {
        "type": "Point",
        "coordinates": [
          2.685345,
          45.891299
        ]
      },
      "properties": {
        "id": "text3275",
        "name": "Hasselhügel",
        "category": "geographic_feature",
        "in_gazetteer": true,
        "type": "Minor Hills",
        "svg_type": "Minor Hills",
        "source": null,
        "tags": [],
        "names": {
          "de": "Hasselhügel",
          "fr": "Hasselhügel",
          "pl": "Hasselhügel"
        },
        "wiki": {
          "title": null,
          "url": null,
          "description": null,
          "image": null
        }
      }
    },
    {
      "type": "Feature",
      "id": "text3276",
      "geometry": {
        "type": "Point",
        "coordinates": [
          4.92553,
          42.733921
        ]
      },
      "properties": {
        "id": "text3276",
        "name": "Derge Ridge",
        "category": "geographic_feature",
        "in_gazetteer": true,
        "type": "Minor Hills",
        "svg_type": "Minor Hills",
        "source": null,
        "tags": [],
        "names": {
          "de": "Derge Ridge",
          "fr": "Gate Ridge",
          "pl": "Gate Ridge"
        },
        "wiki": {
          "title": null,
          "url": null,
          "description": null,
          "image": null
        }
      }
    },
    {
      "type": "Feature",
      "id": "text3277",
      "geometry": {
        "type": "Point",
        "coordinates": [
          4.503845,
          42.728398
        ]
      },
      "properties": {
        "id": "text3277",
        "name": "Vennhügel",
        "category": "geographic_feature",
        "in_gazetteer": true,
        "type": "Minor Hills",
        "svg_type": "Minor Hills",
        "source": null,
        "tags": [],
        "names": {
          "de": "Vennhügel",
          "fr": "Vennhügel",
          "pl": "Vennhügel"
        },
        "wiki": {
          "title": null,
          "url": null,
          "description": null,
          "image": null
        }
      }
    },
    {
      "type": "Feature",
      "id": "text20476",
      "geometry": {
        "type": "Point",
        "coordinates": [
          8.984091,
          56.472924
        ]
      },
      "properties": {
        "id": "text20476",
        "name": "Ursun's Perch",
        "category": "geographic_feature",
        "in_gazetteer": true,
        "type": "Minor Hills",
        "svg_type": "Minor Hills",
        "source": null,
        "tags": [],
        "names": {
          "de": "Ursuns Barsch",
          "fr": "Perchoir D'Ursun",
          "pl": "Okoń Ursuna"
        },
        "wiki": {
          "title": null,
          "url": null,
          "description": null,
          "image": null
        }
      }
    },
    {
      "type": "Feature",
      "id": "text20477",
      "geometry": {
        "type": "Point",
        "coordinates": [
          6.713616,
          59.684368
        ]
      },
      "properties": {
        "id": "text20477",
        "name": "Zamak Spayenya",
        "category": "geographic_feature",
        "in_gazetteer": true,
        "type": "Minor Hills",
        "svg_type": "Minor Hills",
        "source": null,
        "tags": [],
        "names": {
          "de": "Zamak Spayenya",
          "fr": "Château De Spayenya",
          "pl": "Zamek Spayenya"
        },
        "wiki": {
          "title": "Zamak Spayenya",
          "url": "https://warhammerfantasy.fandom.com/wiki/Zamak_Spayenya",
          "description": "Zamak Spayenya is a great white rock, a league or more across, rising from the steppe. Its top is almost flat, and its sides are very steep, making it a useful temporary redoubt. The limestone contains caves, many of which are decorated with paintings dating back centuries; the place was sacred once.",
          "image": null
        }
      }
    },
    {
      "type": "Feature",
      "id": "text576",
      "geometry": {
        "type": "Point",
        "coordinates": [
          5.583384,
          48.353125
        ]
      },
      "properties": {
        "id": "text576",
        "name": "Dreihügel",
        "category": "geographic_feature",
        "in_gazetteer": true,
        "type": "Minor Hills",
        "svg_type": "Minor Hills",
        "source": null,
        "tags": [],
        "names": {
          "de": "Dreihügel",
          "fr": "Trois Collines",
          "pl": "Trzy Wzgórza"
        },
        "wiki": {
          "title": null,
          "url": null,
          "description": null,
          "image": null
        }
      }
    },
    {
      "type": "Feature",
      "id": "text528",
      "geometry": {
        "type": "Point",
        "coordinates": [
          3.080327,
          42.005006
        ]
      },
      "properties": {
        "id": "text528",
        "name": "Tierhügel",
        "category": "geographic_feature",
        "in_gazetteer": true,
        "type": "Minor Hills",
        "svg_type": "Minor Hills",
        "source": null,
        "tags": [],
        "names": {
          "de": "Tierhügel",
          "fr": "Monticules D'Animaux",
          "pl": "Kopce Zwierząt"
        },
        "wiki": {
          "title": null,
          "url": null,
          "description": null,
          "image": null
        }
      }
    },
    {
      "type": "Feature",
      "id": "text754",
      "geometry": {
        "type": "Point",
        "coordinates": [
          1.496719,
          50.038225
        ]
      },
      "properties": {
        "id": "text754",
        "name": "Verloen Range",
        "category": "geographic_feature",
        "in_gazetteer": true,
        "type": "Minor Hills",
        "svg_type": "Minor Hills",
        "source": null,
        "tags": [],
        "names": {
          "de": "Verloen Range",
          "fr": "Renoncer À La Gamme",
          "pl": "Wyrzeknij Się Zakresu"
        },
        "wiki": {
          "title": null,
          "url": null,
          "description": null,
          "image": null
        }
      }
    },
    {
      "type": "Feature",
      "id": "text1502",
      "geometry": {
        "type": "Point",
        "coordinates": [
          1.926271,
          44.829875
        ]
      },
      "properties": {
        "id": "text1502",
        "name": "Salmhügel",
        "category": "geographic_feature",
        "in_gazetteer": true,
        "type": "Minor Hills",
        "svg_type": "Minor Hills",
        "source": null,
        "tags": [],
        "names": {
          "de": "Salmhügel",
          "fr": "Salmhügel",
          "pl": "Salmhügel"
        },
        "wiki": {
          "title": null,
          "url": null,
          "description": null,
          "image": null
        }
      }
    },
    {
      "type": "Feature",
      "id": "text2557",
      "geometry": {
        "type": "Point",
        "coordinates": [
          1.244944,
          46.512936
        ]
      },
      "properties": {
        "id": "text2557",
        "name": "Dotternhügel",
        "category": "geographic_feature",
        "in_gazetteer": true,
        "type": "Minor Hills",
        "svg_type": "Minor Hills",
        "source": null,
        "tags": [],
        "names": {
          "de": "Dotternhügel",
          "fr": "Colline De La Fille",
          "pl": "Córka Hill"
        },
        "wiki": {
          "title": null,
          "url": null,
          "description": null,
          "image": null
        }
      }
    },
    {
      "type": "Feature",
      "id": "text2558",
      "geometry": {
        "type": "Point",
        "coordinates": [
          1.305711,
          45.918156
        ]
      },
      "properties": {
        "id": "text2558",
        "name": "Haigenhügel",
        "category": "geographic_feature",
        "in_gazetteer": true,
        "type": "Minor Hills",
        "svg_type": "Minor Hills",
        "source": null,
        "tags": [],
        "names": {
          "de": "Haigenhügel",
          "fr": "Haigenhügel",
          "pl": "Haigenhügel"
        },
        "wiki": {
          "title": null,
          "url": null,
          "description": null,
          "image": null
        }
      }
    },
    {
      "type": "Feature",
      "id": "text2562",
      "geometry": {
        "type": "Point",
        "coordinates": [
          3.919968,
          44.998312
        ]
      },
      "properties": {
        "id": "text2562",
        "name": "Raggel Hills",
        "category": "geographic_feature",
        "in_gazetteer": true,
        "type": "Minor Hills",
        "svg_type": "Minor Hills",
        "source": null,
        "tags": [],
        "names": {
          "de": "Raggel Hills",
          "fr": "Collines De Raggel",
          "pl": "Wzgórza Raggel"
        },
        "wiki": {
          "title": null,
          "url": null,
          "description": null,
          "image": null
        }
      }
    },
    {
      "type": "Feature",
      "id": "text2671",
      "geometry": {
        "type": "Point",
        "coordinates": [
          5.618755,
          44.130845
        ]
      },
      "properties": {
        "id": "text2671",
        "name": "Raggel Hills",
        "category": "geographic_feature",
        "in_gazetteer": true,
        "type": "Minor Hills",
        "svg_type": "Minor Hills",
        "source": null,
        "tags": [],
        "names": {
          "de": "Raggel Hills",
          "fr": "Collines De Raggel",
          "pl": "Wzgórza Raggel"
        },
        "wiki": {
          "title": null,
          "url": null,
          "description": null,
          "image": null
        }
      }
    },
    {
      "type": "Feature",
      "id": "text2694",
      "geometry": {
        "type": "Point",
        "coordinates": [
          4.806254,
          43.745428
        ]
      },
      "properties": {
        "id": "text2694",
        "name": "Zemen Hills",
        "category": "geographic_feature",
        "in_gazetteer": true,
        "type": "Minor Hills",
        "svg_type": "Minor Hills",
        "source": null,
        "tags": [],
        "names": {
          "de": "Zemen-Hügel",
          "fr": "Collines De Zemen",
          "pl": "Wzgórza Zemena"
        },
        "wiki": {
          "title": null,
          "url": null,
          "description": null,
          "image": null
        }
      }
    },
    {
      "type": "Feature",
      "id": "text861",
      "geometry": {
        "type": "Point",
        "coordinates": [
          4.092866,
          52.349202
        ]
      },
      "properties": {
        "id": "text861",
        "name": "The Koppens",
        "category": "geographic_feature",
        "in_gazetteer": true,
        "type": "Minor Hills",
        "svg_type": "Minor Hills",
        "source": null,
        "tags": [],
        "names": {
          "de": "Die Koppens",
          "fr": "Les Koppens",
          "pl": "Koppens"
        },
        "wiki": {
          "title": null,
          "url": null,
          "description": null,
          "image": null
        }
      }
    },
    {
      "type": "Feature",
      "id": "text536",
      "geometry": {
        "type": "Point",
        "coordinates": [
          -3.413559,
          49.977318
        ]
      },
      "properties": {
        "id": "text536",
        "name": "Sorgios Ridge",
        "category": "geographic_feature",
        "in_gazetteer": false,
        "type": "Minor Hills",
        "svg_type": "Minor Hills",
        "source": null,
        "tags": [],
        "names": {
          "de": null,
          "fr": null,
          "pl": null
        },
        "wiki": {
          "title": null,
          "url": null,
          "description": null,
          "image": null
        }
      }
    },
    {
      "type": "Feature",
      "id": "text25",
      "geometry": {
        "type": "Point",
        "coordinates": [
          1.84375,
          51.125937
        ]
      },
      "properties": {
        "id": "text25",
        "name": "Barren Hills",
        "category": "geographic_feature",
        "in_gazetteer": true,
        "type": "Major Hills",
        "svg_type": "Major Hills",
        "source": null,
        "tags": [],
        "names": {
          "de": "Öde Hügel",
          "fr": "Collines Arides",
          "pl": "Jałowe Wzgórza"
        },
        "wiki": {
          "title": "Barren Hills",
          "url": "https://warhammerfantasy.fandom.com/wiki/Barren_Hills",
          "description": "The Barren Hills of western Talabecland are widely considered to be cursed. Old folktales speak of a time when they were called the Green Hills, which many believe refers to a time before any curse fell upon them. Among the elders of certain nearby settlements, however, it is claimed that the name is derived from the odd colour the hills glow on ill-omened nights.",
          "image": null
        }
      }
    },
    {
      "type": "Feature",
      "id": "text26",
      "geometry": {
        "type": "Point",
        "coordinates": [
          -1.33073,
          51.167603
        ]
      },
      "properties": {
        "id": "text26",
        "name": "Skaag Hills",
        "category": "geographic_feature",
        "in_gazetteer": true,
        "type": "Major Hills",
        "svg_type": "Major Hills",
        "source": null,
        "tags": [],
        "names": {
          "de": "Skaag-Hügel",
          "fr": "Collines De Skaag",
          "pl": "Wzgórza Skaag"
        },
        "wiki": {
          "title": "Skaag Hills",
          "url": "https://warhammerfantasy.fandom.com/wiki/Skaag_Hills",
          "description": "The rocky Skaag Hills lie to the west of the River Bögen and run along the southern bank of the Reik before falling beneath the trees of the Duchy of Gorland. Near the centre, the Reikwald recedes from the stony crags and layers of stratified rock rise to the scree-laden highlands of the Prie Ridge. A single road crosses the gentler slopes of the Skaag Hills to the south, starting at Trosreut in the shadow of Castle Grauenberg and wending its way through to Holthausen, but many minor tracks and trails also cross the region, most of which started as goat tracks.",
          "image": null
        }
      }
    },
    {
      "type": "Feature",
      "id": "text27",
      "geometry": {
        "type": "Point",
        "coordinates": [
          -0.309897,
          50.378541
        ]
      },
      "properties": {
        "id": "text27",
        "name": "Hägercrybs",
        "category": "geographic_feature",
        "in_gazetteer": true,
        "type": "Major Hills",
        "svg_type": "Major Hills",
        "source": null,
        "tags": [],
        "names": {
          "de": "Hägercrybs",
          "fr": "Hägercrybs",
          "pl": "Hägercrybs"
        },
        "wiki": {
          "title": "Hägercrybs",
          "url": "https://warhammerfantasy.fandom.com/wiki/H%C3%A4gercrybs",
          "description": "The Hägercrybs are a range of heavily forested hills in central Reikland, stretching from the Princedom of Altdorf to the Freistadt of Ubersreik. So rugged are they that no road runs through them east to west, a major inconvenience for many travellers. They are mainly used by men for sheep-herding, and many shepherds live throughout the hills.",
          "image": "https://static.wikia.nocookie.net/warhammerfb/images/e/e1/Hagercrybs.jpg/revision/latest?cb=20180915233426"
        }
      }
    },
    {
      "type": "Feature",
      "id": "text28",
      "geometry": {
        "type": "Point",
        "coordinates": [
          4.531249,
          51.641562
        ]
      },
      "properties": {
        "id": "text28",
        "name": "Färlic Hills",
        "category": "geographic_feature",
        "in_gazetteer": true,
        "type": "Major Hills",
        "svg_type": "Major Hills",
        "source": null,
        "tags": [],
        "names": {
          "de": "Färlic Hills",
          "fr": "Collines De Färlic",
          "pl": "Wzgórza Färlica"
        },
        "wiki": {
          "title": null,
          "url": null,
          "description": null,
          "image": null
        }
      }
    },
    {
      "type": "Feature",
      "id": "text29",
      "geometry": {
        "type": "Point",
        "coordinates": [
          6.35677,
          52.188437
        ]
      },
      "properties": {
        "id": "text29",
        "name": "Kölsa Hills",
        "category": "geographic_feature",
        "in_gazetteer": true,
        "type": "Major Hills",
        "svg_type": "Major Hills",
        "source": null,
        "tags": [],
        "names": {
          "de": "Kölsa-Hügel",
          "fr": "Collines De Kölsa",
          "pl": "Wzgórza Kölsa"
        },
        "wiki": {
          "title": null,
          "url": null,
          "description": null,
          "image": null
        }
      }
    },
    {
      "type": "Feature",
      "id": "text30",
      "geometry": {
        "type": "Point",
        "coordinates": [
          10.119792,
          50.810833
        ]
      },
      "properties": {
        "id": "text30",
        "name": "Eirie Downs",
        "category": "geographic_feature",
        "in_gazetteer": true,
        "type": "Major Hills",
        "svg_type": "Major Hills",
        "source": null,
        "tags": [],
        "names": {
          "de": "Eirie Downs",
          "fr": "Eirie Downs",
          "pl": "Eirie Downs"
        },
        "wiki": {
          "title": null,
          "url": null,
          "description": null,
          "image": null
        }
      }
    },
    {
      "type": "Feature",
      "id": "text31",
      "geometry": {
        "type": "Point",
        "coordinates": [
          8.916667,
          49.008749
        ]
      },
      "properties": {
        "id": "text31",
        "name": "Haunted Hills",
        "category": "geographic_feature",
        "in_gazetteer": true,
        "type": "Major Hills",
        "svg_type": "Major Hills",
        "source": null,
        "tags": [],
        "names": {
          "de": "Spukhügel",
          "fr": "Collines Hantées",
          "pl": "Nawiedzone Wzgórza"
        },
        "wiki": {
          "title": null,
          "url": null,
          "description": null,
          "image": null
        }
      }
    },
    {
      "type": "Feature",
      "id": "text32",
      "geometry": {
        "type": "Point",
        "coordinates": [
          9.356771,
          47.810831
        ]
      },
      "properties": {
        "id": "text32",
        "name": "Fennonhügel",
        "category": "geographic_feature",
        "in_gazetteer": true,
        "type": "Major Hills",
        "svg_type": "Major Hills",
        "source": null,
        "tags": [],
        "names": {
          "de": "Fennonhügel",
          "fr": "Fennonhügel",
          "pl": "Fennonhügel"
        },
        "wiki": {
          "title": null,
          "url": null,
          "description": null,
          "image": null
        }
      }
    },
    {
      "type": "Feature",
      "id": "text33",
      "geometry": {
        "type": "Point",
        "coordinates": [
          8.768229,
          47.099894
        ]
      },
      "properties": {
        "id": "text33",
        "name": "Barrow Hills",
        "category": "geographic_feature",
        "in_gazetteer": true,
        "type": "Major Hills",
        "svg_type": "Major Hills",
        "source": null,
        "tags": [],
        "names": {
          "de": "Hügel",
          "fr": "Collines De Barrow",
          "pl": "Wzgórza Barrow"
        },
        "wiki": {
          "title": null,
          "url": null,
          "description": null,
          "image": null
        }
      }
    },
    {
      "type": "Feature",
      "id": "text34",
      "geometry": {
        "type": "Point",
        "coordinates": [
          8.60677,
          46.529581
        ]
      },
      "properties": {
        "id": "text34",
        "name": "Silverlode Hills",
        "category": "geographic_feature",
        "in_gazetteer": true,
        "type": "Major Hills",
        "svg_type": "Major Hills",
        "source": null,
        "tags": [],
        "names": {
          "de": "Silverlode Hills",
          "fr": "Collines De Silverlode",
          "pl": "Wzgórza Srebrnej Żyły"
        },
        "wiki": {
          "title": null,
          "url": null,
          "description": null,
          "image": null
        }
      }
    },
    {
      "type": "Feature",
      "id": "text35",
      "geometry": {
        "type": "Point",
        "coordinates": [
          7.153645,
          47.326456
        ]
      },
      "properties": {
        "id": "text35",
        "name": "Fallow Hills (Greenleaf Hills)",
        "category": "geographic_feature",
        "in_gazetteer": true,
        "type": "Major Hills",
        "svg_type": "Major Hills",
        "source": null,
        "tags": [],
        "names": {
          "de": "Brachland (Greenleaf Hills)",
          "fr": "Fallow Hills (Greenleaf Hills)",
          "pl": "Fallow Hills (Wzgórza Zielonoliściaste)"
        },
        "wiki": {
          "title": "Greenleaf",
          "url": "https://warhammerfantasy.fandom.com/wiki/Greenleaf",
          "description": "The Greenleaf is a county located in the south-east Mootland, once known as the Duchy of Fallow Hills. The county is named after the Greenleaf Hills, with its inhabitants often calling themselves \"Greenleafers\", as a way to distinguish their sense of independence from the greater Mootland. Due to a cartographical error in the creation of the Mootland, there was one tiny part of the Empire owned by no Electoral Province.",
          "image": "https://static.wikia.nocookie.net/warhammerfb/images/3/34/Warhammer_Greenleaf_Hills.png/revision/latest?cb=20220221063547"
        }
      }
    },
    {
      "type": "Feature",
      "id": "text3095",
      "geometry": {
        "type": "Point",
        "coordinates": [
          -12.254193,
          54.676202
        ]
      },
      "properties": {
        "id": "text3095",
        "name": "Ashen Hills",
        "category": "geographic_feature",
        "in_gazetteer": true,
        "type": "Major Hills",
        "svg_type": "Major Hills",
        "source": null,
        "tags": [],
        "names": {
          "de": "Ashen Hills",
          "fr": "Collines Cendrées",
          "pl": "Wzgórza Popielate"
        },
        "wiki": {
          "title": null,
          "url": null,
          "description": null,
          "image": null
        }
      }
    },
    {
      "type": "Feature",
      "id": "text3096",
      "geometry": {
        "type": "Point",
        "coordinates": [
          -8.479274,
          56.425555
        ]
      },
      "properties": {
        "id": "text3096",
        "name": "The Great Mounds",
        "category": "geographic_feature",
        "in_gazetteer": true,
        "type": "Major Hills",
        "svg_type": "Major Hills",
        "source": null,
        "tags": [],
        "names": {
          "de": "Die Großen Hügel",
          "fr": "Les Grands Tertres",
          "pl": "Wielkie Kopce"
        },
        "wiki": {
          "title": null,
          "url": null,
          "description": null,
          "image": null
        }
      }
    },
    {
      "type": "Feature",
      "id": "text3097",
      "geometry": {
        "type": "Point",
        "coordinates": [
          -7.864238,
          54.749859
        ]
      },
      "properties": {
        "id": "text3097",
        "name": "The Contreforts",
        "category": "geographic_feature",
        "in_gazetteer": true,
        "type": "Major Hills",
        "svg_type": "Major Hills",
        "source": null,
        "tags": [],
        "names": {
          "de": "Die Contreforts",
          "fr": "The Contreforts",
          "pl": "Podnóża"
        },
        "wiki": {
          "title": null,
          "url": null,
          "description": null,
          "image": null
        }
      }
    },
    {
      "type": "Feature",
      "id": "text3098",
      "geometry": {
        "type": "Point",
        "coordinates": [
          -8.692002,
          53.156582
        ]
      },
      "properties": {
        "id": "text3098",
        "name": "Arden Highlands",
        "category": "geographic_feature",
        "in_gazetteer": true,
        "type": "Major Hills",
        "svg_type": "Major Hills",
        "source": null,
        "tags": [],
        "names": {
          "de": "Arden Highlands",
          "fr": "Arden Highlands",
          "pl": "Arden Highlands"
        },
        "wiki": {
          "title": null,
          "url": null,
          "description": null,
          "image": null
        }
      }
    },
    {
      "type": "Feature",
      "id": "text3099",
      "geometry": {
        "type": "Point",
        "coordinates": [
          -5.64898,
          47.548638
        ]
      },
      "properties": {
        "id": "text3099",
        "name": "Barrows of Cuileux",
        "category": "geographic_feature",
        "in_gazetteer": true,
        "type": "Major Hills",
        "svg_type": "Major Hills",
        "source": null,
        "tags": [],
        "names": {
          "de": "Hügelgräber Von Cuileux",
          "fr": "Tumulus De Cuileux",
          "pl": "Kurhany Cuileux"
        },
        "wiki": {
          "title": "Barrows of Cuileux",
          "url": "https://warhammerfantasy.fandom.com/wiki/Barrows_of_Cuileux",
          "description": "The Barrows of Cuileux should not be confused with the Grave of Cuileux. The Grave is the site of the last battle between the Knights of Cuileux and the Greenskin horde. The Barrows of Cuileux are where the Cuilen buried their dead.",
          "image": "https://static.wikia.nocookie.net/warhammerfb/images/8/8b/Barrows_of_Cuileux_Warhammer_Fantasy_Roleplay.png/revision/latest?cb=20180521023841"
        }
      }
    },
    {
      "type": "Feature",
      "id": "text3100",
      "geometry": {
        "type": "Point",
        "coordinates": [
          -8.157961,
          43.39644
        ]
      },
      "properties": {
        "id": "text3100",
        "name": "Tavarel Hills",
        "category": "geographic_feature",
        "in_gazetteer": true,
        "type": "Major Hills",
        "svg_type": "Major Hills",
        "source": null,
        "tags": [],
        "names": {
          "de": "Tavarel Hills",
          "fr": "Collines De Tavarel",
          "pl": "Wzgórza Tavarel"
        },
        "wiki": {
          "title": null,
          "url": null,
          "description": null,
          "image": null
        }
      }
    },
    {
      "type": "Feature",
      "id": "text3102",
      "geometry": {
        "type": "Point",
        "coordinates": [
          -1.872226,
          48.400116
        ]
      },
      "properties": {
        "id": "text3102",
        "name": "Montagnes de Pégase",
        "category": "geographic_feature",
        "in_gazetteer": true,
        "type": "Major Hills",
        "svg_type": "Major Hills",
        "source": null,
        "tags": [],
        "names": {
          "de": "Montagnes De Pégase",
          "fr": "Montagnes De Pégase",
          "pl": "Góry Pegaza"
        },
        "wiki": {
          "title": null,
          "url": null,
          "description": null,
          "image": null
        }
      }
    },
    {
      "type": "Feature",
      "id": "text3103",
      "geometry": {
        "type": "Point",
        "coordinates": [
          -1.430009,
          44.771207
        ]
      },
      "properties": {
        "id": "text3103",
        "name": "Callach-mor Hills",
        "category": "geographic_feature",
        "in_gazetteer": true,
        "type": "Major Hills",
        "svg_type": "Major Hills",
        "source": null,
        "tags": [],
        "names": {
          "de": "Callach-Mor Hügel",
          "fr": "Des Collines Plus Intelligentes",
          "pl": "Mądrzejsze Wzgórza"
        },
        "wiki": {
          "title": null,
          "url": null,
          "description": null,
          "image": null
        }
      }
    },
    {
      "type": "Feature",
      "id": "text3105",
      "geometry": {
        "type": "Point",
        "coordinates": [
          0.36621,
          43.173302
        ]
      },
      "properties": {
        "id": "text3105",
        "name": "Cullodinen Edge",
        "category": "geographic_feature",
        "in_gazetteer": true,
        "type": "Major Hills",
        "svg_type": "Major Hills",
        "source": null,
        "tags": [],
        "names": {
          "de": "Cullodinen Edge",
          "fr": "Bord De Cullodinen",
          "pl": "Cullodinen Edge"
        },
        "wiki": {
          "title": null,
          "url": null,
          "description": null,
          "image": null
        }
      }
    },
    {
      "type": "Feature",
      "id": "text3106",
      "geometry": {
        "type": "Point",
        "coordinates": [
          -0.939924,
          42.386886
        ]
      },
      "properties": {
        "id": "text3106",
        "name": "Inverin Mountains",
        "category": "geographic_feature",
        "in_gazetteer": true,
        "type": "Major Hills",
        "svg_type": "Major Hills",
        "source": null,
        "tags": [],
        "names": {
          "de": "Inverin-Gebirge",
          "fr": "Montagnes D'Inverin",
          "pl": "Góry Inverin"
        },
        "wiki": {
          "title": null,
          "url": null,
          "description": null,
          "image": null
        }
      }
    },
    {
      "type": "Feature",
      "id": "text3107",
      "geometry": {
        "type": "Point",
        "coordinates": [
          0.600981,
          45.168897
        ]
      },
      "properties": {
        "id": "text3107",
        "name": "Sceolath Ridge",
        "category": "geographic_feature",
        "in_gazetteer": true,
        "type": "Major Hills",
        "svg_type": "Major Hills",
        "source": null,
        "tags": [],
        "names": {
          "de": "Sceolath-Grat",
          "fr": "Crête De Sceolath",
          "pl": "Grzbiet Sceolath"
        },
        "wiki": {
          "title": null,
          "url": null,
          "description": null,
          "image": null
        }
      }
    },
    {
      "type": "Feature",
      "id": "text3115",
      "geometry": {
        "type": "Point",
        "coordinates": [
          3.952375,
          49.129239
        ]
      },
      "properties": {
        "id": "text3115",
        "name": "Stirhügel",
        "category": "geographic_feature",
        "in_gazetteer": true,
        "type": "Major Hills",
        "svg_type": "Major Hills",
        "source": null,
        "tags": [],
        "names": {
          "de": "Stirhügel",
          "fr": "Remuer Le Monticule",
          "pl": "Kopiec Mieszany"
        },
        "wiki": {
          "title": null,
          "url": null,
          "description": null,
          "image": null
        }
      }
    },
    {
      "type": "Feature",
      "id": "text3116",
      "geometry": {
        "type": "Point",
        "coordinates": [
          2.846662,
          49.451604
        ]
      },
      "properties": {
        "id": "text3116",
        "name": "Zaya Hills",
        "category": "geographic_feature",
        "in_gazetteer": true,
        "type": "Major Hills",
        "svg_type": "Major Hills",
        "source": null,
        "tags": [],
        "names": {
          "de": "Zaya Hills",
          "fr": "Collines De Zaya",
          "pl": "Wzgórza Zaya"
        },
        "wiki": {
          "title": null,
          "url": null,
          "description": null,
          "image": null
        }
      }
    },
    {
      "type": "Feature",
      "id": "text3120",
      "geometry": {
        "type": "Point",
        "coordinates": [
          7.125702,
          48.748077
        ]
      },
      "properties": {
        "id": "text3120",
        "name": "Leithag Hills",
        "category": "geographic_feature",
        "in_gazetteer": true,
        "type": "Major Hills",
        "svg_type": "Major Hills",
        "source": null,
        "tags": [],
        "names": {
          "de": "Leithag Hills",
          "fr": "Collines De Leitagh",
          "pl": "Wzgórza Leithag"
        },
        "wiki": {
          "title": null,
          "url": null,
          "description": null,
          "image": null
        }
      }
    },
    {
      "type": "Feature",
      "id": "text3131",
      "geometry": {
        "type": "Point",
        "coordinates": [
          3.646127,
          54.122674
        ]
      },
      "properties": {
        "id": "text3131",
        "name": "Weiss Hills",
        "category": "geographic_feature",
        "in_gazetteer": true,
        "type": "Major Hills",
        "svg_type": "Major Hills",
        "source": null,
        "tags": [],
        "names": {
          "de": "Weiss Hills",
          "fr": "Collines Weiss",
          "pl": "Wzgórza Weiss"
        },
        "wiki": {
          "title": "Weiss Hills",
          "url": "https://warhammerfantasy.fandom.com/wiki/Weiss_Hills",
          "description": "The Weiss Hills is a sparsely inhabited area of moorlands and low hills that lies deep within the forests of Hochland. The region is mainly travelled by poachers and licensed trappers and hunters. Much of the land is a royal demesne of the Elector Count of Hochland, watched over by the Warden of Fort Schippel.",
          "image": null
        }
      }
    },
    {
      "type": "Feature",
      "id": "text3132",
      "geometry": {
        "type": "Point",
        "coordinates": [
          2.359861,
          55.25101
        ]
      },
      "properties": {
        "id": "text3132",
        "name": "Wulfrun Crags",
        "category": "geographic_feature",
        "in_gazetteer": true,
        "type": "Major Hills",
        "svg_type": "Major Hills",
        "source": null,
        "tags": [],
        "names": {
          "de": "Wulfrun Crags",
          "fr": "Les Rochers De Wulfrun",
          "pl": "Wulfrun Crags"
        },
        "wiki": {
          "title": null,
          "url": null,
          "description": null,
          "image": null
        }
      }
    },
    {
      "type": "Feature",
      "id": "text3161",
      "geometry": {
        "type": "Point",
        "coordinates": [
          2.229332,
          53.407024
        ]
      },
      "properties": {
        "id": "text3161",
        "name": "Howling Hills",
        "category": "geographic_feature",
        "in_gazetteer": true,
        "type": "Major Hills",
        "svg_type": "Major Hills",
        "source": null,
        "tags": [],
        "names": {
          "de": "Heulende Hügel",
          "fr": "Collines Hurlantes",
          "pl": "Howling Hills"
        },
        "wiki": {
          "title": "Howling Hills",
          "url": "https://warhammerfantasy.fandom.com/wiki/Howling_Hills",
          "description": "The Howling Hills are a ridge of craggy peaks that sweep from Middenheim at their western-most extent almost to Talabheim to their east. The tallest of the hills are bare and rocky, their plateaus an endless series of sodden moors covered in heather and coarse grasses, lending them a desolate aspect, while the lower ranges and deep valleys are wooded with dense and rainswept forest. The Howling Hills were considered to be part of Hochland during the Skaven Wars of the twelfth century IC, yet are now part of Middenland according to maps of the 26th century IC.",
          "image": "https://static.wikia.nocookie.net/warhammerfb/images/b/b1/Howling_Hills.png/revision/latest?cb=20240901034641"
        }
      }
    },
    {
      "type": "Feature",
      "id": "text3162",
      "geometry": {
        "type": "Point",
        "coordinates": [
          1.668768,
          56.918528
        ]
      },
      "properties": {
        "id": "text3162",
        "name": "Bramble Hills",
        "category": "geographic_feature",
        "in_gazetteer": true,
        "type": "Major Hills",
        "svg_type": "Major Hills",
        "source": null,
        "tags": [],
        "names": {
          "de": "Brombeerhügel",
          "fr": "Collines De Ronces",
          "pl": "Wzgórza Jeżynowe"
        },
        "wiki": {
          "title": null,
          "url": null,
          "description": null,
          "image": null
        }
      }
    },
    {
      "type": "Feature",
      "id": "text3163",
      "geometry": {
        "type": "Point",
        "coordinates": [
          0.843541,
          56.822475
        ]
      },
      "properties": {
        "id": "text3163",
        "name": "Silver Hills",
        "category": "geographic_feature",
        "in_gazetteer": true,
        "type": "Major Hills",
        "svg_type": "Major Hills",
        "source": null,
        "tags": [],
        "names": {
          "de": "Silver Hills",
          "fr": "Silver Hills",
          "pl": "Srebrne Wzgórza"
        },
        "wiki": {
          "title": null,
          "url": null,
          "description": null,
          "image": null
        }
      }
    },
    {
      "type": "Feature",
      "id": "text3166",
      "geometry": {
        "type": "Point",
        "coordinates": [
          -0.340301,
          55.839748
        ]
      },
      "properties": {
        "id": "text3166",
        "name": "Misty Hills",
        "category": "geographic_feature",
        "in_gazetteer": true,
        "type": "Major Hills",
        "svg_type": "Major Hills",
        "source": null,
        "tags": [],
        "names": {
          "de": "Nebelige Hügel",
          "fr": "Collines Brumeuses",
          "pl": "Mgliste Wzgórza"
        },
        "wiki": {
          "title": null,
          "url": null,
          "description": null,
          "image": null
        }
      }
    },
    {
      "type": "Feature",
      "id": "text3168",
      "geometry": {
        "type": "Point",
        "coordinates": [
          0.161933,
          54.437411
        ]
      },
      "properties": {
        "id": "text3168",
        "name": "Draken Hills",
        "category": "geographic_feature",
        "in_gazetteer": true,
        "type": "Major Hills",
        "svg_type": "Major Hills",
        "source": null,
        "tags": [],
        "names": {
          "de": "Draken Hills",
          "fr": "Collines Du Dragon",
          "pl": "Wzgórza Smoka"
        },
        "wiki": {
          "title": null,
          "url": null,
          "description": null,
          "image": null
        }
      }
    },
    {
      "type": "Feature",
      "id": "text3169",
      "geometry": {
        "type": "Point",
        "coordinates": [
          -1.269572,
          52.987671
        ]
      },
      "properties": {
        "id": "text3169",
        "name": "Fenmark Fells",
        "category": "geographic_feature",
        "in_gazetteer": true,
        "type": "Major Hills",
        "svg_type": "Major Hills",
        "source": null,
        "tags": [],
        "names": {
          "de": "Fenmark Fells",
          "fr": "Les Collines De Fenmark",
          "pl": "Wzgórza Fenmark"
        },
        "wiki": {
          "title": null,
          "url": null,
          "description": null,
          "image": null
        }
      }
    },
    {
      "type": "Feature",
      "id": "text3170",
      "geometry": {
        "type": "Point",
        "coordinates": [
          0.991659,
          53.040098
        ]
      },
      "properties": {
        "id": "text3170",
        "name": "Erzot Hills",
        "category": "geographic_feature",
        "in_gazetteer": true,
        "type": "Major Hills",
        "svg_type": "Major Hills",
        "source": null,
        "tags": [],
        "names": {
          "de": "Erzot-Hügel",
          "fr": "Collines D'Erzot",
          "pl": "Wzgórza Erzot"
        },
        "wiki": {
          "title": null,
          "url": null,
          "description": null,
          "image": null
        }
      }
    },
    {
      "type": "Feature",
      "id": "text3171",
      "geometry": {
        "type": "Point",
        "coordinates": [
          3.083842,
          55.143721
        ]
      },
      "properties": {
        "id": "text3171",
        "name": "Hochland Tors",
        "category": "geographic_feature",
        "in_gazetteer": true,
        "type": "Major Hills",
        "svg_type": "Major Hills",
        "source": null,
        "tags": [],
        "names": {
          "de": "Hochland Tors",
          "fr": "Hochland Tors",
          "pl": "Hochland Tors"
        },
        "wiki": {
          "title": null,
          "url": null,
          "description": null,
          "image": null
        }
      }
    },
    {
      "type": "Feature",
      "id": "text3172",
      "geometry": {
        "type": "Point",
        "coordinates": [
          7.200446,
          58.030501
        ]
      },
      "properties": {
        "id": "text3172",
        "name": "Crags of Shargun",
        "category": "geographic_feature",
        "in_gazetteer": true,
        "type": "Major Hills",
        "svg_type": "Major Hills",
        "source": null,
        "tags": [],
        "names": {
          "de": "Felsen Von Shargun",
          "fr": "Les Rochers De Shargun",
          "pl": "Skały Shargun"
        },
        "wiki": {
          "title": null,
          "url": null,
          "description": null,
          "image": null
        }
      }
    },
    {
      "type": "Feature",
      "id": "text3173",
      "geometry": {
        "type": "Point",
        "coordinates": [
          9.502707,
          59.423254
        ]
      },
      "properties": {
        "id": "text3173",
        "name": "The Golinyi",
        "category": "geographic_feature",
        "in_gazetteer": true,
        "type": "Major Hills",
        "svg_type": "Major Hills",
        "source": null,
        "tags": [],
        "names": {
          "de": "Die Golinyi",
          "fr": "Le Golinyi",
          "pl": "Golinyi"
        },
        "wiki": {
          "title": null,
          "url": null,
          "description": null,
          "image": null
        }
      }
    },
    {
      "type": "Feature",
      "id": "text3174",
      "geometry": {
        "type": "Point",
        "coordinates": [
          12.819842,
          59.175033
        ]
      },
      "properties": {
        "id": "text3174",
        "name": "The Ropsals",
        "category": "geographic_feature",
        "in_gazetteer": true,
        "type": "Major Hills",
        "svg_type": "Major Hills",
        "source": null,
        "tags": [],
        "names": {
          "de": "Die Ropsals",
          "fr": "Les Ropsals",
          "pl": "Ropsale"
        },
        "wiki": {
          "title": null,
          "url": null,
          "description": null,
          "image": null
        }
      }
    },
    {
      "type": "Feature",
      "id": "text3175",
      "geometry": {
        "type": "Point",
        "coordinates": [
          -5.427334,
          39.309062
        ]
      },
      "properties": {
        "id": "text3175",
        "name": "Trantine Hills",
        "category": "geographic_feature",
        "in_gazetteer": true,
        "type": "Major Hills",
        "svg_type": "Major Hills",
        "source": null,
        "tags": [],
        "names": {
          "de": "Trantine Hügel",
          "fr": "Collines De Trantine",
          "pl": "Wzgórza Trantine"
        },
        "wiki": {
          "title": "Trantine Hills",
          "url": "https://warhammerfantasy.fandom.com/wiki/Trantine_Hills",
          "description": "Beyond the walls of Trantio in Tilea, lies Trantine Hills rich of fruit orchards and olive groves around Trantio. The hills are also well known for the many battles fought by Trantio against Pavona or other city-state and Bretonnia. Many abandoned villas dot the countryside hills above Trantio, as in safer and more prosperous times it had been the fashion among the city's wealthy merchant families to build such palaces in the surrounding countryside, both as an ostentatious display of wealth and as a retreat from squalor. city.",
          "image": "https://static.wikia.nocookie.net/warhammerfb/images/6/63/Warhammer_Trantio.png/revision/latest?cb=20170222233709"
        }
      }
    },
    {
      "type": "Feature",
      "id": "text3176",
      "geometry": {
        "type": "Point",
        "coordinates": [
          -10.349871,
          33.569626
        ]
      },
      "properties": {
        "id": "text3176",
        "name": "Osso Hills",
        "category": "geographic_feature",
        "in_gazetteer": true,
        "type": "Major Hills",
        "svg_type": "Major Hills",
        "source": null,
        "tags": [],
        "names": {
          "de": "Osso Hills",
          "fr": "Osso Hills",
          "pl": "Wzgórza Osso"
        },
        "wiki": {
          "title": "Osso Hills",
          "url": "https://warhammerfantasy.fandom.com/wiki/Osso_Hills",
          "description": "The Osso Hills are a region of hills in the hinterland of the island of Sartosa.",
          "image": "https://static.wikia.nocookie.net/warhammerfb/images/b/b3/Sartosa_MoW_Corsairs.png/revision/latest?cb=20250301131115"
        }
      }
    },
    {
      "type": "Feature",
      "id": "text3177",
      "geometry": {
        "type": "Point",
        "coordinates": [
          -15.675811,
          44.524478
        ]
      },
      "properties": {
        "id": "text3177",
        "name": "Bone Hills",
        "category": "geographic_feature",
        "in_gazetteer": true,
        "type": "Major Hills",
        "svg_type": "Major Hills",
        "source": null,
        "tags": [],
        "names": {
          "de": "Knochenhügel",
          "fr": "Bone Hills",
          "pl": "Wzgórza Kościane"
        },
        "wiki": {
          "title": "Bone Hills",
          "url": "https://warhammerfantasy.fandom.com/wiki/Bone_Hills",
          "description": "The Bone Hills are an arid region of Estalia infamous as the home of witch -cursed Skin Wolf clans and the Strega of the Bone Hills.",
          "image": null
        }
      }
    },
    {
      "type": "Feature",
      "id": "text3178",
      "geometry": {
        "type": "Point",
        "coordinates": [
          -18.203154,
          46.113737
        ]
      },
      "properties": {
        "id": "text3178",
        "name": "Céfiro Hills",
        "category": "geographic_feature",
        "in_gazetteer": true,
        "type": "Major Hills",
        "svg_type": "Major Hills",
        "source": null,
        "tags": [],
        "names": {
          "de": "Céfiro-Hügel",
          "fr": "Collines De Céfiro",
          "pl": "Wzgórza Céfiro"
        },
        "wiki": {
          "title": "Céfiro Hills",
          "url": "https://warhammerfantasy.fandom.com/wiki/C%C3%A9firo_Hills",
          "description": "The Céfiro Hills are a group of hills located in the Estalian Kingdom of Obregon.",
          "image": null
        }
      }
    },
    {
      "type": "Feature",
      "id": "text3179",
      "geometry": {
        "type": "Point",
        "coordinates": [
          -15.260765,
          46.176515
        ]
      },
      "properties": {
        "id": "text3179",
        "name": "Feroz Hills",
        "category": "geographic_feature",
        "in_gazetteer": true,
        "type": "Major Hills",
        "svg_type": "Major Hills",
        "source": null,
        "tags": [],
        "names": {
          "de": "Feroz-Hügel",
          "fr": "Collines De Feroz",
          "pl": "Wzgórza Feroz"
        },
        "wiki": {
          "title": "Feroz Hills",
          "url": "https://warhammerfantasy.fandom.com/wiki/Feroz_Hills",
          "description": "The Feroz Hills are a group of hills located in the Estalian Kingdom of Bilbali. The hills can be reached by a Skaven tunnel of the Under-Empire which leads from the ratmen 's lair of Gnaw Pit.",
          "image": "https://static.wikia.nocookie.net/warhammerfb/images/c/c9/Bilbali_01-25.png/revision/latest?cb=20250222182241"
        }
      }
    },
    {
      "type": "Feature",
      "id": "text3180",
      "geometry": {
        "type": "Point",
        "coordinates": [
          -20.734065,
          42.158918
        ]
      },
      "properties": {
        "id": "text3180",
        "name": "Miramár Hills",
        "category": "geographic_feature",
        "in_gazetteer": true,
        "type": "Major Hills",
        "svg_type": "Major Hills",
        "source": null,
        "tags": [],
        "names": {
          "de": "Miramár-Hügel",
          "fr": "Collines De Miramár",
          "pl": "Wzgórza Miramár"
        },
        "wiki": {
          "title": "Miramar Hills",
          "url": "https://warhammerfantasy.fandom.com/wiki/Miramar_Hills",
          "description": "The Miramar Hills are a group of hills in the Estalian Kingdom of Avila.",
          "image": null
        }
      }
    },
    {
      "type": "Feature",
      "id": "text3181",
      "geometry": {
        "type": "Point",
        "coordinates": [
          -6.233247,
          35.118315
        ]
      },
      "properties": {
        "id": "text3181",
        "name": "Luccinesi Foothills",
        "category": "geographic_feature",
        "in_gazetteer": true,
        "type": "Major Hills",
        "svg_type": "Major Hills",
        "source": null,
        "tags": [],
        "names": {
          "de": "Luccinesi-Vorgebirge",
          "fr": "Contreforts De Luccinesi",
          "pl": "Podnóża Luccinesi"
        },
        "wiki": {
          "title": null,
          "url": null,
          "description": null,
          "image": null
        }
      }
    },
    {
      "type": "Feature",
      "id": "text3182",
      "geometry": {
        "type": "Point",
        "coordinates": [
          -5.383006,
          36.697985
        ]
      },
      "properties": {
        "id": "text3182",
        "name": "Massif Morri",
        "category": "geographic_feature",
        "in_gazetteer": true,
        "type": "Major Hills",
        "svg_type": "Major Hills",
        "source": null,
        "tags": [],
        "names": {
          "de": "Morri-Massiv",
          "fr": "Massif De Morri",
          "pl": "Masyw Morri"
        },
        "wiki": {
          "title": null,
          "url": null,
          "description": null,
          "image": null
        }
      }
    },
    {
      "type": "Feature",
      "id": "text3183",
      "geometry": {
        "type": "Point",
        "coordinates": [
          -2.260107,
          40.628235
        ]
      },
      "properties": {
        "id": "text3183",
        "name": "Massiccio del Barbutto",
        "category": "geographic_feature",
        "in_gazetteer": true,
        "type": "Major Hills",
        "svg_type": "Major Hills",
        "source": null,
        "tags": [],
        "names": {
          "de": "Massiccio Del Barbutto",
          "fr": "Massif De Barbutto",
          "pl": "Masyw Barbutto"
        },
        "wiki": {
          "title": null,
          "url": null,
          "description": null,
          "image": null
        }
      }
    },
    {
      "type": "Feature",
      "id": "text3184",
      "geometry": {
        "type": "Point",
        "coordinates": [
          -3.046554,
          38.33464
        ]
      },
      "properties": {
        "id": "text3184",
        "name": "Avolo Ridge",
        "category": "geographic_feature",
        "in_gazetteer": true,
        "type": "Major Hills",
        "svg_type": "Major Hills",
        "source": null,
        "tags": [],
        "names": {
          "de": "Avolo-Grat",
          "fr": "Crête D'Avolo",
          "pl": "Grzbiet Avolo"
        },
        "wiki": {
          "title": null,
          "url": null,
          "description": null,
          "image": null
        }
      }
    },
    {
      "type": "Feature",
      "id": "text3185",
      "geometry": {
        "type": "Point",
        "coordinates": [
          -4.176817,
          38.659138
        ]
      },
      "properties": {
        "id": "text3185",
        "name": "Draghetti Highlands",
        "category": "geographic_feature",
        "in_gazetteer": true,
        "type": "Major Hills",
        "svg_type": "Major Hills",
        "source": null,
        "tags": [],
        "names": {
          "de": "Draghetti-Hochland",
          "fr": "Dragons Des Highlands",
          "pl": "Smoki Górskie"
        },
        "wiki": {
          "title": null,
          "url": null,
          "description": null,
          "image": null
        }
      }
    },
    {
      "type": "Feature",
      "id": "text3186",
      "geometry": {
        "type": "Point",
        "coordinates": [
          -2.868742,
          37.077703
        ]
      },
      "properties": {
        "id": "text3186",
        "name": "Moricannia Ridge",
        "category": "geographic_feature",
        "in_gazetteer": true,
        "type": "Major Hills",
        "svg_type": "Major Hills",
        "source": null,
        "tags": [],
        "names": {
          "de": "Moricannia-Grat",
          "fr": "Crête De Moricannia",
          "pl": "Grzbiet Moricannia"
        },
        "wiki": {
          "title": null,
          "url": null,
          "description": null,
          "image": null
        }
      }
    },
    {
      "type": "Feature",
      "id": "text3188",
      "geometry": {
        "type": "Point",
        "coordinates": [
          3.317004,
          41.062354
        ]
      },
      "properties": {
        "id": "text3188",
        "name": "The Warren Hills",
        "category": "geographic_feature",
        "in_gazetteer": true,
        "type": "Major Hills",
        "svg_type": "Major Hills",
        "source": null,
        "tags": [],
        "names": {
          "de": "Die Warren Hills",
          "fr": "Les Collines De Warren",
          "pl": "Wzgórza Warren"
        },
        "wiki": {
          "title": null,
          "url": null,
          "description": null,
          "image": null
        }
      }
    },
    {
      "type": "Feature",
      "id": "text3189",
      "geometry": {
        "type": "Point",
        "coordinates": [
          8.581522,
          43.286541
        ]
      },
      "properties": {
        "id": "text3189",
        "name": "Geistenmund Hills",
        "category": "geographic_feature",
        "in_gazetteer": true,
        "type": "Major Hills",
        "svg_type": "Major Hills",
        "source": null,
        "tags": [],
        "names": {
          "de": "Geistenmund Hügel",
          "fr": "Collines De Ghostmouth",
          "pl": "Wzgórza Ghostmouth"
        },
        "wiki": {
          "title": "Geistenmund Hills",
          "url": "https://warhammerfantasy.fandom.com/wiki/Geistenmund_Hills",
          "description": "The Geistenmund Hills are home to ancient barrows where some long-forgotten people were purportedly laid to rest. Centuries ago, Necromancers exiled from Bretonnia settled in the region and used their magics to raise the dead from the barrows with powerful runes, wards, and stone arches. These protections have grown old, however, and occasionally, someone will destroy the runes to free the restless dead.",
          "image": null
        }
      }
    },
    {
      "type": "Feature",
      "id": "text3190",
      "geometry": {
        "type": "Point",
        "coordinates": [
          7.612186,
          39.561337
        ]
      },
      "properties": {
        "id": "text3190",
        "name": "Varenka Hills",
        "category": "geographic_feature",
        "in_gazetteer": true,
        "type": "Major Hills",
        "svg_type": "Major Hills",
        "source": null,
        "tags": [],
        "names": {
          "de": "Varenka-Hügel",
          "fr": "Collines De Varenka",
          "pl": "Wzgórza Varenka"
        },
        "wiki": {
          "title": "Varenka Hills",
          "url": "https://warhammerfantasy.fandom.com/wiki/Varenka_Hills",
          "description": "Dotted with ancient burial mounds, the Varenka Hills are a haunted place, shunned by those who dwell in the frontier towns that cluster along the banks of the nearby rivers. The Varenka Hills are where the Skull River flows into the Black Gulf, against the lands of the Border Princes. Some Dawi in other holds claim this gives the Dwarfs of Barak Varr a strange outlook, more Manling than Dwarf.",
          "image": null
        }
      }
    },
    {
      "type": "Feature",
      "id": "text3234",
      "geometry": {
        "type": "Point",
        "coordinates": [
          -0.234655,
          56.910653
        ]
      },
      "properties": {
        "id": "text3234",
        "name": "Enchanted Hills",
        "category": "geographic_feature",
        "in_gazetteer": true,
        "type": "Major Hills",
        "svg_type": "Major Hills",
        "source": null,
        "tags": [],
        "names": {
          "de": "Verzauberte Hügel",
          "fr": "Collines Enchantées",
          "pl": "Zaczarowane Wzgórza"
        },
        "wiki": {
          "title": null,
          "url": null,
          "description": null,
          "image": null
        }
      }
    },
    {
      "type": "Feature",
      "id": "text13080",
      "geometry": {
        "type": "Point",
        "coordinates": [
          4.710912,
          55.968046
        ]
      },
      "properties": {
        "id": "text13080",
        "name": "North Spur",
        "category": "geographic_feature",
        "in_gazetteer": true,
        "type": "Major Hills",
        "svg_type": "Major Hills",
        "source": null,
        "tags": [],
        "names": {
          "de": "Nordspur",
          "fr": "Éperon Nord",
          "pl": "Północna Ostroga"
        },
        "wiki": {
          "title": null,
          "url": null,
          "description": null,
          "image": null
        }
      }
    },
    {
      "type": "Feature",
      "id": "text13081",
      "geometry": {
        "type": "Point",
        "coordinates": [
          7.490312,
          54.569714
        ]
      },
      "properties": {
        "id": "text13081",
        "name": "Grenze Hills",
        "category": "geographic_feature",
        "in_gazetteer": true,
        "type": "Major Hills",
        "svg_type": "Major Hills",
        "source": null,
        "tags": [],
        "names": {
          "de": "Grenze Hills",
          "fr": "Collines Frontalières",
          "pl": "Wzgórza Graniczne"
        },
        "wiki": {
          "title": null,
          "url": null,
          "description": null,
          "image": null
        }
      }
    },
    {
      "type": "Feature",
      "id": "text13082",
      "geometry": {
        "type": "Point",
        "coordinates": [
          -1.896204,
          55.532598
        ]
      },
      "properties": {
        "id": "text13082",
        "name": "Tumble Downs",
        "category": "geographic_feature",
        "in_gazetteer": true,
        "type": "Major Hills",
        "svg_type": "Major Hills",
        "source": null,
        "tags": [],
        "names": {
          "de": "Trümmerhaufen",
          "fr": "Dégringoleurs",
          "pl": "Upadki"
        },
        "wiki": {
          "title": null,
          "url": null,
          "description": null,
          "image": null
        }
      }
    },
    {
      "type": "Feature",
      "id": "text13083",
      "geometry": {
        "type": "Point",
        "coordinates": [
          8.875487,
          51.732708
        ]
      },
      "properties": {
        "id": "text13083",
        "name": "Bleak Moors",
        "category": "geographic_feature",
        "in_gazetteer": true,
        "type": "Major Hills",
        "svg_type": "Major Hills",
        "source": null,
        "tags": [],
        "names": {
          "de": "Düstere Moore",
          "fr": "Landes Désolées",
          "pl": "Ponure Wrzosowiska"
        },
        "wiki": {
          "title": null,
          "url": null,
          "description": null,
          "image": null
        }
      }
    },
    {
      "type": "Feature",
      "id": "text16877",
      "geometry": {
        "type": "Point",
        "coordinates": [
          13.093178,
          60.441012
        ]
      },
      "properties": {
        "id": "text16877",
        "name": "The Strazhniki",
        "category": "geographic_feature",
        "in_gazetteer": true,
        "type": "Major Hills",
        "svg_type": "Major Hills",
        "source": null,
        "tags": [],
        "names": {
          "de": "Die Strazhniki",
          "fr": "Les Gardiens",
          "pl": "Strażnicy"
        },
        "wiki": {
          "title": null,
          "url": null,
          "description": null,
          "image": null
        }
      }
    },
    {
      "type": "Feature",
      "id": "text16878",
      "geometry": {
        "type": "Point",
        "coordinates": [
          10.618765,
          61.062493
        ]
      },
      "properties": {
        "id": "text16878",
        "name": "The Czegniks",
        "category": "geographic_feature",
        "in_gazetteer": true,
        "type": "Major Hills",
        "svg_type": "Major Hills",
        "source": null,
        "tags": [],
        "names": {
          "de": "Die Czegniks",
          "fr": "Les Czegniks",
          "pl": "Czegnikowie"
        },
        "wiki": {
          "title": null,
          "url": null,
          "description": null,
          "image": null
        }
      }
    },
    {
      "type": "Feature",
      "id": "text16879",
      "geometry": {
        "type": "Point",
        "coordinates": [
          12.706924,
          56.713954
        ]
      },
      "properties": {
        "id": "text16879",
        "name": "The Foothills",
        "category": "geographic_feature",
        "in_gazetteer": true,
        "type": "Major Hills",
        "svg_type": "Major Hills",
        "source": null,
        "tags": [],
        "names": {
          "de": "Die Ausläufer",
          "fr": "Les Contreforts",
          "pl": "Podnóża"
        },
        "wiki": {
          "title": null,
          "url": null,
          "description": null,
          "image": null
        }
      }
    },
    {
      "type": "Feature",
      "id": "text16880",
      "geometry": {
        "type": "Point",
        "coordinates": [
          6.348962,
          61.494077
        ]
      },
      "properties": {
        "id": "text16880",
        "name": "Sturen Ridge",
        "category": "geographic_feature",
        "in_gazetteer": true,
        "type": "Major Hills",
        "svg_type": "Major Hills",
        "source": null,
        "tags": [],
        "names": {
          "de": "Sturen Ridge",
          "fr": "Crête De Direction",
          "pl": "Steering Ridge"
        },
        "wiki": {
          "title": null,
          "url": null,
          "description": null,
          "image": null
        }
      }
    },
    {
      "type": "Feature",
      "id": "text16881",
      "geometry": {
        "type": "Point",
        "coordinates": [
          13.520725,
          55.538009
        ]
      },
      "properties": {
        "id": "text16881",
        "name": "Iron Ridge",
        "category": "geographic_feature",
        "in_gazetteer": true,
        "type": "Major Hills",
        "svg_type": "Major Hills",
        "source": null,
        "tags": [],
        "names": {
          "de": "Eisengrat",
          "fr": "Iron Ridge",
          "pl": "Żelazny Grzbiet"
        },
        "wiki": {
          "title": null,
          "url": null,
          "description": null,
          "image": null
        }
      }
    },
    {
      "type": "Feature",
      "id": "text16888",
      "geometry": {
        "type": "Point",
        "coordinates": [
          -4.771731,
          41.551317
        ]
      },
      "properties": {
        "id": "text16888",
        "name": "Casalone Hills",
        "category": "geographic_feature",
        "in_gazetteer": true,
        "type": "Major Hills",
        "svg_type": "Major Hills",
        "source": null,
        "tags": [],
        "names": {
          "de": "Casalone Hills",
          "fr": "Collines De Casalone",
          "pl": "Wzgórza Casalone"
        },
        "wiki": {
          "title": null,
          "url": null,
          "description": null,
          "image": null
        }
      }
    },
    {
      "type": "Feature",
      "id": "text16889",
      "geometry": {
        "type": "Point",
        "coordinates": [
          -5.576419,
          37.624234
        ]
      },
      "properties": {
        "id": "text16889",
        "name": "Casalone Hills",
        "category": "geographic_feature",
        "in_gazetteer": true,
        "type": "Major Hills",
        "svg_type": "Major Hills",
        "source": null,
        "tags": [],
        "names": {
          "de": "Casalone Hills",
          "fr": "Collines De Casalone",
          "pl": "Wzgórza Casalone"
        },
        "wiki": {
          "title": null,
          "url": null,
          "description": null,
          "image": null
        }
      }
    },
    {
      "type": "Feature",
      "id": "text461",
      "geometry": {
        "type": "Point",
        "coordinates": [
          7.635417,
          48.964477
        ]
      },
      "properties": {
        "id": "text461",
        "name": "Broken Spine",
        "category": "geographic_feature",
        "in_gazetteer": true,
        "type": "Major Hills",
        "svg_type": "Major Hills",
        "source": null,
        "tags": [],
        "names": {
          "de": "Gebrochene Wirbelsäule",
          "fr": "Fracture De La Colonne Vertébrale",
          "pl": "Złamany Kręgosłup"
        },
        "wiki": {
          "title": "Broken Spine",
          "url": "https://warhammerfantasy.fandom.com/wiki/Broken_Spine",
          "description": "The peaks of the Broken Spine are but foothills in comparison to the Worlds Edge Mountains, but they form no less a barrier to evil. Without them, the eldritch winds that blow through Sylvania would carry armies of the dead further into Stirland, the Moot, and perhaps even across Aver Reach. As it is, the fell winds are contained by this hinterland, and many powerful Undead with them.",
          "image": "https://static.wikia.nocookie.net/warhammerfb/images/2/25/Broken_Spine.jpg/revision/latest?cb=20181218110820"
        }
      }
    },
    {
      "type": "Feature",
      "id": "text543",
      "geometry": {
        "type": "Point",
        "coordinates": [
          7.036447,
          28.672221
        ]
      },
      "properties": {
        "id": "text543",
        "name": "Wyvern Cliffs",
        "category": "geographic_feature",
        "in_gazetteer": true,
        "type": "Major Hills",
        "svg_type": "Major Hills",
        "source": null,
        "tags": [],
        "names": {
          "de": "Wyvern-Klippen",
          "fr": "Falaises De Wyvern",
          "pl": "Klify Wyvern"
        },
        "wiki": {
          "title": "Wyvern Cliffs",
          "url": "https://warhammerfantasy.fandom.com/wiki/Wyvern_Cliffs",
          "description": "Even to those that have no knowledge of events that gave the Wyvern Cliffs their name, it is perhaps unsurprising to any who learn that there was indeed a wyvern involved and, yes, there was a slaughter. When one delves a little deeper into the history of that sorry event, it all came about when a sneaky Goblin, Furgit Gutslasha, tried to impress his Orc overlord by climbing Iron Rock and make off with a wyvern hatchling to present as a gift to his master. Suffice to say that the maternally outraged mother was not impressed, and proceeded to annihilate the entire greenskin tribe.",
          "image": null
        }
      }
    },
    {
      "type": "Feature",
      "id": "text552",
      "geometry": {
        "type": "Point",
        "coordinates": [
          -0.641757,
          48.053761
        ]
      },
      "properties": {
        "id": "text552",
        "name": "Hills of the Dead",
        "category": "geographic_feature",
        "in_gazetteer": true,
        "type": "Major Hills",
        "svg_type": "Major Hills",
        "source": null,
        "tags": [],
        "names": {
          "de": "Hügel Der Toten",
          "fr": "Collines Des Morts",
          "pl": "Wzgórza Umarłych"
        },
        "wiki": {
          "title": null,
          "url": null,
          "description": null,
          "image": null
        }
      }
    },
    {
      "type": "Feature",
      "id": "text2907",
      "geometry": {
        "type": "Point",
        "coordinates": [
          -11.485273,
          42.033087
        ]
      },
      "properties": {
        "id": "text2907",
        "name": "Cornalina Hills",
        "category": "geographic_feature",
        "in_gazetteer": true,
        "type": "Major Hills",
        "svg_type": "Major Hills",
        "source": null,
        "tags": [],
        "names": {
          "de": "Cornalina Hills",
          "fr": "Collines De Cornalina",
          "pl": "Wzgórza Cornalina"
        },
        "wiki": {
          "title": null,
          "url": null,
          "description": null,
          "image": null
        }
      }
    },
    {
      "type": "Feature",
      "id": "text309",
      "geometry": {
        "type": "Point",
        "coordinates": [
          0.214193,
          49.543255
        ]
      },
      "properties": {
        "id": "text309",
        "name": "Fleuchtschüssel",
        "category": "geographic_feature",
        "in_gazetteer": true,
        "type": "Minor Lowland",
        "svg_type": "Minor Lowland",
        "source": null,
        "tags": [],
        "names": {
          "de": "Fleuchtschüssel",
          "fr": "Bol De Vol",
          "pl": "Miska Do Lotu"
        },
        "wiki": {
          "title": null,
          "url": null,
          "description": null,
          "image": null
        }
      }
    },
    {
      "type": "Feature",
      "id": "text310",
      "geometry": {
        "type": "Point",
        "coordinates": [
          0.526693,
          49.193645
        ]
      },
      "properties": {
        "id": "text310",
        "name": "The Clearance",
        "category": "geographic_feature",
        "in_gazetteer": true,
        "type": "Minor Lowland",
        "svg_type": "Minor Lowland",
        "source": null,
        "tags": [],
        "names": {
          "de": "Die Freigabe",
          "fr": "La Liquidation",
          "pl": "Wyprzedaż"
        },
        "wiki": {
          "title": null,
          "url": null,
          "description": null,
          "image": null
        }
      }
    },
    {
      "type": "Feature",
      "id": "text311",
      "geometry": {
        "type": "Point",
        "coordinates": [
          -0.210287,
          49.15914
        ]
      },
      "properties": {
        "id": "text311",
        "name": "Lady's Vale",
        "category": "geographic_feature",
        "in_gazetteer": true,
        "type": "Minor Lowland",
        "svg_type": "Minor Lowland",
        "source": null,
        "tags": [],
        "names": {
          "de": "Lady'S Vale",
          "fr": "Vallée De La Dame",
          "pl": "Dolina Pani"
        },
        "wiki": {
          "title": null,
          "url": null,
          "description": null,
          "image": null
        }
      }
    },
    {
      "type": "Feature",
      "id": "text312",
      "geometry": {
        "type": "Point",
        "coordinates": [
          -0.065105,
          48.935181
        ]
      },
      "properties": {
        "id": "text312",
        "name": "Grautal",
        "category": "geographic_feature",
        "in_gazetteer": true,
        "type": "Minor Lowland",
        "svg_type": "Minor Lowland",
        "source": null,
        "tags": [],
        "names": {
          "de": "Grautal",
          "fr": "Niveaux De Gris",
          "pl": "Skala Szarości"
        },
        "wiki": {
          "title": null,
          "url": null,
          "description": null,
          "image": null
        }
      }
    },
    {
      "type": "Feature",
      "id": "text314",
      "geometry": {
        "type": "Point",
        "coordinates": [
          -0.665118,
          49.091929
        ]
      },
      "properties": {
        "id": "text314",
        "name": "Teufeltal",
        "category": "geographic_feature",
        "in_gazetteer": true,
        "type": "Minor Lowland",
        "svg_type": "Minor Lowland",
        "source": null,
        "tags": [],
        "names": {
          "de": "Teufeltal",
          "fr": "Teufeltal",
          "pl": "Teufeltal"
        },
        "wiki": {
          "title": "Teufeltal",
          "url": "https://warhammerfantasy.fandom.com/wiki/Teufeltal",
          "description": "The Teufeltal (\"Devil's Valley\") is a bowl of a valley surrounded on all sides by the high land of the Grey Mountains. Its scrubby hillsides are suitable for little other than sheep farming, though there are a few vineyards around Tallerhof. The Teufel itself flows from beneath the great mountain Frugelhorn and settles in a high lake.",
          "image": "https://static.wikia.nocookie.net/warhammerfb/images/7/7d/Teufeltal_Map.png/revision/latest?cb=20171018184239"
        }
      }
    },
    {
      "type": "Feature",
      "id": "text516",
      "geometry": {
        "type": "Point",
        "coordinates": [
          1.71035,
          45.065833
        ]
      },
      "properties": {
        "id": "text516",
        "name": "Bear Valley (Berozdalaz)",
        "category": "geographic_feature",
        "in_gazetteer": true,
        "type": "Minor Lowland",
        "svg_type": "Minor Lowland",
        "source": null,
        "tags": [],
        "names": {
          "de": "Bärental (Berozdalaz)",
          "fr": "Vallée Des Ours (Berozdalaz)",
          "pl": "Dolina Niedźwiedzia (Berozdalaz)"
        },
        "wiki": {
          "title": null,
          "url": null,
          "description": null,
          "image": null
        }
      }
    },
    {
      "type": "Feature",
      "id": "text555",
      "geometry": {
        "type": "Point",
        "coordinates": [
          8.990369,
          48.857934
        ]
      },
      "properties": {
        "id": "text555",
        "name": "Morr's Heath",
        "category": "geographic_feature",
        "in_gazetteer": true,
        "type": "Minor Lowland",
        "svg_type": "Minor Lowland",
        "source": null,
        "tags": [],
        "names": {
          "de": "Morr'S Heath",
          "fr": "Lande De Morr",
          "pl": "Wrzosowisko Morra"
        },
        "wiki": {
          "title": null,
          "url": null,
          "description": null,
          "image": null
        }
      }
    },
    {
      "type": "Feature",
      "id": "text774",
      "geometry": {
        "type": "Point",
        "coordinates": [
          1.207974,
          50.645617
        ]
      },
      "properties": {
        "id": "text774",
        "name": "Lauental",
        "category": "geographic_feature",
        "in_gazetteer": true,
        "type": "Minor Lowland",
        "svg_type": "Minor Lowland",
        "source": null,
        "tags": [],
        "names": {
          "de": "Lauental",
          "fr": "Lauental",
          "pl": "Lauental"
        },
        "wiki": {
          "title": null,
          "url": null,
          "description": null,
          "image": null
        }
      }
    },
    {
      "type": "Feature",
      "id": "text797",
      "geometry": {
        "type": "Point",
        "coordinates": [
          0.006112,
          55.804096
        ]
      },
      "properties": {
        "id": "text797",
        "name": "Vale of Khaine",
        "category": "geographic_feature",
        "in_gazetteer": true,
        "type": "Minor Lowland",
        "svg_type": "Minor Lowland",
        "source": null,
        "tags": [],
        "names": {
          "de": "Tal Von Khaine",
          "fr": "Vallée De Khaine",
          "pl": "Dolina Khaine'A"
        },
        "wiki": {
          "title": null,
          "url": null,
          "description": null,
          "image": null
        }
      }
    },
    {
      "type": "Feature",
      "id": "text801",
      "geometry": {
        "type": "Point",
        "coordinates": [
          0.781351,
          56.354682
        ]
      },
      "properties": {
        "id": "text801",
        "name": "Dell of Desire",
        "category": "geographic_feature",
        "in_gazetteer": true,
        "type": "Minor Lowland",
        "svg_type": "Minor Lowland",
        "source": null,
        "tags": [],
        "names": {
          "de": "Tal Der Sehnsucht",
          "fr": "Dell Du Désir",
          "pl": "Dolina Pożądania"
        },
        "wiki": {
          "title": null,
          "url": null,
          "description": null,
          "image": null
        }
      }
    },
    {
      "type": "Feature",
      "id": "text1481",
      "geometry": {
        "type": "Point",
        "coordinates": [
          -1.275138,
          57.054097
        ]
      },
      "properties": {
        "id": "text1481",
        "name": "Vale of Despair",
        "category": "geographic_feature",
        "in_gazetteer": true,
        "type": "Minor Lowland",
        "svg_type": "Minor Lowland",
        "source": null,
        "tags": [],
        "names": {
          "de": "Tal Der Verzweiflung",
          "fr": "Vallée Du Désespoir",
          "pl": "Dolina Rozpaczy"
        },
        "wiki": {
          "title": null,
          "url": null,
          "description": null,
          "image": null
        }
      }
    },
    {
      "type": "Feature",
      "id": "text1482",
      "geometry": {
        "type": "Point",
        "coordinates": [
          -0.139722,
          56.646544
        ]
      },
      "properties": {
        "id": "text1482",
        "name": "Vale of Memories",
        "category": "geographic_feature",
        "in_gazetteer": true,
        "type": "Minor Lowland",
        "svg_type": "Minor Lowland",
        "source": null,
        "tags": [],
        "names": {
          "de": "Tal Der Erinnerungen",
          "fr": "Vallée Des Souvenirs",
          "pl": "Dolina Wspomnień"
        },
        "wiki": {
          "title": null,
          "url": null,
          "description": null,
          "image": null
        }
      }
    },
    {
      "type": "Feature",
      "id": "text1520",
      "geometry": {
        "type": "Point",
        "coordinates": [
          2.637261,
          43.278544
        ]
      },
      "properties": {
        "id": "text1520",
        "name": "Plains of Meik",
        "category": "geographic_feature",
        "in_gazetteer": true,
        "type": "Minor Lowland",
        "svg_type": "Minor Lowland",
        "source": null,
        "tags": [],
        "names": {
          "de": "Ebenen Von Meik",
          "fr": "Plaines De Meik",
          "pl": "Równiny Meik"
        },
        "wiki": {
          "title": null,
          "url": null,
          "description": null,
          "image": null
        }
      }
    },
    {
      "type": "Feature",
      "id": "text2559",
      "geometry": {
        "type": "Point",
        "coordinates": [
          0.770056,
          47.222875
        ]
      },
      "properties": {
        "id": "text2559",
        "name": "Grauental",
        "category": "geographic_feature",
        "in_gazetteer": true,
        "type": "Minor Lowland",
        "svg_type": "Minor Lowland",
        "source": null,
        "tags": [],
        "names": {
          "de": "Grauental",
          "fr": "Grauental",
          "pl": "Grauental"
        },
        "wiki": {
          "title": null,
          "url": null,
          "description": null,
          "image": null
        }
      }
    },
    {
      "type": "Feature",
      "id": "text2561",
      "geometry": {
        "type": "Point",
        "coordinates": [
          4.353386,
          45.161403
        ]
      },
      "properties": {
        "id": "text2561",
        "name": "Oggeltal",
        "category": "geographic_feature",
        "in_gazetteer": true,
        "type": "Minor Lowland",
        "svg_type": "Minor Lowland",
        "source": null,
        "tags": [],
        "names": {
          "de": "Oggeltal",
          "fr": "Oggeltal",
          "pl": "Oggeltal"
        },
        "wiki": {
          "title": null,
          "url": null,
          "description": null,
          "image": null
        }
      }
    },
    {
      "type": "Feature",
      "id": "text2659",
      "geometry": {
        "type": "Point",
        "coordinates": [
          7.051153,
          44.416545
        ]
      },
      "properties": {
        "id": "text2659",
        "name": "Vale of the Upper Reik",
        "category": "geographic_feature",
        "in_gazetteer": true,
        "type": "Minor Lowland",
        "svg_type": "Minor Lowland",
        "source": null,
        "tags": [],
        "names": {
          "de": "Tal Des Oberen Reik",
          "fr": "Vallée Du Haut Reik",
          "pl": "Dolina Górnego Reik"
        },
        "wiki": {
          "title": null,
          "url": null,
          "description": null,
          "image": null
        }
      }
    },
    {
      "type": "Feature",
      "id": "text2922",
      "geometry": {
        "type": "Point",
        "coordinates": [
          0.985026,
          46.459922
        ]
      },
      "properties": {
        "id": "text2922",
        "name": "Morgenthal",
        "category": "geographic_feature",
        "in_gazetteer": true,
        "type": "Minor Lowland",
        "svg_type": "Minor Lowland",
        "source": null,
        "tags": [],
        "names": {
          "de": "Morgenthal",
          "fr": "Morgenthal",
          "pl": "Morgenthal"
        },
        "wiki": {
          "title": null,
          "url": null,
          "description": null,
          "image": null
        }
      }
    },
    {
      "type": "Feature",
      "id": "text2923",
      "geometry": {
        "type": "Point",
        "coordinates": [
          -8.488932,
          64.324506
        ]
      },
      "properties": {
        "id": "text2923",
        "name": "Volka Valley",
        "category": "geographic_feature",
        "in_gazetteer": true,
        "type": "Minor Lowland",
        "svg_type": "Minor Lowland",
        "source": null,
        "tags": [],
        "names": {
          "de": "Volka-Tal",
          "fr": "Vallée De La Volka",
          "pl": "Dolina Volka"
        },
        "wiki": {
          "title": null,
          "url": null,
          "description": null,
          "image": null
        }
      }
    },
    {
      "type": "Feature",
      "id": "text2924",
      "geometry": {
        "type": "Point",
        "coordinates": [
          -10.134766,
          61.663048
        ]
      },
      "properties": {
        "id": "text2924",
        "name": "Kalevala Valley",
        "category": "geographic_feature",
        "in_gazetteer": true,
        "type": "Minor Lowland",
        "svg_type": "Minor Lowland",
        "source": null,
        "tags": [],
        "names": {
          "de": "Kalevala-Tal",
          "fr": "Vallée Du Kalevala",
          "pl": "Dolina Kalevala"
        },
        "wiki": {
          "title": null,
          "url": null,
          "description": null,
          "image": null
        }
      }
    },
    {
      "type": "Feature",
      "id": "text2936",
      "geometry": {
        "type": "Point",
        "coordinates": [
          5.969402,
          63.097943
        ]
      },
      "properties": {
        "id": "text2936",
        "name": "Gorge of Khar",
        "category": "geographic_feature",
        "in_gazetteer": true,
        "type": "Minor Lowland",
        "svg_type": "Minor Lowland",
        "source": null,
        "tags": [],
        "names": {
          "de": "Schlucht Von Khar",
          "fr": "Gorges De Khar",
          "pl": "Wąwóz Khar"
        },
        "wiki": {
          "title": null,
          "url": null,
          "description": null,
          "image": null
        }
      }
    },
    {
      "type": "Feature",
      "id": "text2937",
      "geometry": {
        "type": "Point",
        "coordinates": [
          4.815756,
          63.652631
        ]
      },
      "properties": {
        "id": "text2937",
        "name": "Valley of the Blind",
        "category": "geographic_feature",
        "in_gazetteer": true,
        "type": "Minor Lowland",
        "svg_type": "Minor Lowland",
        "source": null,
        "tags": [],
        "names": {
          "de": "Tal Der Blinden",
          "fr": "Vallée Des Aveugles",
          "pl": "Dolina Ślepców"
        },
        "wiki": {
          "title": null,
          "url": null,
          "description": null,
          "image": null
        }
      }
    },
    {
      "type": "Feature",
      "id": "text3167",
      "geometry": {
        "type": "Point",
        "coordinates": [
          4.244791,
          42.189738
        ]
      },
      "properties": {
        "id": "text3167",
        "name": "Hornberg Vale",
        "category": "geographic_feature",
        "in_gazetteer": true,
        "type": "Lowland",
        "svg_type": "Lowland",
        "source": null,
        "tags": [],
        "names": {
          "de": "Hornberg Vale",
          "fr": "Vallée De Hornberg",
          "pl": "Hornberg Vale"
        },
        "wiki": {
          "title": null,
          "url": null,
          "description": null,
          "image": null
        }
      }
    },
    {
      "type": "Feature",
      "id": "text562",
      "geometry": {
        "type": "Point",
        "coordinates": [
          11.77771,
          52.985307
        ]
      },
      "properties": {
        "id": "text562",
        "name": "The Veldt",
        "category": "geographic_feature",
        "in_gazetteer": true,
        "type": "Lowland",
        "svg_type": "Lowland",
        "source": null,
        "tags": [],
        "names": {
          "de": "Die Savanne",
          "fr": "Le Veldt",
          "pl": "Veldt"
        },
        "wiki": {
          "title": null,
          "url": null,
          "description": null,
          "image": null
        }
      }
    },
    {
      "type": "Feature",
      "id": "text594",
      "geometry": {
        "type": "Point",
        "coordinates": [
          9.943854,
          44.9873
        ]
      },
      "properties": {
        "id": "text594",
        "name": "Bryndal Vale",
        "category": "geographic_feature",
        "in_gazetteer": true,
        "type": "Lowland",
        "svg_type": "Lowland",
        "source": null,
        "tags": [],
        "names": {
          "de": "Bryndal Vale",
          "fr": "Bryndal Vale",
          "pl": "Dolina Bryndal"
        },
        "wiki": {
          "title": null,
          "url": null,
          "description": null,
          "image": null
        }
      }
    },
    {
      "type": "Feature",
      "id": "text588",
      "geometry": {
        "type": "Point",
        "coordinates": [
          1.990991,
          42.705003
        ]
      },
      "properties": {
        "id": "text588",
        "name": "Gristle Valley",
        "category": "geographic_feature",
        "in_gazetteer": true,
        "type": "Lowland",
        "svg_type": "Lowland",
        "source": null,
        "tags": [],
        "names": {
          "de": "Gristle Valley",
          "fr": "Vallée Gristle",
          "pl": "Dolina Gristle"
        },
        "wiki": {
          "title": null,
          "url": null,
          "description": null,
          "image": null
        }
      }
    },
    {
      "type": "Feature",
      "id": "text588-8",
      "geometry": {
        "type": "Point",
        "coordinates": [
          1.119873,
          62.717604
        ]
      },
      "properties": {
        "id": "text588-8",
        "name": "Everthunder Valley",
        "category": "geographic_feature",
        "in_gazetteer": true,
        "type": "Lowland",
        "svg_type": "Lowland",
        "source": null,
        "tags": [],
        "names": {
          "de": "Everthunder Valley",
          "fr": "Vallée D'Everthunder",
          "pl": "Dolina Everthunder"
        },
        "wiki": {
          "title": null,
          "url": null,
          "description": null,
          "image": null
        }
      }
    },
    {
      "type": "Feature",
      "id": "text588-1",
      "geometry": {
        "type": "Point",
        "coordinates": [
          -8.304606,
          34.295727
        ]
      },
      "properties": {
        "id": "text588-1",
        "name": "Plain of Luccini",
        "category": "geographic_feature",
        "in_gazetteer": true,
        "type": "Lowland",
        "svg_type": "Lowland",
        "source": null,
        "tags": [],
        "names": {
          "de": "Ebene Von Luccini",
          "fr": "Plaine De Luccini",
          "pl": "Równina Luccini"
        },
        "wiki": {
          "title": "Luccini",
          "url": "https://warhammerfantasy.fandom.com/wiki/Luccini",
          "description": "Luccini, also spelled Lucini, officially the Ancient Principality of Luccini, is considered the oldest city in Tilea, at least according to the people that live there. Founded upon the ruins of an ancient High Elven city in the year 1 IC, by the legendary twins, Lucan and Luccina, king and queen of a tribe of nomadic shepherds who settled on the famous Elf -built Acropolis and built their palace at its summit. No wonder that the name of the city itself is taken from that of its first queen.",
          "image": "https://static.wikia.nocookie.net/warhammerfb/images/5/50/Luccinian_domain.png/revision/latest?cb=20250208083543"
        }
      }
    },
    {
      "type": "Feature",
      "id": "text588-1-3",
      "geometry": {
        "type": "Point",
        "coordinates": [
          20.844252,
          33.321173
        ]
      },
      "properties": {
        "id": "text588-1-3",
        "name": "Plain of Bones",
        "category": "geographic_feature",
        "in_gazetteer": true,
        "type": "Lowland",
        "svg_type": "Lowland",
        "source": null,
        "tags": [],
        "names": {
          "de": "Ebene Der Knochen",
          "fr": "Plaine Des Os",
          "pl": "Równina Kości"
        },
        "wiki": {
          "title": "Plain of Bones",
          "url": "https://warhammerfantasy.fandom.com/wiki/Plain_of_Bones",
          "description": "The Plain of Bones is a desert land, despoiled by windblown pollutants carried from the furnaces and factories of the Chaos Dwarf empire and ravaged by centuries of abuse by wandering tribes of Orcs and Goblins. The northern and eastern edges of this awful place about the empire of the Chaos Dwarfs where the dread Tower of Gorgoth looks out over the Desolation of Azgorh. The southern boundary lies on beaches of poisoned land along the shores of the Sea of Dread.",
          "image": "https://static.wikia.nocookie.net/warhammerfb/images/d/d0/Plain_of_Bones_Tamurkhan_Colour_Illustration.jpg/revision/latest?cb=20160610142051"
        }
      }
    },
    {
      "type": "Feature",
      "id": "text588-0",
      "geometry": {
        "type": "Point",
        "coordinates": [
          -1.940023,
          65.853021
        ]
      },
      "properties": {
        "id": "text588-0",
        "name": "Norsveg Plain",
        "category": "geographic_feature",
        "in_gazetteer": true,
        "type": "Lowland",
        "svg_type": "Lowland",
        "source": null,
        "tags": [],
        "names": {
          "de": "Norsveg Plain",
          "fr": "Plaine De Norsveg",
          "pl": "Równina Norsveg"
        },
        "wiki": {
          "title": null,
          "url": null,
          "description": null,
          "image": null
        }
      }
    },
    {
      "type": "Feature",
      "id": "text589",
      "geometry": {
        "type": "Point",
        "coordinates": [
          -6.516508,
          53.740769
        ]
      },
      "properties": {
        "id": "text589",
        "name": "Vallée des Fleurs",
        "category": "geographic_feature",
        "in_gazetteer": true,
        "type": "Lowland",
        "svg_type": "Lowland",
        "source": null,
        "tags": [],
        "names": {
          "de": "Blumental",
          "fr": "Vallée Des Fleurs",
          "pl": "Dolina Kwiatów"
        },
        "wiki": {
          "title": null,
          "url": null,
          "description": null,
          "image": null
        }
      }
    },
    {
      "type": "Feature",
      "id": "text313",
      "geometry": {
        "type": "Point",
        "coordinates": [
          0.553668,
          48.859747
        ]
      },
      "properties": {
        "id": "text313",
        "name": "Obertal",
        "category": "geographic_feature",
        "in_gazetteer": true,
        "type": "Lowland",
        "svg_type": "Lowland",
        "source": null,
        "tags": [],
        "names": {
          "de": "Obertal",
          "fr": "Obertal",
          "pl": "Obertal"
        },
        "wiki": {
          "title": null,
          "url": null,
          "description": null,
          "image": null
        }
      }
    },
    {
      "type": "Feature",
      "id": "text8715",
      "geometry": {
        "type": "Point",
        "coordinates": [
          1.562366,
          72.073351
        ]
      },
      "properties": {
        "id": "text8715",
        "name": "Plain of Glass",
        "category": "geographic_feature",
        "in_gazetteer": true,
        "type": "Lowland",
        "svg_type": "Lowland",
        "source": null,
        "tags": [],
        "names": {
          "de": "Glasplatte",
          "fr": "Verre Uni",
          "pl": "Szklana Równina"
        },
        "wiki": {
          "title": null,
          "url": null,
          "description": null,
          "image": null
        }
      }
    },
    {
      "type": "Feature",
      "id": "text8729",
      "geometry": {
        "type": "Point",
        "coordinates": [
          8.084262,
          71.590037
        ]
      },
      "properties": {
        "id": "text8729",
        "name": "Plain of Illusions",
        "category": "geographic_feature",
        "in_gazetteer": true,
        "type": "Lowland",
        "svg_type": "Lowland",
        "source": null,
        "tags": [],
        "names": {
          "de": "Ebene Der Illusionen",
          "fr": "Plaine Des Illusions",
          "pl": "Równina Iluzji"
        },
        "wiki": {
          "title": null,
          "url": null,
          "description": null,
          "image": null
        }
      }
    },
    {
      "type": "Feature",
      "id": "text5412",
      "geometry": {
        "type": "Point",
        "coordinates": [
          16.189677,
          50.349763
        ]
      },
      "properties": {
        "id": "text5412",
        "name": "Desolation of Drakenmoor",
        "category": "geographic_feature",
        "in_gazetteer": true,
        "type": "Lowland",
        "svg_type": "Lowland",
        "source": null,
        "tags": [],
        "names": {
          "de": "Verwüstung Von Drakenmoor",
          "fr": "Désolation De Drakenmoor",
          "pl": "Spustoszenie Drakenmoor"
        },
        "wiki": {
          "title": null,
          "url": null,
          "description": null,
          "image": null
        }
      }
    },
    {
      "type": "Feature",
      "id": "text5413",
      "geometry": {
        "type": "Point",
        "coordinates": [
          24.046717,
          52.847326
        ]
      },
      "properties": {
        "id": "text5413",
        "name": "The Plain of Zharr",
        "category": "geographic_feature",
        "in_gazetteer": true,
        "type": "Lowland",
        "svg_type": "Lowland",
        "source": null,
        "tags": [],
        "names": {
          "de": "Die Ebene Von Zharr",
          "fr": "La Plaine De Zharr",
          "pl": "Równina Zharr"
        },
        "wiki": {
          "title": null,
          "url": null,
          "description": null,
          "image": null
        }
      }
    },
    {
      "type": "Feature",
      "id": "text5415",
      "geometry": {
        "type": "Point",
        "coordinates": [
          21.683939,
          46.748835
        ]
      },
      "properties": {
        "id": "text5415",
        "name": "The Blasted Wastes",
        "category": "geographic_feature",
        "in_gazetteer": true,
        "type": "Lowland",
        "svg_type": "Lowland",
        "source": null,
        "tags": [],
        "names": {
          "de": "Die Verwüsteten Ödlande",
          "fr": "Les Terres Dévastées",
          "pl": "Przeklęte Pustkowia"
        },
        "wiki": {
          "title": null,
          "url": null,
          "description": null,
          "image": null
        }
      }
    },
    {
      "type": "Feature",
      "id": "text2209",
      "geometry": {
        "type": "Point",
        "coordinates": [
          4.164599,
          67.93382
        ]
      },
      "properties": {
        "id": "text2209",
        "name": "Icefield of Drergen Mort",
        "category": "geographic_feature",
        "in_gazetteer": true,
        "type": "Lowland",
        "svg_type": "Lowland",
        "source": null,
        "tags": [],
        "names": {
          "de": "Eisfeld Von Drergen Mort",
          "fr": "Champ De Glace De Drergen Mort",
          "pl": "Pole Lodowe Drergen Mort"
        },
        "wiki": {
          "title": null,
          "url": null,
          "description": null,
          "image": null
        }
      }
    },
    {
      "type": "Feature",
      "id": "text2210",
      "geometry": {
        "type": "Point",
        "coordinates": [
          8.703206,
          58.467604
        ]
      },
      "properties": {
        "id": "text2210",
        "name": "Tungranich'ye",
        "category": "geographic_feature",
        "in_gazetteer": true,
        "type": "Lowland",
        "svg_type": "Lowland",
        "source": null,
        "tags": [],
        "names": {
          "de": "Tungranich'Ye",
          "fr": "Tungranichye",
          "pl": "Tungranichye"
        },
        "wiki": {
          "title": null,
          "url": null,
          "description": null,
          "image": null
        }
      }
    },
    {
      "type": "Feature",
      "id": "text2211",
      "geometry": {
        "type": "Point",
        "coordinates": [
          7.546956,
          56.222813
        ]
      },
      "properties": {
        "id": "text2211",
        "name": "The Dobryrion",
        "category": "geographic_feature",
        "in_gazetteer": true,
        "type": "Lowland",
        "svg_type": "Lowland",
        "source": null,
        "tags": [],
        "names": {
          "de": "Das Dobryrion",
          "fr": "Le Dobryrion",
          "pl": "Dobryrion"
        },
        "wiki": {
          "title": null,
          "url": null,
          "description": null,
          "image": null
        }
      }
    },
    {
      "type": "Feature",
      "id": "text2212",
      "geometry": {
        "type": "Point",
        "coordinates": [
          13.923543,
          53.138952
        ]
      },
      "properties": {
        "id": "text2212",
        "name": "The Oberveldt",
        "category": "geographic_feature",
        "in_gazetteer": true,
        "type": "Lowland",
        "svg_type": "Lowland",
        "source": null,
        "tags": [],
        "names": {
          "de": "Das Oberveldt",
          "fr": "L'Oberveldt",
          "pl": "Oberveldt"
        },
        "wiki": {
          "title": null,
          "url": null,
          "description": null,
          "image": null
        }
      }
    },
    {
      "type": "Feature",
      "id": "text460",
      "geometry": {
        "type": "Point",
        "coordinates": [
          8.243772,
          49.622768
        ]
      },
      "properties": {
        "id": "text460",
        "name": "Vale of Darkness",
        "category": "geographic_feature",
        "in_gazetteer": true,
        "type": "Lowland",
        "svg_type": "Lowland",
        "source": null,
        "tags": [],
        "names": {
          "de": "Tal Der Finsternis",
          "fr": "Vallée Des Ténèbres",
          "pl": "Dolina Ciemności"
        },
        "wiki": {
          "title": "Vale of Darkness",
          "url": "https://warhammerfantasy.fandom.com/wiki/Vale_of_Darkness",
          "description": "This article is a stub. You can help Warhammer Wiki by expanding it. The Vale of Darkness feeds the Lake Helsee with Castle Templehof to the East and the Falls of Despair to it's West.",
          "image": "https://static.wikia.nocookie.net/warhammerfb/images/0/07/Vale_of_Darkness.jpg/revision/latest?cb=20181221115844"
        }
      }
    },
    {
      "type": "Feature",
      "id": "text521",
      "geometry": {
        "type": "Point",
        "coordinates": [
          4.715285,
          42.622844
        ]
      },
      "properties": {
        "id": "text521",
        "name": "Vale of Aulen",
        "category": "geographic_feature",
        "in_gazetteer": true,
        "type": "Lowland",
        "svg_type": "Lowland",
        "source": null,
        "tags": [],
        "names": {
          "de": "Tal Von Aulen",
          "fr": "Vallée D'Aulen",
          "pl": "Dolina Aulen"
        },
        "wiki": {
          "title": null,
          "url": null,
          "description": null,
          "image": null
        }
      }
    },
    {
      "type": "Feature",
      "id": "text525",
      "geometry": {
        "type": "Point",
        "coordinates": [
          2.591661,
          40.992912
        ]
      },
      "properties": {
        "id": "text525",
        "name": "Yetzin Valley",
        "category": "geographic_feature",
        "in_gazetteer": true,
        "type": "Lowland",
        "svg_type": "Lowland",
        "source": null,
        "tags": [],
        "names": {
          "de": "Yetzin-Tal",
          "fr": "Vallée De Yetzin",
          "pl": "Dolina Yetzin"
        },
        "wiki": {
          "title": "The Vaults",
          "url": "https://warhammerfantasy.fandom.com/wiki/The_Vaults",
          "description": "Not to be confused with the Grey Vaults. The Vaults are a mountainous region of the Old World consisting of deep, ice-cut valleys, frozen glaciers and towering peaks that form the junction between the Black Mountains and the Grey Mountains. Its immense mountains geographically divide the lands of Tilea, Bretonnia, the Empire and the Border Princes.",
          "image": "https://static.wikia.nocookie.net/warhammerfb/images/9/92/The_Storming_of_the_Vaults_1.png/revision/latest?cb=20251025133905"
        }
      }
    },
    {
      "type": "Feature",
      "id": "text530",
      "geometry": {
        "type": "Point",
        "coordinates": [
          -1.082449,
          40.576651
        ]
      },
      "properties": {
        "id": "text530",
        "name": "Brenheimer Vale",
        "category": "geographic_feature",
        "in_gazetteer": true,
        "type": "Lowland",
        "svg_type": "Lowland",
        "source": null,
        "tags": [],
        "names": {
          "de": "Brenheimer Vale",
          "fr": "Vallée De Brenheimer",
          "pl": "Dolina Brenheimera"
        },
        "wiki": {
          "title": null,
          "url": null,
          "description": null,
          "image": null
        }
      }
    },
    {
      "type": "Feature",
      "id": "text551",
      "geometry": {
        "type": "Point",
        "coordinates": [
          -1.980364,
          42.379482
        ]
      },
      "properties": {
        "id": "text551",
        "name": "The Meadow Glades",
        "category": "geographic_feature",
        "in_gazetteer": true,
        "type": "Lowland",
        "svg_type": "Lowland",
        "source": null,
        "tags": [],
        "names": {
          "de": "Die Wiesenlichtungen",
          "fr": "Les Clairières De La Prairie",
          "pl": "Polany Łąkowe"
        },
        "wiki": {
          "title": null,
          "url": null,
          "description": null,
          "image": null
        }
      }
    },
    {
      "type": "Feature",
      "id": "text553",
      "geometry": {
        "type": "Point",
        "coordinates": [
          -3.446509,
          47.173754
        ]
      },
      "properties": {
        "id": "text553",
        "name": "The Wild Heath",
        "category": "geographic_feature",
        "in_gazetteer": true,
        "type": "Lowland",
        "svg_type": "Lowland",
        "source": null,
        "tags": [],
        "names": {
          "de": "Die Wilde Heide",
          "fr": "La Lande Sauvage",
          "pl": "Dzikie Wrzosowisko"
        },
        "wiki": {
          "title": null,
          "url": null,
          "description": null,
          "image": null
        }
      }
    },
    {
      "type": "Feature",
      "id": "text1506",
      "geometry": {
        "type": "Point",
        "coordinates": [
          2.78087,
          45.018876
        ]
      },
      "properties": {
        "id": "text1506",
        "name": "Plain of Köfer",
        "category": "geographic_feature",
        "in_gazetteer": true,
        "type": "Lowland",
        "svg_type": "Lowland",
        "source": null,
        "tags": [],
        "names": {
          "de": "Ebene Von Köfer",
          "fr": "Plaine De Köfer",
          "pl": "Równina Köfer"
        },
        "wiki": {
          "title": null,
          "url": null,
          "description": null,
          "image": null
        }
      }
    },
    {
      "type": "Feature",
      "id": "text1509",
      "geometry": {
        "type": "Point",
        "coordinates": [
          1.979251,
          45.744712
        ]
      },
      "properties": {
        "id": "text1509",
        "name": "Merogen Plain",
        "category": "geographic_feature",
        "in_gazetteer": true,
        "type": "Lowland",
        "svg_type": "Lowland",
        "source": null,
        "tags": [],
        "names": {
          "de": "Merogen-Ebene",
          "fr": "Plaine De Mérogène",
          "pl": "Równina Merogen"
        },
        "wiki": {
          "title": null,
          "url": null,
          "description": null,
          "image": null
        }
      }
    },
    {
      "type": "Feature",
      "id": "text1513",
      "geometry": {
        "type": "Point",
        "coordinates": [
          2.692946,
          44.615875
        ]
      },
      "properties": {
        "id": "text1513",
        "name": "Vale of Teger",
        "category": "geographic_feature",
        "in_gazetteer": true,
        "type": "Lowland",
        "svg_type": "Lowland",
        "source": null,
        "tags": [],
        "names": {
          "de": "Tal Von Teger",
          "fr": "Vallée De Teger",
          "pl": "Dolina Teger"
        },
        "wiki": {
          "title": null,
          "url": null,
          "description": null,
          "image": null
        }
      }
    },
    {
      "type": "Feature",
      "id": "text1518",
      "geometry": {
        "type": "Point",
        "coordinates": [
          2.094483,
          44.094752
        ]
      },
      "properties": {
        "id": "text1518",
        "name": "Ell Valley",
        "category": "geographic_feature",
        "in_gazetteer": true,
        "type": "Lowland",
        "svg_type": "Lowland",
        "source": null,
        "tags": [],
        "names": {
          "de": "Ell Valley",
          "fr": "Vallée D'Ell",
          "pl": "Dolina Ell"
        },
        "wiki": {
          "title": null,
          "url": null,
          "description": null,
          "image": null
        }
      }
    },
    {
      "type": "Feature",
      "id": "text2556",
      "geometry": {
        "type": "Point",
        "coordinates": [
          2.530901,
          42.174147
        ]
      },
      "properties": {
        "id": "text2556",
        "name": "Upper Söllthal",
        "category": "geographic_feature",
        "in_gazetteer": true,
        "type": "Lowland",
        "svg_type": "Lowland",
        "source": null,
        "tags": [],
        "names": {
          "de": "Oberes Söllthal",
          "fr": "Haut Söllthal",
          "pl": "Górny Söllthal"
        },
        "wiki": {
          "title": null,
          "url": null,
          "description": null,
          "image": null
        }
      }
    },
    {
      "type": "Feature",
      "id": "text2560",
      "geometry": {
        "type": "Point",
        "coordinates": [
          3.317656,
          42.5771
        ]
      },
      "properties": {
        "id": "text2560",
        "name": "Sonnental",
        "category": "geographic_feature",
        "in_gazetteer": true,
        "type": "Lowland",
        "svg_type": "Lowland",
        "source": null,
        "tags": [],
        "names": {
          "de": "Sonnental",
          "fr": "Sonnental",
          "pl": "Sonnental"
        },
        "wiki": {
          "title": "Sonnental",
          "url": "https://warhammerfantasy.fandom.com/wiki/Sonnental",
          "description": "In the northern Border Princes, in the shadow of the haunted Geistenmund Hills, lies the town of Sonnental. Originally founded by Imperial exiles, Sonnental now has a darker heritage. The town's walls are guarded by the Undead, not only to keep the marauders and Greenskins out, but also to keep the inhabitants in.",
          "image": null
        }
      }
    },
    {
      "type": "Feature",
      "id": "text2673",
      "geometry": {
        "type": "Point",
        "coordinates": [
          6.120291,
          43.909999
        ]
      },
      "properties": {
        "id": "text2673",
        "name": "Vale of Staffel",
        "category": "geographic_feature",
        "in_gazetteer": true,
        "type": "Lowland",
        "svg_type": "Lowland",
        "source": null,
        "tags": [],
        "names": {
          "de": "Tal Der Staffel",
          "fr": "Vallée Des Saisons",
          "pl": "Dolina Sezonu"
        },
        "wiki": {
          "title": null,
          "url": null,
          "description": null,
          "image": null
        }
      }
    },
    {
      "type": "Feature",
      "id": "text3023",
      "geometry": {
        "type": "Point",
        "coordinates": [
          2.576058,
          66.725487
        ]
      },
      "properties": {
        "id": "text3023",
        "name": "Ejsgard",
        "category": "geographic_feature",
        "in_gazetteer": true,
        "type": "Lowland",
        "svg_type": "Lowland",
        "source": null,
        "tags": [],
        "names": {
          "de": "Ejsgard",
          "fr": "Ejsgard",
          "pl": "Ejsgard"
        },
        "wiki": {
          "title": null,
          "url": null,
          "description": null,
          "image": null
        }
      }
    },
    {
      "type": "Feature",
      "id": "text2928",
      "geometry": {
        "type": "Point",
        "coordinates": [
          -1.322836,
          63.032708
        ]
      },
      "properties": {
        "id": "text2928",
        "name": "Naglfari Plain",
        "category": "geographic_feature",
        "in_gazetteer": true,
        "type": "Lowland",
        "svg_type": "Lowland",
        "source": null,
        "tags": [],
        "names": {
          "de": "Naglfari-Ebene",
          "fr": "Plaine De Naglfari",
          "pl": "Równina Naglfari"
        },
        "wiki": {
          "title": null,
          "url": null,
          "description": null,
          "image": null
        }
      }
    },
    {
      "type": "Feature",
      "id": "text2929",
      "geometry": {
        "type": "Point",
        "coordinates": [
          -0.150961,
          62.673333
        ]
      },
      "properties": {
        "id": "text2929",
        "name": "Plain of Himbul",
        "category": "geographic_feature",
        "in_gazetteer": true,
        "type": "Lowland",
        "svg_type": "Lowland",
        "source": null,
        "tags": [],
        "names": {
          "de": "Ebene Von Himbul",
          "fr": "Plaine D'Himbul",
          "pl": "Równina Himbul"
        },
        "wiki": {
          "title": null,
          "url": null,
          "description": null,
          "image": null
        }
      }
    },
    {
      "type": "Feature",
      "id": "text2931",
      "geometry": {
        "type": "Point",
        "coordinates": [
          0.809978,
          65.811354
        ]
      },
      "properties": {
        "id": "text2931",
        "name": "Tashnar Plain",
        "category": "geographic_feature",
        "in_gazetteer": true,
        "type": "Lowland",
        "svg_type": "Lowland",
        "source": null,
        "tags": [],
        "names": {
          "de": "Ebene Von Tashnar",
          "fr": "Plaine De Tashnar",
          "pl": "Równina Tashnar"
        },
        "wiki": {
          "title": null,
          "url": null,
          "description": null,
          "image": null
        }
      }
    },
    {
      "type": "Feature",
      "id": "text2933",
      "geometry": {
        "type": "Point",
        "coordinates": [
          6.938037,
          65.475486
        ]
      },
      "properties": {
        "id": "text2933",
        "name": "Plain of the Guardians",
        "category": "geographic_feature",
        "in_gazetteer": true,
        "type": "Lowland",
        "svg_type": "Lowland",
        "source": null,
        "tags": [],
        "names": {
          "de": "Ebene Der Wächter",
          "fr": "Plaine Des Gardiens",
          "pl": "Równina Strażników"
        },
        "wiki": {
          "title": null,
          "url": null,
          "description": null,
          "image": null
        }
      }
    },
    {
      "type": "Feature",
      "id": "text7200",
      "geometry": {
        "type": "Point",
        "coordinates": [
          -27.223735,
          17.920047
        ]
      },
      "properties": {
        "id": "text7200",
        "name": "Land of the Dervishes",
        "category": "geographic_feature",
        "in_gazetteer": true,
        "type": "Lowland",
        "svg_type": "Lowland",
        "source": null,
        "tags": [],
        "names": {
          "de": "Land Der Derwische",
          "fr": "Pays Des Derviches",
          "pl": "Kraj Derwiszów"
        },
        "wiki": {
          "title": null,
          "url": null,
          "description": null,
          "image": null
        }
      }
    },
    {
      "type": "Feature",
      "id": "text8901",
      "geometry": {
        "type": "Point",
        "coordinates": [
          -2.982198,
          14.136218
        ]
      },
      "properties": {
        "id": "text8901",
        "name": "The Cracked Land",
        "category": "geographic_feature",
        "in_gazetteer": true,
        "type": "Lowland",
        "svg_type": "Lowland",
        "source": null,
        "tags": [],
        "names": {
          "de": "Das Rissige Land",
          "fr": "La Terre Fissurée",
          "pl": "Popękana Ziemia"
        },
        "wiki": {
          "title": null,
          "url": null,
          "description": null,
          "image": null
        }
      }
    },
    {
      "type": "Feature",
      "id": "text2954",
      "geometry": {
        "type": "Point",
        "coordinates": [
          17.32345,
          10.443322
        ]
      },
      "properties": {
        "id": "text2954",
        "name": "The Crater of the Waking Dead",
        "category": "geographic_feature",
        "in_gazetteer": true,
        "type": "Lowland",
        "svg_type": "Lowland",
        "source": null,
        "tags": [],
        "names": {
          "de": "Der Krater Der Erwachenden Toten",
          "fr": "Le Cratère Des Morts-Vivants",
          "pl": "Krater Przebudzonych Umarłych"
        },
        "wiki": {
          "title": null,
          "url": null,
          "description": null,
          "image": null
        }
      }
    },
    {
      "type": "Feature",
      "id": "text7202",
      "geometry": {
        "type": "Point",
        "coordinates": [
          8.24523,
          11.098872
        ]
      },
      "properties": {
        "id": "text7202",
        "name": "Lost Plateau",
        "category": "geographic_feature",
        "in_gazetteer": true,
        "type": "Lowland",
        "svg_type": "Lowland",
        "source": null,
        "tags": [],
        "names": {
          "de": "Verlorenes Plateau",
          "fr": "Plateau Perdu",
          "pl": "Zaginiony Płaskowyż"
        },
        "wiki": {
          "title": null,
          "url": null,
          "description": null,
          "image": null
        }
      }
    },
    {
      "type": "Feature",
      "id": "text5432",
      "geometry": {
        "type": "Point",
        "coordinates": [
          2.562824,
          52.273604
        ]
      },
      "properties": {
        "id": "text5432",
        "name": "Räuberthal",
        "category": "geographic_feature",
        "in_gazetteer": true,
        "type": "Lowland",
        "svg_type": "Lowland",
        "source": null,
        "tags": [],
        "names": {
          "de": "Räuberthal",
          "fr": "Räuberthal",
          "pl": "Räuberthal"
        },
        "wiki": {
          "title": null,
          "url": null,
          "description": null,
          "image": null
        }
      }
    },
    {
      "type": "Feature",
      "id": "text837",
      "geometry": {
        "type": "Point",
        "coordinates": [
          4.822998,
          41.957718
        ]
      },
      "properties": {
        "id": "text837",
        "name": "Hidden Vale",
        "category": "geographic_feature",
        "in_gazetteer": true,
        "type": "Lowland",
        "svg_type": "Lowland",
        "source": null,
        "tags": [],
        "names": {
          "de": "Verborgenes Tal",
          "fr": "Vallée Cachée",
          "pl": "Ukryta Dolina"
        },
        "wiki": {
          "title": null,
          "url": null,
          "description": null,
          "image": null
        }
      }
    },
    {
      "type": "Feature",
      "id": "text7462",
      "geometry": {
        "type": "Point",
        "coordinates": [
          9.820031,
          49.519648
        ]
      },
      "properties": {
        "id": "text7462",
        "name": "Warten Downs",
        "category": "geographic_feature",
        "in_gazetteer": true,
        "type": "Lowland",
        "svg_type": "Lowland",
        "source": null,
        "tags": [],
        "names": {
          "de": "Warten Downs",
          "fr": "Attentes",
          "pl": "Czekając Na Dół"
        },
        "wiki": {
          "title": null,
          "url": null,
          "description": null,
          "image": null
        }
      }
    },
    {
      "type": "Feature",
      "id": "text895",
      "geometry": {
        "type": "Point",
        "coordinates": [
          11.441651,
          56.34765
        ]
      },
      "properties": {
        "id": "text895",
        "name": "Urszebya",
        "category": "geographic_feature",
        "in_gazetteer": false,
        "type": "Lowland",
        "svg_type": "Lowland",
        "source": null,
        "tags": [],
        "names": {
          "de": null,
          "fr": null,
          "pl": null
        },
        "wiki": {
          "title": null,
          "url": null,
          "description": null,
          "image": null
        }
      }
    },
    {
      "type": "Feature",
      "id": "text900",
      "geometry": {
        "type": "Point",
        "coordinates": [
          -30.378677,
          17.486977
        ]
      },
      "properties": {
        "id": "text900",
        "name": "Great Erg Desert",
        "category": "geographic_feature",
        "in_gazetteer": false,
        "type": "Lowland",
        "svg_type": "Lowland",
        "source": null,
        "tags": [],
        "names": {
          "de": null,
          "fr": null,
          "pl": null
        },
        "wiki": {
          "title": null,
          "url": null,
          "description": null,
          "image": null
        }
      }
    },
    {
      "type": "Feature",
      "id": "text901",
      "geometry": {
        "type": "Point",
        "coordinates": [
          -5.839903,
          8.961581
        ]
      },
      "properties": {
        "id": "text901",
        "name": "Shifting Sands",
        "category": "geographic_feature",
        "in_gazetteer": false,
        "type": "Lowland",
        "svg_type": "Lowland",
        "source": null,
        "tags": [],
        "names": {
          "de": null,
          "fr": null,
          "pl": null
        },
        "wiki": {
          "title": null,
          "url": null,
          "description": null,
          "image": null
        }
      }
    },
    {
      "type": "Feature",
      "id": "text902",
      "geometry": {
        "type": "Point",
        "coordinates": [
          -2.369037,
          7.842602
        ]
      },
      "properties": {
        "id": "text902",
        "name": "Great Sandy Desert",
        "category": "geographic_feature",
        "in_gazetteer": false,
        "type": "Lowland",
        "svg_type": "Lowland",
        "source": null,
        "tags": [],
        "names": {
          "de": null,
          "fr": null,
          "pl": null
        },
        "wiki": {
          "title": null,
          "url": null,
          "description": null,
          "image": null
        }
      }
    },
    {
      "type": "Feature",
      "id": "text903",
      "geometry": {
        "type": "Point",
        "coordinates": [
          -11.636158,
          23.070974
        ]
      },
      "properties": {
        "id": "text903",
        "name": "Malaluk Desert",
        "category": "geographic_feature",
        "in_gazetteer": false,
        "type": "Lowland",
        "svg_type": "Lowland",
        "source": null,
        "tags": [],
        "names": {
          "de": null,
          "fr": null,
          "pl": null
        },
        "wiki": {
          "title": null,
          "url": null,
          "description": null,
          "image": null
        }
      }
    },
    {
      "type": "Feature",
      "id": "text913",
      "geometry": {
        "type": "Point",
        "coordinates": [
          10.574644,
          44.113385
        ]
      },
      "properties": {
        "id": "text913",
        "name": "Vale of Webs",
        "category": "geographic_feature",
        "in_gazetteer": false,
        "type": "Lowland",
        "svg_type": "Lowland",
        "source": null,
        "tags": [],
        "names": {
          "de": null,
          "fr": null,
          "pl": null
        },
        "wiki": {
          "title": null,
          "url": null,
          "description": null,
          "image": null
        }
      }
    },
    {
      "type": "Feature",
      "id": "text946",
      "geometry": {
        "type": "Point",
        "coordinates": [
          -6.297117,
          46.5341
        ]
      },
      "properties": {
        "id": "text946",
        "name": "Field of Salles",
        "category": "geographic_feature",
        "in_gazetteer": false,
        "type": "Lowland",
        "svg_type": "Lowland",
        "source": null,
        "tags": [],
        "names": {
          "de": null,
          "fr": null,
          "pl": null
        },
        "wiki": {
          "title": null,
          "url": null,
          "description": null,
          "image": null
        }
      }
    },
    {
      "type": "Feature",
      "id": "text1132",
      "geometry": {
        "type": "Point",
        "coordinates": [
          -17.019065,
          59.469075
        ]
      },
      "properties": {
        "id": "text1132",
        "name": "The Lost Valley",
        "category": "geographic_feature",
        "in_gazetteer": false,
        "type": "Lowland",
        "svg_type": "Lowland",
        "source": null,
        "tags": [],
        "names": {
          "de": null,
          "fr": null,
          "pl": null
        },
        "wiki": {
          "title": null,
          "url": null,
          "description": null,
          "image": null
        }
      }
    }
  ]
}