{
  "type": "FeatureCollection",
  "name": "settlements_araby",
  "schema_version": 2,
  "features": [
    {
      "type": "Feature",
      "id": "text16891-8",
      "geometry": {
        "type": "Point",
        "coordinates": [
          -22.580715,
          28.935507
        ]
      },
      "properties": {
        "id": "text16891-8",
        "name": "Al-Haikk",
        "category": "settlement",
        "dataset": "araby",
        "in_gazetteer": true,
        "type": null,
        "region": "Araby",
        "province": null,
        "estate": null,
        "population": 61067,
        "population_estimated": false,
        "size_category": 6,
        "trade": null,
        "source": "Warhammer Fantasy Roleplay 4e: Sea of Claws",
        "tags": [],
        "notes": [],
        "history": {
          "province_2512": null,
          "province_2276": null,
          "ruler_2515": null,
          "ruler_2512": null,
          "ruler_2276": null
        },
        "wiki": {
          "title": "Alhaka",
          "url": "https://warhammerfantasy.fandom.com/wiki/Alhaka",
          "description": "Alhaka, more commonly known as Al-Haikk (which means \" City of Thieves \" in Arabyan ), and also called El-Haikk, is one of the four great cities of Araby. Its surrounding lands forms an independent principality ruled over by the Padishah, also known as the Great Sultan of All Araby, the Emperor of all Araby. Arabyan corsairs demand tribute from foreign vessels that navigate the waters near Araby, although some of these ships are guaranteed safe passage by the Sultan of All Araby himself.",
          "image": "https://static.wikia.nocookie.net/warhammerfb/images/e/ef/Araby_Canon_Map.png/revision/latest?cb=20230915232930"
        },
        "svg_layer": "Araby"
      }
    },
    {
      "type": "Feature",
      "id": "text16893-4",
      "geometry": {
        "type": "Point",
        "coordinates": [
          -24.481569,
          25.990937
        ]
      },
      "properties": {
        "id": "text16893-4",
        "name": "Martek",
        "category": "settlement",
        "dataset": "araby",
        "in_gazetteer": true,
        "type": null,
        "region": "Araby",
        "province": null,
        "estate": null,
        "population": 16944,
        "population_estimated": false,
        "size_category": 5,
        "trade": null,
        "source": "Warhammer Fantasy Battles (6th Edition): Rules",
        "tags": [],
        "notes": [],
        "history": {
          "province_2512": null,
          "province_2276": null,
          "ruler_2515": null,
          "ruler_2512": null,
          "ruler_2276": null
        },
        "wiki": {
          "title": "Martek",
          "url": "https://warhammerfantasy.fandom.com/wiki/Martek",
          "description": "Martek is one of the four great cities of Araby. Its surrounding lands form an independent principality ruled over by a monarch with the title of caliph. The rulers and nobles of Martek are said to live in unimaginable luxury.",
          "image": "https://static.wikia.nocookie.net/warhammerfb/images/e/ef/Araby_Canon_Map.png/revision/latest?cb=20230915232930"
        },
        "svg_layer": "Araby"
      }
    },
    {
      "type": "Feature",
      "id": "text468-5",
      "geometry": {
        "type": "Point",
        "coordinates": [
          -21.456081,
          28.840672
        ]
      },
      "properties": {
        "id": "text468-5",
        "name": "Baskra",
        "category": "settlement",
        "dataset": "araby",
        "in_gazetteer": false,
        "type": null,
        "region": "Araby",
        "province": null,
        "estate": null,
        "population": 84,
        "population_estimated": true,
        "size_category": 1,
        "trade": null,
        "source": null,
        "tags": [],
        "notes": [],
        "history": {
          "province_2512": null,
          "province_2276": null,
          "ruler_2515": null,
          "ruler_2512": null,
          "ruler_2276": null
        },
        "wiki": {
          "title": null,
          "url": null,
          "description": null,
          "image": null
        },
        "svg_layer": "Araby"
      }
    },
    {
      "type": "Feature",
      "id": "text469-7",
      "geometry": {
        "type": "Point",
        "coordinates": [
          -18.289198,
          28.323201
        ]
      },
      "properties": {
        "id": "text469-7",
        "name": "Mahabbah",
        "category": "settlement",
        "dataset": "araby",
        "in_gazetteer": true,
        "type": null,
        "region": "Araby",
        "province": null,
        "estate": null,
        "population": 27819,
        "population_estimated": false,
        "size_category": 5,
        "trade": null,
        "source": "Zaragoz (Novel) by Brian Craig",
        "tags": [],
        "notes": [],
        "history": {
          "province_2512": null,
          "province_2276": null,
          "ruler_2515": null,
          "ruler_2512": null,
          "ruler_2276": null
        },
        "wiki": {
          "title": null,
          "url": null,
          "description": null,
          "image": null
        },
        "svg_layer": "Araby"
      }
    },
    {
      "type": "Feature",
      "id": "text470-1",
      "geometry": {
        "type": "Point",
        "coordinates": [
          -19.279842,
          27.241011
        ]
      },
      "properties": {
        "id": "text470-1",
        "name": "Symira",
        "category": "settlement",
        "dataset": "araby",
        "in_gazetteer": false,
        "type": null,
        "region": "Araby",
        "province": null,
        "estate": null,
        "population": 330,
        "population_estimated": true,
        "size_category": 2,
        "trade": null,
        "source": null,
        "tags": [],
        "notes": [],
        "history": {
          "province_2512": null,
          "province_2276": null,
          "ruler_2515": null,
          "ruler_2512": null,
          "ruler_2276": null
        },
        "wiki": {
          "title": null,
          "url": null,
          "description": null,
          "image": null
        },
        "svg_layer": "Araby"
      }
    },
    {
      "type": "Feature",
      "id": "text471-2",
      "geometry": {
        "type": "Point",
        "coordinates": [
          -15.60951,
          26.888307
        ]
      },
      "properties": {
        "id": "text471-2",
        "name": "Surah",
        "category": "settlement",
        "dataset": "araby",
        "in_gazetteer": false,
        "type": null,
        "region": "Araby",
        "province": null,
        "estate": null,
        "population": 105,
        "population_estimated": true,
        "size_category": 1,
        "trade": null,
        "source": null,
        "tags": [],
        "notes": [],
        "history": {
          "province_2512": null,
          "province_2276": null,
          "ruler_2515": null,
          "ruler_2512": null,
          "ruler_2276": null
        },
        "wiki": {
          "title": null,
          "url": null,
          "description": null,
          "image": null
        },
        "svg_layer": "Araby"
      }
    },
    {
      "type": "Feature",
      "id": "text472-6",
      "geometry": {
        "type": "Point",
        "coordinates": [
          -14.906385,
          26.850546
        ]
      },
      "properties": {
        "id": "text472-6",
        "name": "Kamt",
        "category": "settlement",
        "dataset": "araby",
        "in_gazetteer": true,
        "type": null,
        "region": "Araby",
        "province": null,
        "estate": null,
        "population": 2022,
        "population_estimated": false,
        "size_category": 3,
        "trade": null,
        "source": "Zaragoz (Novel) by Brian Craig",
        "tags": [],
        "notes": [],
        "history": {
          "province_2512": null,
          "province_2276": null,
          "ruler_2515": null,
          "ruler_2512": null,
          "ruler_2276": null
        },
        "wiki": {
          "title": null,
          "url": null,
          "description": null,
          "image": null
        },
        "svg_layer": "Araby"
      }
    },
    {
      "type": "Feature",
      "id": "text473-4",
      "geometry": {
        "type": "Point",
        "coordinates": [
          -13.280428,
          26.298585
        ]
      },
      "properties": {
        "id": "text473-4",
        "name": "Mabarek",
        "category": "settlement",
        "dataset": "araby",
        "in_gazetteer": true,
        "type": null,
        "region": "Araby",
        "province": null,
        "estate": null,
        "population": 548,
        "population_estimated": false,
        "size_category": 2,
        "trade": null,
        "source": "Alfred \"MadAlfred\" Nuñez Jr. (unofficial)",
        "tags": [],
        "notes": [],
        "history": {
          "province_2512": null,
          "province_2276": null,
          "ruler_2515": null,
          "ruler_2512": null,
          "ruler_2276": null
        },
        "wiki": {
          "title": null,
          "url": null,
          "description": null,
          "image": null
        },
        "svg_layer": "Araby"
      }
    },
    {
      "type": "Feature",
      "id": "text474-3",
      "geometry": {
        "type": "Point",
        "coordinates": [
          -12.188937,
          25.980757
        ]
      },
      "properties": {
        "id": "text474-3",
        "name": "Kaman Sala",
        "category": "settlement",
        "dataset": "araby",
        "in_gazetteer": false,
        "type": null,
        "region": "Araby",
        "province": null,
        "estate": null,
        "population": 241,
        "population_estimated": true,
        "size_category": 1,
        "trade": null,
        "source": null,
        "tags": [],
        "notes": [],
        "history": {
          "province_2512": null,
          "province_2276": null,
          "ruler_2515": null,
          "ruler_2512": null,
          "ruler_2276": null
        },
        "wiki": {
          "title": null,
          "url": null,
          "description": null,
          "image": null
        },
        "svg_layer": "Araby"
      }
    },
    {
      "type": "Feature",
      "id": "text475-2",
      "geometry": {
        "type": "Point",
        "coordinates": [
          -17.354546,
          26.784286
        ]
      },
      "properties": {
        "id": "text475-2",
        "name": "Melrhir Oasis",
        "category": "settlement",
        "dataset": "araby",
        "in_gazetteer": false,
        "type": null,
        "region": "Araby",
        "province": null,
        "estate": null,
        "population": 69,
        "population_estimated": true,
        "size_category": 1,
        "trade": null,
        "source": null,
        "tags": [],
        "notes": [],
        "history": {
          "province_2512": null,
          "province_2276": null,
          "ruler_2515": null,
          "ruler_2512": null,
          "ruler_2276": null
        },
        "wiki": {
          "title": null,
          "url": null,
          "description": null,
          "image": null
        },
        "svg_layer": "Araby"
      }
    },
    {
      "type": "Feature",
      "id": "text476-6",
      "geometry": {
        "type": "Point",
        "coordinates": [
          -17.967857,
          26.104814
        ]
      },
      "properties": {
        "id": "text476-6",
        "name": "El-Mansurah",
        "category": "settlement",
        "dataset": "araby",
        "in_gazetteer": true,
        "type": null,
        "region": "Araby",
        "province": null,
        "estate": null,
        "population": 7120,
        "population_estimated": false,
        "size_category": 4,
        "trade": null,
        "source": "Alfred \"MadAlfred\" Nuñez Jr. (unofficial)",
        "tags": [],
        "notes": [],
        "history": {
          "province_2512": null,
          "province_2276": null,
          "ruler_2515": null,
          "ruler_2512": null,
          "ruler_2276": null
        },
        "wiki": {
          "title": null,
          "url": null,
          "description": null,
          "image": null
        },
        "svg_layer": "Araby"
      }
    },
    {
      "type": "Feature",
      "id": "text477-5",
      "geometry": {
        "type": "Point",
        "coordinates": [
          -16.282004,
          26.443673
        ]
      },
      "properties": {
        "id": "text477-5",
        "name": "Meknes",
        "category": "settlement",
        "dataset": "araby",
        "in_gazetteer": true,
        "type": null,
        "region": "Araby",
        "province": null,
        "estate": null,
        "population": 2618,
        "population_estimated": false,
        "size_category": 3,
        "trade": null,
        "source": "The Voyage South (Novel) by Nicola Griffith",
        "tags": [],
        "notes": [
          "on the coast, port"
        ],
        "history": {
          "province_2512": null,
          "province_2276": null,
          "ruler_2515": null,
          "ruler_2512": null,
          "ruler_2276": null
        },
        "wiki": {
          "title": null,
          "url": null,
          "description": null,
          "image": null
        },
        "svg_layer": "Araby"
      }
    },
    {
      "type": "Feature",
      "id": "text478-6",
      "geometry": {
        "type": "Point",
        "coordinates": [
          -18.114719,
          25.146119
        ]
      },
      "properties": {
        "id": "text478-6",
        "name": "Oasis of a Thousand and One Camels",
        "category": "settlement",
        "dataset": "araby",
        "in_gazetteer": true,
        "type": null,
        "region": "Araby",
        "province": null,
        "estate": null,
        "population": 2166,
        "population_estimated": false,
        "size_category": 3,
        "trade": null,
        "source": "Warhammer: The Old World",
        "tags": [],
        "notes": [],
        "history": {
          "province_2512": null,
          "province_2276": null,
          "ruler_2515": null,
          "ruler_2512": null,
          "ruler_2276": null
        },
        "wiki": {
          "title": null,
          "url": null,
          "description": null,
          "image": null
        },
        "svg_layer": "Araby"
      }
    },
    {
      "type": "Feature",
      "id": "text479-8",
      "geometry": {
        "type": "Point",
        "coordinates": [
          -11.26576,
          25.975547
        ]
      },
      "properties": {
        "id": "text479-8",
        "name": "Istrabul",
        "category": "settlement",
        "dataset": "araby",
        "in_gazetteer": true,
        "type": null,
        "region": "Araby",
        "province": null,
        "estate": null,
        "population": 1572,
        "population_estimated": false,
        "size_category": 3,
        "trade": null,
        "source": "Alfred \"MadAlfred\" Nuñez Jr. (unofficial)",
        "tags": [],
        "notes": [],
        "history": {
          "province_2512": null,
          "province_2276": null,
          "ruler_2515": null,
          "ruler_2512": null,
          "ruler_2276": null
        },
        "wiki": {
          "title": null,
          "url": null,
          "description": null,
          "image": null
        },
        "svg_layer": "Araby"
      }
    },
    {
      "type": "Feature",
      "id": "text480-2",
      "geometry": {
        "type": "Point",
        "coordinates": [
          -17.490296,
          27.572348
        ]
      },
      "properties": {
        "id": "text480-2",
        "name": "Arjijil",
        "category": "settlement",
        "dataset": "araby",
        "in_gazetteer": true,
        "type": null,
        "region": "Araby",
        "province": null,
        "estate": null,
        "population": 2877,
        "population_estimated": false,
        "size_category": 3,
        "trade": null,
        "source": "Zaragoz (Novel) by Brian Craig",
        "tags": [],
        "notes": [],
        "history": {
          "province_2512": null,
          "province_2276": null,
          "ruler_2515": null,
          "ruler_2512": null,
          "ruler_2276": null
        },
        "wiki": {
          "title": "Arjijil",
          "url": "https://warhammerfantasy.fandom.com/wiki/Arjijil",
          "description": "The citadel of Arjijil is an infamous pirate's nest within Araby known as far as the Estalian Kingdoms. Said to be impregnable, the citadel looks over a precipitous cliff from which one can see the expanse of the Sahra, and at the base attempts at cultivating the region's poor soil. Arjijil is ruled by Alkadi Nasreen, Caliph of Mahabbah and who styles himself as the Lord of the Twin Seas (one such 'sea' being the Sahra).",
          "image": "https://static.wikia.nocookie.net/warhammerfb/images/2/2a/Orfeo_and_Alkadi_Nasreen_Araby_Zaragoz.jpg/revision/latest?cb=20210219225606"
        },
        "svg_layer": "Araby"
      }
    },
    {
      "type": "Feature",
      "id": "text481-9",
      "geometry": {
        "type": "Point",
        "coordinates": [
          -11.510551,
          25.730756
        ]
      },
      "properties": {
        "id": "text481-9",
        "name": "Djambiya",
        "category": "settlement",
        "dataset": "araby",
        "in_gazetteer": true,
        "type": null,
        "region": "Araby",
        "province": null,
        "estate": null,
        "population": 2312,
        "population_estimated": false,
        "size_category": 3,
        "trade": null,
        "source": "Town Cryer 19",
        "tags": [],
        "notes": [],
        "history": {
          "province_2512": null,
          "province_2276": null,
          "ruler_2515": null,
          "ruler_2512": null,
          "ruler_2276": null
        },
        "wiki": {
          "title": "Djambiya",
          "url": "https://warhammerfantasy.fandom.com/wiki/Djambiya",
          "description": "Djambiya is an Arabyan port city, close to the Land of the Dead, to whose docks adventurers, explorers and fools of all kinds arrive, ready to enter the ancient ruins of the cursed land of Nehekhara. Djambiya is a very exotic city, full of music and aromas, where the natives, dressed in brightly coloured clothes, mix with the nomads of the desert, whose skin is full of ritual scars. It is not strange to see people from the Old World in this place, merchants and sailors from Estalia and Tilea, mercenaries, as well as some curious men in what appear to be knightly or priestly robes.",
          "image": null
        },
        "svg_layer": "Araby"
      }
    },
    {
      "type": "Feature",
      "id": "text482-4",
      "geometry": {
        "type": "Point",
        "coordinates": [
          -20.971814,
          28.528852
        ]
      },
      "properties": {
        "id": "text482-4",
        "name": "Ras Karim",
        "category": "settlement",
        "dataset": "araby",
        "in_gazetteer": true,
        "type": null,
        "region": "Araby",
        "province": null,
        "estate": null,
        "population": 3766,
        "population_estimated": false,
        "size_category": 4,
        "trade": null,
        "source": "Gotrek and Felix: Two Crowns of Ras Karim (Novel) by Nathan Long",
        "tags": [],
        "notes": [
          "A port some hundred leagues east of Copher"
        ],
        "history": {
          "province_2512": null,
          "province_2276": null,
          "ruler_2515": null,
          "ruler_2512": null,
          "ruler_2276": null
        },
        "wiki": {
          "title": "Ras Karim",
          "url": "https://warhammerfantasy.fandom.com/wiki/Ras_Karim",
          "description": "The port of Ras Karim is an Arabyan city located some hundred leagues east of Copher the City of Spices. Currently, the city is ruled by Caliph Halim il Saredi and his wife, princess Yuleh il Toorissi, who have obtained the throne thanks to a recent rebellion.",
          "image": "https://static.wikia.nocookie.net/warhammerfb/images/0/00/Copher_map.png/revision/latest?cb=20211006175926"
        },
        "svg_layer": "Araby"
      }
    },
    {
      "type": "Feature",
      "id": "text483-1",
      "geometry": {
        "type": "Point",
        "coordinates": [
          -16.121801,
          27.021877
        ]
      },
      "properties": {
        "id": "text483-1",
        "name": "El-Kabbath",
        "category": "settlement",
        "dataset": "araby",
        "in_gazetteer": true,
        "type": null,
        "region": "Araby",
        "province": null,
        "estate": null,
        "population": 3715,
        "population_estimated": false,
        "size_category": 4,
        "trade": null,
        "source": "Sigmar's Blood (Novel) by Phil Kelly",
        "tags": [],
        "notes": [],
        "history": {
          "province_2512": null,
          "province_2276": null,
          "ruler_2515": null,
          "ruler_2512": null,
          "ruler_2276": null
        },
        "wiki": {
          "title": null,
          "url": null,
          "description": null,
          "image": null
        },
        "svg_layer": "Araby"
      }
    },
    {
      "type": "Feature",
      "id": "text484-3",
      "geometry": {
        "type": "Point",
        "coordinates": [
          -18.224707,
          28.542887
        ]
      },
      "properties": {
        "id": "text484-3",
        "name": "Kadira",
        "category": "settlement",
        "dataset": "araby",
        "in_gazetteer": true,
        "type": null,
        "region": "Araby",
        "province": null,
        "estate": null,
        "population": 819,
        "population_estimated": false,
        "size_category": 2,
        "trade": null,
        "source": "Zaragoz (Novel) by Brian Craig",
        "tags": [],
        "notes": [],
        "history": {
          "province_2512": null,
          "province_2276": null,
          "ruler_2515": null,
          "ruler_2512": null,
          "ruler_2276": null
        },
        "wiki": {
          "title": null,
          "url": null,
          "description": null,
          "image": null
        },
        "svg_layer": "Araby"
      }
    },
    {
      "type": "Feature",
      "id": "text485-4",
      "geometry": {
        "type": "Point",
        "coordinates": [
          -24.367697,
          29.91843
        ]
      },
      "properties": {
        "id": "text485-4",
        "name": "Fyrus",
        "category": "settlement",
        "dataset": "araby",
        "in_gazetteer": true,
        "type": null,
        "region": "Araby",
        "province": null,
        "estate": null,
        "population": 6120,
        "population_estimated": false,
        "size_category": 4,
        "trade": null,
        "source": "Warhammer: Citadel Journal Spring 1985",
        "tags": [],
        "notes": [],
        "history": {
          "province_2512": null,
          "province_2276": null,
          "ruler_2515": null,
          "ruler_2512": null,
          "ruler_2276": null
        },
        "wiki": {
          "title": "Fyrus",
          "url": "https://warhammerfantasy.fandom.com/wiki/Fyrus",
          "description": "Fyrus is an island and porty city of the same name adjacent to the northern coast of Araby. It was once ruled by the Bretonnians of the Knights of Origo but has now returned to Arabyan rule after a great uprising against the foreign colonists.",
          "image": "https://static.wikia.nocookie.net/warhammerfb/images/0/0b/Island_of_Fyrus.jpg/revision/latest?cb=20210305162738"
        },
        "svg_layer": "Araby"
      }
    },
    {
      "type": "Feature",
      "id": "text535-1",
      "geometry": {
        "type": "Point",
        "coordinates": [
          -5.807833,
          27.835993
        ]
      },
      "properties": {
        "id": "text535-1",
        "name": "Mina Irq",
        "category": "settlement",
        "dataset": "araby",
        "in_gazetteer": false,
        "type": null,
        "region": "Araby",
        "province": null,
        "estate": null,
        "population": 67,
        "population_estimated": true,
        "size_category": 1,
        "trade": null,
        "source": null,
        "tags": [],
        "notes": [],
        "history": {
          "province_2512": null,
          "province_2276": null,
          "ruler_2515": null,
          "ruler_2512": null,
          "ruler_2276": null
        },
        "wiki": {
          "title": null,
          "url": null,
          "description": null,
          "image": null
        },
        "svg_layer": "Araby"
      }
    },
    {
      "type": "Feature",
      "id": "text536-8",
      "geometry": {
        "type": "Point",
        "coordinates": [
          -6.351205,
          27.110265
        ]
      },
      "properties": {
        "id": "text536-8",
        "name": "Teshert",
        "category": "settlement",
        "dataset": "araby",
        "in_gazetteer": true,
        "type": null,
        "region": "Araby",
        "province": null,
        "estate": null,
        "population": 2137,
        "population_estimated": false,
        "size_category": 3,
        "trade": null,
        "source": "Zaragoz (Novel) by Brian Craig",
        "tags": [],
        "notes": [],
        "history": {
          "province_2512": null,
          "province_2276": null,
          "ruler_2515": null,
          "ruler_2512": null,
          "ruler_2276": null
        },
        "wiki": {
          "title": null,
          "url": null,
          "description": null,
          "image": null
        },
        "svg_layer": "Araby"
      }
    },
    {
      "type": "Feature",
      "id": "text537-4",
      "geometry": {
        "type": "Point",
        "coordinates": [
          -4.966454,
          29.944212
        ]
      },
      "properties": {
        "id": "text537-4",
        "name": "Hettasha",
        "category": "settlement",
        "dataset": "araby",
        "in_gazetteer": false,
        "type": null,
        "region": "Araby",
        "province": null,
        "estate": null,
        "population": 195,
        "population_estimated": true,
        "size_category": 1,
        "trade": null,
        "source": null,
        "tags": [],
        "notes": [],
        "history": {
          "province_2512": null,
          "province_2276": null,
          "ruler_2515": null,
          "ruler_2512": null,
          "ruler_2276": null
        },
        "wiki": {
          "title": null,
          "url": null,
          "description": null,
          "image": null
        },
        "svg_layer": "Araby"
      }
    },
    {
      "type": "Feature",
      "id": "text538-7",
      "geometry": {
        "type": "Point",
        "coordinates": [
          -5.524406,
          29.489377
        ]
      },
      "properties": {
        "id": "text538-7",
        "name": "Chayuk",
        "category": "settlement",
        "dataset": "araby",
        "in_gazetteer": false,
        "type": null,
        "region": "Araby",
        "province": null,
        "estate": null,
        "population": 443,
        "population_estimated": true,
        "size_category": 2,
        "trade": null,
        "source": null,
        "tags": [],
        "notes": [],
        "history": {
          "province_2512": null,
          "province_2276": null,
          "ruler_2515": null,
          "ruler_2512": null,
          "ruler_2276": null
        },
        "wiki": {
          "title": null,
          "url": null,
          "description": null,
          "image": null
        },
        "svg_layer": "Araby"
      }
    },
    {
      "type": "Feature",
      "id": "text539-9",
      "geometry": {
        "type": "Point",
        "coordinates": [
          -5.610954,
          28.879869
        ]
      },
      "properties": {
        "id": "text539-9",
        "name": "Tirzor",
        "category": "settlement",
        "dataset": "araby",
        "in_gazetteer": false,
        "type": null,
        "region": "Araby",
        "province": null,
        "estate": null,
        "population": 159,
        "population_estimated": true,
        "size_category": 1,
        "trade": null,
        "source": null,
        "tags": [],
        "notes": [],
        "history": {
          "province_2512": null,
          "province_2276": null,
          "ruler_2515": null,
          "ruler_2512": null,
          "ruler_2276": null
        },
        "wiki": {
          "title": null,
          "url": null,
          "description": null,
          "image": null
        },
        "svg_layer": "Araby"
      }
    },
    {
      "type": "Feature",
      "id": "text540-1",
      "geometry": {
        "type": "Point",
        "coordinates": [
          -4.39193,
          26.72725
        ]
      },
      "properties": {
        "id": "text540-1",
        "name": "Djebellna",
        "category": "settlement",
        "dataset": "araby",
        "in_gazetteer": false,
        "type": null,
        "region": "Araby",
        "province": null,
        "estate": null,
        "population": 297,
        "population_estimated": true,
        "size_category": 1,
        "trade": null,
        "source": null,
        "tags": [],
        "notes": [],
        "history": {
          "province_2512": null,
          "province_2276": null,
          "ruler_2515": null,
          "ruler_2512": null,
          "ruler_2276": null
        },
        "wiki": {
          "title": null,
          "url": null,
          "description": null,
          "image": null
        },
        "svg_layer": "Araby"
      }
    },
    {
      "type": "Feature",
      "id": "text541-8",
      "geometry": {
        "type": "Point",
        "coordinates": [
          -1.977824,
          32.636369
        ]
      },
      "properties": {
        "id": "text541-8",
        "name": "Rhothira",
        "category": "settlement",
        "dataset": "araby",
        "in_gazetteer": false,
        "type": null,
        "region": "Araby",
        "province": null,
        "estate": null,
        "population": 335,
        "population_estimated": true,
        "size_category": 2,
        "trade": null,
        "source": null,
        "tags": [],
        "notes": [],
        "history": {
          "province_2512": null,
          "province_2276": null,
          "ruler_2515": null,
          "ruler_2512": null,
          "ruler_2276": null
        },
        "wiki": {
          "title": null,
          "url": null,
          "description": null,
          "image": null
        },
        "svg_layer": "Araby"
      }
    },
    {
      "type": "Feature",
      "id": "text2940-5",
      "geometry": {
        "type": "Point",
        "coordinates": [
          -13.819196,
          7.276915
        ]
      },
      "properties": {
        "id": "text2940-5",
        "name": "El-Kalabad",
        "category": "settlement",
        "dataset": "araby",
        "in_gazetteer": true,
        "type": null,
        "region": "Araby",
        "province": null,
        "estate": null,
        "population": 3119,
        "population_estimated": false,
        "size_category": 4,
        "trade": null,
        "source": "Warhammer Armies (6th Edition): Tomb Kings",
        "tags": [],
        "notes": [],
        "history": {
          "province_2512": null,
          "province_2276": null,
          "ruler_2515": null,
          "ruler_2512": null,
          "ruler_2276": null
        },
        "wiki": {
          "title": "El-Kalabad",
          "url": "https://warhammerfantasy.fandom.com/wiki/El-Kalabad",
          "description": "El-Kalabad, also known simply as Kalabad, is an Arabyan trading port located in the Land of the Dervishes, on the western coast of the Gulf of Medes. In contrast to the inhabitants of El-Kalabad, the Kahied nomadic tribes to the north and the Ebonian tribes to the south shun settled civilization, preferring instead to live in the harsh desert as their ancestors did.",
          "image": "https://static.wikia.nocookie.net/warhammerfb/images/f/f6/Map_el-kalabad.jpg/revision/latest?cb=20210315160922"
        },
        "svg_layer": "Araby"
      }
    },
    {
      "type": "Feature",
      "id": "text7193-2",
      "geometry": {
        "type": "Point",
        "coordinates": [
          -27.794069,
          27.037813
        ]
      },
      "properties": {
        "id": "text7193-2",
        "name": "Copher",
        "category": "settlement",
        "dataset": "araby",
        "in_gazetteer": true,
        "type": null,
        "region": "Araby",
        "province": null,
        "estate": null,
        "population": 45410,
        "population_estimated": false,
        "size_category": 5,
        "trade": null,
        "source": "Warhammer Fantasy Roleplay 4e: Sea of Claws",
        "tags": [],
        "notes": [],
        "history": {
          "province_2512": null,
          "province_2276": null,
          "ruler_2515": null,
          "ruler_2512": null,
          "ruler_2276": null
        },
        "wiki": {
          "title": "Copher",
          "url": "https://warhammerfantasy.fandom.com/wiki/Copher",
          "description": "Copher, called the \" City of Spice,\" is one of the four great cities of Araby. Its surrounding lands form an independent principality ruled over by a monarch known simply as the \" Sultan of Copher \". Copher is located to the west of Al-Haikk, on the north coast of the Bay of Corsairs.",
          "image": "https://static.wikia.nocookie.net/warhammerfb/images/0/00/Copher_map.png/revision/latest?cb=20211006175926"
        },
        "svg_layer": "Araby"
      }
    },
    {
      "type": "Feature",
      "id": "text7194-6",
      "geometry": {
        "type": "Point",
        "coordinates": [
          -30.281139,
          22.846748
        ]
      },
      "properties": {
        "id": "text7194-6",
        "name": "Lashiek",
        "category": "settlement",
        "dataset": "araby",
        "in_gazetteer": true,
        "type": null,
        "region": "Araby",
        "province": null,
        "estate": null,
        "population": 64731,
        "population_estimated": false,
        "size_category": 6,
        "trade": null,
        "source": "Warhammer Fantasy Roleplay 4e: Sea of Claws",
        "tags": [],
        "notes": [],
        "history": {
          "province_2512": null,
          "province_2276": null,
          "ruler_2515": null,
          "ruler_2512": null,
          "ruler_2276": null
        },
        "wiki": {
          "title": "Lashiek",
          "url": "https://warhammerfantasy.fandom.com/wiki/Lashiek",
          "description": "Lashiek, also spelled Lasheik, known as the \" City of Corsairs,\" is one of the four great cities of Araby. Its surrounding lands forms an independent principality ruled over by a sultan who lives in unimaginable luxury.",
          "image": "https://static.wikia.nocookie.net/warhammerfb/images/0/00/Copher_map.png/revision/latest?cb=20211006175926"
        },
        "svg_layer": "Araby"
      }
    },
    {
      "type": "Feature",
      "id": "text7195-2",
      "geometry": {
        "type": "Point",
        "coordinates": [
          -32.689091,
          17.798181
        ]
      },
      "properties": {
        "id": "text7195-2",
        "name": "Palace of the Wizard Caliph",
        "category": "settlement",
        "dataset": "araby",
        "in_gazetteer": false,
        "type": null,
        "region": "Araby",
        "province": null,
        "estate": null,
        "population": 163,
        "population_estimated": true,
        "size_category": 1,
        "trade": null,
        "source": null,
        "tags": [],
        "notes": [],
        "history": {
          "province_2512": null,
          "province_2276": null,
          "ruler_2515": null,
          "ruler_2512": null,
          "ruler_2276": null
        },
        "wiki": {
          "title": null,
          "url": null,
          "description": null,
          "image": null
        },
        "svg_layer": "Araby"
      }
    },
    {
      "type": "Feature",
      "id": "text7199-8",
      "geometry": {
        "type": "Point",
        "coordinates": [
          -11.01415,
          22.167319
        ]
      },
      "properties": {
        "id": "text7199-8",
        "name": "Bel Aliad",
        "category": "settlement",
        "dataset": "araby",
        "in_gazetteer": true,
        "type": null,
        "region": "Araby",
        "province": null,
        "estate": null,
        "population": 117,
        "population_estimated": true,
        "size_category": 1,
        "trade": null,
        "source": "White Dwarf 275",
        "tags": [],
        "notes": [],
        "history": {
          "province_2512": null,
          "province_2276": null,
          "ruler_2515": null,
          "ruler_2512": null,
          "ruler_2276": null
        },
        "wiki": {
          "title": "Bel-Aliad",
          "url": "https://warhammerfantasy.fandom.com/wiki/Bel-Aliad",
          "description": "Bel-Aliad, know nowdays as the City of Dust, was a Nehekharan city later settled by Arabyans. It was destroyed by Arkhan the Black in -1149 IC. In its prime, it was called the City of Spices, but is also known as the City of Healers.",
          "image": "https://static.wikia.nocookie.net/warhammerfb/images/b/b0/Warhammer_Nehekhara.png/revision/latest?cb=20161118212114"
        },
        "svg_layer": "Araby"
      }
    },
    {
      "type": "Feature",
      "id": "text8316-5",
      "geometry": {
        "type": "Point",
        "coordinates": [
          -7.834171,
          7.377243
        ]
      },
      "properties": {
        "id": "text8316-5",
        "name": "Sudenburg",
        "category": "settlement",
        "dataset": "araby",
        "in_gazetteer": false,
        "type": null,
        "region": "Araby",
        "province": null,
        "estate": null,
        "population": 254,
        "population_estimated": true,
        "size_category": 1,
        "trade": null,
        "source": null,
        "tags": [],
        "notes": [],
        "history": {
          "province_2512": null,
          "province_2276": null,
          "ruler_2515": null,
          "ruler_2512": null,
          "ruler_2276": null
        },
        "wiki": {
          "title": null,
          "url": null,
          "description": null,
          "image": null
        },
        "svg_layer": "Araby"
      }
    },
    {
      "type": "Feature",
      "id": "text1-0",
      "geometry": {
        "type": "Point",
        "coordinates": [
          -26.138791,
          28.476118
        ]
      },
      "properties": {
        "id": "text1-0",
        "name": "Zuwarah",
        "category": "settlement",
        "dataset": "araby",
        "in_gazetteer": false,
        "type": null,
        "region": "Araby",
        "province": null,
        "estate": null,
        "population": 107,
        "population_estimated": true,
        "size_category": 1,
        "trade": null,
        "source": null,
        "tags": [],
        "notes": [],
        "history": {
          "province_2512": null,
          "province_2276": null,
          "ruler_2515": null,
          "ruler_2512": null,
          "ruler_2276": null
        },
        "wiki": {
          "title": null,
          "url": null,
          "description": null,
          "image": null
        },
        "svg_layer": "Araby"
      }
    },
    {
      "type": "Feature",
      "id": "text2-1",
      "geometry": {
        "type": "Point",
        "coordinates": [
          -9.928333,
          21.830072
        ]
      },
      "properties": {
        "id": "text2-1",
        "name": "Abadir Oasis",
        "category": "settlement",
        "dataset": "araby",
        "in_gazetteer": false,
        "type": null,
        "region": "Araby",
        "province": null,
        "estate": null,
        "population": 440,
        "population_estimated": true,
        "size_category": 2,
        "trade": null,
        "source": null,
        "tags": [],
        "notes": [],
        "history": {
          "province_2512": null,
          "province_2276": null,
          "ruler_2515": null,
          "ruler_2512": null,
          "ruler_2276": null
        },
        "wiki": {
          "title": null,
          "url": null,
          "description": null,
          "image": null
        },
        "svg_layer": "Araby"
      }
    },
    {
      "type": "Feature",
      "id": "text3-8",
      "geometry": {
        "type": "Point",
        "coordinates": [
          -36.665275,
          18.180304
        ]
      },
      "properties": {
        "id": "text3-8",
        "name": "Al-Qaim",
        "category": "settlement",
        "dataset": "araby",
        "in_gazetteer": true,
        "type": null,
        "region": "Araby",
        "province": null,
        "estate": null,
        "population": 2711,
        "population_estimated": false,
        "size_category": 3,
        "trade": null,
        "source": "Alfred \"MadAlfred\" Nuñez Jr. (unofficial)",
        "tags": [],
        "notes": [],
        "history": {
          "province_2512": null,
          "province_2276": null,
          "ruler_2515": null,
          "ruler_2512": null,
          "ruler_2276": null
        },
        "wiki": {
          "title": null,
          "url": null,
          "description": null,
          "image": null
        },
        "svg_layer": "Araby"
      }
    },
    {
      "type": "Feature",
      "id": "text4-3",
      "geometry": {
        "type": "Point",
        "coordinates": [
          -37.944805,
          13.789266
        ]
      },
      "properties": {
        "id": "text4-3",
        "name": "As-Sadd",
        "category": "settlement",
        "dataset": "araby",
        "in_gazetteer": false,
        "type": null,
        "region": "Araby",
        "province": null,
        "estate": null,
        "population": 147,
        "population_estimated": true,
        "size_category": 1,
        "trade": null,
        "source": null,
        "tags": [],
        "notes": [],
        "history": {
          "province_2512": null,
          "province_2276": null,
          "ruler_2515": null,
          "ruler_2512": null,
          "ruler_2276": null
        },
        "wiki": {
          "title": null,
          "url": null,
          "description": null,
          "image": null
        },
        "svg_layer": "Araby"
      }
    },
    {
      "type": "Feature",
      "id": "text5-4",
      "geometry": {
        "type": "Point",
        "coordinates": [
          -34.669684,
          12.185077
        ]
      },
      "properties": {
        "id": "text5-4",
        "name": "Ayn Jalut Oasis",
        "category": "settlement",
        "dataset": "araby",
        "in_gazetteer": false,
        "type": null,
        "region": "Araby",
        "province": null,
        "estate": null,
        "population": 90,
        "population_estimated": true,
        "size_category": 1,
        "trade": null,
        "source": null,
        "tags": [],
        "notes": [],
        "history": {
          "province_2512": null,
          "province_2276": null,
          "ruler_2515": null,
          "ruler_2512": null,
          "ruler_2276": null
        },
        "wiki": {
          "title": null,
          "url": null,
          "description": null,
          "image": null
        },
        "svg_layer": "Araby"
      }
    },
    {
      "type": "Feature",
      "id": "text6-0",
      "geometry": {
        "type": "Point",
        "coordinates": [
          -18.392665,
          11.134042
        ]
      },
      "properties": {
        "id": "text6-0",
        "name": "Mezdah Oasis",
        "category": "settlement",
        "dataset": "araby",
        "in_gazetteer": false,
        "type": null,
        "region": "Araby",
        "province": null,
        "estate": null,
        "population": 117,
        "population_estimated": true,
        "size_category": 1,
        "trade": null,
        "source": null,
        "tags": [],
        "notes": [],
        "history": {
          "province_2512": null,
          "province_2276": null,
          "ruler_2515": null,
          "ruler_2512": null,
          "ruler_2276": null
        },
        "wiki": {
          "title": null,
          "url": null,
          "description": null,
          "image": null
        },
        "svg_layer": "Araby"
      }
    },
    {
      "type": "Feature",
      "id": "text7-6",
      "geometry": {
        "type": "Point",
        "coordinates": [
          -12.407426,
          7.711181
        ]
      },
      "properties": {
        "id": "text7-6",
        "name": "Al-Batra",
        "category": "settlement",
        "dataset": "araby",
        "in_gazetteer": false,
        "type": null,
        "region": "Araby",
        "province": null,
        "estate": null,
        "population": 215,
        "population_estimated": true,
        "size_category": 1,
        "trade": null,
        "source": null,
        "tags": [],
        "notes": [],
        "history": {
          "province_2512": null,
          "province_2276": null,
          "ruler_2515": null,
          "ruler_2512": null,
          "ruler_2276": null
        },
        "wiki": {
          "title": null,
          "url": null,
          "description": null,
          "image": null
        },
        "svg_layer": "Araby"
      }
    },
    {
      "type": "Feature",
      "id": "text11-8",
      "geometry": {
        "type": "Point",
        "coordinates": [
          -31.493809,
          22.776005
        ]
      },
      "properties": {
        "id": "text11-8",
        "name": "Abu Hamed",
        "category": "settlement",
        "dataset": "araby",
        "in_gazetteer": false,
        "type": null,
        "region": "Araby",
        "province": null,
        "estate": null,
        "population": 257,
        "population_estimated": true,
        "size_category": 1,
        "trade": null,
        "source": null,
        "tags": [],
        "notes": [],
        "history": {
          "province_2512": null,
          "province_2276": null,
          "ruler_2515": null,
          "ruler_2512": null,
          "ruler_2276": null
        },
        "wiki": {
          "title": null,
          "url": null,
          "description": null,
          "image": null
        },
        "svg_layer": "Araby"
      }
    },
    {
      "type": "Feature",
      "id": "text12-9",
      "geometry": {
        "type": "Point",
        "coordinates": [
          -34.83435,
          22.754985
        ]
      },
      "properties": {
        "id": "text12-9",
        "name": "Akkah",
        "category": "settlement",
        "dataset": "araby",
        "in_gazetteer": false,
        "type": null,
        "region": "Araby",
        "province": null,
        "estate": null,
        "population": 97,
        "population_estimated": true,
        "size_category": 1,
        "trade": null,
        "source": null,
        "tags": [],
        "notes": [],
        "history": {
          "province_2512": null,
          "province_2276": null,
          "ruler_2515": null,
          "ruler_2512": null,
          "ruler_2276": null
        },
        "wiki": {
          "title": null,
          "url": null,
          "description": null,
          "image": null
        },
        "svg_layer": "Araby"
      }
    },
    {
      "type": "Feature",
      "id": "text13-3",
      "geometry": {
        "type": "Point",
        "coordinates": [
          -35.438691,
          20.658167
        ]
      },
      "properties": {
        "id": "text13-3",
        "name": "Ghafsa",
        "category": "settlement",
        "dataset": "araby",
        "in_gazetteer": false,
        "type": null,
        "region": "Araby",
        "province": null,
        "estate": null,
        "population": 374,
        "population_estimated": true,
        "size_category": 2,
        "trade": null,
        "source": null,
        "tags": [],
        "notes": [],
        "history": {
          "province_2512": null,
          "province_2276": null,
          "ruler_2515": null,
          "ruler_2512": null,
          "ruler_2276": null
        },
        "wiki": {
          "title": null,
          "url": null,
          "description": null,
          "image": null
        },
        "svg_layer": "Araby"
      }
    },
    {
      "type": "Feature",
      "id": "text14-8",
      "geometry": {
        "type": "Point",
        "coordinates": [
          -35.265274,
          19.111396
        ]
      },
      "properties": {
        "id": "text14-8",
        "name": "Tarasselmen",
        "category": "settlement",
        "dataset": "araby",
        "in_gazetteer": false,
        "type": null,
        "region": "Araby",
        "province": null,
        "estate": null,
        "population": 111,
        "population_estimated": true,
        "size_category": 1,
        "trade": null,
        "source": null,
        "tags": [],
        "notes": [],
        "history": {
          "province_2512": null,
          "province_2276": null,
          "ruler_2515": null,
          "ruler_2512": null,
          "ruler_2276": null
        },
        "wiki": {
          "title": null,
          "url": null,
          "description": null,
          "image": null
        },
        "svg_layer": "Araby"
      }
    },
    {
      "type": "Feature",
      "id": "text15-2",
      "geometry": {
        "type": "Point",
        "coordinates": [
          -36.061237,
          19.568919
        ]
      },
      "properties": {
        "id": "text15-2",
        "name": "Aiir",
        "category": "settlement",
        "dataset": "araby",
        "in_gazetteer": true,
        "type": null,
        "region": "Araby",
        "province": null,
        "estate": null,
        "population": 3716,
        "population_estimated": false,
        "size_category": 4,
        "trade": null,
        "source": "The Voyage South (Novel) by Nicola Griffith",
        "tags": [],
        "notes": [],
        "history": {
          "province_2512": null,
          "province_2276": null,
          "ruler_2515": null,
          "ruler_2512": "Sultan Hamqa the Divine, Suzerain of Sadiz and Regal of all Kus",
          "ruler_2276": null
        },
        "wiki": {
          "title": "Aiir",
          "url": "https://warhammerfantasy.fandom.com/wiki/Aiir",
          "description": "Aiir is an Arabyan sultanate ruled by Sultan Hamqa the Divine Suzerain of Sadiz and Regal of all Kust. He is also an influent merchant who suffered greatly from the Magrittan Blockade in the last period. The captain of his mighty fleet which make port in Meknes is Mousaou Salah, while his daughter and his heir, Cendenai, is the captain of his flagship, the Rose of Aramam The first steward sometimes stays at court to manage the affairs of the Sultan.",
          "image": "https://static.wikia.nocookie.net/warhammerfb/images/1/17/The_voyage_south.jpg/revision/latest?cb=20230217110431"
        },
        "svg_layer": "Araby"
      }
    },
    {
      "type": "Feature",
      "id": "text16-1",
      "geometry": {
        "type": "Point",
        "coordinates": [
          -34.063587,
          23.277001
        ]
      },
      "properties": {
        "id": "text16-1",
        "name": "Gobi Alain",
        "category": "settlement",
        "dataset": "araby",
        "in_gazetteer": true,
        "type": null,
        "region": "Araby",
        "province": null,
        "estate": null,
        "population": 1923,
        "population_estimated": false,
        "size_category": 3,
        "trade": null,
        "source": "Blood on the Reik (Background Book)",
        "tags": [],
        "notes": [],
        "history": {
          "province_2512": null,
          "province_2276": null,
          "ruler_2515": null,
          "ruler_2512": null,
          "ruler_2276": null
        },
        "wiki": {
          "title": null,
          "url": null,
          "description": null,
          "image": null
        },
        "svg_layer": "Araby"
      }
    },
    {
      "type": "Feature",
      "id": "text17-5",
      "geometry": {
        "type": "Point",
        "coordinates": [
          -38.278246,
          22.856585
        ]
      },
      "properties": {
        "id": "text17-5",
        "name": "Lazzara",
        "category": "settlement",
        "dataset": "araby",
        "in_gazetteer": false,
        "type": null,
        "region": "Araby",
        "province": null,
        "estate": null,
        "population": 133,
        "population_estimated": true,
        "size_category": 1,
        "trade": null,
        "source": null,
        "tags": [],
        "notes": [],
        "history": {
          "province_2512": null,
          "province_2276": null,
          "ruler_2515": null,
          "ruler_2512": null,
          "ruler_2276": null
        },
        "wiki": {
          "title": null,
          "url": null,
          "description": null,
          "image": null
        },
        "svg_layer": "Araby"
      }
    },
    {
      "type": "Feature",
      "id": "text18-8",
      "geometry": {
        "type": "Point",
        "coordinates": [
          -35.125137,
          21.180185
        ]
      },
      "properties": {
        "id": "text18-8",
        "name": "Amhabal",
        "category": "settlement",
        "dataset": "araby",
        "in_gazetteer": true,
        "type": null,
        "region": "Araby",
        "province": null,
        "estate": null,
        "population": 1227,
        "population_estimated": false,
        "size_category": 3,
        "trade": null,
        "source": "Warhammer: Von Carstein Trilogy: Inheritance (Novel) by Steven Savile",
        "tags": [],
        "notes": [],
        "history": {
          "province_2512": null,
          "province_2276": null,
          "ruler_2515": null,
          "ruler_2512": null,
          "ruler_2276": null
        },
        "wiki": {
          "title": null,
          "url": null,
          "description": null,
          "image": null
        },
        "svg_layer": "Araby"
      }
    },
    {
      "type": "Feature",
      "id": "text19-0",
      "geometry": {
        "type": "Point",
        "coordinates": [
          -29.384448,
          20.811208
        ]
      },
      "properties": {
        "id": "text19-0",
        "name": "Taesh",
        "category": "settlement",
        "dataset": "araby",
        "in_gazetteer": false,
        "type": null,
        "region": "Araby",
        "province": null,
        "estate": null,
        "population": 113,
        "population_estimated": true,
        "size_category": 1,
        "trade": null,
        "source": null,
        "tags": [],
        "notes": [],
        "history": {
          "province_2512": null,
          "province_2276": null,
          "ruler_2515": null,
          "ruler_2512": null,
          "ruler_2276": null
        },
        "wiki": {
          "title": null,
          "url": null,
          "description": null,
          "image": null
        },
        "svg_layer": "Araby"
      }
    },
    {
      "type": "Feature",
      "id": "text20-6",
      "geometry": {
        "type": "Point",
        "coordinates": [
          -29.919547,
          19.091956
        ]
      },
      "properties": {
        "id": "text20-6",
        "name": "Zarekten",
        "category": "settlement",
        "dataset": "araby",
        "in_gazetteer": true,
        "type": null,
        "region": "Araby",
        "province": null,
        "estate": null,
        "population": 896,
        "population_estimated": false,
        "size_category": 2,
        "trade": null,
        "source": "Blood and Sand (Short Story) by Matt Ralphs",
        "tags": [],
        "notes": [],
        "history": {
          "province_2512": null,
          "province_2276": null,
          "ruler_2515": null,
          "ruler_2512": null,
          "ruler_2276": null
        },
        "wiki": {
          "title": "Zarekten",
          "url": "https://warhammerfantasy.fandom.com/wiki/Zarekten",
          "description": "Zarekten was a city in Araby that guarded the entrance to the Great Erg to the south. It is one of the last frontiers between the settled Arabyan principalities and city-states of the prosperous north, and the nomadic Arabyan tribes who inhabit the desert to the south. Zarekten lies in a valley, protected by a moat carved by a river long since dried up.",
          "image": null
        },
        "svg_layer": "Araby"
      }
    },
    {
      "type": "Feature",
      "id": "text21-6",
      "geometry": {
        "type": "Point",
        "coordinates": [
          -21.202431,
          20.165935
        ]
      },
      "properties": {
        "id": "text21-6",
        "name": "Gazi Oasis",
        "category": "settlement",
        "dataset": "araby",
        "in_gazetteer": false,
        "type": null,
        "region": "Araby",
        "province": null,
        "estate": null,
        "population": 184,
        "population_estimated": true,
        "size_category": 1,
        "trade": null,
        "source": null,
        "tags": [],
        "notes": [],
        "history": {
          "province_2512": null,
          "province_2276": null,
          "ruler_2515": null,
          "ruler_2512": null,
          "ruler_2276": null
        },
        "wiki": {
          "title": null,
          "url": null,
          "description": null,
          "image": null
        },
        "svg_layer": "Araby"
      }
    },
    {
      "type": "Feature",
      "id": "text22-5",
      "geometry": {
        "type": "Point",
        "coordinates": [
          -19.773024,
          22.814544
        ]
      },
      "properties": {
        "id": "text22-5",
        "name": "Ruins of Dakisir",
        "category": "settlement",
        "dataset": "araby",
        "in_gazetteer": false,
        "type": null,
        "region": "Araby",
        "province": null,
        "estate": null,
        "population": 149,
        "population_estimated": true,
        "size_category": 1,
        "trade": null,
        "source": null,
        "tags": [],
        "notes": [],
        "history": {
          "province_2512": null,
          "province_2276": null,
          "ruler_2515": null,
          "ruler_2512": null,
          "ruler_2276": null
        },
        "wiki": {
          "title": null,
          "url": null,
          "description": null,
          "image": null
        },
        "svg_layer": "Araby"
      }
    },
    {
      "type": "Feature",
      "id": "text23-2",
      "geometry": {
        "type": "Point",
        "coordinates": [
          -14.186136,
          26.798876
        ]
      },
      "properties": {
        "id": "text23-2",
        "name": "Ruins of Amon",
        "category": "settlement",
        "dataset": "araby",
        "in_gazetteer": false,
        "type": null,
        "region": "Araby",
        "province": null,
        "estate": null,
        "population": 157,
        "population_estimated": true,
        "size_category": 1,
        "trade": null,
        "source": null,
        "tags": [],
        "notes": [],
        "history": {
          "province_2512": null,
          "province_2276": null,
          "ruler_2515": null,
          "ruler_2512": null,
          "ruler_2276": null
        },
        "wiki": {
          "title": null,
          "url": null,
          "description": null,
          "image": null
        },
        "svg_layer": "Araby"
      }
    },
    {
      "type": "Feature",
      "id": "text24-9",
      "geometry": {
        "type": "Point",
        "coordinates": [
          -15.744058,
          23.31554
        ]
      },
      "properties": {
        "id": "text24-9",
        "name": "Al-Abyar",
        "category": "settlement",
        "dataset": "araby",
        "in_gazetteer": false,
        "type": null,
        "region": "Araby",
        "province": null,
        "estate": null,
        "population": 149,
        "population_estimated": true,
        "size_category": 1,
        "trade": null,
        "source": null,
        "tags": [],
        "notes": [],
        "history": {
          "province_2512": null,
          "province_2276": null,
          "ruler_2515": null,
          "ruler_2512": null,
          "ruler_2276": null
        },
        "wiki": {
          "title": null,
          "url": null,
          "description": null,
          "image": null
        },
        "svg_layer": "Araby"
      }
    },
    {
      "type": "Feature",
      "id": "text25-37",
      "geometry": {
        "type": "Point",
        "coordinates": [
          -23.654845,
          27.246408
        ]
      },
      "properties": {
        "id": "text25-37",
        "name": "Al-Qubbah",
        "category": "settlement",
        "dataset": "araby",
        "in_gazetteer": false,
        "type": null,
        "region": "Araby",
        "province": null,
        "estate": null,
        "population": 92,
        "population_estimated": true,
        "size_category": 1,
        "trade": null,
        "source": null,
        "tags": [],
        "notes": [],
        "history": {
          "province_2512": null,
          "province_2276": null,
          "ruler_2515": null,
          "ruler_2512": null,
          "ruler_2276": null
        },
        "wiki": {
          "title": null,
          "url": null,
          "description": null,
          "image": null
        },
        "svg_layer": "Araby"
      }
    },
    {
      "type": "Feature",
      "id": "text26-6",
      "geometry": {
        "type": "Point",
        "coordinates": [
          -14.840168,
          22.804034
        ]
      },
      "properties": {
        "id": "text26-6",
        "name": "Waddan",
        "category": "settlement",
        "dataset": "araby",
        "in_gazetteer": false,
        "type": null,
        "region": "Araby",
        "province": null,
        "estate": null,
        "population": 145,
        "population_estimated": true,
        "size_category": 1,
        "trade": null,
        "source": null,
        "tags": [],
        "notes": [],
        "history": {
          "province_2512": null,
          "province_2276": null,
          "ruler_2515": null,
          "ruler_2512": null,
          "ruler_2276": null
        },
        "wiki": {
          "title": null,
          "url": null,
          "description": null,
          "image": null
        },
        "svg_layer": "Araby"
      }
    },
    {
      "type": "Feature",
      "id": "text27-16",
      "geometry": {
        "type": "Point",
        "coordinates": [
          -14.388223,
          22.383618
        ]
      },
      "properties": {
        "id": "text27-16",
        "name": "Hun",
        "category": "settlement",
        "dataset": "araby",
        "in_gazetteer": false,
        "type": null,
        "region": "Araby",
        "province": null,
        "estate": null,
        "population": 92,
        "population_estimated": true,
        "size_category": 1,
        "trade": null,
        "source": null,
        "tags": [],
        "notes": [],
        "history": {
          "province_2512": null,
          "province_2276": null,
          "ruler_2515": null,
          "ruler_2512": null,
          "ruler_2276": null
        },
        "wiki": {
          "title": null,
          "url": null,
          "description": null,
          "image": null
        },
        "svg_layer": "Araby"
      }
    },
    {
      "type": "Feature",
      "id": "text28-7",
      "geometry": {
        "type": "Point",
        "coordinates": [
          -16.532334,
          24.4962
        ]
      },
      "properties": {
        "id": "text28-7",
        "name": "Sawknah",
        "category": "settlement",
        "dataset": "araby",
        "in_gazetteer": false,
        "type": null,
        "region": "Araby",
        "province": null,
        "estate": null,
        "population": 198,
        "population_estimated": true,
        "size_category": 1,
        "trade": null,
        "source": null,
        "tags": [],
        "notes": [],
        "history": {
          "province_2512": null,
          "province_2276": null,
          "ruler_2515": null,
          "ruler_2512": null,
          "ruler_2276": null
        },
        "wiki": {
          "title": null,
          "url": null,
          "description": null,
          "image": null
        },
        "svg_layer": "Araby"
      }
    },
    {
      "type": "Feature",
      "id": "text29-41",
      "geometry": {
        "type": "Point",
        "coordinates": [
          -12.629491,
          22.054294
        ]
      },
      "properties": {
        "id": "text29-41",
        "name": "Zallah",
        "category": "settlement",
        "dataset": "araby",
        "in_gazetteer": false,
        "type": null,
        "region": "Araby",
        "province": null,
        "estate": null,
        "population": 176,
        "population_estimated": true,
        "size_category": 1,
        "trade": null,
        "source": null,
        "tags": [],
        "notes": [],
        "history": {
          "province_2512": null,
          "province_2276": null,
          "ruler_2515": null,
          "ruler_2512": null,
          "ruler_2276": null
        },
        "wiki": {
          "title": null,
          "url": null,
          "description": null,
          "image": null
        },
        "svg_layer": "Araby"
      }
    },
    {
      "type": "Feature",
      "id": "text30-0",
      "geometry": {
        "type": "Point",
        "coordinates": [
          -11.59247,
          22.092833
        ]
      },
      "properties": {
        "id": "text30-0",
        "name": "Marada",
        "category": "settlement",
        "dataset": "araby",
        "in_gazetteer": false,
        "type": null,
        "region": "Araby",
        "province": null,
        "estate": null,
        "population": 88,
        "population_estimated": true,
        "size_category": 1,
        "trade": null,
        "source": null,
        "tags": [],
        "notes": [],
        "history": {
          "province_2512": null,
          "province_2276": null,
          "ruler_2515": null,
          "ruler_2512": null,
          "ruler_2276": null
        },
        "wiki": {
          "title": null,
          "url": null,
          "description": null,
          "image": null
        },
        "svg_layer": "Araby"
      }
    },
    {
      "type": "Feature",
      "id": "text31-4",
      "geometry": {
        "type": "Point",
        "coordinates": [
          -11.339704,
          16.515547
        ]
      },
      "properties": {
        "id": "text31-4",
        "name": "Awjilah",
        "category": "settlement",
        "dataset": "araby",
        "in_gazetteer": false,
        "type": null,
        "region": "Araby",
        "province": null,
        "estate": null,
        "population": 147,
        "population_estimated": true,
        "size_category": 1,
        "trade": null,
        "source": null,
        "tags": [],
        "notes": [],
        "history": {
          "province_2512": null,
          "province_2276": null,
          "ruler_2515": null,
          "ruler_2512": null,
          "ruler_2276": null
        },
        "wiki": {
          "title": null,
          "url": null,
          "description": null,
          "image": null
        },
        "svg_layer": "Araby"
      }
    },
    {
      "type": "Feature",
      "id": "text32-0",
      "geometry": {
        "type": "Point",
        "coordinates": [
          -12.023442,
          18.338853
        ]
      },
      "properties": {
        "id": "text32-0",
        "name": "Jalu",
        "category": "settlement",
        "dataset": "araby",
        "in_gazetteer": false,
        "type": null,
        "region": "Araby",
        "province": null,
        "estate": null,
        "population": 69,
        "population_estimated": true,
        "size_category": 1,
        "trade": null,
        "source": null,
        "tags": [],
        "notes": [],
        "history": {
          "province_2512": null,
          "province_2276": null,
          "ruler_2515": null,
          "ruler_2512": null,
          "ruler_2276": null
        },
        "wiki": {
          "title": null,
          "url": null,
          "description": null,
          "image": null
        },
        "svg_layer": "Araby"
      }
    },
    {
      "type": "Feature",
      "id": "text33-1",
      "geometry": {
        "type": "Point",
        "coordinates": [
          -14.748487,
          12.94822
        ]
      },
      "properties": {
        "id": "text33-1",
        "name": "Jikharra",
        "category": "settlement",
        "dataset": "araby",
        "in_gazetteer": false,
        "type": null,
        "region": "Araby",
        "province": null,
        "estate": null,
        "population": 179,
        "population_estimated": true,
        "size_category": 1,
        "trade": null,
        "source": null,
        "tags": [],
        "notes": [],
        "history": {
          "province_2512": null,
          "province_2276": null,
          "ruler_2515": null,
          "ruler_2512": null,
          "ruler_2276": null
        },
        "wiki": {
          "title": null,
          "url": null,
          "description": null,
          "image": null
        },
        "svg_layer": "Araby"
      }
    },
    {
      "type": "Feature",
      "id": "text34-7",
      "geometry": {
        "type": "Point",
        "coordinates": [
          -14.144022,
          11.115008
        ]
      },
      "properties": {
        "id": "text34-7",
        "name": "Tazirbu",
        "category": "settlement",
        "dataset": "araby",
        "in_gazetteer": false,
        "type": null,
        "region": "Araby",
        "province": null,
        "estate": null,
        "population": 98,
        "population_estimated": true,
        "size_category": 1,
        "trade": null,
        "source": null,
        "tags": [],
        "notes": [],
        "history": {
          "province_2512": null,
          "province_2276": null,
          "ruler_2515": null,
          "ruler_2512": null,
          "ruler_2276": null
        },
        "wiki": {
          "title": null,
          "url": null,
          "description": null,
          "image": null
        },
        "svg_layer": "Araby"
      }
    },
    {
      "type": "Feature",
      "id": "text35-7",
      "geometry": {
        "type": "Point",
        "coordinates": [
          -21.754325,
          12.284302
        ]
      },
      "properties": {
        "id": "text35-7",
        "name": "Rabyanah",
        "category": "settlement",
        "dataset": "araby",
        "in_gazetteer": false,
        "type": null,
        "region": "Araby",
        "province": null,
        "estate": null,
        "population": 183,
        "population_estimated": true,
        "size_category": 1,
        "trade": null,
        "source": null,
        "tags": [],
        "notes": [],
        "history": {
          "province_2512": null,
          "province_2276": null,
          "ruler_2515": null,
          "ruler_2512": null,
          "ruler_2276": null
        },
        "wiki": {
          "title": null,
          "url": null,
          "description": null,
          "image": null
        },
        "svg_layer": "Araby"
      }
    },
    {
      "type": "Feature",
      "id": "text36-3",
      "geometry": {
        "type": "Point",
        "coordinates": [
          -29.562814,
          15.940814
        ]
      },
      "properties": {
        "id": "text36-3",
        "name": "Buzaymah",
        "category": "settlement",
        "dataset": "araby",
        "in_gazetteer": false,
        "type": null,
        "region": "Araby",
        "province": null,
        "estate": null,
        "population": 126,
        "population_estimated": true,
        "size_category": 1,
        "trade": null,
        "source": null,
        "tags": [],
        "notes": [],
        "history": {
          "province_2512": null,
          "province_2276": null,
          "ruler_2515": null,
          "ruler_2512": null,
          "ruler_2276": null
        },
        "wiki": {
          "title": null,
          "url": null,
          "description": null,
          "image": null
        },
        "svg_layer": "Araby"
      }
    },
    {
      "type": "Feature",
      "id": "text37-9",
      "geometry": {
        "type": "Point",
        "coordinates": [
          -24.415093,
          26.40208
        ]
      },
      "properties": {
        "id": "text37-9",
        "name": "Suluq",
        "category": "settlement",
        "dataset": "araby",
        "in_gazetteer": false,
        "type": null,
        "region": "Araby",
        "province": null,
        "estate": null,
        "population": 105,
        "population_estimated": true,
        "size_category": 1,
        "trade": null,
        "source": null,
        "tags": [],
        "notes": [],
        "history": {
          "province_2512": null,
          "province_2276": null,
          "ruler_2515": null,
          "ruler_2512": null,
          "ruler_2276": null
        },
        "wiki": {
          "title": null,
          "url": null,
          "description": null,
          "image": null
        },
        "svg_layer": "Araby"
      }
    },
    {
      "type": "Feature",
      "id": "text38-8",
      "geometry": {
        "type": "Point",
        "coordinates": [
          -22.212628,
          28.980144
        ]
      },
      "properties": {
        "id": "text38-8",
        "name": "Mukrah",
        "category": "settlement",
        "dataset": "araby",
        "in_gazetteer": false,
        "type": null,
        "region": "Araby",
        "province": null,
        "estate": null,
        "population": 780,
        "population_estimated": true,
        "size_category": 2,
        "trade": null,
        "source": null,
        "tags": [],
        "notes": [],
        "history": {
          "province_2512": null,
          "province_2276": null,
          "ruler_2515": null,
          "ruler_2512": null,
          "ruler_2276": null
        },
        "wiki": {
          "title": null,
          "url": null,
          "description": null,
          "image": null
        },
        "svg_layer": "Araby"
      }
    },
    {
      "type": "Feature",
      "id": "text39-8",
      "geometry": {
        "type": "Point",
        "coordinates": [
          -22.620146,
          28.826553
        ]
      },
      "properties": {
        "id": "text39-8",
        "name": "Rujban",
        "category": "settlement",
        "dataset": "araby",
        "in_gazetteer": false,
        "type": null,
        "region": "Araby",
        "province": null,
        "estate": null,
        "population": 256,
        "population_estimated": true,
        "size_category": 1,
        "trade": null,
        "source": null,
        "tags": [],
        "notes": [],
        "history": {
          "province_2512": null,
          "province_2276": null,
          "ruler_2515": null,
          "ruler_2512": null,
          "ruler_2276": null
        },
        "wiki": {
          "title": null,
          "url": null,
          "description": null,
          "image": null
        },
        "svg_layer": "Araby"
      }
    },
    {
      "type": "Feature",
      "id": "text40-6",
      "geometry": {
        "type": "Point",
        "coordinates": [
          -22.367461,
          28.950417
        ]
      },
      "properties": {
        "id": "text40-6",
        "name": "Kabaw",
        "category": "settlement",
        "dataset": "araby",
        "in_gazetteer": false,
        "type": null,
        "region": "Araby",
        "province": null,
        "estate": null,
        "population": 378,
        "population_estimated": true,
        "size_category": 2,
        "trade": null,
        "source": null,
        "tags": [],
        "notes": [],
        "history": {
          "province_2512": null,
          "province_2276": null,
          "ruler_2515": null,
          "ruler_2512": null,
          "ruler_2276": null
        },
        "wiki": {
          "title": null,
          "url": null,
          "description": null,
          "image": null
        },
        "svg_layer": "Araby"
      }
    },
    {
      "type": "Feature",
      "id": "text41-0",
      "geometry": {
        "type": "Point",
        "coordinates": [
          -23.61231,
          26.875675
        ]
      },
      "properties": {
        "id": "text41-0",
        "name": "Jadu",
        "category": "settlement",
        "dataset": "araby",
        "in_gazetteer": false,
        "type": null,
        "region": "Araby",
        "province": null,
        "estate": null,
        "population": 83,
        "population_estimated": true,
        "size_category": 1,
        "trade": null,
        "source": null,
        "tags": [],
        "notes": [],
        "history": {
          "province_2512": null,
          "province_2276": null,
          "ruler_2515": null,
          "ruler_2512": null,
          "ruler_2276": null
        },
        "wiki": {
          "title": null,
          "url": null,
          "description": null,
          "image": null
        },
        "svg_layer": "Araby"
      }
    },
    {
      "type": "Feature",
      "id": "text42-8",
      "geometry": {
        "type": "Point",
        "coordinates": [
          -25.002082,
          27.606484
        ]
      },
      "properties": {
        "id": "text42-8",
        "name": "Yafran",
        "category": "settlement",
        "dataset": "araby",
        "in_gazetteer": false,
        "type": null,
        "region": "Araby",
        "province": null,
        "estate": null,
        "population": 216,
        "population_estimated": true,
        "size_category": 1,
        "trade": null,
        "source": null,
        "tags": [],
        "notes": [],
        "history": {
          "province_2512": null,
          "province_2276": null,
          "ruler_2515": null,
          "ruler_2512": null,
          "ruler_2276": null
        },
        "wiki": {
          "title": null,
          "url": null,
          "description": null,
          "image": null
        },
        "svg_layer": "Araby"
      }
    },
    {
      "type": "Feature",
      "id": "text43-1",
      "geometry": {
        "type": "Point",
        "coordinates": [
          -22.643681,
          27.041655
        ]
      },
      "properties": {
        "id": "text43-1",
        "name": "Zintan",
        "category": "settlement",
        "dataset": "araby",
        "in_gazetteer": false,
        "type": null,
        "region": "Araby",
        "province": null,
        "estate": null,
        "population": 357,
        "population_estimated": true,
        "size_category": 2,
        "trade": null,
        "source": null,
        "tags": [],
        "notes": [],
        "history": {
          "province_2512": null,
          "province_2276": null,
          "ruler_2515": null,
          "ruler_2512": null,
          "ruler_2276": null
        },
        "wiki": {
          "title": null,
          "url": null,
          "description": null,
          "image": null
        },
        "svg_layer": "Araby"
      }
    },
    {
      "type": "Feature",
      "id": "text44-5",
      "geometry": {
        "type": "Point",
        "coordinates": [
          -24.759305,
          27.903762
        ]
      },
      "properties": {
        "id": "text44-5",
        "name": "Bani Walid",
        "category": "settlement",
        "dataset": "araby",
        "in_gazetteer": false,
        "type": null,
        "region": "Araby",
        "province": null,
        "estate": null,
        "population": 67,
        "population_estimated": true,
        "size_category": 1,
        "trade": null,
        "source": null,
        "tags": [],
        "notes": [],
        "history": {
          "province_2512": null,
          "province_2276": null,
          "ruler_2515": null,
          "ruler_2512": null,
          "ruler_2276": null
        },
        "wiki": {
          "title": null,
          "url": null,
          "description": null,
          "image": null
        },
        "svg_layer": "Araby"
      }
    },
    {
      "type": "Feature",
      "id": "text45-9",
      "geometry": {
        "type": "Point",
        "coordinates": [
          -21.387684,
          22.347145
        ]
      },
      "properties": {
        "id": "text45-9",
        "name": "Bir Lahmar",
        "category": "settlement",
        "dataset": "araby",
        "in_gazetteer": false,
        "type": null,
        "region": "Araby",
        "province": null,
        "estate": null,
        "population": 174,
        "population_estimated": true,
        "size_category": 1,
        "trade": null,
        "source": null,
        "tags": [],
        "notes": [],
        "history": {
          "province_2512": null,
          "province_2276": null,
          "ruler_2515": null,
          "ruler_2512": null,
          "ruler_2276": null
        },
        "wiki": {
          "title": null,
          "url": null,
          "description": null,
          "image": null
        },
        "svg_layer": "Araby"
      }
    },
    {
      "type": "Feature",
      "id": "text46-7",
      "geometry": {
        "type": "Point",
        "coordinates": [
          -27.832708,
          27.283198
        ]
      },
      "properties": {
        "id": "text46-7",
        "name": "Ghar el-Melh",
        "category": "settlement",
        "dataset": "araby",
        "in_gazetteer": false,
        "type": null,
        "region": "Araby",
        "province": null,
        "estate": null,
        "population": 99,
        "population_estimated": true,
        "size_category": 1,
        "trade": null,
        "source": null,
        "tags": [],
        "notes": [],
        "history": {
          "province_2512": null,
          "province_2276": null,
          "ruler_2515": null,
          "ruler_2512": null,
          "ruler_2276": null
        },
        "wiki": {
          "title": null,
          "url": null,
          "description": null,
          "image": null
        },
        "svg_layer": "Araby"
      }
    },
    {
      "type": "Feature",
      "id": "text47-3",
      "geometry": {
        "type": "Point",
        "coordinates": [
          -26.196598,
          26.449374
        ]
      },
      "properties": {
        "id": "text47-3",
        "name": "Ain Draham",
        "category": "settlement",
        "dataset": "araby",
        "in_gazetteer": false,
        "type": null,
        "region": "Araby",
        "province": null,
        "estate": null,
        "population": 208,
        "population_estimated": true,
        "size_category": 1,
        "trade": null,
        "source": null,
        "tags": [],
        "notes": [],
        "history": {
          "province_2512": null,
          "province_2276": null,
          "ruler_2515": null,
          "ruler_2512": null,
          "ruler_2276": null
        },
        "wiki": {
          "title": null,
          "url": null,
          "description": null,
          "image": null
        },
        "svg_layer": "Araby"
      }
    },
    {
      "type": "Feature",
      "id": "text48-1",
      "geometry": {
        "type": "Point",
        "coordinates": [
          -27.510391,
          25.244185
        ]
      },
      "properties": {
        "id": "text48-1",
        "name": "Chebika",
        "category": "settlement",
        "dataset": "araby",
        "in_gazetteer": false,
        "type": null,
        "region": "Araby",
        "province": null,
        "estate": null,
        "population": 124,
        "population_estimated": true,
        "size_category": 1,
        "trade": null,
        "source": null,
        "tags": [],
        "notes": [],
        "history": {
          "province_2512": null,
          "province_2276": null,
          "ruler_2515": null,
          "ruler_2512": null,
          "ruler_2276": null
        },
        "wiki": {
          "title": null,
          "url": null,
          "description": null,
          "image": null
        },
        "svg_layer": "Araby"
      }
    },
    {
      "type": "Feature",
      "id": "text49-0",
      "geometry": {
        "type": "Point",
        "coordinates": [
          -27.666294,
          25.203896
        ]
      },
      "properties": {
        "id": "text49-0",
        "name": "Midis",
        "category": "settlement",
        "dataset": "araby",
        "in_gazetteer": false,
        "type": null,
        "region": "Araby",
        "province": null,
        "estate": null,
        "population": 83,
        "population_estimated": true,
        "size_category": 1,
        "trade": null,
        "source": null,
        "tags": [],
        "notes": [],
        "history": {
          "province_2512": null,
          "province_2276": null,
          "ruler_2515": null,
          "ruler_2512": null,
          "ruler_2276": null
        },
        "wiki": {
          "title": null,
          "url": null,
          "description": null,
          "image": null
        },
        "svg_layer": "Araby"
      }
    },
    {
      "type": "Feature",
      "id": "text50-6",
      "geometry": {
        "type": "Point",
        "coordinates": [
          -28.719081,
          22.61835
        ]
      },
      "properties": {
        "id": "text50-6",
        "name": "Tamaghza",
        "category": "settlement",
        "dataset": "araby",
        "in_gazetteer": false,
        "type": null,
        "region": "Araby",
        "province": null,
        "estate": null,
        "population": 138,
        "population_estimated": true,
        "size_category": 1,
        "trade": null,
        "source": null,
        "tags": [],
        "notes": [],
        "history": {
          "province_2512": null,
          "province_2276": null,
          "ruler_2515": null,
          "ruler_2512": null,
          "ruler_2276": null
        },
        "wiki": {
          "title": null,
          "url": null,
          "description": null,
          "image": null
        },
        "svg_layer": "Araby"
      }
    },
    {
      "type": "Feature",
      "id": "text51-0",
      "geometry": {
        "type": "Point",
        "coordinates": [
          -26.212366,
          21.546293
        ]
      },
      "properties": {
        "id": "text51-0",
        "name": "Hazoua",
        "category": "settlement",
        "dataset": "araby",
        "in_gazetteer": false,
        "type": null,
        "region": "Araby",
        "province": null,
        "estate": null,
        "population": 116,
        "population_estimated": true,
        "size_category": 1,
        "trade": null,
        "source": null,
        "tags": [],
        "notes": [],
        "history": {
          "province_2512": null,
          "province_2276": null,
          "ruler_2515": null,
          "ruler_2512": null,
          "ruler_2276": null
        },
        "wiki": {
          "title": null,
          "url": null,
          "description": null,
          "image": null
        },
        "svg_layer": "Araby"
      }
    },
    {
      "type": "Feature",
      "id": "text52-1",
      "geometry": {
        "type": "Point",
        "coordinates": [
          -21.006237,
          25.365055
        ]
      },
      "properties": {
        "id": "text52-1",
        "name": "Degache",
        "category": "settlement",
        "dataset": "araby",
        "in_gazetteer": false,
        "type": null,
        "region": "Araby",
        "province": null,
        "estate": null,
        "population": 242,
        "population_estimated": true,
        "size_category": 1,
        "trade": null,
        "source": null,
        "tags": [],
        "notes": [],
        "history": {
          "province_2512": null,
          "province_2276": null,
          "ruler_2515": null,
          "ruler_2512": null,
          "ruler_2276": null
        },
        "wiki": {
          "title": null,
          "url": null,
          "description": null,
          "image": null
        },
        "svg_layer": "Araby"
      }
    },
    {
      "type": "Feature",
      "id": "text53-9",
      "geometry": {
        "type": "Point",
        "coordinates": [
          -22.512383,
          25.062281
        ]
      },
      "properties": {
        "id": "text53-9",
        "name": "Zriba",
        "category": "settlement",
        "dataset": "araby",
        "in_gazetteer": false,
        "type": null,
        "region": "Araby",
        "province": null,
        "estate": null,
        "population": 136,
        "population_estimated": true,
        "size_category": 1,
        "trade": null,
        "source": null,
        "tags": [],
        "notes": [],
        "history": {
          "province_2512": null,
          "province_2276": null,
          "ruler_2515": null,
          "ruler_2512": null,
          "ruler_2276": null
        },
        "wiki": {
          "title": null,
          "url": null,
          "description": null,
          "image": null
        },
        "svg_layer": "Araby"
      }
    },
    {
      "type": "Feature",
      "id": "text55-4",
      "geometry": {
        "type": "Point",
        "coordinates": [
          -25.107025,
          25.808242
        ]
      },
      "properties": {
        "id": "text55-4",
        "name": "Takrouna",
        "category": "settlement",
        "dataset": "araby",
        "in_gazetteer": false,
        "type": null,
        "region": "Araby",
        "province": null,
        "estate": null,
        "population": 321,
        "population_estimated": true,
        "size_category": 2,
        "trade": null,
        "source": null,
        "tags": [],
        "notes": [],
        "history": {
          "province_2512": null,
          "province_2276": null,
          "ruler_2515": null,
          "ruler_2512": null,
          "ruler_2276": null
        },
        "wiki": {
          "title": null,
          "url": null,
          "description": null,
          "image": null
        },
        "svg_layer": "Araby"
      }
    },
    {
      "type": "Feature",
      "id": "text144-8",
      "geometry": {
        "type": "Point",
        "coordinates": [
          -19.229945,
          27.180383
        ]
      },
      "properties": {
        "id": "text144-8",
        "name": "Dehiba",
        "category": "settlement",
        "dataset": "araby",
        "in_gazetteer": false,
        "type": null,
        "region": "Araby",
        "province": null,
        "estate": null,
        "population": 244,
        "population_estimated": true,
        "size_category": 1,
        "trade": null,
        "source": null,
        "tags": [],
        "notes": [],
        "history": {
          "province_2512": null,
          "province_2276": null,
          "ruler_2515": null,
          "ruler_2512": null,
          "ruler_2276": null
        },
        "wiki": {
          "title": null,
          "url": null,
          "description": null,
          "image": null
        },
        "svg_layer": "Araby"
      }
    },
    {
      "type": "Feature",
      "id": "text145-8",
      "geometry": {
        "type": "Point",
        "coordinates": [
          -18.751823,
          26.945041
        ]
      },
      "properties": {
        "id": "text145-8",
        "name": "Remada",
        "category": "settlement",
        "dataset": "araby",
        "in_gazetteer": false,
        "type": null,
        "region": "Araby",
        "province": null,
        "estate": null,
        "population": 162,
        "population_estimated": true,
        "size_category": 1,
        "trade": null,
        "source": null,
        "tags": [],
        "notes": [],
        "history": {
          "province_2512": null,
          "province_2276": null,
          "ruler_2515": null,
          "ruler_2512": null,
          "ruler_2276": null
        },
        "wiki": {
          "title": null,
          "url": null,
          "description": null,
          "image": null
        },
        "svg_layer": "Araby"
      }
    },
    {
      "type": "Feature",
      "id": "text147-7",
      "geometry": {
        "type": "Point",
        "coordinates": [
          -20.582557,
          27.913667
        ]
      },
      "properties": {
        "id": "text147-7",
        "name": "El Goléa",
        "category": "settlement",
        "dataset": "araby",
        "in_gazetteer": false,
        "type": null,
        "region": "Araby",
        "province": null,
        "estate": null,
        "population": 290,
        "population_estimated": true,
        "size_category": 1,
        "trade": null,
        "source": null,
        "tags": [],
        "notes": [],
        "history": {
          "province_2512": null,
          "province_2276": null,
          "ruler_2515": null,
          "ruler_2512": null,
          "ruler_2276": null
        },
        "wiki": {
          "title": null,
          "url": null,
          "description": null,
          "image": null
        },
        "svg_layer": "Araby"
      }
    },
    {
      "type": "Feature",
      "id": "text148-3",
      "geometry": {
        "type": "Point",
        "coordinates": [
          -22.968209,
          23.707192
        ]
      },
      "properties": {
        "id": "text148-3",
        "name": "El Oued",
        "category": "settlement",
        "dataset": "araby",
        "in_gazetteer": false,
        "type": null,
        "region": "Araby",
        "province": null,
        "estate": null,
        "population": 145,
        "population_estimated": true,
        "size_category": 1,
        "trade": null,
        "source": null,
        "tags": [],
        "notes": [],
        "history": {
          "province_2512": null,
          "province_2276": null,
          "ruler_2515": null,
          "ruler_2512": null,
          "ruler_2276": null
        },
        "wiki": {
          "title": null,
          "url": null,
          "description": null,
          "image": null
        },
        "svg_layer": "Araby"
      }
    },
    {
      "type": "Feature",
      "id": "text149-3",
      "geometry": {
        "type": "Point",
        "coordinates": [
          -24.45188,
          26.871542
        ]
      },
      "properties": {
        "id": "text149-3",
        "name": "Laghouat",
        "category": "settlement",
        "dataset": "araby",
        "in_gazetteer": false,
        "type": null,
        "region": "Araby",
        "province": null,
        "estate": null,
        "population": 133,
        "population_estimated": true,
        "size_category": 1,
        "trade": null,
        "source": null,
        "tags": [],
        "notes": [],
        "history": {
          "province_2512": null,
          "province_2276": null,
          "ruler_2515": null,
          "ruler_2512": null,
          "ruler_2276": null
        },
        "wiki": {
          "title": null,
          "url": null,
          "description": null,
          "image": null
        },
        "svg_layer": "Araby"
      }
    },
    {
      "type": "Feature",
      "id": "text150-1",
      "geometry": {
        "type": "Point",
        "coordinates": [
          -19.4437,
          25.000697
        ]
      },
      "properties": {
        "id": "text150-1",
        "name": "El Bayadh",
        "category": "settlement",
        "dataset": "araby",
        "in_gazetteer": false,
        "type": null,
        "region": "Araby",
        "province": null,
        "estate": null,
        "population": 100,
        "population_estimated": true,
        "size_category": 1,
        "trade": null,
        "source": null,
        "tags": [],
        "notes": [],
        "history": {
          "province_2512": null,
          "province_2276": null,
          "ruler_2515": null,
          "ruler_2512": null,
          "ruler_2276": null
        },
        "wiki": {
          "title": null,
          "url": null,
          "description": null,
          "image": null
        },
        "svg_layer": "Araby"
      }
    },
    {
      "type": "Feature",
      "id": "text151-7",
      "geometry": {
        "type": "Point",
        "coordinates": [
          -27.522652,
          17.468276
        ]
      },
      "properties": {
        "id": "text151-7",
        "name": "Bou Saada",
        "category": "settlement",
        "dataset": "araby",
        "in_gazetteer": false,
        "type": null,
        "region": "Araby",
        "province": null,
        "estate": null,
        "population": 123,
        "population_estimated": true,
        "size_category": 1,
        "trade": null,
        "source": null,
        "tags": [],
        "notes": [],
        "history": {
          "province_2512": null,
          "province_2276": null,
          "ruler_2515": null,
          "ruler_2512": null,
          "ruler_2276": null
        },
        "wiki": {
          "title": null,
          "url": null,
          "description": null,
          "image": null
        },
        "svg_layer": "Araby"
      }
    },
    {
      "type": "Feature",
      "id": "text152-4",
      "geometry": {
        "type": "Point",
        "coordinates": [
          -29.24635,
          17.860663
        ]
      },
      "properties": {
        "id": "text152-4",
        "name": "Brezina",
        "category": "settlement",
        "dataset": "araby",
        "in_gazetteer": false,
        "type": null,
        "region": "Araby",
        "province": null,
        "estate": null,
        "population": 549,
        "population_estimated": true,
        "size_category": 2,
        "trade": null,
        "source": null,
        "tags": [],
        "notes": [],
        "history": {
          "province_2512": null,
          "province_2276": null,
          "ruler_2515": null,
          "ruler_2512": null,
          "ruler_2276": null
        },
        "wiki": {
          "title": null,
          "url": null,
          "description": null,
          "image": null
        },
        "svg_layer": "Araby"
      }
    },
    {
      "type": "Feature",
      "id": "text153-6",
      "geometry": {
        "type": "Point",
        "coordinates": [
          -28.811922,
          18.330126
        ]
      },
      "properties": {
        "id": "text153-6",
        "name": "Aflou",
        "category": "settlement",
        "dataset": "araby",
        "in_gazetteer": false,
        "type": null,
        "region": "Araby",
        "province": null,
        "estate": null,
        "population": 105,
        "population_estimated": true,
        "size_category": 1,
        "trade": null,
        "source": null,
        "tags": [],
        "notes": [],
        "history": {
          "province_2512": null,
          "province_2276": null,
          "ruler_2515": null,
          "ruler_2512": null,
          "ruler_2276": null
        },
        "wiki": {
          "title": null,
          "url": null,
          "description": null,
          "image": null
        },
        "svg_layer": "Araby"
      }
    },
    {
      "type": "Feature",
      "id": "text154-1",
      "geometry": {
        "type": "Point",
        "coordinates": [
          -28.195315,
          18.260056
        ]
      },
      "properties": {
        "id": "text154-1",
        "name": "Taghit",
        "category": "settlement",
        "dataset": "araby",
        "in_gazetteer": false,
        "type": null,
        "region": "Araby",
        "province": null,
        "estate": null,
        "population": 100,
        "population_estimated": true,
        "size_category": 1,
        "trade": null,
        "source": null,
        "tags": [],
        "notes": [],
        "history": {
          "province_2512": null,
          "province_2276": null,
          "ruler_2515": null,
          "ruler_2512": null,
          "ruler_2276": null
        },
        "wiki": {
          "title": null,
          "url": null,
          "description": null,
          "image": null
        },
        "svg_layer": "Araby"
      }
    },
    {
      "type": "Feature",
      "id": "text155-9",
      "geometry": {
        "type": "Point",
        "coordinates": [
          -33.688722,
          21.963202
        ]
      },
      "properties": {
        "id": "text155-9",
        "name": "Beni Abbes",
        "category": "settlement",
        "dataset": "araby",
        "in_gazetteer": false,
        "type": null,
        "region": "Araby",
        "province": null,
        "estate": null,
        "population": 135,
        "population_estimated": true,
        "size_category": 1,
        "trade": null,
        "source": null,
        "tags": [],
        "notes": [],
        "history": {
          "province_2512": null,
          "province_2276": null,
          "ruler_2515": null,
          "ruler_2512": null,
          "ruler_2276": null
        },
        "wiki": {
          "title": null,
          "url": null,
          "description": null,
          "image": null
        },
        "svg_layer": "Araby"
      }
    },
    {
      "type": "Feature",
      "id": "text156-6",
      "geometry": {
        "type": "Point",
        "coordinates": [
          -34.613633,
          20.877133
        ]
      },
      "properties": {
        "id": "text156-6",
        "name": "Timimoun",
        "category": "settlement",
        "dataset": "araby",
        "in_gazetteer": false,
        "type": null,
        "region": "Araby",
        "province": null,
        "estate": null,
        "population": 174,
        "population_estimated": true,
        "size_category": 1,
        "trade": null,
        "source": null,
        "tags": [],
        "notes": [],
        "history": {
          "province_2512": null,
          "province_2276": null,
          "ruler_2515": null,
          "ruler_2512": null,
          "ruler_2276": null
        },
        "wiki": {
          "title": null,
          "url": null,
          "description": null,
          "image": null
        },
        "svg_layer": "Araby"
      }
    },
    {
      "type": "Feature",
      "id": "text157-3",
      "geometry": {
        "type": "Point",
        "coordinates": [
          -34.900916,
          19.521299
        ]
      },
      "properties": {
        "id": "text157-3",
        "name": "Aoulef",
        "category": "settlement",
        "dataset": "araby",
        "in_gazetteer": false,
        "type": null,
        "region": "Araby",
        "province": null,
        "estate": null,
        "population": 268,
        "population_estimated": true,
        "size_category": 1,
        "trade": null,
        "source": null,
        "tags": [],
        "notes": [],
        "history": {
          "province_2512": null,
          "province_2276": null,
          "ruler_2515": null,
          "ruler_2512": null,
          "ruler_2276": null
        },
        "wiki": {
          "title": null,
          "url": null,
          "description": null,
          "image": null
        },
        "svg_layer": "Araby"
      }
    },
    {
      "type": "Feature",
      "id": "text158-8",
      "geometry": {
        "type": "Point",
        "coordinates": [
          -24.875739,
          13.770686
        ]
      },
      "properties": {
        "id": "text158-8",
        "name": "Tabelbala",
        "category": "settlement",
        "dataset": "araby",
        "in_gazetteer": false,
        "type": null,
        "region": "Araby",
        "province": null,
        "estate": null,
        "population": 159,
        "population_estimated": true,
        "size_category": 1,
        "trade": null,
        "source": null,
        "tags": [],
        "notes": [],
        "history": {
          "province_2512": null,
          "province_2276": null,
          "ruler_2515": null,
          "ruler_2512": null,
          "ruler_2276": null
        },
        "wiki": {
          "title": null,
          "url": null,
          "description": null,
          "image": null
        },
        "svg_layer": "Araby"
      }
    },
    {
      "type": "Feature",
      "id": "text159-9",
      "geometry": {
        "type": "Point",
        "coordinates": [
          -20.461168,
          27.817052
        ]
      },
      "properties": {
        "id": "text159-9",
        "name": "Guerrara",
        "category": "settlement",
        "dataset": "araby",
        "in_gazetteer": false,
        "type": null,
        "region": "Araby",
        "province": null,
        "estate": null,
        "population": 180,
        "population_estimated": true,
        "size_category": 1,
        "trade": null,
        "source": null,
        "tags": [],
        "notes": [],
        "history": {
          "province_2512": null,
          "province_2276": null,
          "ruler_2515": null,
          "ruler_2512": null,
          "ruler_2276": null
        },
        "wiki": {
          "title": null,
          "url": null,
          "description": null,
          "image": null
        },
        "svg_layer": "Araby"
      }
    },
    {
      "type": "Feature",
      "id": "text160-2",
      "geometry": {
        "type": "Point",
        "coordinates": [
          -9.739146,
          9.112553
        ]
      },
      "properties": {
        "id": "text160-2",
        "name": "Mhamid",
        "category": "settlement",
        "dataset": "araby",
        "in_gazetteer": false,
        "type": null,
        "region": "Araby",
        "province": null,
        "estate": null,
        "population": 83,
        "population_estimated": true,
        "size_category": 1,
        "trade": null,
        "source": null,
        "tags": [],
        "notes": [],
        "history": {
          "province_2512": null,
          "province_2276": null,
          "ruler_2515": null,
          "ruler_2512": null,
          "ruler_2276": null
        },
        "wiki": {
          "title": null,
          "url": null,
          "description": null,
          "image": null
        },
        "svg_layer": "Araby"
      }
    },
    {
      "type": "Feature",
      "id": "text161-5",
      "geometry": {
        "type": "Point",
        "coordinates": [
          -17.324891,
          14.494063
        ]
      },
      "properties": {
        "id": "text161-5",
        "name": "Merzouga",
        "category": "settlement",
        "dataset": "araby",
        "in_gazetteer": false,
        "type": null,
        "region": "Araby",
        "province": null,
        "estate": null,
        "population": 96,
        "population_estimated": true,
        "size_category": 1,
        "trade": null,
        "source": null,
        "tags": [],
        "notes": [],
        "history": {
          "province_2512": null,
          "province_2276": null,
          "ruler_2515": null,
          "ruler_2512": null,
          "ruler_2276": null
        },
        "wiki": {
          "title": null,
          "url": null,
          "description": null,
          "image": null
        },
        "svg_layer": "Araby"
      }
    },
    {
      "type": "Feature",
      "id": "text162-3",
      "geometry": {
        "type": "Point",
        "coordinates": [
          -25.182348,
          26.07626
        ]
      },
      "properties": {
        "id": "text162-3",
        "name": "Aghbalou",
        "category": "settlement",
        "dataset": "araby",
        "in_gazetteer": false,
        "type": null,
        "region": "Araby",
        "province": null,
        "estate": null,
        "population": 84,
        "population_estimated": true,
        "size_category": 1,
        "trade": null,
        "source": null,
        "tags": [],
        "notes": [],
        "history": {
          "province_2512": null,
          "province_2276": null,
          "ruler_2515": null,
          "ruler_2512": null,
          "ruler_2276": null
        },
        "wiki": {
          "title": null,
          "url": null,
          "description": null,
          "image": null
        },
        "svg_layer": "Araby"
      }
    },
    {
      "type": "Feature",
      "id": "text163-7",
      "geometry": {
        "type": "Point",
        "coordinates": [
          -10.734126,
          22.085824
        ]
      },
      "properties": {
        "id": "text163-7",
        "name": "Al-Dakhla",
        "category": "settlement",
        "dataset": "araby",
        "in_gazetteer": false,
        "type": null,
        "region": "Araby",
        "province": null,
        "estate": null,
        "population": 434,
        "population_estimated": true,
        "size_category": 2,
        "trade": null,
        "source": null,
        "tags": [],
        "notes": [],
        "history": {
          "province_2512": null,
          "province_2276": null,
          "ruler_2515": null,
          "ruler_2512": null,
          "ruler_2276": null
        },
        "wiki": {
          "title": null,
          "url": null,
          "description": null,
          "image": null
        },
        "svg_layer": "Araby"
      }
    },
    {
      "type": "Feature",
      "id": "text164-3",
      "geometry": {
        "type": "Point",
        "coordinates": [
          -10.415312,
          21.844084
        ]
      },
      "properties": {
        "id": "text164-3",
        "name": "Al-Kharga",
        "category": "settlement",
        "dataset": "araby",
        "in_gazetteer": false,
        "type": null,
        "region": "Araby",
        "province": null,
        "estate": null,
        "population": 782,
        "population_estimated": true,
        "size_category": 2,
        "trade": null,
        "source": null,
        "tags": [],
        "notes": [],
        "history": {
          "province_2512": null,
          "province_2276": null,
          "ruler_2515": null,
          "ruler_2512": null,
          "ruler_2276": null
        },
        "wiki": {
          "title": null,
          "url": null,
          "description": null,
          "image": null
        },
        "svg_layer": "Araby"
      }
    },
    {
      "type": "Feature",
      "id": "text165-0",
      "geometry": {
        "type": "Point",
        "coordinates": [
          -10.856746,
          19.174456
        ]
      },
      "properties": {
        "id": "text165-0",
        "name": "Al-Farafra",
        "category": "settlement",
        "dataset": "araby",
        "in_gazetteer": false,
        "type": null,
        "region": "Araby",
        "province": null,
        "estate": null,
        "population": 223,
        "population_estimated": true,
        "size_category": 1,
        "trade": null,
        "source": null,
        "tags": [],
        "notes": [],
        "history": {
          "province_2512": null,
          "province_2276": null,
          "ruler_2515": null,
          "ruler_2512": null,
          "ruler_2276": null
        },
        "wiki": {
          "title": null,
          "url": null,
          "description": null,
          "image": null
        },
        "svg_layer": "Araby"
      }
    },
    {
      "type": "Feature",
      "id": "text166-8",
      "geometry": {
        "type": "Point",
        "coordinates": [
          -11.431312,
          18.754043
        ]
      },
      "properties": {
        "id": "text166-8",
        "name": "Bawiti",
        "category": "settlement",
        "dataset": "araby",
        "in_gazetteer": false,
        "type": null,
        "region": "Araby",
        "province": null,
        "estate": null,
        "population": 122,
        "population_estimated": true,
        "size_category": 1,
        "trade": null,
        "source": null,
        "tags": [],
        "notes": [],
        "history": {
          "province_2512": null,
          "province_2276": null,
          "ruler_2515": null,
          "ruler_2512": null,
          "ruler_2276": null
        },
        "wiki": {
          "title": null,
          "url": null,
          "description": null,
          "image": null
        },
        "svg_layer": "Araby"
      }
    },
    {
      "type": "Feature",
      "id": "text167-6",
      "geometry": {
        "type": "Point",
        "coordinates": [
          -11.817825,
          25.780705
        ]
      },
      "properties": {
        "id": "text167-6",
        "name": "Balat",
        "category": "settlement",
        "dataset": "araby",
        "in_gazetteer": false,
        "type": null,
        "region": "Araby",
        "province": null,
        "estate": null,
        "population": 124,
        "population_estimated": true,
        "size_category": 1,
        "trade": null,
        "source": null,
        "tags": [],
        "notes": [],
        "history": {
          "province_2512": null,
          "province_2276": null,
          "ruler_2515": null,
          "ruler_2512": null,
          "ruler_2276": null
        },
        "wiki": {
          "title": null,
          "url": null,
          "description": null,
          "image": null
        },
        "svg_layer": "Araby"
      }
    },
    {
      "type": "Feature",
      "id": "text168-1",
      "geometry": {
        "type": "Point",
        "coordinates": [
          -11.434815,
          13.341213
        ]
      },
      "properties": {
        "id": "text168-1",
        "name": "Baris",
        "category": "settlement",
        "dataset": "araby",
        "in_gazetteer": false,
        "type": null,
        "region": "Araby",
        "province": null,
        "estate": null,
        "population": 74,
        "population_estimated": true,
        "size_category": 1,
        "trade": null,
        "source": null,
        "tags": [],
        "notes": [],
        "history": {
          "province_2512": null,
          "province_2276": null,
          "ruler_2515": null,
          "ruler_2512": null,
          "ruler_2276": null
        },
        "wiki": {
          "title": null,
          "url": null,
          "description": null,
          "image": null
        },
        "svg_layer": "Araby"
      }
    },
    {
      "type": "Feature",
      "id": "text172-7",
      "geometry": {
        "type": "Point",
        "coordinates": [
          -22.533741,
          28.975353
        ]
      },
      "properties": {
        "id": "text172-7",
        "name": "Marsa Alam",
        "category": "settlement",
        "dataset": "araby",
        "in_gazetteer": false,
        "type": null,
        "region": "Araby",
        "province": null,
        "estate": null,
        "population": 185,
        "population_estimated": true,
        "size_category": 1,
        "trade": null,
        "source": null,
        "tags": [],
        "notes": [],
        "history": {
          "province_2512": null,
          "province_2276": null,
          "ruler_2515": null,
          "ruler_2512": null,
          "ruler_2276": null
        },
        "wiki": {
          "title": null,
          "url": null,
          "description": null,
          "image": null
        },
        "svg_layer": "Araby"
      }
    },
    {
      "type": "Feature",
      "id": "text173-2",
      "geometry": {
        "type": "Point",
        "coordinates": [
          -34.960879,
          22.798018
        ]
      },
      "properties": {
        "id": "text173-2",
        "name": "Ras Ghareb",
        "category": "settlement",
        "dataset": "araby",
        "in_gazetteer": false,
        "type": null,
        "region": "Araby",
        "province": null,
        "estate": null,
        "population": 290,
        "population_estimated": true,
        "size_category": 1,
        "trade": null,
        "source": null,
        "tags": [],
        "notes": [],
        "history": {
          "province_2512": null,
          "province_2276": null,
          "ruler_2515": null,
          "ruler_2512": null,
          "ruler_2276": null
        },
        "wiki": {
          "title": null,
          "url": null,
          "description": null,
          "image": null
        },
        "svg_layer": "Araby"
      }
    },
    {
      "type": "Feature",
      "id": "text174-2",
      "geometry": {
        "type": "Point",
        "coordinates": [
          -33.908019,
          21.958206
        ]
      },
      "properties": {
        "id": "text174-2",
        "name": "Nazlat as-Simman",
        "category": "settlement",
        "dataset": "araby",
        "in_gazetteer": false,
        "type": null,
        "region": "Araby",
        "province": null,
        "estate": null,
        "population": 154,
        "population_estimated": true,
        "size_category": 1,
        "trade": null,
        "source": null,
        "tags": [],
        "notes": [],
        "history": {
          "province_2512": null,
          "province_2276": null,
          "ruler_2515": null,
          "ruler_2512": null,
          "ruler_2276": null
        },
        "wiki": {
          "title": null,
          "url": null,
          "description": null,
          "image": null
        },
        "svg_layer": "Araby"
      }
    },
    {
      "type": "Feature",
      "id": "text175-9",
      "geometry": {
        "type": "Point",
        "coordinates": [
          -30.806424,
          23.1275
        ]
      },
      "properties": {
        "id": "text175-9",
        "name": "Kafr Hakim",
        "category": "settlement",
        "dataset": "araby",
        "in_gazetteer": false,
        "type": null,
        "region": "Araby",
        "province": null,
        "estate": null,
        "population": 184,
        "population_estimated": true,
        "size_category": 1,
        "trade": null,
        "source": null,
        "tags": [],
        "notes": [],
        "history": {
          "province_2512": null,
          "province_2276": null,
          "ruler_2515": null,
          "ruler_2512": null,
          "ruler_2276": null
        },
        "wiki": {
          "title": null,
          "url": null,
          "description": null,
          "image": null
        },
        "svg_layer": "Araby"
      }
    },
    {
      "type": "Feature",
      "id": "text176-7",
      "geometry": {
        "type": "Point",
        "coordinates": [
          -30.216824,
          22.807929
        ]
      },
      "properties": {
        "id": "text176-7",
        "name": "Manshiyat Nasir",
        "category": "settlement",
        "dataset": "araby",
        "in_gazetteer": false,
        "type": null,
        "region": "Araby",
        "province": null,
        "estate": null,
        "population": 419,
        "population_estimated": true,
        "size_category": 2,
        "trade": null,
        "source": null,
        "tags": [],
        "notes": [],
        "history": {
          "province_2512": null,
          "province_2276": null,
          "ruler_2515": null,
          "ruler_2512": null,
          "ruler_2276": null
        },
        "wiki": {
          "title": null,
          "url": null,
          "description": null,
          "image": null
        },
        "svg_layer": "Araby"
      }
    },
    {
      "type": "Feature",
      "id": "text177-1",
      "geometry": {
        "type": "Point",
        "coordinates": [
          -29.097079,
          22.575056
        ]
      },
      "properties": {
        "id": "text177-1",
        "name": "Naj' Hammadi",
        "category": "settlement",
        "dataset": "araby",
        "in_gazetteer": false,
        "type": null,
        "region": "Araby",
        "province": null,
        "estate": null,
        "population": 81,
        "population_estimated": true,
        "size_category": 1,
        "trade": null,
        "source": null,
        "tags": [],
        "notes": [],
        "history": {
          "province_2512": null,
          "province_2276": null,
          "ruler_2515": null,
          "ruler_2512": null,
          "ruler_2276": null
        },
        "wiki": {
          "title": null,
          "url": null,
          "description": null,
          "image": null
        },
        "svg_layer": "Araby"
      }
    },
    {
      "type": "Feature",
      "id": "text178-8",
      "geometry": {
        "type": "Point",
        "coordinates": [
          -28.571888,
          22.582488
        ]
      },
      "properties": {
        "id": "text178-8",
        "name": "Sanabu",
        "category": "settlement",
        "dataset": "araby",
        "in_gazetteer": false,
        "type": null,
        "region": "Araby",
        "province": null,
        "estate": null,
        "population": 90,
        "population_estimated": true,
        "size_category": 1,
        "trade": null,
        "source": null,
        "tags": [],
        "notes": [],
        "history": {
          "province_2512": null,
          "province_2276": null,
          "ruler_2515": null,
          "ruler_2512": null,
          "ruler_2276": null
        },
        "wiki": {
          "title": null,
          "url": null,
          "description": null,
          "image": null
        },
        "svg_layer": "Araby"
      }
    },
    {
      "type": "Feature",
      "id": "text179-1",
      "geometry": {
        "type": "Point",
        "coordinates": [
          -30.130118,
          22.716268
        ]
      },
      "properties": {
        "id": "text179-1",
        "name": "Abnub",
        "category": "settlement",
        "dataset": "araby",
        "in_gazetteer": false,
        "type": null,
        "region": "Araby",
        "province": null,
        "estate": null,
        "population": 136,
        "population_estimated": true,
        "size_category": 1,
        "trade": null,
        "source": null,
        "tags": [],
        "notes": [],
        "history": {
          "province_2512": null,
          "province_2276": null,
          "ruler_2515": null,
          "ruler_2512": null,
          "ruler_2276": null
        },
        "wiki": {
          "title": null,
          "url": null,
          "description": null,
          "image": null
        },
        "svg_layer": "Araby"
      }
    },
    {
      "type": "Feature",
      "id": "text180-4",
      "geometry": {
        "type": "Point",
        "coordinates": [
          -30.645399,
          23.115112
        ]
      },
      "properties": {
        "id": "text180-4",
        "name": "Ballas",
        "category": "settlement",
        "dataset": "araby",
        "in_gazetteer": false,
        "type": null,
        "region": "Araby",
        "province": null,
        "estate": null,
        "population": 106,
        "population_estimated": true,
        "size_category": 1,
        "trade": null,
        "source": null,
        "tags": [],
        "notes": [],
        "history": {
          "province_2512": null,
          "province_2276": null,
          "ruler_2515": null,
          "ruler_2512": null,
          "ruler_2276": null
        },
        "wiki": {
          "title": null,
          "url": null,
          "description": null,
          "image": null
        },
        "svg_layer": "Araby"
      }
    },
    {
      "type": "Feature",
      "id": "text181-5",
      "geometry": {
        "type": "Point",
        "coordinates": [
          -24.018589,
          26.870721
        ]
      },
      "properties": {
        "id": "text181-5",
        "name": "Wadi Halfa",
        "category": "settlement",
        "dataset": "araby",
        "in_gazetteer": false,
        "type": null,
        "region": "Araby",
        "province": null,
        "estate": null,
        "population": 83,
        "population_estimated": true,
        "size_category": 1,
        "trade": null,
        "source": null,
        "tags": [],
        "notes": [],
        "history": {
          "province_2512": null,
          "province_2276": null,
          "ruler_2515": null,
          "ruler_2512": null,
          "ruler_2276": null
        },
        "wiki": {
          "title": null,
          "url": null,
          "description": null,
          "image": null
        },
        "svg_layer": "Araby"
      }
    },
    {
      "type": "Feature",
      "id": "text182-6",
      "geometry": {
        "type": "Point",
        "coordinates": [
          -25.653616,
          28.872382
        ]
      },
      "properties": {
        "id": "text182-6",
        "name": "Suakin",
        "category": "settlement",
        "dataset": "araby",
        "in_gazetteer": false,
        "type": null,
        "region": "Araby",
        "province": null,
        "estate": null,
        "population": 194,
        "population_estimated": true,
        "size_category": 1,
        "trade": null,
        "source": null,
        "tags": [],
        "notes": [],
        "history": {
          "province_2512": null,
          "province_2276": null,
          "ruler_2515": null,
          "ruler_2512": null,
          "ruler_2276": null
        },
        "wiki": {
          "title": null,
          "url": null,
          "description": null,
          "image": null
        },
        "svg_layer": "Araby"
      }
    },
    {
      "type": "Feature",
      "id": "text183-6",
      "geometry": {
        "type": "Point",
        "coordinates": [
          -24.509096,
          25.789371
        ]
      },
      "properties": {
        "id": "text183-6",
        "name": "Sinkat",
        "category": "settlement",
        "dataset": "araby",
        "in_gazetteer": false,
        "type": null,
        "region": "Araby",
        "province": null,
        "estate": null,
        "population": 362,
        "population_estimated": true,
        "size_category": 2,
        "trade": null,
        "source": null,
        "tags": [],
        "notes": [],
        "history": {
          "province_2512": null,
          "province_2276": null,
          "ruler_2515": null,
          "ruler_2512": null,
          "ruler_2276": null
        },
        "wiki": {
          "title": null,
          "url": null,
          "description": null,
          "image": null
        },
        "svg_layer": "Araby"
      }
    },
    {
      "type": "Feature",
      "id": "text184-3",
      "geometry": {
        "type": "Point",
        "coordinates": [
          -21.826168,
          24.175403
        ]
      },
      "properties": {
        "id": "text184-3",
        "name": "Sodari",
        "category": "settlement",
        "dataset": "araby",
        "in_gazetteer": false,
        "type": null,
        "region": "Araby",
        "province": null,
        "estate": null,
        "population": 109,
        "population_estimated": true,
        "size_category": 1,
        "trade": null,
        "source": null,
        "tags": [],
        "notes": [],
        "history": {
          "province_2512": null,
          "province_2276": null,
          "ruler_2515": null,
          "ruler_2512": null,
          "ruler_2276": null
        },
        "wiki": {
          "title": null,
          "url": null,
          "description": null,
          "image": null
        },
        "svg_layer": "Araby"
      }
    },
    {
      "type": "Feature",
      "id": "text185-2",
      "geometry": {
        "type": "Point",
        "coordinates": [
          -21.533845,
          24.693159
        ]
      },
      "properties": {
        "id": "text185-2",
        "name": "Al-Sabkha",
        "category": "settlement",
        "dataset": "araby",
        "in_gazetteer": false,
        "type": null,
        "region": "Araby",
        "province": null,
        "estate": null,
        "population": 86,
        "population_estimated": true,
        "size_category": 1,
        "trade": null,
        "source": null,
        "tags": [],
        "notes": [],
        "history": {
          "province_2512": null,
          "province_2276": null,
          "ruler_2515": null,
          "ruler_2512": null,
          "ruler_2276": null
        },
        "wiki": {
          "title": null,
          "url": null,
          "description": null,
          "image": null
        },
        "svg_layer": "Araby"
      }
    },
    {
      "type": "Feature",
      "id": "text186-6",
      "geometry": {
        "type": "Point",
        "coordinates": [
          -13.957299,
          22.1629
        ]
      },
      "properties": {
        "id": "text186-6",
        "name": "Al-Sukhnah",
        "category": "settlement",
        "dataset": "araby",
        "in_gazetteer": false,
        "type": null,
        "region": "Araby",
        "province": null,
        "estate": null,
        "population": 134,
        "population_estimated": true,
        "size_category": 1,
        "trade": null,
        "source": null,
        "tags": [],
        "notes": [],
        "history": {
          "province_2512": null,
          "province_2276": null,
          "ruler_2515": null,
          "ruler_2512": null,
          "ruler_2276": null
        },
        "wiki": {
          "title": null,
          "url": null,
          "description": null,
          "image": null
        },
        "svg_layer": "Araby"
      }
    },
    {
      "type": "Feature",
      "id": "text187-8",
      "geometry": {
        "type": "Point",
        "coordinates": [
          -11.85523,
          17.202016
        ]
      },
      "properties": {
        "id": "text187-8",
        "name": "Arak",
        "category": "settlement",
        "dataset": "araby",
        "in_gazetteer": false,
        "type": null,
        "region": "Araby",
        "province": null,
        "estate": null,
        "population": 91,
        "population_estimated": true,
        "size_category": 1,
        "trade": null,
        "source": null,
        "tags": [],
        "notes": [],
        "history": {
          "province_2512": null,
          "province_2276": null,
          "ruler_2515": null,
          "ruler_2512": null,
          "ruler_2276": null
        },
        "wiki": {
          "title": null,
          "url": null,
          "description": null,
          "image": null
        },
        "svg_layer": "Araby"
      }
    },
    {
      "type": "Feature",
      "id": "text188-1",
      "geometry": {
        "type": "Point",
        "coordinates": [
          -24.011777,
          27.013169
        ]
      },
      "properties": {
        "id": "text188-1",
        "name": "Al-Qaryatayn",
        "category": "settlement",
        "dataset": "araby",
        "in_gazetteer": false,
        "type": null,
        "region": "Araby",
        "province": null,
        "estate": null,
        "population": 145,
        "population_estimated": true,
        "size_category": 1,
        "trade": null,
        "source": null,
        "tags": [],
        "notes": [],
        "history": {
          "province_2512": null,
          "province_2276": null,
          "ruler_2515": null,
          "ruler_2512": null,
          "ruler_2276": null
        },
        "wiki": {
          "title": null,
          "url": null,
          "description": null,
          "image": null
        },
        "svg_layer": "Araby"
      }
    },
    {
      "type": "Feature",
      "id": "text189-9",
      "geometry": {
        "type": "Point",
        "coordinates": [
          -24.466984,
          26.049491
        ]
      },
      "properties": {
        "id": "text189-9",
        "name": "Bab al-Hawa",
        "category": "settlement",
        "dataset": "araby",
        "in_gazetteer": false,
        "type": null,
        "region": "Araby",
        "province": null,
        "estate": null,
        "population": 91,
        "population_estimated": true,
        "size_category": 1,
        "trade": null,
        "source": null,
        "tags": [],
        "notes": [],
        "history": {
          "province_2512": null,
          "province_2276": null,
          "ruler_2515": null,
          "ruler_2512": null,
          "ruler_2276": null
        },
        "wiki": {
          "title": null,
          "url": null,
          "description": null,
          "image": null
        },
        "svg_layer": "Araby"
      }
    },
    {
      "type": "Feature",
      "id": "text190-6",
      "geometry": {
        "type": "Point",
        "coordinates": [
          -24.298526,
          26.605649
        ]
      },
      "properties": {
        "id": "text190-6",
        "name": "Jisr al-Shughur",
        "category": "settlement",
        "dataset": "araby",
        "in_gazetteer": false,
        "type": null,
        "region": "Araby",
        "province": null,
        "estate": null,
        "population": 125,
        "population_estimated": true,
        "size_category": 1,
        "trade": null,
        "source": null,
        "tags": [],
        "notes": [],
        "history": {
          "province_2512": null,
          "province_2276": null,
          "ruler_2515": null,
          "ruler_2512": null,
          "ruler_2276": null
        },
        "wiki": {
          "title": null,
          "url": null,
          "description": null,
          "image": null
        },
        "svg_layer": "Araby"
      }
    },
    {
      "type": "Feature",
      "id": "text191-9",
      "geometry": {
        "type": "Point",
        "coordinates": [
          -24.856528,
          26.312739
        ]
      },
      "properties": {
        "id": "text191-9",
        "name": "Tell Rifaat",
        "category": "settlement",
        "dataset": "araby",
        "in_gazetteer": false,
        "type": null,
        "region": "Araby",
        "province": null,
        "estate": null,
        "population": 151,
        "population_estimated": true,
        "size_category": 1,
        "trade": null,
        "source": null,
        "tags": [],
        "notes": [],
        "history": {
          "province_2512": null,
          "province_2276": null,
          "ruler_2515": null,
          "ruler_2512": null,
          "ruler_2276": null
        },
        "wiki": {
          "title": null,
          "url": null,
          "description": null,
          "image": null
        },
        "svg_layer": "Araby"
      }
    },
    {
      "type": "Feature",
      "id": "text192-2",
      "geometry": {
        "type": "Point",
        "coordinates": [
          -24.856528,
          26.512437
        ]
      },
      "properties": {
        "id": "text192-2",
        "name": "Darkush",
        "category": "settlement",
        "dataset": "araby",
        "in_gazetteer": false,
        "type": null,
        "region": "Araby",
        "province": null,
        "estate": null,
        "population": 93,
        "population_estimated": true,
        "size_category": 1,
        "trade": null,
        "source": null,
        "tags": [],
        "notes": [],
        "history": {
          "province_2512": null,
          "province_2276": null,
          "ruler_2515": null,
          "ruler_2512": null,
          "ruler_2276": null
        },
        "wiki": {
          "title": null,
          "url": null,
          "description": null,
          "image": null
        },
        "svg_layer": "Araby"
      }
    },
    {
      "type": "Feature",
      "id": "text193-0",
      "geometry": {
        "type": "Point",
        "coordinates": [
          -24.532459,
          25.824007
        ]
      },
      "properties": {
        "id": "text193-0",
        "name": "Salqin",
        "category": "settlement",
        "dataset": "araby",
        "in_gazetteer": false,
        "type": null,
        "region": "Araby",
        "province": null,
        "estate": null,
        "population": 191,
        "population_estimated": true,
        "size_category": 1,
        "trade": null,
        "source": null,
        "tags": [],
        "notes": [],
        "history": {
          "province_2512": null,
          "province_2276": null,
          "ruler_2515": null,
          "ruler_2512": null,
          "ruler_2276": null
        },
        "wiki": {
          "title": null,
          "url": null,
          "description": null,
          "image": null
        },
        "svg_layer": "Araby"
      }
    },
    {
      "type": "Feature",
      "id": "text194-9",
      "geometry": {
        "type": "Point",
        "coordinates": [
          -24.553479,
          25.519209
        ]
      },
      "properties": {
        "id": "text194-9",
        "name": "Sarmada",
        "category": "settlement",
        "dataset": "araby",
        "in_gazetteer": false,
        "type": null,
        "region": "Araby",
        "province": null,
        "estate": null,
        "population": 82,
        "population_estimated": true,
        "size_category": 1,
        "trade": null,
        "source": null,
        "tags": [],
        "notes": [],
        "history": {
          "province_2512": null,
          "province_2276": null,
          "ruler_2515": null,
          "ruler_2512": null,
          "ruler_2276": null
        },
        "wiki": {
          "title": null,
          "url": null,
          "description": null,
          "image": null
        },
        "svg_layer": "Araby"
      }
    },
    {
      "type": "Feature",
      "id": "text195-8",
      "geometry": {
        "type": "Point",
        "coordinates": [
          -24.793466,
          24.923622
        ]
      },
      "properties": {
        "id": "text195-8",
        "name": "Mashta al-Helu",
        "category": "settlement",
        "dataset": "araby",
        "in_gazetteer": false,
        "type": null,
        "region": "Araby",
        "province": null,
        "estate": null,
        "population": 102,
        "population_estimated": true,
        "size_category": 1,
        "trade": null,
        "source": null,
        "tags": [],
        "notes": [],
        "history": {
          "province_2512": null,
          "province_2276": null,
          "ruler_2515": null,
          "ruler_2512": null,
          "ruler_2276": null
        },
        "wiki": {
          "title": null,
          "url": null,
          "description": null,
          "image": null
        },
        "svg_layer": "Araby"
      }
    },
    {
      "type": "Feature",
      "id": "text197-3",
      "geometry": {
        "type": "Point",
        "coordinates": [
          -24.264445,
          25.25645
        ]
      },
      "properties": {
        "id": "text197-3",
        "name": "Qadmus",
        "category": "settlement",
        "dataset": "araby",
        "in_gazetteer": false,
        "type": null,
        "region": "Araby",
        "province": null,
        "estate": null,
        "population": 160,
        "population_estimated": true,
        "size_category": 1,
        "trade": null,
        "source": null,
        "tags": [],
        "notes": [],
        "history": {
          "province_2512": null,
          "province_2276": null,
          "ruler_2515": null,
          "ruler_2512": null,
          "ruler_2276": null
        },
        "wiki": {
          "title": null,
          "url": null,
          "description": null,
          "image": null
        },
        "svg_layer": "Araby"
      }
    },
    {
      "type": "Feature",
      "id": "text198-5",
      "geometry": {
        "type": "Point",
        "coordinates": [
          -25.6921,
          24.991936
        ]
      },
      "properties": {
        "id": "text198-5",
        "name": "Draykish",
        "category": "settlement",
        "dataset": "araby",
        "in_gazetteer": false,
        "type": null,
        "region": "Araby",
        "province": null,
        "estate": null,
        "population": 416,
        "population_estimated": true,
        "size_category": 2,
        "trade": null,
        "source": null,
        "tags": [],
        "notes": [],
        "history": {
          "province_2512": null,
          "province_2276": null,
          "ruler_2515": null,
          "ruler_2512": null,
          "ruler_2276": null
        },
        "wiki": {
          "title": null,
          "url": null,
          "description": null,
          "image": null
        },
        "svg_layer": "Araby"
      }
    },
    {
      "type": "Feature",
      "id": "text199-5",
      "geometry": {
        "type": "Point",
        "coordinates": [
          -26.217619,
          26.097277
        ]
      },
      "properties": {
        "id": "text199-5",
        "name": "Kafroun",
        "category": "settlement",
        "dataset": "araby",
        "in_gazetteer": false,
        "type": null,
        "region": "Araby",
        "province": null,
        "estate": null,
        "population": 91,
        "population_estimated": true,
        "size_category": 1,
        "trade": null,
        "source": null,
        "tags": [],
        "notes": [],
        "history": {
          "province_2512": null,
          "province_2276": null,
          "ruler_2515": null,
          "ruler_2512": null,
          "ruler_2276": null
        },
        "wiki": {
          "title": null,
          "url": null,
          "description": null,
          "image": null
        },
        "svg_layer": "Araby"
      }
    },
    {
      "type": "Feature",
      "id": "text200-6",
      "geometry": {
        "type": "Point",
        "coordinates": [
          -24.422101,
          26.181361
        ]
      },
      "properties": {
        "id": "text200-6",
        "name": "Al-Ashara",
        "category": "settlement",
        "dataset": "araby",
        "in_gazetteer": false,
        "type": null,
        "region": "Araby",
        "province": null,
        "estate": null,
        "population": 148,
        "population_estimated": true,
        "size_category": 1,
        "trade": null,
        "source": null,
        "tags": [],
        "notes": [],
        "history": {
          "province_2512": null,
          "province_2276": null,
          "ruler_2515": null,
          "ruler_2512": null,
          "ruler_2276": null
        },
        "wiki": {
          "title": null,
          "url": null,
          "description": null,
          "image": null
        },
        "svg_layer": "Araby"
      }
    },
    {
      "type": "Feature",
      "id": "text201-7",
      "geometry": {
        "type": "Point",
        "coordinates": [
          -24.525452,
          26.640311
        ]
      },
      "properties": {
        "id": "text201-7",
        "name": "Sarrin",
        "category": "settlement",
        "dataset": "araby",
        "in_gazetteer": false,
        "type": null,
        "region": "Araby",
        "province": null,
        "estate": null,
        "population": 131,
        "population_estimated": true,
        "size_category": 1,
        "trade": null,
        "source": null,
        "tags": [],
        "notes": [],
        "history": {
          "province_2512": null,
          "province_2276": null,
          "ruler_2515": null,
          "ruler_2512": null,
          "ruler_2276": null
        },
        "wiki": {
          "title": null,
          "url": null,
          "description": null,
          "image": null
        },
        "svg_layer": "Araby"
      }
    },
    {
      "type": "Feature",
      "id": "text202-2",
      "geometry": {
        "type": "Point",
        "coordinates": [
          -25.21388,
          24.713416
        ]
      },
      "properties": {
        "id": "text202-2",
        "name": "Marjayoun",
        "category": "settlement",
        "dataset": "araby",
        "in_gazetteer": false,
        "type": null,
        "region": "Araby",
        "province": null,
        "estate": null,
        "population": 85,
        "population_estimated": true,
        "size_category": 1,
        "trade": null,
        "source": null,
        "tags": [],
        "notes": [],
        "history": {
          "province_2512": null,
          "province_2276": null,
          "ruler_2515": null,
          "ruler_2512": null,
          "ruler_2276": null
        },
        "wiki": {
          "title": null,
          "url": null,
          "description": null,
          "image": null
        },
        "svg_layer": "Araby"
      }
    },
    {
      "type": "Feature",
      "id": "text203-4",
      "geometry": {
        "type": "Point",
        "coordinates": [
          -26.292944,
          24.10907
        ]
      },
      "properties": {
        "id": "text203-4",
        "name": "Bint Jbeil",
        "category": "settlement",
        "dataset": "araby",
        "in_gazetteer": false,
        "type": null,
        "region": "Araby",
        "province": null,
        "estate": null,
        "population": 167,
        "population_estimated": true,
        "size_category": 1,
        "trade": null,
        "source": null,
        "tags": [],
        "notes": [],
        "history": {
          "province_2512": null,
          "province_2276": null,
          "ruler_2515": null,
          "ruler_2512": null,
          "ruler_2276": null
        },
        "wiki": {
          "title": null,
          "url": null,
          "description": null,
          "image": null
        },
        "svg_layer": "Araby"
      }
    },
    {
      "type": "Feature",
      "id": "text204-9",
      "geometry": {
        "type": "Point",
        "coordinates": [
          -26.005661,
          24.156364
        ]
      },
      "properties": {
        "id": "text204-9",
        "name": "Machghara",
        "category": "settlement",
        "dataset": "araby",
        "in_gazetteer": false,
        "type": null,
        "region": "Araby",
        "province": null,
        "estate": null,
        "population": 107,
        "population_estimated": true,
        "size_category": 1,
        "trade": null,
        "source": null,
        "tags": [],
        "notes": [],
        "history": {
          "province_2512": null,
          "province_2276": null,
          "ruler_2515": null,
          "ruler_2512": null,
          "ruler_2276": null
        },
        "wiki": {
          "title": null,
          "url": null,
          "description": null,
          "image": null
        },
        "svg_layer": "Araby"
      }
    },
    {
      "type": "Feature",
      "id": "text205-9",
      "geometry": {
        "type": "Point",
        "coordinates": [
          -22.4917,
          25.543734
        ]
      },
      "properties": {
        "id": "text205-9",
        "name": "Ras Baalbek",
        "category": "settlement",
        "dataset": "araby",
        "in_gazetteer": false,
        "type": null,
        "region": "Araby",
        "province": null,
        "estate": null,
        "population": 409,
        "population_estimated": true,
        "size_category": 2,
        "trade": null,
        "source": null,
        "tags": [],
        "notes": [],
        "history": {
          "province_2512": null,
          "province_2276": null,
          "ruler_2515": null,
          "ruler_2512": null,
          "ruler_2276": null
        },
        "wiki": {
          "title": null,
          "url": null,
          "description": null,
          "image": null
        },
        "svg_layer": "Araby"
      }
    },
    {
      "type": "Feature",
      "id": "text206-2",
      "geometry": {
        "type": "Point",
        "coordinates": [
          -22.721175,
          27.531942
        ]
      },
      "properties": {
        "id": "text206-2",
        "name": "Chmistar",
        "category": "settlement",
        "dataset": "araby",
        "in_gazetteer": false,
        "type": null,
        "region": "Araby",
        "province": null,
        "estate": null,
        "population": 91,
        "population_estimated": true,
        "size_category": 1,
        "trade": null,
        "source": null,
        "tags": [],
        "notes": [],
        "history": {
          "province_2512": null,
          "province_2276": null,
          "ruler_2515": null,
          "ruler_2512": null,
          "ruler_2276": null
        },
        "wiki": {
          "title": null,
          "url": null,
          "description": null,
          "image": null
        },
        "svg_layer": "Araby"
      }
    },
    {
      "type": "Feature",
      "id": "text207-5",
      "geometry": {
        "type": "Point",
        "coordinates": [
          -22.866568,
          28.236135
        ]
      },
      "properties": {
        "id": "text207-5",
        "name": "Umm al-Jimal",
        "category": "settlement",
        "dataset": "araby",
        "in_gazetteer": false,
        "type": null,
        "region": "Araby",
        "province": null,
        "estate": null,
        "population": 78,
        "population_estimated": true,
        "size_category": 1,
        "trade": null,
        "source": null,
        "tags": [],
        "notes": [],
        "history": {
          "province_2512": null,
          "province_2276": null,
          "ruler_2515": null,
          "ruler_2512": null,
          "ruler_2276": null
        },
        "wiki": {
          "title": null,
          "url": null,
          "description": null,
          "image": null
        },
        "svg_layer": "Araby"
      }
    },
    {
      "type": "Feature",
      "id": "text208-9",
      "geometry": {
        "type": "Point",
        "coordinates": [
          -22.715921,
          28.462104
        ]
      },
      "properties": {
        "id": "text208-9",
        "name": "Umm ar-Rasas",
        "category": "settlement",
        "dataset": "araby",
        "in_gazetteer": false,
        "type": null,
        "region": "Araby",
        "province": null,
        "estate": null,
        "population": 356,
        "population_estimated": true,
        "size_category": 2,
        "trade": null,
        "source": null,
        "tags": [],
        "notes": [],
        "history": {
          "province_2512": null,
          "province_2276": null,
          "ruler_2515": null,
          "ruler_2512": null,
          "ruler_2276": null
        },
        "wiki": {
          "title": null,
          "url": null,
          "description": null,
          "image": null
        },
        "svg_layer": "Araby"
      }
    },
    {
      "type": "Feature",
      "id": "text209-2",
      "geometry": {
        "type": "Point",
        "coordinates": [
          -22.803506,
          28.6653
        ]
      },
      "properties": {
        "id": "text209-2",
        "name": "Al-Azraq",
        "category": "settlement",
        "dataset": "araby",
        "in_gazetteer": false,
        "type": null,
        "region": "Araby",
        "province": null,
        "estate": null,
        "population": 117,
        "population_estimated": true,
        "size_category": 1,
        "trade": null,
        "source": null,
        "tags": [],
        "notes": [],
        "history": {
          "province_2512": null,
          "province_2276": null,
          "ruler_2515": null,
          "ruler_2512": null,
          "ruler_2276": null
        },
        "wiki": {
          "title": null,
          "url": null,
          "description": null,
          "image": null
        },
        "svg_layer": "Araby"
      }
    },
    {
      "type": "Feature",
      "id": "text210-0",
      "geometry": {
        "type": "Point",
        "coordinates": [
          -16.942237,
          26.396823
        ]
      },
      "properties": {
        "id": "text210-0",
        "name": "Al-Mafraq",
        "category": "settlement",
        "dataset": "araby",
        "in_gazetteer": false,
        "type": null,
        "region": "Araby",
        "province": null,
        "estate": null,
        "population": 164,
        "population_estimated": true,
        "size_category": 1,
        "trade": null,
        "source": null,
        "tags": [],
        "notes": [],
        "history": {
          "province_2512": null,
          "province_2276": null,
          "ruler_2515": null,
          "ruler_2512": null,
          "ruler_2276": null
        },
        "wiki": {
          "title": null,
          "url": null,
          "description": null,
          "image": null
        },
        "svg_layer": "Araby"
      }
    },
    {
      "type": "Feature",
      "id": "text211-3",
      "geometry": {
        "type": "Point",
        "coordinates": [
          -16.968158,
          24.829413
        ]
      },
      "properties": {
        "id": "text211-3",
        "name": "Al-Humayma",
        "category": "settlement",
        "dataset": "araby",
        "in_gazetteer": false,
        "type": null,
        "region": "Araby",
        "province": null,
        "estate": null,
        "population": 242,
        "population_estimated": true,
        "size_category": 1,
        "trade": null,
        "source": null,
        "tags": [],
        "notes": [],
        "history": {
          "province_2512": null,
          "province_2276": null,
          "ruler_2515": null,
          "ruler_2512": null,
          "ruler_2276": null
        },
        "wiki": {
          "title": null,
          "url": null,
          "description": null,
          "image": null
        },
        "svg_layer": "Araby"
      }
    },
    {
      "type": "Feature",
      "id": "text212-3",
      "geometry": {
        "type": "Point",
        "coordinates": [
          -15.932642,
          23.779033
        ]
      },
      "properties": {
        "id": "text212-3",
        "name": "Al-Quwayra",
        "category": "settlement",
        "dataset": "araby",
        "in_gazetteer": false,
        "type": null,
        "region": "Araby",
        "province": null,
        "estate": null,
        "population": 57,
        "population_estimated": true,
        "size_category": 1,
        "trade": null,
        "source": null,
        "tags": [],
        "notes": [],
        "history": {
          "province_2512": null,
          "province_2276": null,
          "ruler_2515": null,
          "ruler_2512": null,
          "ruler_2276": null
        },
        "wiki": {
          "title": null,
          "url": null,
          "description": null,
          "image": null
        },
        "svg_layer": "Araby"
      }
    },
    {
      "type": "Feature",
      "id": "text213-6",
      "geometry": {
        "type": "Point",
        "coordinates": [
          -10.576693,
          19.973879
        ]
      },
      "properties": {
        "id": "text213-6",
        "name": "Al-Ruwayshid",
        "category": "settlement",
        "dataset": "araby",
        "in_gazetteer": false,
        "type": null,
        "region": "Araby",
        "province": null,
        "estate": null,
        "population": 113,
        "population_estimated": true,
        "size_category": 1,
        "trade": null,
        "source": null,
        "tags": [],
        "notes": [],
        "history": {
          "province_2512": null,
          "province_2276": null,
          "ruler_2515": null,
          "ruler_2512": null,
          "ruler_2276": null
        },
        "wiki": {
          "title": null,
          "url": null,
          "description": null,
          "image": null
        },
        "svg_layer": "Araby"
      }
    },
    {
      "type": "Feature",
      "id": "text214-9",
      "geometry": {
        "type": "Point",
        "coordinates": [
          -10.774878,
          20.994529
        ]
      },
      "properties": {
        "id": "text214-9",
        "name": "Burqu",
        "category": "settlement",
        "dataset": "araby",
        "in_gazetteer": false,
        "type": null,
        "region": "Araby",
        "province": null,
        "estate": null,
        "population": 130,
        "population_estimated": true,
        "size_category": 1,
        "trade": null,
        "source": null,
        "tags": [],
        "notes": [],
        "history": {
          "province_2512": null,
          "province_2276": null,
          "ruler_2515": null,
          "ruler_2512": null,
          "ruler_2276": null
        },
        "wiki": {
          "title": null,
          "url": null,
          "description": null,
          "image": null
        },
        "svg_layer": "Araby"
      }
    },
    {
      "type": "Feature",
      "id": "text215-7",
      "geometry": {
        "type": "Point",
        "coordinates": [
          -28.928623,
          25.126691
        ]
      },
      "properties": {
        "id": "text215-7",
        "name": "Za'tara",
        "category": "settlement",
        "dataset": "araby",
        "in_gazetteer": false,
        "type": null,
        "region": "Araby",
        "province": null,
        "estate": null,
        "population": 322,
        "population_estimated": true,
        "size_category": 2,
        "trade": null,
        "source": null,
        "tags": [],
        "notes": [],
        "history": {
          "province_2512": null,
          "province_2276": null,
          "ruler_2515": null,
          "ruler_2512": null,
          "ruler_2276": null
        },
        "wiki": {
          "title": null,
          "url": null,
          "description": null,
          "image": null
        },
        "svg_layer": "Araby"
      }
    },
    {
      "type": "Feature",
      "id": "text217-5",
      "geometry": {
        "type": "Point",
        "coordinates": [
          -28.505001,
          25.035029
        ]
      },
      "properties": {
        "id": "text217-5",
        "name": "Al-Ula",
        "category": "settlement",
        "dataset": "araby",
        "in_gazetteer": false,
        "type": null,
        "region": "Araby",
        "province": null,
        "estate": null,
        "population": 137,
        "population_estimated": true,
        "size_category": 1,
        "trade": null,
        "source": null,
        "tags": [],
        "notes": [],
        "history": {
          "province_2512": null,
          "province_2276": null,
          "ruler_2515": null,
          "ruler_2512": null,
          "ruler_2276": null
        },
        "wiki": {
          "title": null,
          "url": null,
          "description": null,
          "image": null
        },
        "svg_layer": "Araby"
      }
    },
    {
      "type": "Feature",
      "id": "text218-6",
      "geometry": {
        "type": "Point",
        "coordinates": [
          -30.107823,
          23.234024
        ]
      },
      "properties": {
        "id": "text218-6",
        "name": "Tayma",
        "category": "settlement",
        "dataset": "araby",
        "in_gazetteer": false,
        "type": null,
        "region": "Araby",
        "province": null,
        "estate": null,
        "population": 164,
        "population_estimated": true,
        "size_category": 1,
        "trade": null,
        "source": null,
        "tags": [],
        "notes": [],
        "history": {
          "province_2512": null,
          "province_2276": null,
          "ruler_2515": null,
          "ruler_2512": null,
          "ruler_2276": null
        },
        "wiki": {
          "title": null,
          "url": null,
          "description": null,
          "image": null
        },
        "svg_layer": "Araby"
      }
    },
    {
      "type": "Feature",
      "id": "text219-5",
      "geometry": {
        "type": "Point",
        "coordinates": [
          -29.902206,
          25.448742
        ]
      },
      "properties": {
        "id": "text219-5",
        "name": "Al-Wajh",
        "category": "settlement",
        "dataset": "araby",
        "in_gazetteer": false,
        "type": null,
        "region": "Araby",
        "province": null,
        "estate": null,
        "population": 216,
        "population_estimated": true,
        "size_category": 1,
        "trade": null,
        "source": null,
        "tags": [],
        "notes": [],
        "history": {
          "province_2512": null,
          "province_2276": null,
          "ruler_2515": null,
          "ruler_2512": null,
          "ruler_2276": null
        },
        "wiki": {
          "title": null,
          "url": null,
          "description": null,
          "image": null
        },
        "svg_layer": "Araby"
      }
    },
    {
      "type": "Feature",
      "id": "text220-2",
      "geometry": {
        "type": "Point",
        "coordinates": [
          -29.961662,
          25.409106
        ]
      },
      "properties": {
        "id": "text220-2",
        "name": "Umluj",
        "category": "settlement",
        "dataset": "araby",
        "in_gazetteer": false,
        "type": null,
        "region": "Araby",
        "province": null,
        "estate": null,
        "population": 216,
        "population_estimated": true,
        "size_category": 1,
        "trade": null,
        "source": null,
        "tags": [],
        "notes": [],
        "history": {
          "province_2512": null,
          "province_2276": null,
          "ruler_2515": null,
          "ruler_2512": null,
          "ruler_2276": null
        },
        "wiki": {
          "title": null,
          "url": null,
          "description": null,
          "image": null
        },
        "svg_layer": "Araby"
      }
    },
    {
      "type": "Feature",
      "id": "text221-4",
      "geometry": {
        "type": "Point",
        "coordinates": [
          -30.08305,
          25.711339
        ]
      },
      "properties": {
        "id": "text221-4",
        "name": "Al-Qunfudhah",
        "category": "settlement",
        "dataset": "araby",
        "in_gazetteer": false,
        "type": null,
        "region": "Araby",
        "province": null,
        "estate": null,
        "population": 87,
        "population_estimated": true,
        "size_category": 1,
        "trade": null,
        "source": null,
        "tags": [],
        "notes": [],
        "history": {
          "province_2512": null,
          "province_2276": null,
          "ruler_2515": null,
          "ruler_2512": null,
          "ruler_2276": null
        },
        "wiki": {
          "title": null,
          "url": null,
          "description": null,
          "image": null
        },
        "svg_layer": "Araby"
      }
    },
    {
      "type": "Feature",
      "id": "text222-1",
      "geometry": {
        "type": "Point",
        "coordinates": [
          -30.519057,
          25.057324
        ]
      },
      "properties": {
        "id": "text222-1",
        "name": "Rijal Alma",
        "category": "settlement",
        "dataset": "araby",
        "in_gazetteer": false,
        "type": null,
        "region": "Araby",
        "province": null,
        "estate": null,
        "population": 97,
        "population_estimated": true,
        "size_category": 1,
        "trade": null,
        "source": null,
        "tags": [],
        "notes": [],
        "history": {
          "province_2512": null,
          "province_2276": null,
          "ruler_2515": null,
          "ruler_2512": null,
          "ruler_2276": null
        },
        "wiki": {
          "title": null,
          "url": null,
          "description": null,
          "image": null
        },
        "svg_layer": "Araby"
      }
    },
    {
      "type": "Feature",
      "id": "text223-1",
      "geometry": {
        "type": "Point",
        "coordinates": [
          -28.596661,
          23.870693
        ]
      },
      "properties": {
        "id": "text223-1",
        "name": "Al-Namas",
        "category": "settlement",
        "dataset": "araby",
        "in_gazetteer": false,
        "type": null,
        "region": "Araby",
        "province": null,
        "estate": null,
        "population": 554,
        "population_estimated": true,
        "size_category": 2,
        "trade": null,
        "source": null,
        "tags": [],
        "notes": [],
        "history": {
          "province_2512": null,
          "province_2276": null,
          "ruler_2515": null,
          "ruler_2512": null,
          "ruler_2276": null
        },
        "wiki": {
          "title": null,
          "url": null,
          "description": null,
          "image": null
        },
        "svg_layer": "Araby"
      }
    },
    {
      "type": "Feature",
      "id": "text224-3",
      "geometry": {
        "type": "Point",
        "coordinates": [
          -29.547951,
          25.188622
        ]
      },
      "properties": {
        "id": "text224-3",
        "name": "Ushayqir",
        "category": "settlement",
        "dataset": "araby",
        "in_gazetteer": false,
        "type": null,
        "region": "Araby",
        "province": null,
        "estate": null,
        "population": 134,
        "population_estimated": true,
        "size_category": 1,
        "trade": null,
        "source": null,
        "tags": [],
        "notes": [],
        "history": {
          "province_2512": null,
          "province_2276": null,
          "ruler_2515": null,
          "ruler_2512": null,
          "ruler_2276": null
        },
        "wiki": {
          "title": null,
          "url": null,
          "description": null,
          "image": null
        },
        "svg_layer": "Araby"
      }
    },
    {
      "type": "Feature",
      "id": "text225-5",
      "geometry": {
        "type": "Point",
        "coordinates": [
          -22.09124,
          17.655112
        ]
      },
      "properties": {
        "id": "text225-5",
        "name": "Hawtat Bani Tamim",
        "category": "settlement",
        "dataset": "araby",
        "in_gazetteer": false,
        "type": null,
        "region": "Araby",
        "province": null,
        "estate": null,
        "population": 113,
        "population_estimated": true,
        "size_category": 1,
        "trade": null,
        "source": null,
        "tags": [],
        "notes": [],
        "history": {
          "province_2512": null,
          "province_2276": null,
          "ruler_2515": null,
          "ruler_2512": null,
          "ruler_2276": null
        },
        "wiki": {
          "title": null,
          "url": null,
          "description": null,
          "image": null
        },
        "svg_layer": "Araby"
      }
    },
    {
      "type": "Feature",
      "id": "text226-3",
      "geometry": {
        "type": "Point",
        "coordinates": [
          -24.849521,
          20.929689
        ]
      },
      "properties": {
        "id": "text226-3",
        "name": "Rawdat Sudayr",
        "category": "settlement",
        "dataset": "araby",
        "in_gazetteer": false,
        "type": null,
        "region": "Araby",
        "province": null,
        "estate": null,
        "population": 306,
        "population_estimated": true,
        "size_category": 2,
        "trade": null,
        "source": null,
        "tags": [],
        "notes": [],
        "history": {
          "province_2512": null,
          "province_2276": null,
          "ruler_2515": null,
          "ruler_2512": null,
          "ruler_2276": null
        },
        "wiki": {
          "title": null,
          "url": null,
          "description": null,
          "image": null
        },
        "svg_layer": "Araby"
      }
    },
    {
      "type": "Feature",
      "id": "text227-8",
      "geometry": {
        "type": "Point",
        "coordinates": [
          -24.632307,
          20.838596
        ]
      },
      "properties": {
        "id": "text227-8",
        "name": "Uyun al-Jiwa",
        "category": "settlement",
        "dataset": "araby",
        "in_gazetteer": false,
        "type": null,
        "region": "Araby",
        "province": null,
        "estate": null,
        "population": 230,
        "population_estimated": true,
        "size_category": 1,
        "trade": null,
        "source": null,
        "tags": [],
        "notes": [],
        "history": {
          "province_2512": null,
          "province_2276": null,
          "ruler_2515": null,
          "ruler_2512": null,
          "ruler_2276": null
        },
        "wiki": {
          "title": null,
          "url": null,
          "description": null,
          "image": null
        },
        "svg_layer": "Araby"
      }
    },
    {
      "type": "Feature",
      "id": "text228-5",
      "geometry": {
        "type": "Point",
        "coordinates": [
          -36.218214,
          15.863698
        ]
      },
      "properties": {
        "id": "text228-5",
        "name": "Uqlat as-Suqur",
        "category": "settlement",
        "dataset": "araby",
        "in_gazetteer": false,
        "type": null,
        "region": "Araby",
        "province": null,
        "estate": null,
        "population": 129,
        "population_estimated": true,
        "size_category": 1,
        "trade": null,
        "source": null,
        "tags": [],
        "notes": [],
        "history": {
          "province_2512": null,
          "province_2276": null,
          "ruler_2515": null,
          "ruler_2512": null,
          "ruler_2276": null
        },
        "wiki": {
          "title": null,
          "url": null,
          "description": null,
          "image": null
        },
        "svg_layer": "Araby"
      }
    },
    {
      "type": "Feature",
      "id": "text229-6",
      "geometry": {
        "type": "Point",
        "coordinates": [
          -35.349356,
          18.070874
        ]
      },
      "properties": {
        "id": "text229-6",
        "name": "Riyadh al-Khabra",
        "category": "settlement",
        "dataset": "araby",
        "in_gazetteer": false,
        "type": null,
        "region": "Araby",
        "province": null,
        "estate": null,
        "population": 166,
        "population_estimated": true,
        "size_category": 1,
        "trade": null,
        "source": null,
        "tags": [],
        "notes": [],
        "history": {
          "province_2512": null,
          "province_2276": null,
          "ruler_2515": null,
          "ruler_2512": null,
          "ruler_2276": null
        },
        "wiki": {
          "title": null,
          "url": null,
          "description": null,
          "image": null
        },
        "svg_layer": "Araby"
      }
    },
    {
      "type": "Feature",
      "id": "text230-8",
      "geometry": {
        "type": "Point",
        "coordinates": [
          -33.828857,
          18.547342
        ]
      },
      "properties": {
        "id": "text230-8",
        "name": "Al-Rass",
        "category": "settlement",
        "dataset": "araby",
        "in_gazetteer": false,
        "type": null,
        "region": "Araby",
        "province": null,
        "estate": null,
        "population": 108,
        "population_estimated": true,
        "size_category": 1,
        "trade": null,
        "source": null,
        "tags": [],
        "notes": [],
        "history": {
          "province_2512": null,
          "province_2276": null,
          "ruler_2515": null,
          "ruler_2512": null,
          "ruler_2276": null
        },
        "wiki": {
          "title": null,
          "url": null,
          "description": null,
          "image": null
        },
        "svg_layer": "Araby"
      }
    },
    {
      "type": "Feature",
      "id": "text231-2",
      "geometry": {
        "type": "Point",
        "coordinates": [
          -8.143972,
          8.558425
        ]
      },
      "properties": {
        "id": "text231-2",
        "name": "Al-Ghazalah",
        "category": "settlement",
        "dataset": "araby",
        "in_gazetteer": false,
        "type": null,
        "region": "Araby",
        "province": null,
        "estate": null,
        "population": 109,
        "population_estimated": true,
        "size_category": 1,
        "trade": null,
        "source": null,
        "tags": [],
        "notes": [],
        "history": {
          "province_2512": null,
          "province_2276": null,
          "ruler_2515": null,
          "ruler_2512": null,
          "ruler_2276": null
        },
        "wiki": {
          "title": null,
          "url": null,
          "description": null,
          "image": null
        },
        "svg_layer": "Araby"
      }
    },
    {
      "type": "Feature",
      "id": "text232-4",
      "geometry": {
        "type": "Point",
        "coordinates": [
          -8.078511,
          9.823756
        ]
      },
      "properties": {
        "id": "text232-4",
        "name": "Jubbah",
        "category": "settlement",
        "dataset": "araby",
        "in_gazetteer": false,
        "type": null,
        "region": "Araby",
        "province": null,
        "estate": null,
        "population": 134,
        "population_estimated": true,
        "size_category": 1,
        "trade": null,
        "source": null,
        "tags": [],
        "notes": [],
        "history": {
          "province_2512": null,
          "province_2276": null,
          "ruler_2515": null,
          "ruler_2512": null,
          "ruler_2276": null
        },
        "wiki": {
          "title": null,
          "url": null,
          "description": null,
          "image": null
        },
        "svg_layer": "Araby"
      }
    },
    {
      "type": "Feature",
      "id": "text233-2",
      "geometry": {
        "type": "Point",
        "coordinates": [
          -12.957389,
          7.676498
        ]
      },
      "properties": {
        "id": "text233-2",
        "name": "Sumayra",
        "category": "settlement",
        "dataset": "araby",
        "in_gazetteer": false,
        "type": null,
        "region": "Araby",
        "province": null,
        "estate": null,
        "population": 76,
        "population_estimated": true,
        "size_category": 1,
        "trade": null,
        "source": null,
        "tags": [],
        "notes": [],
        "history": {
          "province_2512": null,
          "province_2276": null,
          "ruler_2515": null,
          "ruler_2512": null,
          "ruler_2276": null
        },
        "wiki": {
          "title": null,
          "url": null,
          "description": null,
          "image": null
        },
        "svg_layer": "Araby"
      }
    },
    {
      "type": "Feature",
      "id": "text234-1",
      "geometry": {
        "type": "Point",
        "coordinates": [
          -30.749329,
          21.907147
        ]
      },
      "properties": {
        "id": "text234-1",
        "name": "Mawqaq",
        "category": "settlement",
        "dataset": "araby",
        "in_gazetteer": false,
        "type": null,
        "region": "Araby",
        "province": null,
        "estate": null,
        "population": 71,
        "population_estimated": true,
        "size_category": 1,
        "trade": null,
        "source": null,
        "tags": [],
        "notes": [],
        "history": {
          "province_2512": null,
          "province_2276": null,
          "ruler_2515": null,
          "ruler_2512": null,
          "ruler_2276": null
        },
        "wiki": {
          "title": null,
          "url": null,
          "description": null,
          "image": null
        },
        "svg_layer": "Araby"
      }
    },
    {
      "type": "Feature",
      "id": "text235-0",
      "geometry": {
        "type": "Point",
        "coordinates": [
          -30.314899,
          23.280502
        ]
      },
      "properties": {
        "id": "text235-0",
        "name": "Linah",
        "category": "settlement",
        "dataset": "araby",
        "in_gazetteer": false,
        "type": null,
        "region": "Araby",
        "province": null,
        "estate": null,
        "population": 167,
        "population_estimated": true,
        "size_category": 1,
        "trade": null,
        "source": null,
        "tags": [],
        "notes": [],
        "history": {
          "province_2512": null,
          "province_2276": null,
          "ruler_2515": null,
          "ruler_2512": null,
          "ruler_2276": null
        },
        "wiki": {
          "title": null,
          "url": null,
          "description": null,
          "image": null
        },
        "svg_layer": "Araby"
      }
    },
    {
      "type": "Feature",
      "id": "text236-6",
      "geometry": {
        "type": "Point",
        "coordinates": [
          -30.63722,
          24.096806
        ]
      },
      "properties": {
        "id": "text236-6",
        "name": "Al-Hutaymil",
        "category": "settlement",
        "dataset": "araby",
        "in_gazetteer": false,
        "type": null,
        "region": "Araby",
        "province": null,
        "estate": null,
        "population": 108,
        "population_estimated": true,
        "size_category": 1,
        "trade": null,
        "source": null,
        "tags": [],
        "notes": [],
        "history": {
          "province_2512": null,
          "province_2276": null,
          "ruler_2515": null,
          "ruler_2512": null,
          "ruler_2276": null
        },
        "wiki": {
          "title": null,
          "url": null,
          "description": null,
          "image": null
        },
        "svg_layer": "Araby"
      }
    },
    {
      "type": "Feature",
      "id": "text237-9",
      "geometry": {
        "type": "Point",
        "coordinates": [
          -29.053659,
          23.953167
        ]
      },
      "properties": {
        "id": "text237-9",
        "name": "Thadiq",
        "category": "settlement",
        "dataset": "araby",
        "in_gazetteer": false,
        "type": null,
        "region": "Araby",
        "province": null,
        "estate": null,
        "population": 93,
        "population_estimated": true,
        "size_category": 1,
        "trade": null,
        "source": null,
        "tags": [],
        "notes": [],
        "history": {
          "province_2512": null,
          "province_2276": null,
          "ruler_2515": null,
          "ruler_2512": null,
          "ruler_2276": null
        },
        "wiki": {
          "title": null,
          "url": null,
          "description": null,
          "image": null
        },
        "svg_layer": "Araby"
      }
    },
    {
      "type": "Feature",
      "id": "text238-9",
      "geometry": {
        "type": "Point",
        "coordinates": [
          -30.686266,
          23.164888
        ]
      },
      "properties": {
        "id": "text238-9",
        "name": "Sadus",
        "category": "settlement",
        "dataset": "araby",
        "in_gazetteer": false,
        "type": null,
        "region": "Araby",
        "province": null,
        "estate": null,
        "population": 135,
        "population_estimated": true,
        "size_category": 1,
        "trade": null,
        "source": null,
        "tags": [],
        "notes": [],
        "history": {
          "province_2512": null,
          "province_2276": null,
          "ruler_2515": null,
          "ruler_2512": null,
          "ruler_2276": null
        },
        "wiki": {
          "title": null,
          "url": null,
          "description": null,
          "image": null
        },
        "svg_layer": "Araby"
      }
    },
    {
      "type": "Feature",
      "id": "text239-4",
      "geometry": {
        "type": "Point",
        "coordinates": [
          -29.137743,
          25.070764
        ]
      },
      "properties": {
        "id": "text239-4",
        "name": "Marat",
        "category": "settlement",
        "dataset": "araby",
        "in_gazetteer": false,
        "type": null,
        "region": "Araby",
        "province": null,
        "estate": null,
        "population": 461,
        "population_estimated": true,
        "size_category": 2,
        "trade": null,
        "source": null,
        "tags": [],
        "notes": [],
        "history": {
          "province_2512": null,
          "province_2276": null,
          "ruler_2515": null,
          "ruler_2512": null,
          "ruler_2276": null
        },
        "wiki": {
          "title": null,
          "url": null,
          "description": null,
          "image": null
        },
        "svg_layer": "Araby"
      }
    },
    {
      "type": "Feature",
      "id": "text240-0",
      "geometry": {
        "type": "Point",
        "coordinates": [
          -29.659756,
          25.582271
        ]
      },
      "properties": {
        "id": "text240-0",
        "name": "Dhurma",
        "category": "settlement",
        "dataset": "araby",
        "in_gazetteer": false,
        "type": null,
        "region": "Araby",
        "province": null,
        "estate": null,
        "population": 422,
        "population_estimated": true,
        "size_category": 2,
        "trade": null,
        "source": null,
        "tags": [],
        "notes": [],
        "history": {
          "province_2512": null,
          "province_2276": null,
          "ruler_2515": null,
          "ruler_2512": null,
          "ruler_2276": null
        },
        "wiki": {
          "title": null,
          "url": null,
          "description": null,
          "image": null
        },
        "svg_layer": "Araby"
      }
    },
    {
      "type": "Feature",
      "id": "text241-9",
      "geometry": {
        "type": "Point",
        "coordinates": [
          -29.004611,
          26.191874
        ]
      },
      "properties": {
        "id": "text241-9",
        "name": "Al-Tumayr",
        "category": "settlement",
        "dataset": "araby",
        "in_gazetteer": false,
        "type": null,
        "region": "Araby",
        "province": null,
        "estate": null,
        "population": 98,
        "population_estimated": true,
        "size_category": 1,
        "trade": null,
        "source": null,
        "tags": [],
        "notes": [],
        "history": {
          "province_2512": null,
          "province_2276": null,
          "ruler_2515": null,
          "ruler_2512": null,
          "ruler_2276": null
        },
        "wiki": {
          "title": null,
          "url": null,
          "description": null,
          "image": null
        },
        "svg_layer": "Araby"
      }
    },
    {
      "type": "Feature",
      "id": "text242-3",
      "geometry": {
        "type": "Point",
        "coordinates": [
          -27.217852,
          27.151816
        ]
      },
      "properties": {
        "id": "text242-3",
        "name": "Kawkaban",
        "category": "settlement",
        "dataset": "araby",
        "in_gazetteer": false,
        "type": null,
        "region": "Araby",
        "province": null,
        "estate": null,
        "population": 113,
        "population_estimated": true,
        "size_category": 1,
        "trade": null,
        "source": null,
        "tags": [],
        "notes": [],
        "history": {
          "province_2512": null,
          "province_2276": null,
          "ruler_2515": null,
          "ruler_2512": null,
          "ruler_2276": null
        },
        "wiki": {
          "title": null,
          "url": null,
          "description": null,
          "image": null
        },
        "svg_layer": "Araby"
      }
    },
    {
      "type": "Feature",
      "id": "text243-2",
      "geometry": {
        "type": "Point",
        "coordinates": [
          -26.965603,
          27.256921
        ]
      },
      "properties": {
        "id": "text243-2",
        "name": "Thula",
        "category": "settlement",
        "dataset": "araby",
        "in_gazetteer": false,
        "type": null,
        "region": "Araby",
        "province": null,
        "estate": null,
        "population": 230,
        "population_estimated": true,
        "size_category": 1,
        "trade": null,
        "source": null,
        "tags": [],
        "notes": [],
        "history": {
          "province_2512": null,
          "province_2276": null,
          "ruler_2515": null,
          "ruler_2512": null,
          "ruler_2276": null
        },
        "wiki": {
          "title": null,
          "url": null,
          "description": null,
          "image": null
        },
        "svg_layer": "Araby"
      }
    },
    {
      "type": "Feature",
      "id": "text244-8",
      "geometry": {
        "type": "Point",
        "coordinates": [
          -27.603232,
          27.064231
        ]
      },
      "properties": {
        "id": "text244-8",
        "name": "Hababah",
        "category": "settlement",
        "dataset": "araby",
        "in_gazetteer": false,
        "type": null,
        "region": "Araby",
        "province": null,
        "estate": null,
        "population": 201,
        "population_estimated": true,
        "size_category": 1,
        "trade": null,
        "source": null,
        "tags": [],
        "notes": [],
        "history": {
          "province_2512": null,
          "province_2276": null,
          "ruler_2515": null,
          "ruler_2512": null,
          "ruler_2276": null
        },
        "wiki": {
          "title": null,
          "url": null,
          "description": null,
          "image": null
        },
        "svg_layer": "Araby"
      }
    },
    {
      "type": "Feature",
      "id": "text245-5",
      "geometry": {
        "type": "Point",
        "coordinates": [
          -20.629626,
          26.053209
        ]
      },
      "properties": {
        "id": "text245-5",
        "name": "Manakhah",
        "category": "settlement",
        "dataset": "araby",
        "in_gazetteer": false,
        "type": null,
        "region": "Araby",
        "province": null,
        "estate": null,
        "population": 218,
        "population_estimated": true,
        "size_category": 1,
        "trade": null,
        "source": null,
        "tags": [],
        "notes": [],
        "history": {
          "province_2512": null,
          "province_2276": null,
          "ruler_2515": null,
          "ruler_2512": null,
          "ruler_2276": null
        },
        "wiki": {
          "title": null,
          "url": null,
          "description": null,
          "image": null
        },
        "svg_layer": "Araby"
      }
    },
    {
      "type": "Feature",
      "id": "text246-1",
      "geometry": {
        "type": "Point",
        "coordinates": [
          -20.96654,
          25.661792
        ]
      },
      "properties": {
        "id": "text246-1",
        "name": "Bayt Baws",
        "category": "settlement",
        "dataset": "araby",
        "in_gazetteer": false,
        "type": null,
        "region": "Araby",
        "province": null,
        "estate": null,
        "population": 198,
        "population_estimated": true,
        "size_category": 1,
        "trade": null,
        "source": null,
        "tags": [],
        "notes": [],
        "history": {
          "province_2512": null,
          "province_2276": null,
          "ruler_2515": null,
          "ruler_2512": null,
          "ruler_2276": null
        },
        "wiki": {
          "title": null,
          "url": null,
          "description": null,
          "image": null
        },
        "svg_layer": "Araby"
      }
    },
    {
      "type": "Feature",
      "id": "text247-5",
      "geometry": {
        "type": "Point",
        "coordinates": [
          -20.048044,
          27.77105
        ]
      },
      "properties": {
        "id": "text247-5",
        "name": "Al-Mahwit",
        "category": "settlement",
        "dataset": "araby",
        "in_gazetteer": false,
        "type": null,
        "region": "Araby",
        "province": null,
        "estate": null,
        "population": 81,
        "population_estimated": true,
        "size_category": 1,
        "trade": null,
        "source": null,
        "tags": [],
        "notes": [],
        "history": {
          "province_2512": null,
          "province_2276": null,
          "ruler_2515": null,
          "ruler_2512": null,
          "ruler_2276": null
        },
        "wiki": {
          "title": null,
          "url": null,
          "description": null,
          "image": null
        },
        "svg_layer": "Araby"
      }
    },
    {
      "type": "Feature",
      "id": "text248-4",
      "geometry": {
        "type": "Point",
        "coordinates": [
          -23.851038,
          26.601778
        ]
      },
      "properties": {
        "id": "text248-4",
        "name": "Jibla",
        "category": "settlement",
        "dataset": "araby",
        "in_gazetteer": false,
        "type": null,
        "region": "Araby",
        "province": null,
        "estate": null,
        "population": 217,
        "population_estimated": true,
        "size_category": 1,
        "trade": null,
        "source": null,
        "tags": [],
        "notes": [],
        "history": {
          "province_2512": null,
          "province_2276": null,
          "ruler_2515": null,
          "ruler_2512": null,
          "ruler_2276": null
        },
        "wiki": {
          "title": null,
          "url": null,
          "description": null,
          "image": null
        },
        "svg_layer": "Araby"
      }
    },
    {
      "type": "Feature",
      "id": "text249-4",
      "geometry": {
        "type": "Point",
        "coordinates": [
          -23.059259,
          28.921052
        ]
      },
      "properties": {
        "id": "text249-4",
        "name": "Al-Khawkhah",
        "category": "settlement",
        "dataset": "araby",
        "in_gazetteer": false,
        "type": null,
        "region": "Araby",
        "province": null,
        "estate": null,
        "population": 150,
        "population_estimated": true,
        "size_category": 1,
        "trade": null,
        "source": null,
        "tags": [],
        "notes": [],
        "history": {
          "province_2512": null,
          "province_2276": null,
          "ruler_2515": null,
          "ruler_2512": null,
          "ruler_2276": null
        },
        "wiki": {
          "title": null,
          "url": null,
          "description": null,
          "image": null
        },
        "svg_layer": "Araby"
      }
    },
    {
      "type": "Feature",
      "id": "text250-4",
      "geometry": {
        "type": "Point",
        "coordinates": [
          -23.472666,
          28.738876
        ]
      },
      "properties": {
        "id": "text250-4",
        "name": "Hays",
        "category": "settlement",
        "dataset": "araby",
        "in_gazetteer": false,
        "type": null,
        "region": "Araby",
        "province": null,
        "estate": null,
        "population": 149,
        "population_estimated": true,
        "size_category": 1,
        "trade": null,
        "source": null,
        "tags": [],
        "notes": [],
        "history": {
          "province_2512": null,
          "province_2276": null,
          "ruler_2515": null,
          "ruler_2512": null,
          "ruler_2276": null
        },
        "wiki": {
          "title": null,
          "url": null,
          "description": null,
          "image": null
        },
        "svg_layer": "Araby"
      }
    },
    {
      "type": "Feature",
      "id": "text251-9",
      "geometry": {
        "type": "Point",
        "coordinates": [
          -23.549742,
          28.85449
        ]
      },
      "properties": {
        "id": "text251-9",
        "name": "Al-Shihr",
        "category": "settlement",
        "dataset": "araby",
        "in_gazetteer": false,
        "type": null,
        "region": "Araby",
        "province": null,
        "estate": null,
        "population": 85,
        "population_estimated": true,
        "size_category": 1,
        "trade": null,
        "source": null,
        "tags": [],
        "notes": [],
        "history": {
          "province_2512": null,
          "province_2276": null,
          "ruler_2515": null,
          "ruler_2512": null,
          "ruler_2276": null
        },
        "wiki": {
          "title": null,
          "url": null,
          "description": null,
          "image": null
        },
        "svg_layer": "Araby"
      }
    },
    {
      "type": "Feature",
      "id": "text252-0",
      "geometry": {
        "type": "Point",
        "coordinates": [
          -23.409604,
          29.005134
        ]
      },
      "properties": {
        "id": "text252-0",
        "name": "Qishn",
        "category": "settlement",
        "dataset": "araby",
        "in_gazetteer": false,
        "type": null,
        "region": "Araby",
        "province": null,
        "estate": null,
        "population": 120,
        "population_estimated": true,
        "size_category": 1,
        "trade": null,
        "source": null,
        "tags": [],
        "notes": [],
        "history": {
          "province_2512": null,
          "province_2276": null,
          "ruler_2515": null,
          "ruler_2512": null,
          "ruler_2276": null
        },
        "wiki": {
          "title": null,
          "url": null,
          "description": null,
          "image": null
        },
        "svg_layer": "Araby"
      }
    },
    {
      "type": "Feature",
      "id": "text253-7",
      "geometry": {
        "type": "Point",
        "coordinates": [
          -23.286983,
          29.141769
        ]
      },
      "properties": {
        "id": "text253-7",
        "name": "Sayhut",
        "category": "settlement",
        "dataset": "araby",
        "in_gazetteer": false,
        "type": null,
        "region": "Araby",
        "province": null,
        "estate": null,
        "population": 97,
        "population_estimated": true,
        "size_category": 1,
        "trade": null,
        "source": null,
        "tags": [],
        "notes": [],
        "history": {
          "province_2512": null,
          "province_2276": null,
          "ruler_2515": null,
          "ruler_2512": null,
          "ruler_2276": null
        },
        "wiki": {
          "title": null,
          "url": null,
          "description": null,
          "image": null
        },
        "svg_layer": "Araby"
      }
    },
    {
      "type": "Feature",
      "id": "text254-7",
      "geometry": {
        "type": "Point",
        "coordinates": [
          -22.729935,
          27.284946
        ]
      },
      "properties": {
        "id": "text254-7",
        "name": "Daw'an",
        "category": "settlement",
        "dataset": "araby",
        "in_gazetteer": false,
        "type": null,
        "region": "Araby",
        "province": null,
        "estate": null,
        "population": 165,
        "population_estimated": true,
        "size_category": 1,
        "trade": null,
        "source": null,
        "tags": [],
        "notes": [],
        "history": {
          "province_2512": null,
          "province_2276": null,
          "ruler_2515": null,
          "ruler_2512": null,
          "ruler_2276": null
        },
        "wiki": {
          "title": null,
          "url": null,
          "description": null,
          "image": null
        },
        "svg_layer": "Araby"
      }
    },
    {
      "type": "Feature",
      "id": "text255-0",
      "geometry": {
        "type": "Point",
        "coordinates": [
          -22.057272,
          27.302463
        ]
      },
      "properties": {
        "id": "text255-0",
        "name": "Qatn",
        "category": "settlement",
        "dataset": "araby",
        "in_gazetteer": false,
        "type": null,
        "region": "Araby",
        "province": null,
        "estate": null,
        "population": 212,
        "population_estimated": true,
        "size_category": 1,
        "trade": null,
        "source": null,
        "tags": [],
        "notes": [],
        "history": {
          "province_2512": null,
          "province_2276": null,
          "ruler_2515": null,
          "ruler_2512": null,
          "ruler_2276": null
        },
        "wiki": {
          "title": null,
          "url": null,
          "description": null,
          "image": null
        },
        "svg_layer": "Araby"
      }
    },
    {
      "type": "Feature",
      "id": "text256-8",
      "geometry": {
        "type": "Point",
        "coordinates": [
          -22.996197,
          29.183812
        ]
      },
      "properties": {
        "id": "text256-8",
        "name": "Qalansiyah",
        "category": "settlement",
        "dataset": "araby",
        "in_gazetteer": false,
        "type": null,
        "region": "Araby",
        "province": null,
        "estate": null,
        "population": 65,
        "population_estimated": true,
        "size_category": 1,
        "trade": null,
        "source": null,
        "tags": [],
        "notes": [],
        "history": {
          "province_2512": null,
          "province_2276": null,
          "ruler_2515": null,
          "ruler_2512": null,
          "ruler_2276": null
        },
        "wiki": {
          "title": null,
          "url": null,
          "description": null,
          "image": null
        },
        "svg_layer": "Araby"
      }
    },
    {
      "type": "Feature",
      "id": "text257-5",
      "geometry": {
        "type": "Point",
        "coordinates": [
          -21.850569,
          27.926078
        ]
      },
      "properties": {
        "id": "text257-5",
        "name": "Birkat al-Mawz",
        "category": "settlement",
        "dataset": "araby",
        "in_gazetteer": false,
        "type": null,
        "region": "Araby",
        "province": null,
        "estate": null,
        "population": 184,
        "population_estimated": true,
        "size_category": 1,
        "trade": null,
        "source": null,
        "tags": [],
        "notes": [],
        "history": {
          "province_2512": null,
          "province_2276": null,
          "ruler_2515": null,
          "ruler_2512": null,
          "ruler_2276": null
        },
        "wiki": {
          "title": null,
          "url": null,
          "description": null,
          "image": null
        },
        "svg_layer": "Araby"
      }
    },
    {
      "type": "Feature",
      "id": "text258-0",
      "geometry": {
        "type": "Point",
        "coordinates": [
          -21.959176,
          29.029659
        ]
      },
      "properties": {
        "id": "text258-0",
        "name": "Misfat al-Abriyeen",
        "category": "settlement",
        "dataset": "araby",
        "in_gazetteer": false,
        "type": null,
        "region": "Araby",
        "province": null,
        "estate": null,
        "population": 241,
        "population_estimated": true,
        "size_category": 1,
        "trade": null,
        "source": null,
        "tags": [],
        "notes": [],
        "history": {
          "province_2512": null,
          "province_2276": null,
          "ruler_2515": null,
          "ruler_2512": null,
          "ruler_2276": null
        },
        "wiki": {
          "title": null,
          "url": null,
          "description": null,
          "image": null
        },
        "svg_layer": "Araby"
      }
    },
    {
      "type": "Feature",
      "id": "text259-7",
      "geometry": {
        "type": "Point",
        "coordinates": [
          -23.244942,
          27.488149
        ]
      },
      "properties": {
        "id": "text259-7",
        "name": "Tanuf",
        "category": "settlement",
        "dataset": "araby",
        "in_gazetteer": false,
        "type": null,
        "region": "Araby",
        "province": null,
        "estate": null,
        "population": 249,
        "population_estimated": true,
        "size_category": 1,
        "trade": null,
        "source": null,
        "tags": [],
        "notes": [],
        "history": {
          "province_2512": null,
          "province_2276": null,
          "ruler_2515": null,
          "ruler_2512": null,
          "ruler_2276": null
        },
        "wiki": {
          "title": null,
          "url": null,
          "description": null,
          "image": null
        },
        "svg_layer": "Araby"
      }
    },
    {
      "type": "Feature",
      "id": "text260-9",
      "geometry": {
        "type": "Point",
        "coordinates": [
          -24.183866,
          29.208333
        ]
      },
      "properties": {
        "id": "text260-9",
        "name": "Nakhal",
        "category": "settlement",
        "dataset": "araby",
        "in_gazetteer": false,
        "type": null,
        "region": "Araby",
        "province": null,
        "estate": null,
        "population": 220,
        "population_estimated": true,
        "size_category": 1,
        "trade": null,
        "source": null,
        "tags": [],
        "notes": [],
        "history": {
          "province_2512": null,
          "province_2276": null,
          "ruler_2515": null,
          "ruler_2512": null,
          "ruler_2276": null
        },
        "wiki": {
          "title": null,
          "url": null,
          "description": null,
          "image": null
        },
        "svg_layer": "Araby"
      }
    },
    {
      "type": "Feature",
      "id": "text261-5",
      "geometry": {
        "type": "Point",
        "coordinates": [
          -23.609301,
          29.239867
        ]
      },
      "properties": {
        "id": "text261-5",
        "name": "Al-Hazm",
        "category": "settlement",
        "dataset": "araby",
        "in_gazetteer": false,
        "type": null,
        "region": "Araby",
        "province": null,
        "estate": null,
        "population": 211,
        "population_estimated": true,
        "size_category": 1,
        "trade": null,
        "source": null,
        "tags": [],
        "notes": [],
        "history": {
          "province_2512": null,
          "province_2276": null,
          "ruler_2515": null,
          "ruler_2512": null,
          "ruler_2276": null
        },
        "wiki": {
          "title": null,
          "url": null,
          "description": null,
          "image": null
        },
        "svg_layer": "Araby"
      }
    },
    {
      "type": "Feature",
      "id": "text262-4",
      "geometry": {
        "type": "Point",
        "coordinates": [
          -22.544589,
          29.044557
        ]
      },
      "properties": {
        "id": "text262-4",
        "name": "Sur",
        "category": "settlement",
        "dataset": "araby",
        "in_gazetteer": false,
        "type": null,
        "region": "Araby",
        "province": null,
        "estate": null,
        "population": 486,
        "population_estimated": true,
        "size_category": 2,
        "trade": null,
        "source": null,
        "tags": [],
        "notes": [],
        "history": {
          "province_2512": null,
          "province_2276": null,
          "ruler_2515": null,
          "ruler_2512": null,
          "ruler_2276": null
        },
        "wiki": {
          "title": null,
          "url": null,
          "description": null,
          "image": null
        },
        "svg_layer": "Araby"
      }
    },
    {
      "type": "Feature",
      "id": "text263-2",
      "geometry": {
        "type": "Point",
        "coordinates": [
          -22.535918,
          29.149842
        ]
      },
      "properties": {
        "id": "text263-2",
        "name": "Qalhat",
        "category": "settlement",
        "dataset": "araby",
        "in_gazetteer": false,
        "type": null,
        "region": "Araby",
        "province": null,
        "estate": null,
        "population": 158,
        "population_estimated": true,
        "size_category": 1,
        "trade": null,
        "source": null,
        "tags": [],
        "notes": [],
        "history": {
          "province_2512": null,
          "province_2276": null,
          "ruler_2515": null,
          "ruler_2512": null,
          "ruler_2276": null
        },
        "wiki": {
          "title": null,
          "url": null,
          "description": null,
          "image": null
        },
        "svg_layer": "Araby"
      }
    },
    {
      "type": "Feature",
      "id": "text264-1",
      "geometry": {
        "type": "Point",
        "coordinates": [
          -22.258458,
          28.98758
        ]
      },
      "properties": {
        "id": "text264-1",
        "name": "Mirbat",
        "category": "settlement",
        "dataset": "araby",
        "in_gazetteer": false,
        "type": null,
        "region": "Araby",
        "province": null,
        "estate": null,
        "population": 77,
        "population_estimated": true,
        "size_category": 1,
        "trade": null,
        "source": null,
        "tags": [],
        "notes": [],
        "history": {
          "province_2512": null,
          "province_2276": null,
          "ruler_2515": null,
          "ruler_2512": null,
          "ruler_2276": null
        },
        "wiki": {
          "title": null,
          "url": null,
          "description": null,
          "image": null
        },
        "svg_layer": "Araby"
      }
    },
    {
      "type": "Feature",
      "id": "text265-2",
      "geometry": {
        "type": "Point",
        "coordinates": [
          -20.78322,
          28.233241
        ]
      },
      "properties": {
        "id": "text265-2",
        "name": "Khasab",
        "category": "settlement",
        "dataset": "araby",
        "in_gazetteer": false,
        "type": null,
        "region": "Araby",
        "province": null,
        "estate": null,
        "population": 101,
        "population_estimated": true,
        "size_category": 1,
        "trade": null,
        "source": null,
        "tags": [],
        "notes": [],
        "history": {
          "province_2512": null,
          "province_2276": null,
          "ruler_2515": null,
          "ruler_2512": null,
          "ruler_2276": null
        },
        "wiki": {
          "title": null,
          "url": null,
          "description": null,
          "image": null
        },
        "svg_layer": "Araby"
      }
    },
    {
      "type": "Feature",
      "id": "text266-3",
      "geometry": {
        "type": "Point",
        "coordinates": [
          -21.870759,
          27.18534
        ]
      },
      "properties": {
        "id": "text266-3",
        "name": "Kumzar",
        "category": "settlement",
        "dataset": "araby",
        "in_gazetteer": false,
        "type": null,
        "region": "Araby",
        "province": null,
        "estate": null,
        "population": 180,
        "population_estimated": true,
        "size_category": 1,
        "trade": null,
        "source": null,
        "tags": [],
        "notes": [],
        "history": {
          "province_2512": null,
          "province_2276": null,
          "ruler_2515": null,
          "ruler_2512": null,
          "ruler_2276": null
        },
        "wiki": {
          "title": null,
          "url": null,
          "description": null,
          "image": null
        },
        "svg_layer": "Araby"
      }
    },
    {
      "type": "Feature",
      "id": "text267-1",
      "geometry": {
        "type": "Point",
        "coordinates": [
          -24.724623,
          25.887229
        ]
      },
      "properties": {
        "id": "text267-1",
        "name": "Shisr",
        "category": "settlement",
        "dataset": "araby",
        "in_gazetteer": false,
        "type": null,
        "region": "Araby",
        "province": null,
        "estate": null,
        "population": 162,
        "population_estimated": true,
        "size_category": 1,
        "trade": null,
        "source": null,
        "tags": [],
        "notes": [],
        "history": {
          "province_2512": null,
          "province_2276": null,
          "ruler_2515": null,
          "ruler_2512": null,
          "ruler_2276": null
        },
        "wiki": {
          "title": null,
          "url": null,
          "description": null,
          "image": null
        },
        "svg_layer": "Araby"
      }
    },
    {
      "type": "Feature",
      "id": "text268-2",
      "geometry": {
        "type": "Point",
        "coordinates": [
          -30.458542,
          25.485927
        ]
      },
      "properties": {
        "id": "text268-2",
        "name": "Jazirat al-Hamra",
        "category": "settlement",
        "dataset": "araby",
        "in_gazetteer": false,
        "type": null,
        "region": "Araby",
        "province": null,
        "estate": null,
        "population": 226,
        "population_estimated": true,
        "size_category": 1,
        "trade": null,
        "source": null,
        "tags": [],
        "notes": [],
        "history": {
          "province_2512": null,
          "province_2276": null,
          "ruler_2515": null,
          "ruler_2512": null,
          "ruler_2276": null
        },
        "wiki": {
          "title": null,
          "url": null,
          "description": null,
          "image": null
        },
        "svg_layer": "Araby"
      }
    },
    {
      "type": "Feature",
      "id": "text269-6",
      "geometry": {
        "type": "Point",
        "coordinates": [
          -30.046887,
          25.54023
        ]
      },
      "properties": {
        "id": "text269-6",
        "name": "Al-Zubarah",
        "category": "settlement",
        "dataset": "araby",
        "in_gazetteer": false,
        "type": null,
        "region": "Araby",
        "province": null,
        "estate": null,
        "population": 103,
        "population_estimated": true,
        "size_category": 1,
        "trade": null,
        "source": null,
        "tags": [],
        "notes": [],
        "history": {
          "province_2512": null,
          "province_2276": null,
          "ruler_2515": null,
          "ruler_2512": null,
          "ruler_2276": null
        },
        "wiki": {
          "title": null,
          "url": null,
          "description": null,
          "image": null
        },
        "svg_layer": "Araby"
      }
    },
    {
      "type": "Feature",
      "id": "text270-0",
      "geometry": {
        "type": "Point",
        "coordinates": [
          -30.143232,
          22.863594
        ]
      },
      "properties": {
        "id": "text270-0",
        "name": "Al-Khor",
        "category": "settlement",
        "dataset": "araby",
        "in_gazetteer": false,
        "type": null,
        "region": "Araby",
        "province": null,
        "estate": null,
        "population": 110,
        "population_estimated": true,
        "size_category": 1,
        "trade": null,
        "source": null,
        "tags": [],
        "notes": [],
        "history": {
          "province_2512": null,
          "province_2276": null,
          "ruler_2515": null,
          "ruler_2512": null,
          "ruler_2276": null
        },
        "wiki": {
          "title": null,
          "url": null,
          "description": null,
          "image": null
        },
        "svg_layer": "Araby"
      }
    },
    {
      "type": "Feature",
      "id": "text271-0",
      "geometry": {
        "type": "Point",
        "coordinates": [
          -30.038128,
          22.3153
        ]
      },
      "properties": {
        "id": "text271-0",
        "name": "Falaj al-Mualla",
        "category": "settlement",
        "dataset": "araby",
        "in_gazetteer": false,
        "type": null,
        "region": "Araby",
        "province": null,
        "estate": null,
        "population": 249,
        "population_estimated": true,
        "size_category": 1,
        "trade": null,
        "source": null,
        "tags": [],
        "notes": [],
        "history": {
          "province_2512": null,
          "province_2276": null,
          "ruler_2515": null,
          "ruler_2512": null,
          "ruler_2276": null
        },
        "wiki": {
          "title": null,
          "url": null,
          "description": null,
          "image": null
        },
        "svg_layer": "Araby"
      }
    },
    {
      "type": "Feature",
      "id": "text272-4",
      "geometry": {
        "type": "Point",
        "coordinates": [
          -30.460295,
          22.954683
        ]
      },
      "properties": {
        "id": "text272-4",
        "name": "Ain Mudda",
        "category": "settlement",
        "dataset": "araby",
        "in_gazetteer": false,
        "type": null,
        "region": "Araby",
        "province": null,
        "estate": null,
        "population": 140,
        "population_estimated": true,
        "size_category": 1,
        "trade": null,
        "source": null,
        "tags": [],
        "notes": [],
        "history": {
          "province_2512": null,
          "province_2276": null,
          "ruler_2515": null,
          "ruler_2512": null,
          "ruler_2276": null
        },
        "wiki": {
          "title": null,
          "url": null,
          "description": null,
          "image": null
        },
        "svg_layer": "Araby"
      }
    },
    {
      "type": "Feature",
      "id": "text273-0",
      "geometry": {
        "type": "Point",
        "coordinates": [
          -31.152224,
          22.576307
        ]
      },
      "properties": {
        "id": "text273-0",
        "name": "Ghadir al-Qamar",
        "category": "settlement",
        "dataset": "araby",
        "in_gazetteer": false,
        "type": null,
        "region": "Araby",
        "province": null,
        "estate": null,
        "population": 260,
        "population_estimated": true,
        "size_category": 1,
        "trade": null,
        "source": null,
        "tags": [],
        "notes": [],
        "history": {
          "province_2512": null,
          "province_2276": null,
          "ruler_2515": null,
          "ruler_2512": null,
          "ruler_2276": null
        },
        "wiki": {
          "title": null,
          "url": null,
          "description": null,
          "image": null
        },
        "svg_layer": "Araby"
      }
    },
    {
      "type": "Feature",
      "id": "text274-3",
      "geometry": {
        "type": "Point",
        "coordinates": [
          -30.301054,
          23.702235
        ]
      },
      "properties": {
        "id": "text274-3",
        "name": "Ghadir Zurqan",
        "category": "settlement",
        "dataset": "araby",
        "in_gazetteer": false,
        "type": null,
        "region": "Araby",
        "province": null,
        "estate": null,
        "population": 93,
        "population_estimated": true,
        "size_category": 1,
        "trade": null,
        "source": null,
        "tags": [],
        "notes": [],
        "history": {
          "province_2512": null,
          "province_2276": null,
          "ruler_2515": null,
          "ruler_2512": null,
          "ruler_2276": null
        },
        "wiki": {
          "title": null,
          "url": null,
          "description": null,
          "image": null
        },
        "svg_layer": "Araby"
      }
    },
    {
      "type": "Feature",
      "id": "text275-0",
      "geometry": {
        "type": "Point",
        "coordinates": [
          -30.388474,
          23.893608
        ]
      },
      "properties": {
        "id": "text275-0",
        "name": "Al-Manhal",
        "category": "settlement",
        "dataset": "araby",
        "in_gazetteer": false,
        "type": null,
        "region": "Araby",
        "province": null,
        "estate": null,
        "population": 190,
        "population_estimated": true,
        "size_category": 1,
        "trade": null,
        "source": null,
        "tags": [],
        "notes": [],
        "history": {
          "province_2512": null,
          "province_2276": null,
          "ruler_2515": null,
          "ruler_2512": null,
          "ruler_2276": null
        },
        "wiki": {
          "title": null,
          "url": null,
          "description": null,
          "image": null
        },
        "svg_layer": "Araby"
      }
    },
    {
      "type": "Feature",
      "id": "text276-7",
      "geometry": {
        "type": "Point",
        "coordinates": [
          -35.643647,
          14.245105
        ]
      },
      "properties": {
        "id": "text276-7",
        "name": "Al-Thamad",
        "category": "settlement",
        "dataset": "araby",
        "in_gazetteer": false,
        "type": null,
        "region": "Araby",
        "province": null,
        "estate": null,
        "population": 80,
        "population_estimated": true,
        "size_category": 1,
        "trade": null,
        "source": null,
        "tags": [],
        "notes": [],
        "history": {
          "province_2512": null,
          "province_2276": null,
          "ruler_2515": null,
          "ruler_2512": null,
          "ruler_2276": null
        },
        "wiki": {
          "title": null,
          "url": null,
          "description": null,
          "image": null
        },
        "svg_layer": "Araby"
      }
    },
    {
      "type": "Feature",
      "id": "text277-0",
      "geometry": {
        "type": "Point",
        "coordinates": [
          -35.195204,
          13.025906
        ]
      },
      "properties": {
        "id": "text277-0",
        "name": "Al-Qalib",
        "category": "settlement",
        "dataset": "araby",
        "in_gazetteer": false,
        "type": null,
        "region": "Araby",
        "province": null,
        "estate": null,
        "population": 244,
        "population_estimated": true,
        "size_category": 1,
        "trade": null,
        "source": null,
        "tags": [],
        "notes": [],
        "history": {
          "province_2512": null,
          "province_2276": null,
          "ruler_2515": null,
          "ruler_2512": null,
          "ruler_2276": null
        },
        "wiki": {
          "title": null,
          "url": null,
          "description": null,
          "image": null
        },
        "svg_layer": "Araby"
      }
    },
    {
      "type": "Feature",
      "id": "text278-4",
      "geometry": {
        "type": "Point",
        "coordinates": [
          -35.125137,
          11.204114
        ]
      },
      "properties": {
        "id": "text278-4",
        "name": "Al-Jubb",
        "category": "settlement",
        "dataset": "araby",
        "in_gazetteer": false,
        "type": null,
        "region": "Araby",
        "province": null,
        "estate": null,
        "population": 111,
        "population_estimated": true,
        "size_category": 1,
        "trade": null,
        "source": null,
        "tags": [],
        "notes": [],
        "history": {
          "province_2512": null,
          "province_2276": null,
          "ruler_2515": null,
          "ruler_2512": null,
          "ruler_2276": null
        },
        "wiki": {
          "title": null,
          "url": null,
          "description": null,
          "image": null
        },
        "svg_layer": "Araby"
      }
    },
    {
      "type": "Feature",
      "id": "text279-4",
      "geometry": {
        "type": "Point",
        "coordinates": [
          -31.986045,
          8.807754
        ]
      },
      "properties": {
        "id": "text279-4",
        "name": "Sahrij al-Warid",
        "category": "settlement",
        "dataset": "araby",
        "in_gazetteer": false,
        "type": null,
        "region": "Araby",
        "province": null,
        "estate": null,
        "population": 129,
        "population_estimated": true,
        "size_category": 1,
        "trade": null,
        "source": null,
        "tags": [],
        "notes": [],
        "history": {
          "province_2512": null,
          "province_2276": null,
          "ruler_2515": null,
          "ruler_2512": null,
          "ruler_2276": null
        },
        "wiki": {
          "title": null,
          "url": null,
          "description": null,
          "image": null
        },
        "svg_layer": "Araby"
      }
    },
    {
      "type": "Feature",
      "id": "text280-5",
      "geometry": {
        "type": "Point",
        "coordinates": [
          -30.543831,
          22.916926
        ]
      },
      "properties": {
        "id": "text280-5",
        "name": "Birkat al-Ghaba",
        "category": "settlement",
        "dataset": "araby",
        "in_gazetteer": false,
        "type": null,
        "region": "Araby",
        "province": null,
        "estate": null,
        "population": 103,
        "population_estimated": true,
        "size_category": 1,
        "trade": null,
        "source": null,
        "tags": [],
        "notes": [],
        "history": {
          "province_2512": null,
          "province_2276": null,
          "ruler_2515": null,
          "ruler_2512": null,
          "ruler_2276": null
        },
        "wiki": {
          "title": null,
          "url": null,
          "description": null,
          "image": null
        },
        "svg_layer": "Araby"
      }
    },
    {
      "type": "Feature",
      "id": "text281-4",
      "geometry": {
        "type": "Point",
        "coordinates": [
          -27.436041,
          27.097393
        ]
      },
      "properties": {
        "id": "text281-4",
        "name": "Al-Maqta",
        "category": "settlement",
        "dataset": "araby",
        "in_gazetteer": false,
        "type": null,
        "region": "Araby",
        "province": null,
        "estate": null,
        "population": 153,
        "population_estimated": true,
        "size_category": 1,
        "trade": null,
        "source": null,
        "tags": [],
        "notes": [],
        "history": {
          "province_2512": null,
          "province_2276": null,
          "ruler_2515": null,
          "ruler_2512": null,
          "ruler_2276": null
        },
        "wiki": {
          "title": null,
          "url": null,
          "description": null,
          "image": null
        },
        "svg_layer": "Araby"
      }
    },
    {
      "type": "Feature",
      "id": "text282-2",
      "geometry": {
        "type": "Point",
        "coordinates": [
          -27.049687,
          27.151816
        ]
      },
      "properties": {
        "id": "text282-2",
        "name": "Mashra al-Rimal",
        "category": "settlement",
        "dataset": "araby",
        "in_gazetteer": false,
        "type": null,
        "region": "Araby",
        "province": null,
        "estate": null,
        "population": 86,
        "population_estimated": true,
        "size_category": 1,
        "trade": null,
        "source": null,
        "tags": [],
        "notes": [],
        "history": {
          "province_2512": null,
          "province_2276": null,
          "ruler_2515": null,
          "ruler_2512": null,
          "ruler_2276": null
        },
        "wiki": {
          "title": null,
          "url": null,
          "description": null,
          "image": null
        },
        "svg_layer": "Araby"
      }
    },
    {
      "type": "Feature",
      "id": "text283-6",
      "geometry": {
        "type": "Point",
        "coordinates": [
          -25.122789,
          27.771925
        ]
      },
      "properties": {
        "id": "text283-6",
        "name": "Falaj al-Qidam",
        "category": "settlement",
        "dataset": "araby",
        "in_gazetteer": false,
        "type": null,
        "region": "Araby",
        "province": null,
        "estate": null,
        "population": 282,
        "population_estimated": true,
        "size_category": 1,
        "trade": null,
        "source": null,
        "tags": [],
        "notes": [],
        "history": {
          "province_2512": null,
          "province_2276": null,
          "ruler_2515": null,
          "ruler_2512": null,
          "ruler_2276": null
        },
        "wiki": {
          "title": null,
          "url": null,
          "description": null,
          "image": null
        },
        "svg_layer": "Araby"
      }
    },
    {
      "type": "Feature",
      "id": "text284-3",
      "geometry": {
        "type": "Point",
        "coordinates": [
          -29.111944,
          20.999486
        ]
      },
      "properties": {
        "id": "text284-3",
        "name": "Hadjout",
        "category": "settlement",
        "dataset": "araby",
        "in_gazetteer": false,
        "type": null,
        "region": "Araby",
        "province": null,
        "estate": null,
        "population": 162,
        "population_estimated": true,
        "size_category": 1,
        "trade": null,
        "source": null,
        "tags": [],
        "notes": [],
        "history": {
          "province_2512": null,
          "province_2276": null,
          "ruler_2515": null,
          "ruler_2512": null,
          "ruler_2276": null
        },
        "wiki": {
          "title": null,
          "url": null,
          "description": null,
          "image": null
        },
        "svg_layer": "Araby"
      }
    },
    {
      "type": "Feature",
      "id": "text285-4",
      "geometry": {
        "type": "Point",
        "coordinates": [
          -27.246527,
          21.482559
        ]
      },
      "properties": {
        "id": "text285-4",
        "name": "Hazerim",
        "category": "settlement",
        "dataset": "araby",
        "in_gazetteer": false,
        "type": null,
        "region": "Araby",
        "province": null,
        "estate": null,
        "population": 134,
        "population_estimated": true,
        "size_category": 1,
        "trade": null,
        "source": null,
        "tags": [],
        "notes": [],
        "history": {
          "province_2512": null,
          "province_2276": null,
          "ruler_2515": null,
          "ruler_2512": null,
          "ruler_2276": null
        },
        "wiki": {
          "title": null,
          "url": null,
          "description": null,
          "image": null
        },
        "svg_layer": "Araby"
      }
    },
    {
      "type": "Feature",
      "id": "text286-4",
      "geometry": {
        "type": "Point",
        "coordinates": [
          -10.70799,
          8.982041
        ]
      },
      "properties": {
        "id": "text286-4",
        "name": "Dimashq",
        "category": "settlement",
        "dataset": "araby",
        "in_gazetteer": false,
        "type": null,
        "region": "Araby",
        "province": null,
        "estate": null,
        "population": 67,
        "population_estimated": true,
        "size_category": 1,
        "trade": null,
        "source": null,
        "tags": [],
        "notes": [],
        "history": {
          "province_2512": null,
          "province_2276": null,
          "ruler_2515": null,
          "ruler_2512": null,
          "ruler_2276": null
        },
        "wiki": {
          "title": null,
          "url": null,
          "description": null,
          "image": null
        },
        "svg_layer": "Araby"
      }
    },
    {
      "type": "Feature",
      "id": "text287-2",
      "geometry": {
        "type": "Point",
        "coordinates": [
          -11.706346,
          12.269434
        ]
      },
      "properties": {
        "id": "text287-2",
        "name": "Ruins of Ma'ara",
        "category": "settlement",
        "dataset": "araby",
        "in_gazetteer": false,
        "type": null,
        "region": "Araby",
        "province": null,
        "estate": null,
        "population": 237,
        "population_estimated": true,
        "size_category": 1,
        "trade": null,
        "source": null,
        "tags": [],
        "notes": [],
        "history": {
          "province_2512": null,
          "province_2276": null,
          "ruler_2515": null,
          "ruler_2512": null,
          "ruler_2276": null
        },
        "wiki": {
          "title": null,
          "url": null,
          "description": null,
          "image": null
        },
        "svg_layer": "Araby"
      }
    },
    {
      "type": "Feature",
      "id": "text288-7",
      "geometry": {
        "type": "Point",
        "coordinates": [
          -11.879753,
          12.770153
        ]
      },
      "properties": {
        "id": "text288-7",
        "name": "Khalibon",
        "category": "settlement",
        "dataset": "araby",
        "in_gazetteer": false,
        "type": null,
        "region": "Araby",
        "province": null,
        "estate": null,
        "population": 204,
        "population_estimated": true,
        "size_category": 1,
        "trade": null,
        "source": null,
        "tags": [],
        "notes": [],
        "history": {
          "province_2512": null,
          "province_2276": null,
          "ruler_2515": null,
          "ruler_2512": null,
          "ruler_2276": null
        },
        "wiki": {
          "title": null,
          "url": null,
          "description": null,
          "image": null
        },
        "svg_layer": "Araby"
      }
    },
    {
      "type": "Feature",
      "id": "text289-6",
      "geometry": {
        "type": "Point",
        "coordinates": [
          -7.321504,
          8.707064
        ]
      },
      "properties": {
        "id": "text289-6",
        "name": "Al Itzar",
        "category": "settlement",
        "dataset": "araby",
        "in_gazetteer": false,
        "type": null,
        "region": "Araby",
        "province": null,
        "estate": null,
        "population": 355,
        "population_estimated": true,
        "size_category": 2,
        "trade": null,
        "source": null,
        "tags": [],
        "notes": [],
        "history": {
          "province_2512": null,
          "province_2276": null,
          "ruler_2515": null,
          "ruler_2512": null,
          "ruler_2276": null
        },
        "wiki": {
          "title": null,
          "url": null,
          "description": null,
          "image": null
        },
        "svg_layer": "Araby"
      }
    },
    {
      "type": "Feature",
      "id": "text290-7",
      "geometry": {
        "type": "Point",
        "coordinates": [
          -7.529598,
          8.835881
        ]
      },
      "properties": {
        "id": "text290-7",
        "name": "Shaharazar",
        "category": "settlement",
        "dataset": "araby",
        "in_gazetteer": false,
        "type": null,
        "region": "Araby",
        "province": null,
        "estate": null,
        "population": 76,
        "population_estimated": true,
        "size_category": 1,
        "trade": null,
        "source": null,
        "tags": [],
        "notes": [],
        "history": {
          "province_2512": null,
          "province_2276": null,
          "ruler_2515": null,
          "ruler_2512": null,
          "ruler_2276": null
        },
        "wiki": {
          "title": null,
          "url": null,
          "description": null,
          "image": null
        },
        "svg_layer": "Araby"
      }
    },
    {
      "type": "Feature",
      "id": "text291-5",
      "geometry": {
        "type": "Point",
        "coordinates": [
          -7.940126,
          6.386874
        ]
      },
      "properties": {
        "id": "text291-5",
        "name": "Tukrah",
        "category": "settlement",
        "dataset": "araby",
        "in_gazetteer": false,
        "type": null,
        "region": "Araby",
        "province": null,
        "estate": null,
        "population": 163,
        "population_estimated": true,
        "size_category": 1,
        "trade": null,
        "source": null,
        "tags": [],
        "notes": [],
        "history": {
          "province_2512": null,
          "province_2276": null,
          "ruler_2515": null,
          "ruler_2512": null,
          "ruler_2276": null
        },
        "wiki": {
          "title": null,
          "url": null,
          "description": null,
          "image": null
        },
        "svg_layer": "Araby"
      }
    },
    {
      "type": "Feature",
      "id": "text292-7",
      "geometry": {
        "type": "Point",
        "coordinates": [
          -34.199711,
          5.925734
        ]
      },
      "properties": {
        "id": "text292-7",
        "name": "Songhai",
        "category": "settlement",
        "dataset": "araby",
        "in_gazetteer": true,
        "type": null,
        "region": "Araby",
        "province": null,
        "estate": null,
        "population": 746,
        "population_estimated": false,
        "size_category": 2,
        "trade": null,
        "source": "Zaragoz (Novel) by Brian Craig",
        "tags": [],
        "notes": [],
        "history": {
          "province_2512": null,
          "province_2276": null,
          "ruler_2515": null,
          "ruler_2512": null,
          "ruler_2276": null
        },
        "wiki": {
          "title": "Songhai",
          "url": "https://warhammerfantasy.fandom.com/wiki/Songhai",
          "description": "Situated in the south of Araby, the city of Songhai is ruled by a powerful King. Camel-trains making their slow way from north carry goods in the settlements throught the Sahra Desert. The King of Songhai has such eclectic tastes that he has more young eunuchs in his harem than wives.",
          "image": null
        },
        "svg_layer": "Araby"
      }
    },
    {
      "type": "Feature",
      "id": "text293-8",
      "geometry": {
        "type": "Point",
        "coordinates": [
          -37.137874,
          16.655478
        ]
      },
      "properties": {
        "id": "text293-8",
        "name": "Sudrat",
        "category": "settlement",
        "dataset": "araby",
        "in_gazetteer": true,
        "type": null,
        "region": "Araby",
        "province": null,
        "estate": null,
        "population": 1992,
        "population_estimated": false,
        "size_category": 3,
        "trade": null,
        "source": "Warhammer: Von Carstein Trilogy: Inheritance (Novel) by Steven Savile",
        "tags": [],
        "notes": [],
        "history": {
          "province_2512": null,
          "province_2276": null,
          "ruler_2515": null,
          "ruler_2512": null,
          "ruler_2276": null
        },
        "wiki": {
          "title": null,
          "url": null,
          "description": null,
          "image": null
        },
        "svg_layer": "Araby"
      }
    },
    {
      "type": "Feature",
      "id": "text294-9",
      "geometry": {
        "type": "Point",
        "coordinates": [
          -30.432265,
          20.42344
        ]
      },
      "properties": {
        "id": "text294-9",
        "name": "Naqb al-Jurud",
        "category": "settlement",
        "dataset": "araby",
        "in_gazetteer": false,
        "type": null,
        "region": "Araby",
        "province": null,
        "estate": null,
        "population": 395,
        "population_estimated": true,
        "size_category": 2,
        "trade": null,
        "source": null,
        "tags": [],
        "notes": [],
        "history": {
          "province_2512": null,
          "province_2276": null,
          "ruler_2515": null,
          "ruler_2512": null,
          "ruler_2276": null
        },
        "wiki": {
          "title": null,
          "url": null,
          "description": null,
          "image": null
        },
        "svg_layer": "Araby"
      }
    },
    {
      "type": "Feature",
      "id": "text295-6",
      "geometry": {
        "type": "Point",
        "coordinates": [
          -30.325412,
          20.495259
        ]
      },
      "properties": {
        "id": "text295-6",
        "name": "Thaniyat al-Rih",
        "category": "settlement",
        "dataset": "araby",
        "in_gazetteer": false,
        "type": null,
        "region": "Araby",
        "province": null,
        "estate": null,
        "population": 80,
        "population_estimated": true,
        "size_category": 1,
        "trade": null,
        "source": null,
        "tags": [],
        "notes": [],
        "history": {
          "province_2512": null,
          "province_2276": null,
          "ruler_2515": null,
          "ruler_2512": null,
          "ruler_2276": null
        },
        "wiki": {
          "title": null,
          "url": null,
          "description": null,
          "image": null
        },
        "svg_layer": "Araby"
      }
    },
    {
      "type": "Feature",
      "id": "text296-7",
      "geometry": {
        "type": "Point",
        "coordinates": [
          -27.675053,
          20.447961
        ]
      },
      "properties": {
        "id": "text296-7",
        "name": "Qarn Aswad",
        "category": "settlement",
        "dataset": "araby",
        "in_gazetteer": false,
        "type": null,
        "region": "Araby",
        "province": null,
        "estate": null,
        "population": 150,
        "population_estimated": true,
        "size_category": 1,
        "trade": null,
        "source": null,
        "tags": [],
        "notes": [],
        "history": {
          "province_2512": null,
          "province_2276": null,
          "ruler_2515": null,
          "ruler_2512": null,
          "ruler_2276": null
        },
        "wiki": {
          "title": null,
          "url": null,
          "description": null,
          "image": null
        },
        "svg_layer": "Araby"
      }
    },
    {
      "type": "Feature",
      "id": "text297-4",
      "geometry": {
        "type": "Point",
        "coordinates": [
          -27.36675,
          20.498763
        ]
      },
      "properties": {
        "id": "text297-4",
        "name": "Al-Harra",
        "category": "settlement",
        "dataset": "araby",
        "in_gazetteer": false,
        "type": null,
        "region": "Araby",
        "province": null,
        "estate": null,
        "population": 222,
        "population_estimated": true,
        "size_category": 1,
        "trade": null,
        "source": null,
        "tags": [],
        "notes": [],
        "history": {
          "province_2512": null,
          "province_2276": null,
          "ruler_2515": null,
          "ruler_2512": null,
          "ruler_2276": null
        },
        "wiki": {
          "title": null,
          "url": null,
          "description": null,
          "image": null
        },
        "svg_layer": "Araby"
      }
    },
    {
      "type": "Feature",
      "id": "text298-7",
      "geometry": {
        "type": "Point",
        "coordinates": [
          -27.063701,
          20.490002
        ]
      },
      "properties": {
        "id": "text298-7",
        "name": "Harrat Sadd",
        "category": "settlement",
        "dataset": "araby",
        "in_gazetteer": false,
        "type": null,
        "region": "Araby",
        "province": null,
        "estate": null,
        "population": 94,
        "population_estimated": true,
        "size_category": 1,
        "trade": null,
        "source": null,
        "tags": [],
        "notes": [],
        "history": {
          "province_2512": null,
          "province_2276": null,
          "ruler_2515": null,
          "ruler_2512": null,
          "ruler_2276": null
        },
        "wiki": {
          "title": null,
          "url": null,
          "description": null,
          "image": null
        },
        "svg_layer": "Araby"
      }
    },
    {
      "type": "Feature",
      "id": "text299-8",
      "geometry": {
        "type": "Point",
        "coordinates": [
          -26.760976,
          27.056517
        ]
      },
      "properties": {
        "id": "text299-8",
        "name": "Al-Khabra",
        "category": "settlement",
        "dataset": "araby",
        "in_gazetteer": false,
        "type": null,
        "region": "Araby",
        "province": null,
        "estate": null,
        "population": 208,
        "population_estimated": true,
        "size_category": 1,
        "trade": null,
        "source": null,
        "tags": [],
        "notes": [],
        "history": {
          "province_2512": null,
          "province_2276": null,
          "ruler_2515": null,
          "ruler_2512": null,
          "ruler_2276": null
        },
        "wiki": {
          "title": null,
          "url": null,
          "description": null,
          "image": null
        },
        "svg_layer": "Araby"
      }
    },
    {
      "type": "Feature",
      "id": "text300-0",
      "geometry": {
        "type": "Point",
        "coordinates": [
          -26.542971,
          26.895495
        ]
      },
      "properties": {
        "id": "text300-0",
        "name": "Sabkhat al-Qamh",
        "category": "settlement",
        "dataset": "araby",
        "in_gazetteer": false,
        "type": null,
        "region": "Araby",
        "province": null,
        "estate": null,
        "population": 220,
        "population_estimated": true,
        "size_category": 1,
        "trade": null,
        "source": null,
        "tags": [],
        "notes": [],
        "history": {
          "province_2512": null,
          "province_2276": null,
          "ruler_2515": null,
          "ruler_2512": null,
          "ruler_2276": null
        },
        "wiki": {
          "title": null,
          "url": null,
          "description": null,
          "image": null
        },
        "svg_layer": "Araby"
      }
    },
    {
      "type": "Feature",
      "id": "text301-2",
      "geometry": {
        "type": "Point",
        "coordinates": [
          -26.245694,
          26.608128
        ]
      },
      "properties": {
        "id": "text301-2",
        "name": "Batn al-Wadi",
        "category": "settlement",
        "dataset": "araby",
        "in_gazetteer": false,
        "type": null,
        "region": "Araby",
        "province": null,
        "estate": null,
        "population": 76,
        "population_estimated": true,
        "size_category": 1,
        "trade": null,
        "source": null,
        "tags": [],
        "notes": [],
        "history": {
          "province_2512": null,
          "province_2276": null,
          "ruler_2515": null,
          "ruler_2512": null,
          "ruler_2276": null
        },
        "wiki": {
          "title": null,
          "url": null,
          "description": null,
          "image": null
        },
        "svg_layer": "Araby"
      }
    },
    {
      "type": "Feature",
      "id": "text302-6",
      "geometry": {
        "type": "Point",
        "coordinates": [
          -25.784913,
          26.677489
        ]
      },
      "properties": {
        "id": "text302-6",
        "name": "Shi'b al-Nasr",
        "category": "settlement",
        "dataset": "araby",
        "in_gazetteer": false,
        "type": null,
        "region": "Araby",
        "province": null,
        "estate": null,
        "population": 98,
        "population_estimated": true,
        "size_category": 1,
        "trade": null,
        "source": null,
        "tags": [],
        "notes": [],
        "history": {
          "province_2512": null,
          "province_2276": null,
          "ruler_2515": null,
          "ruler_2512": null,
          "ruler_2276": null
        },
        "wiki": {
          "title": null,
          "url": null,
          "description": null,
          "image": null
        },
        "svg_layer": "Araby"
      }
    },
    {
      "type": "Feature",
      "id": "text303-1",
      "geometry": {
        "type": "Point",
        "coordinates": [
          -25.913736,
          26.553624
        ]
      },
      "properties": {
        "id": "text303-1",
        "name": "Al-Hadaba",
        "category": "settlement",
        "dataset": "araby",
        "in_gazetteer": false,
        "type": null,
        "region": "Araby",
        "province": null,
        "estate": null,
        "population": 427,
        "population_estimated": true,
        "size_category": 2,
        "trade": null,
        "source": null,
        "tags": [],
        "notes": [],
        "history": {
          "province_2512": null,
          "province_2276": null,
          "ruler_2515": null,
          "ruler_2512": null,
          "ruler_2276": null
        },
        "wiki": {
          "title": null,
          "url": null,
          "description": null,
          "image": null
        },
        "svg_layer": "Araby"
      }
    },
    {
      "type": "Feature",
      "id": "text304-5",
      "geometry": {
        "type": "Point",
        "coordinates": [
          -29.614837,
          25.773273
        ]
      },
      "properties": {
        "id": "text304-5",
        "name": "Jurf al-Rih",
        "category": "settlement",
        "dataset": "araby",
        "in_gazetteer": false,
        "type": null,
        "region": "Araby",
        "province": null,
        "estate": null,
        "population": 137,
        "population_estimated": true,
        "size_category": 1,
        "trade": null,
        "source": null,
        "tags": [],
        "notes": [],
        "history": {
          "province_2512": null,
          "province_2276": null,
          "ruler_2515": null,
          "ruler_2512": null,
          "ruler_2276": null
        },
        "wiki": {
          "title": null,
          "url": null,
          "description": null,
          "image": null
        },
        "svg_layer": "Araby"
      }
    },
    {
      "type": "Feature",
      "id": "text305-0",
      "geometry": {
        "type": "Point",
        "coordinates": [
          -29.15158,
          26.048252
        ]
      },
      "properties": {
        "id": "text305-0",
        "name": "Sidrat al-Hadd",
        "category": "settlement",
        "dataset": "araby",
        "in_gazetteer": false,
        "type": null,
        "region": "Araby",
        "province": null,
        "estate": null,
        "population": 153,
        "population_estimated": true,
        "size_category": 1,
        "trade": null,
        "source": null,
        "tags": [],
        "notes": [],
        "history": {
          "province_2512": null,
          "province_2276": null,
          "ruler_2515": null,
          "ruler_2512": null,
          "ruler_2276": null
        },
        "wiki": {
          "title": null,
          "url": null,
          "description": null,
          "image": null
        },
        "svg_layer": "Araby"
      }
    },
    {
      "type": "Feature",
      "id": "text318-6",
      "geometry": {
        "type": "Point",
        "coordinates": [
          -27.778403,
          27.148312
        ]
      },
      "properties": {
        "id": "text318-6",
        "name": "Lulua",
        "category": "settlement",
        "dataset": "araby",
        "in_gazetteer": false,
        "type": null,
        "region": "Araby",
        "province": null,
        "estate": null,
        "population": 190,
        "population_estimated": true,
        "size_category": 1,
        "trade": null,
        "source": null,
        "tags": [],
        "notes": [],
        "history": {
          "province_2512": null,
          "province_2276": null,
          "ruler_2515": null,
          "ruler_2512": null,
          "ruler_2276": null
        },
        "wiki": {
          "title": null,
          "url": null,
          "description": null,
          "image": null
        },
        "svg_layer": "Araby"
      }
    },
    {
      "type": "Feature",
      "id": "text319-6",
      "geometry": {
        "type": "Point",
        "coordinates": [
          -28.228598,
          26.903072
        ]
      },
      "properties": {
        "id": "text319-6",
        "name": "Ghariq",
        "category": "settlement",
        "dataset": "araby",
        "in_gazetteer": false,
        "type": null,
        "region": "Araby",
        "province": null,
        "estate": null,
        "population": 174,
        "population_estimated": true,
        "size_category": 1,
        "trade": null,
        "source": null,
        "tags": [],
        "notes": [],
        "history": {
          "province_2512": null,
          "province_2276": null,
          "ruler_2515": null,
          "ruler_2512": null,
          "ruler_2276": null
        },
        "wiki": {
          "title": null,
          "url": null,
          "description": null,
          "image": null
        },
        "svg_layer": "Araby"
      }
    },
    {
      "type": "Feature",
      "id": "text320-1",
      "geometry": {
        "type": "Point",
        "coordinates": [
          -28.773383,
          26.708631
        ]
      },
      "properties": {
        "id": "text320-1",
        "name": "Marsa",
        "category": "settlement",
        "dataset": "araby",
        "in_gazetteer": false,
        "type": null,
        "region": "Araby",
        "province": null,
        "estate": null,
        "population": 236,
        "population_estimated": true,
        "size_category": 1,
        "trade": null,
        "source": null,
        "tags": [],
        "notes": [],
        "history": {
          "province_2512": null,
          "province_2276": null,
          "ruler_2515": null,
          "ruler_2512": null,
          "ruler_2276": null
        },
        "wiki": {
          "title": null,
          "url": null,
          "description": null,
          "image": null
        },
        "svg_layer": "Araby"
      }
    },
    {
      "type": "Feature",
      "id": "text321-7",
      "geometry": {
        "type": "Point",
        "coordinates": [
          -29.731578,
          25.480669
        ]
      },
      "properties": {
        "id": "text321-7",
        "name": "Nakhudiyya",
        "category": "settlement",
        "dataset": "araby",
        "in_gazetteer": false,
        "type": null,
        "region": "Araby",
        "province": null,
        "estate": null,
        "population": 84,
        "population_estimated": true,
        "size_category": 1,
        "trade": null,
        "source": null,
        "tags": [],
        "notes": [],
        "history": {
          "province_2512": null,
          "province_2276": null,
          "ruler_2515": null,
          "ruler_2512": null,
          "ruler_2276": null
        },
        "wiki": {
          "title": null,
          "url": null,
          "description": null,
          "image": null
        },
        "svg_layer": "Araby"
      }
    },
    {
      "type": "Feature",
      "id": "text322-0",
      "geometry": {
        "type": "Point",
        "coordinates": [
          -31.763574,
          23.573039
        ]
      },
      "properties": {
        "id": "text322-0",
        "name": "Mandara",
        "category": "settlement",
        "dataset": "araby",
        "in_gazetteer": false,
        "type": null,
        "region": "Araby",
        "province": null,
        "estate": null,
        "population": 190,
        "population_estimated": true,
        "size_category": 1,
        "trade": null,
        "source": null,
        "tags": [],
        "notes": [],
        "history": {
          "province_2512": null,
          "province_2276": null,
          "ruler_2515": null,
          "ruler_2512": null,
          "ruler_2276": null
        },
        "wiki": {
          "title": null,
          "url": null,
          "description": null,
          "image": null
        },
        "svg_layer": "Araby"
      }
    },
    {
      "type": "Feature",
      "id": "text323-4",
      "geometry": {
        "type": "Point",
        "coordinates": [
          -31.651464,
          23.04577
        ]
      },
      "properties": {
        "id": "text323-4",
        "name": "Shu'la",
        "category": "settlement",
        "dataset": "araby",
        "in_gazetteer": false,
        "type": null,
        "region": "Araby",
        "province": null,
        "estate": null,
        "population": 109,
        "population_estimated": true,
        "size_category": 1,
        "trade": null,
        "source": null,
        "tags": [],
        "notes": [],
        "history": {
          "province_2512": null,
          "province_2276": null,
          "ruler_2515": null,
          "ruler_2512": null,
          "ruler_2276": null
        },
        "wiki": {
          "title": null,
          "url": null,
          "description": null,
          "image": null
        },
        "svg_layer": "Araby"
      }
    },
    {
      "type": "Feature",
      "id": "text324-3",
      "geometry": {
        "type": "Point",
        "coordinates": [
          -32.436239,
          23.502973
        ]
      },
      "properties": {
        "id": "text324-3",
        "name": "Manara",
        "category": "settlement",
        "dataset": "araby",
        "in_gazetteer": false,
        "type": null,
        "region": "Araby",
        "province": null,
        "estate": null,
        "population": 108,
        "population_estimated": true,
        "size_category": 1,
        "trade": null,
        "source": null,
        "tags": [],
        "notes": [],
        "history": {
          "province_2512": null,
          "province_2276": null,
          "ruler_2515": null,
          "ruler_2512": null,
          "ruler_2276": null
        },
        "wiki": {
          "title": null,
          "url": null,
          "description": null,
          "image": null
        },
        "svg_layer": "Araby"
      }
    },
    {
      "type": "Feature",
      "id": "text325-1",
      "geometry": {
        "type": "Point",
        "coordinates": [
          -32.264568,
          22.553535
        ]
      },
      "properties": {
        "id": "text325-1",
        "name": "Nawaris",
        "category": "settlement",
        "dataset": "araby",
        "in_gazetteer": false,
        "type": null,
        "region": "Araby",
        "province": null,
        "estate": null,
        "population": 155,
        "population_estimated": true,
        "size_category": 1,
        "trade": null,
        "source": null,
        "tags": [],
        "notes": [],
        "history": {
          "province_2512": null,
          "province_2276": null,
          "ruler_2515": null,
          "ruler_2512": null,
          "ruler_2276": null
        },
        "wiki": {
          "title": null,
          "url": null,
          "description": null,
          "image": null
        },
        "svg_layer": "Araby"
      }
    },
    {
      "type": "Feature",
      "id": "text326-9",
      "geometry": {
        "type": "Point",
        "coordinates": [
          -31.11719,
          22.684913
        ]
      },
      "properties": {
        "id": "text326-9",
        "name": "Mahariyya",
        "category": "settlement",
        "dataset": "araby",
        "in_gazetteer": false,
        "type": null,
        "region": "Araby",
        "province": null,
        "estate": null,
        "population": 211,
        "population_estimated": true,
        "size_category": 1,
        "trade": null,
        "source": null,
        "tags": [],
        "notes": [],
        "history": {
          "province_2512": null,
          "province_2276": null,
          "ruler_2515": null,
          "ruler_2512": null,
          "ruler_2276": null
        },
        "wiki": {
          "title": null,
          "url": null,
          "description": null,
          "image": null
        },
        "svg_layer": "Araby"
      }
    },
    {
      "type": "Feature",
      "id": "text327-3",
      "geometry": {
        "type": "Point",
        "coordinates": [
          -30.840417,
          22.658639
        ]
      },
      "properties": {
        "id": "text327-3",
        "name": "Shajra",
        "category": "settlement",
        "dataset": "araby",
        "in_gazetteer": false,
        "type": null,
        "region": "Araby",
        "province": null,
        "estate": null,
        "population": 102,
        "population_estimated": true,
        "size_category": 1,
        "trade": null,
        "source": null,
        "tags": [],
        "notes": [],
        "history": {
          "province_2512": null,
          "province_2276": null,
          "ruler_2515": null,
          "ruler_2512": null,
          "ruler_2276": null
        },
        "wiki": {
          "title": null,
          "url": null,
          "description": null,
          "image": null
        },
        "svg_layer": "Araby"
      }
    },
    {
      "type": "Feature",
      "id": "text328-8",
      "geometry": {
        "type": "Point",
        "coordinates": [
          -30.812389,
          22.979207
        ]
      },
      "properties": {
        "id": "text328-8",
        "name": "Hayr",
        "category": "settlement",
        "dataset": "araby",
        "in_gazetteer": false,
        "type": null,
        "region": "Araby",
        "province": null,
        "estate": null,
        "population": 118,
        "population_estimated": true,
        "size_category": 1,
        "trade": null,
        "source": null,
        "tags": [],
        "notes": [],
        "history": {
          "province_2512": null,
          "province_2276": null,
          "ruler_2515": null,
          "ruler_2512": null,
          "ruler_2276": null
        },
        "wiki": {
          "title": null,
          "url": null,
          "description": null,
          "image": null
        },
        "svg_layer": "Araby"
      }
    },
    {
      "type": "Feature",
      "id": "text329-7",
      "geometry": {
        "type": "Point",
        "coordinates": [
          -30.642474,
          22.93191
        ]
      },
      "properties": {
        "id": "text329-7",
        "name": "Ghawwasiyya",
        "category": "settlement",
        "dataset": "araby",
        "in_gazetteer": false,
        "type": null,
        "region": "Araby",
        "province": null,
        "estate": null,
        "population": 96,
        "population_estimated": true,
        "size_category": 1,
        "trade": null,
        "source": null,
        "tags": [],
        "notes": [],
        "history": {
          "province_2512": null,
          "province_2276": null,
          "ruler_2515": null,
          "ruler_2512": null,
          "ruler_2276": null
        },
        "wiki": {
          "title": null,
          "url": null,
          "description": null,
          "image": null
        },
        "svg_layer": "Araby"
      }
    },
    {
      "type": "Feature",
      "id": "text330-0",
      "geometry": {
        "type": "Point",
        "coordinates": [
          -30.60744,
          23.014242
        ]
      },
      "properties": {
        "id": "text330-0",
        "name": "Sayf",
        "category": "settlement",
        "dataset": "araby",
        "in_gazetteer": false,
        "type": null,
        "region": "Araby",
        "province": null,
        "estate": null,
        "population": 231,
        "population_estimated": true,
        "size_category": 1,
        "trade": null,
        "source": null,
        "tags": [],
        "notes": [],
        "history": {
          "province_2512": null,
          "province_2276": null,
          "ruler_2515": null,
          "ruler_2512": null,
          "ruler_2276": null
        },
        "wiki": {
          "title": null,
          "url": null,
          "description": null,
          "image": null
        },
        "svg_layer": "Araby"
      }
    },
    {
      "type": "Feature",
      "id": "text331-9",
      "geometry": {
        "type": "Point",
        "coordinates": [
          -30.267603,
          22.935414
        ]
      },
      "properties": {
        "id": "text331-9",
        "name": "Tawila",
        "category": "settlement",
        "dataset": "araby",
        "in_gazetteer": false,
        "type": null,
        "region": "Araby",
        "province": null,
        "estate": null,
        "population": 111,
        "population_estimated": true,
        "size_category": 1,
        "trade": null,
        "source": null,
        "tags": [],
        "notes": [],
        "history": {
          "province_2512": null,
          "province_2276": null,
          "ruler_2515": null,
          "ruler_2512": null,
          "ruler_2276": null
        },
        "wiki": {
          "title": null,
          "url": null,
          "description": null,
          "image": null
        },
        "svg_layer": "Araby"
      }
    },
    {
      "type": "Feature",
      "id": "text332-0",
      "geometry": {
        "type": "Point",
        "coordinates": [
          -30.223812,
          22.71995
        ]
      },
      "properties": {
        "id": "text332-0",
        "name": "Sina'a",
        "category": "settlement",
        "dataset": "araby",
        "in_gazetteer": false,
        "type": null,
        "region": "Araby",
        "province": null,
        "estate": null,
        "population": 130,
        "population_estimated": true,
        "size_category": 1,
        "trade": null,
        "source": null,
        "tags": [],
        "notes": [],
        "history": {
          "province_2512": null,
          "province_2276": null,
          "ruler_2515": null,
          "ruler_2512": null,
          "ruler_2276": null
        },
        "wiki": {
          "title": null,
          "url": null,
          "description": null,
          "image": null
        },
        "svg_layer": "Araby"
      }
    },
    {
      "type": "Feature",
      "id": "text333-4",
      "geometry": {
        "type": "Point",
        "coordinates": [
          -27.841467,
          26.945113
        ]
      },
      "properties": {
        "id": "text333-4",
        "name": "Mirsa",
        "category": "settlement",
        "dataset": "araby",
        "in_gazetteer": false,
        "type": null,
        "region": "Araby",
        "province": null,
        "estate": null,
        "population": 334,
        "population_estimated": true,
        "size_category": 2,
        "trade": null,
        "source": null,
        "tags": [],
        "notes": [],
        "history": {
          "province_2512": null,
          "province_2276": null,
          "ruler_2515": null,
          "ruler_2512": null,
          "ruler_2276": null
        },
        "wiki": {
          "title": null,
          "url": null,
          "description": null,
          "image": null
        },
        "svg_layer": "Araby"
      }
    },
    {
      "type": "Feature",
      "id": "text334-8",
      "geometry": {
        "type": "Point",
        "coordinates": [
          -27.94657,
          27.346258
        ]
      },
      "properties": {
        "id": "text334-8",
        "name": "Shu'ayba",
        "category": "settlement",
        "dataset": "araby",
        "in_gazetteer": false,
        "type": null,
        "region": "Araby",
        "province": null,
        "estate": null,
        "population": 83,
        "population_estimated": true,
        "size_category": 1,
        "trade": null,
        "source": null,
        "tags": [],
        "notes": [],
        "history": {
          "province_2512": null,
          "province_2276": null,
          "ruler_2515": null,
          "ruler_2512": null,
          "ruler_2276": null
        },
        "wiki": {
          "title": null,
          "url": null,
          "description": null,
          "image": null
        },
        "svg_layer": "Araby"
      }
    },
    {
      "type": "Feature",
      "id": "text335-7",
      "geometry": {
        "type": "Point",
        "coordinates": [
          -29.083439,
          26.410835
        ]
      },
      "properties": {
        "id": "text335-7",
        "name": "Khalij",
        "category": "settlement",
        "dataset": "araby",
        "in_gazetteer": false,
        "type": null,
        "region": "Araby",
        "province": null,
        "estate": null,
        "population": 94,
        "population_estimated": true,
        "size_category": 1,
        "trade": null,
        "source": null,
        "tags": [],
        "notes": [],
        "history": {
          "province_2512": null,
          "province_2276": null,
          "ruler_2515": null,
          "ruler_2512": null,
          "ruler_2276": null
        },
        "wiki": {
          "title": null,
          "url": null,
          "description": null,
          "image": null
        },
        "svg_layer": "Araby"
      }
    },
    {
      "type": "Feature",
      "id": "text336-0",
      "geometry": {
        "type": "Point",
        "coordinates": [
          -27.943067,
          26.866286
        ]
      },
      "properties": {
        "id": "text336-0",
        "name": "Sayyadiyya",
        "category": "settlement",
        "dataset": "araby",
        "in_gazetteer": false,
        "type": null,
        "region": "Araby",
        "province": null,
        "estate": null,
        "population": 184,
        "population_estimated": true,
        "size_category": 1,
        "trade": null,
        "source": null,
        "tags": [],
        "notes": [],
        "history": {
          "province_2512": null,
          "province_2276": null,
          "ruler_2515": null,
          "ruler_2512": null,
          "ruler_2276": null
        },
        "wiki": {
          "title": null,
          "url": null,
          "description": null,
          "image": null
        },
        "svg_layer": "Araby"
      }
    },
    {
      "type": "Feature",
      "id": "text337-8",
      "geometry": {
        "type": "Point",
        "coordinates": [
          -27.792417,
          27.097514
        ]
      },
      "properties": {
        "id": "text337-8",
        "name": "Bandar",
        "category": "settlement",
        "dataset": "araby",
        "in_gazetteer": false,
        "type": null,
        "region": "Araby",
        "province": null,
        "estate": null,
        "population": 216,
        "population_estimated": true,
        "size_category": 1,
        "trade": null,
        "source": null,
        "tags": [],
        "notes": [],
        "history": {
          "province_2512": null,
          "province_2276": null,
          "ruler_2515": null,
          "ruler_2512": null,
          "ruler_2276": null
        },
        "wiki": {
          "title": null,
          "url": null,
          "description": null,
          "image": null
        },
        "svg_layer": "Araby"
      }
    },
    {
      "type": "Feature",
      "id": "text338-4",
      "geometry": {
        "type": "Point",
        "coordinates": [
          -28.307425,
          27.232396
        ]
      },
      "properties": {
        "id": "text338-4",
        "name": "Qurun",
        "category": "settlement",
        "dataset": "araby",
        "in_gazetteer": false,
        "type": null,
        "region": "Araby",
        "province": null,
        "estate": null,
        "population": 637,
        "population_estimated": true,
        "size_category": 2,
        "trade": null,
        "source": null,
        "tags": [],
        "notes": [],
        "history": {
          "province_2512": null,
          "province_2276": null,
          "ruler_2515": null,
          "ruler_2512": null,
          "ruler_2276": null
        },
        "wiki": {
          "title": null,
          "url": null,
          "description": null,
          "image": null
        },
        "svg_layer": "Araby"
      }
    },
    {
      "type": "Feature",
      "id": "text339-0",
      "geometry": {
        "type": "Point",
        "coordinates": [
          -28.298666,
          27.087004
        ]
      },
      "properties": {
        "id": "text339-0",
        "name": "Sharm",
        "category": "settlement",
        "dataset": "araby",
        "in_gazetteer": false,
        "type": null,
        "region": "Araby",
        "province": null,
        "estate": null,
        "population": 94,
        "population_estimated": true,
        "size_category": 1,
        "trade": null,
        "source": null,
        "tags": [],
        "notes": [],
        "history": {
          "province_2512": null,
          "province_2276": null,
          "ruler_2515": null,
          "ruler_2512": null,
          "ruler_2276": null
        },
        "wiki": {
          "title": null,
          "url": null,
          "description": null,
          "image": null
        },
        "svg_layer": "Araby"
      }
    },
    {
      "type": "Feature",
      "id": "text340-4",
      "geometry": {
        "type": "Point",
        "coordinates": [
          -28.677038,
          26.727899
        ]
      },
      "properties": {
        "id": "text340-4",
        "name": "Maliha",
        "category": "settlement",
        "dataset": "araby",
        "in_gazetteer": false,
        "type": null,
        "region": "Araby",
        "province": null,
        "estate": null,
        "population": 123,
        "population_estimated": true,
        "size_category": 1,
        "trade": null,
        "source": null,
        "tags": [],
        "notes": [],
        "history": {
          "province_2512": null,
          "province_2276": null,
          "ruler_2515": null,
          "ruler_2512": null,
          "ruler_2276": null
        },
        "wiki": {
          "title": null,
          "url": null,
          "description": null,
          "image": null
        },
        "svg_layer": "Araby"
      }
    },
    {
      "type": "Feature",
      "id": "text341-6",
      "geometry": {
        "type": "Point",
        "coordinates": [
          -26.969108,
          26.769942
        ]
      },
      "properties": {
        "id": "text341-6",
        "name": "Tanin",
        "category": "settlement",
        "dataset": "araby",
        "in_gazetteer": false,
        "type": null,
        "region": "Araby",
        "province": null,
        "estate": null,
        "population": 111,
        "population_estimated": true,
        "size_category": 1,
        "trade": null,
        "source": null,
        "tags": [],
        "notes": [],
        "history": {
          "province_2512": null,
          "province_2276": null,
          "ruler_2515": null,
          "ruler_2512": null,
          "ruler_2276": null
        },
        "wiki": {
          "title": null,
          "url": null,
          "description": null,
          "image": null
        },
        "svg_layer": "Araby"
      }
    },
    {
      "type": "Feature",
      "id": "text342-0",
      "geometry": {
        "type": "Point",
        "coordinates": [
          -25.988145,
          28.54093
        ]
      },
      "properties": {
        "id": "text342-0",
        "name": "Mawwaja",
        "category": "settlement",
        "dataset": "araby",
        "in_gazetteer": false,
        "type": null,
        "region": "Araby",
        "province": null,
        "estate": null,
        "population": 89,
        "population_estimated": true,
        "size_category": 1,
        "trade": null,
        "source": null,
        "tags": [],
        "notes": [],
        "history": {
          "province_2512": null,
          "province_2276": null,
          "ruler_2515": null,
          "ruler_2512": null,
          "ruler_2276": null
        },
        "wiki": {
          "title": null,
          "url": null,
          "description": null,
          "image": null
        },
        "svg_layer": "Araby"
      }
    },
    {
      "type": "Feature",
      "id": "text343-5",
      "geometry": {
        "type": "Point",
        "coordinates": [
          -24.357287,
          25.829263
        ]
      },
      "properties": {
        "id": "text343-5",
        "name": "Rummana",
        "category": "settlement",
        "dataset": "araby",
        "in_gazetteer": false,
        "type": null,
        "region": "Araby",
        "province": null,
        "estate": null,
        "population": 86,
        "population_estimated": true,
        "size_category": 1,
        "trade": null,
        "source": null,
        "tags": [],
        "notes": [],
        "history": {
          "province_2512": null,
          "province_2276": null,
          "ruler_2515": null,
          "ruler_2512": null,
          "ruler_2276": null
        },
        "wiki": {
          "title": null,
          "url": null,
          "description": null,
          "image": null
        },
        "svg_layer": "Araby"
      }
    },
    {
      "type": "Feature",
      "id": "text344-6",
      "geometry": {
        "type": "Point",
        "coordinates": [
          -24.586763,
          26.00794
        ]
      },
      "properties": {
        "id": "text344-6",
        "name": "Bustan",
        "category": "settlement",
        "dataset": "araby",
        "in_gazetteer": false,
        "type": null,
        "region": "Araby",
        "province": null,
        "estate": null,
        "population": 82,
        "population_estimated": true,
        "size_category": 1,
        "trade": null,
        "source": null,
        "tags": [],
        "notes": [],
        "history": {
          "province_2512": null,
          "province_2276": null,
          "ruler_2515": null,
          "ruler_2512": null,
          "ruler_2276": null
        },
        "wiki": {
          "title": null,
          "url": null,
          "description": null,
          "image": null
        },
        "svg_layer": "Araby"
      }
    },
    {
      "type": "Feature",
      "id": "text345-7",
      "geometry": {
        "type": "Point",
        "coordinates": [
          -24.677852,
          25.265205
        ]
      },
      "properties": {
        "id": "text345-7",
        "name": "Mishmishiyya",
        "category": "settlement",
        "dataset": "araby",
        "in_gazetteer": false,
        "type": null,
        "region": "Araby",
        "province": null,
        "estate": null,
        "population": 138,
        "population_estimated": true,
        "size_category": 1,
        "trade": null,
        "source": null,
        "tags": [],
        "notes": [],
        "history": {
          "province_2512": null,
          "province_2276": null,
          "ruler_2515": null,
          "ruler_2512": null,
          "ruler_2276": null
        },
        "wiki": {
          "title": null,
          "url": null,
          "description": null,
          "image": null
        },
        "svg_layer": "Araby"
      }
    },
    {
      "type": "Feature",
      "id": "text346-7",
      "geometry": {
        "type": "Point",
        "coordinates": [
          -33.05985,
          18.951989
        ]
      },
      "properties": {
        "id": "text346-7",
        "name": "Sha'iriyya",
        "category": "settlement",
        "dataset": "araby",
        "in_gazetteer": false,
        "type": null,
        "region": "Araby",
        "province": null,
        "estate": null,
        "population": 103,
        "population_estimated": true,
        "size_category": 1,
        "trade": null,
        "source": null,
        "tags": [],
        "notes": [],
        "history": {
          "province_2512": null,
          "province_2276": null,
          "ruler_2515": null,
          "ruler_2512": null,
          "ruler_2276": null
        },
        "wiki": {
          "title": null,
          "url": null,
          "description": null,
          "image": null
        },
        "svg_layer": "Araby"
      }
    },
    {
      "type": "Feature",
      "id": "text347-1",
      "geometry": {
        "type": "Point",
        "coordinates": [
          -24.541302,
          25.049894
        ]
      },
      "properties": {
        "id": "text347-1",
        "name": "Summaq",
        "category": "settlement",
        "dataset": "araby",
        "in_gazetteer": false,
        "type": null,
        "region": "Araby",
        "province": null,
        "estate": null,
        "population": 114,
        "population_estimated": true,
        "size_category": 1,
        "trade": null,
        "source": null,
        "tags": [],
        "notes": [],
        "history": {
          "province_2512": null,
          "province_2276": null,
          "ruler_2515": null,
          "ruler_2512": null,
          "ruler_2276": null
        },
        "wiki": {
          "title": null,
          "url": null,
          "description": null,
          "image": null
        },
        "svg_layer": "Araby"
      }
    },
    {
      "type": "Feature",
      "id": "text348-1",
      "geometry": {
        "type": "Point",
        "coordinates": [
          -23.082164,
          27.727871
        ]
      },
      "properties": {
        "id": "text348-1",
        "name": "Baydar",
        "category": "settlement",
        "dataset": "araby",
        "in_gazetteer": false,
        "type": null,
        "region": "Araby",
        "province": null,
        "estate": null,
        "population": 232,
        "population_estimated": true,
        "size_category": 1,
        "trade": null,
        "source": null,
        "tags": [],
        "notes": [],
        "history": {
          "province_2512": null,
          "province_2276": null,
          "ruler_2515": null,
          "ruler_2512": null,
          "ruler_2276": null
        },
        "wiki": {
          "title": null,
          "url": null,
          "description": null,
          "image": null
        },
        "svg_layer": "Araby"
      }
    },
    {
      "type": "Feature",
      "id": "text349-2",
      "geometry": {
        "type": "Point",
        "coordinates": [
          -22.802229,
          28.542901
        ]
      },
      "properties": {
        "id": "text349-2",
        "name": "Ahra",
        "category": "settlement",
        "dataset": "araby",
        "in_gazetteer": false,
        "type": null,
        "region": "Araby",
        "province": null,
        "estate": null,
        "population": 428,
        "population_estimated": true,
        "size_category": 2,
        "trade": null,
        "source": null,
        "tags": [],
        "notes": [],
        "history": {
          "province_2512": null,
          "province_2276": null,
          "ruler_2515": null,
          "ruler_2512": null,
          "ruler_2276": null
        },
        "wiki": {
          "title": null,
          "url": null,
          "description": null,
          "image": null
        },
        "svg_layer": "Araby"
      }
    },
    {
      "type": "Feature",
      "id": "text350-2",
      "geometry": {
        "type": "Point",
        "coordinates": [
          -22.537157,
          27.953307
        ]
      },
      "properties": {
        "id": "text350-2",
        "name": "Matmura",
        "category": "settlement",
        "dataset": "araby",
        "in_gazetteer": false,
        "type": null,
        "region": "Araby",
        "province": null,
        "estate": null,
        "population": 191,
        "population_estimated": true,
        "size_category": 1,
        "trade": null,
        "source": null,
        "tags": [],
        "notes": [],
        "history": {
          "province_2512": null,
          "province_2276": null,
          "ruler_2515": null,
          "ruler_2512": null,
          "ruler_2276": null
        },
        "wiki": {
          "title": null,
          "url": null,
          "description": null,
          "image": null
        },
        "svg_layer": "Araby"
      }
    },
    {
      "type": "Feature",
      "id": "text351-6",
      "geometry": {
        "type": "Point",
        "coordinates": [
          -22.440541,
          28.684108
        ]
      },
      "properties": {
        "id": "text351-6",
        "name": "Rawda",
        "category": "settlement",
        "dataset": "araby",
        "in_gazetteer": false,
        "type": null,
        "region": "Araby",
        "province": null,
        "estate": null,
        "population": 284,
        "population_estimated": true,
        "size_category": 1,
        "trade": null,
        "source": null,
        "tags": [],
        "notes": [],
        "history": {
          "province_2512": null,
          "province_2276": null,
          "ruler_2515": null,
          "ruler_2512": null,
          "ruler_2276": null
        },
        "wiki": {
          "title": null,
          "url": null,
          "description": null,
          "image": null
        },
        "svg_layer": "Araby"
      }
    },
    {
      "type": "Feature",
      "id": "text352-1",
      "geometry": {
        "type": "Point",
        "coordinates": [
          -22.735342,
          28.741085
        ]
      },
      "properties": {
        "id": "text352-1",
        "name": "Marj",
        "category": "settlement",
        "dataset": "araby",
        "in_gazetteer": false,
        "type": null,
        "region": "Araby",
        "province": null,
        "estate": null,
        "population": 155,
        "population_estimated": true,
        "size_category": 1,
        "trade": null,
        "source": null,
        "tags": [],
        "notes": [],
        "history": {
          "province_2512": null,
          "province_2276": null,
          "ruler_2515": null,
          "ruler_2512": null,
          "ruler_2276": null
        },
        "wiki": {
          "title": null,
          "url": null,
          "description": null,
          "image": null
        },
        "svg_layer": "Araby"
      }
    },
    {
      "type": "Feature",
      "id": "text353-9",
      "geometry": {
        "type": "Point",
        "coordinates": [
          -22.215105,
          28.864952
        ]
      },
      "properties": {
        "id": "text353-9",
        "name": "Mar'a",
        "category": "settlement",
        "dataset": "araby",
        "in_gazetteer": false,
        "type": null,
        "region": "Araby",
        "province": null,
        "estate": null,
        "population": 154,
        "population_estimated": true,
        "size_category": 1,
        "trade": null,
        "source": null,
        "tags": [],
        "notes": [],
        "history": {
          "province_2512": null,
          "province_2276": null,
          "ruler_2515": null,
          "ruler_2512": null,
          "ruler_2276": null
        },
        "wiki": {
          "title": null,
          "url": null,
          "description": null,
          "image": null
        },
        "svg_layer": "Araby"
      }
    },
    {
      "type": "Feature",
      "id": "text354-5",
      "geometry": {
        "type": "Point",
        "coordinates": [
          -22.433109,
          28.862477
        ]
      },
      "properties": {
        "id": "text354-5",
        "name": "Masyaf",
        "category": "settlement",
        "dataset": "araby",
        "in_gazetteer": false,
        "type": null,
        "region": "Araby",
        "province": null,
        "estate": null,
        "population": 143,
        "population_estimated": true,
        "size_category": 1,
        "trade": null,
        "source": null,
        "tags": [],
        "notes": [],
        "history": {
          "province_2512": null,
          "province_2276": null,
          "ruler_2515": null,
          "ruler_2512": null,
          "ruler_2276": null
        },
        "wiki": {
          "title": null,
          "url": null,
          "description": null,
          "image": null
        },
        "svg_layer": "Araby"
      }
    },
    {
      "type": "Feature",
      "id": "text355-2",
      "geometry": {
        "type": "Point",
        "coordinates": [
          -22.596612,
          29.273707
        ]
      },
      "properties": {
        "id": "text355-2",
        "name": "Mashta",
        "category": "settlement",
        "dataset": "araby",
        "in_gazetteer": false,
        "type": null,
        "region": "Araby",
        "province": null,
        "estate": null,
        "population": 193,
        "population_estimated": true,
        "size_category": 1,
        "trade": null,
        "source": null,
        "tags": [],
        "notes": [],
        "history": {
          "province_2512": null,
          "province_2276": null,
          "ruler_2515": null,
          "ruler_2512": null,
          "ruler_2276": null
        },
        "wiki": {
          "title": null,
          "url": null,
          "description": null,
          "image": null
        },
        "svg_layer": "Araby"
      }
    },
    {
      "type": "Feature",
      "id": "text356-5",
      "geometry": {
        "type": "Point",
        "coordinates": [
          -23.357146,
          27.841826
        ]
      },
      "properties": {
        "id": "text356-5",
        "name": "Zariba",
        "category": "settlement",
        "dataset": "araby",
        "in_gazetteer": false,
        "type": null,
        "region": "Araby",
        "province": null,
        "estate": null,
        "population": 105,
        "population_estimated": true,
        "size_category": 1,
        "trade": null,
        "source": null,
        "tags": [],
        "notes": [],
        "history": {
          "province_2512": null,
          "province_2276": null,
          "ruler_2515": null,
          "ruler_2512": null,
          "ruler_2276": null
        },
        "wiki": {
          "title": null,
          "url": null,
          "description": null,
          "image": null
        },
        "svg_layer": "Araby"
      }
    },
    {
      "type": "Feature",
      "id": "text357-2",
      "geometry": {
        "type": "Point",
        "coordinates": [
          -21.642846,
          28.909545
        ]
      },
      "properties": {
        "id": "text357-2",
        "name": "Nakhla",
        "category": "settlement",
        "dataset": "araby",
        "in_gazetteer": false,
        "type": null,
        "region": "Araby",
        "province": null,
        "estate": null,
        "population": 180,
        "population_estimated": true,
        "size_category": 1,
        "trade": null,
        "source": null,
        "tags": [],
        "notes": [],
        "history": {
          "province_2512": null,
          "province_2276": null,
          "ruler_2515": null,
          "ruler_2512": null,
          "ruler_2276": null
        },
        "wiki": {
          "title": null,
          "url": null,
          "description": null,
          "image": null
        },
        "svg_layer": "Araby"
      }
    },
    {
      "type": "Feature",
      "id": "text358-4",
      "geometry": {
        "type": "Point",
        "coordinates": [
          -21.46448,
          28.634561
        ]
      },
      "properties": {
        "id": "text358-4",
        "name": "Barniyya",
        "category": "settlement",
        "dataset": "araby",
        "in_gazetteer": false,
        "type": null,
        "region": "Araby",
        "province": null,
        "estate": null,
        "population": 183,
        "population_estimated": true,
        "size_category": 1,
        "trade": null,
        "source": null,
        "tags": [],
        "notes": [],
        "history": {
          "province_2512": null,
          "province_2276": null,
          "ruler_2515": null,
          "ruler_2512": null,
          "ruler_2276": null
        },
        "wiki": {
          "title": null,
          "url": null,
          "description": null,
          "image": null
        },
        "svg_layer": "Araby"
      }
    },
    {
      "type": "Feature",
      "id": "text359-2",
      "geometry": {
        "type": "Point",
        "coordinates": [
          -21.40007,
          28.557767
        ]
      },
      "properties": {
        "id": "text359-2",
        "name": "Khustaw",
        "category": "settlement",
        "dataset": "araby",
        "in_gazetteer": false,
        "type": null,
        "region": "Araby",
        "province": null,
        "estate": null,
        "population": 107,
        "population_estimated": true,
        "size_category": 1,
        "trade": null,
        "source": null,
        "tags": [],
        "notes": [],
        "history": {
          "province_2512": null,
          "province_2276": null,
          "ruler_2515": null,
          "ruler_2512": null,
          "ruler_2276": null
        },
        "wiki": {
          "title": null,
          "url": null,
          "description": null,
          "image": null
        },
        "svg_layer": "Araby"
      }
    },
    {
      "type": "Feature",
      "id": "text360-9",
      "geometry": {
        "type": "Point",
        "coordinates": [
          -21.177112,
          28.275356
        ]
      },
      "properties": {
        "id": "text360-9",
        "name": "Qati'a",
        "category": "settlement",
        "dataset": "araby",
        "in_gazetteer": false,
        "type": null,
        "region": "Araby",
        "province": null,
        "estate": null,
        "population": 277,
        "population_estimated": true,
        "size_category": 1,
        "trade": null,
        "source": null,
        "tags": [],
        "notes": [],
        "history": {
          "province_2512": null,
          "province_2276": null,
          "ruler_2515": null,
          "ruler_2512": null,
          "ruler_2276": null
        },
        "wiki": {
          "title": null,
          "url": null,
          "description": null,
          "image": null
        },
        "svg_layer": "Araby"
      }
    },
    {
      "type": "Feature",
      "id": "text361-3",
      "geometry": {
        "type": "Point",
        "coordinates": [
          -21.573482,
          28.441336
        ]
      },
      "properties": {
        "id": "text361-3",
        "name": "Iqta'",
        "category": "settlement",
        "dataset": "araby",
        "in_gazetteer": false,
        "type": null,
        "region": "Araby",
        "province": null,
        "estate": null,
        "population": 132,
        "population_estimated": true,
        "size_category": 1,
        "trade": null,
        "source": null,
        "tags": [],
        "notes": [],
        "history": {
          "province_2512": null,
          "province_2276": null,
          "ruler_2515": null,
          "ruler_2512": null,
          "ruler_2276": null
        },
        "wiki": {
          "title": null,
          "url": null,
          "description": null,
          "image": null
        },
        "svg_layer": "Araby"
      }
    },
    {
      "type": "Feature",
      "id": "text362-3",
      "geometry": {
        "type": "Point",
        "coordinates": [
          -20.788174,
          28.072215
        ]
      },
      "properties": {
        "id": "text362-3",
        "name": "Khayriyya",
        "category": "settlement",
        "dataset": "araby",
        "in_gazetteer": false,
        "type": null,
        "region": "Araby",
        "province": null,
        "estate": null,
        "population": 101,
        "population_estimated": true,
        "size_category": 1,
        "trade": null,
        "source": null,
        "tags": [],
        "notes": [],
        "history": {
          "province_2512": null,
          "province_2276": null,
          "ruler_2515": null,
          "ruler_2512": null,
          "ruler_2276": null
        },
        "wiki": {
          "title": null,
          "url": null,
          "description": null,
          "image": null
        },
        "svg_layer": "Araby"
      }
    },
    {
      "type": "Feature",
      "id": "text363-5",
      "geometry": {
        "type": "Point",
        "coordinates": [
          -22.752682,
          28.354628
        ]
      },
      "properties": {
        "id": "text363-5",
        "name": "Saniya",
        "category": "settlement",
        "dataset": "araby",
        "in_gazetteer": false,
        "type": null,
        "region": "Araby",
        "province": null,
        "estate": null,
        "population": 106,
        "population_estimated": true,
        "size_category": 1,
        "trade": null,
        "source": null,
        "tags": [],
        "notes": [],
        "history": {
          "province_2512": null,
          "province_2276": null,
          "ruler_2515": null,
          "ruler_2512": null,
          "ruler_2276": null
        },
        "wiki": {
          "title": null,
          "url": null,
          "description": null,
          "image": null
        },
        "svg_layer": "Araby"
      }
    },
    {
      "type": "Feature",
      "id": "text364-8",
      "geometry": {
        "type": "Point",
        "coordinates": [
          -22.879026,
          27.675846
        ]
      },
      "properties": {
        "id": "text364-8",
        "name": "Na'ura",
        "category": "settlement",
        "dataset": "araby",
        "in_gazetteer": false,
        "type": null,
        "region": "Araby",
        "province": null,
        "estate": null,
        "population": 121,
        "population_estimated": true,
        "size_category": 1,
        "trade": null,
        "source": null,
        "tags": [],
        "notes": [],
        "history": {
          "province_2512": null,
          "province_2276": null,
          "ruler_2515": null,
          "ruler_2512": null,
          "ruler_2276": null
        },
        "wiki": {
          "title": null,
          "url": null,
          "description": null,
          "image": null
        },
        "svg_layer": "Araby"
      }
    },
    {
      "type": "Feature",
      "id": "text365-8",
      "geometry": {
        "type": "Point",
        "coordinates": [
          -24.489278,
          27.512344
        ]
      },
      "properties": {
        "id": "text365-8",
        "name": "Shaduf",
        "category": "settlement",
        "dataset": "araby",
        "in_gazetteer": false,
        "type": null,
        "region": "Araby",
        "province": null,
        "estate": null,
        "population": 344,
        "population_estimated": true,
        "size_category": 2,
        "trade": null,
        "source": null,
        "tags": [],
        "notes": [],
        "history": {
          "province_2512": null,
          "province_2276": null,
          "ruler_2515": null,
          "ruler_2512": null,
          "ruler_2276": null
        },
        "wiki": {
          "title": null,
          "url": null,
          "description": null,
          "image": null
        },
        "svg_layer": "Araby"
      }
    },
    {
      "type": "Feature",
      "id": "text366-2",
      "geometry": {
        "type": "Point",
        "coordinates": [
          -24.826193,
          27.333979
        ]
      },
      "properties": {
        "id": "text366-2",
        "name": "Zaytuna",
        "category": "settlement",
        "dataset": "araby",
        "in_gazetteer": false,
        "type": null,
        "region": "Araby",
        "province": null,
        "estate": null,
        "population": 158,
        "population_estimated": true,
        "size_category": 1,
        "trade": null,
        "source": null,
        "tags": [],
        "notes": [],
        "history": {
          "province_2512": null,
          "province_2276": null,
          "ruler_2515": null,
          "ruler_2512": null,
          "ruler_2276": null
        },
        "wiki": {
          "title": null,
          "url": null,
          "description": null,
          "image": null
        },
        "svg_layer": "Araby"
      }
    },
    {
      "type": "Feature",
      "id": "text367-1",
      "geometry": {
        "type": "Point",
        "coordinates": [
          -24.595803,
          27.299296
        ]
      },
      "properties": {
        "id": "text367-1",
        "name": "Hasad",
        "category": "settlement",
        "dataset": "araby",
        "in_gazetteer": false,
        "type": null,
        "region": "Araby",
        "province": null,
        "estate": null,
        "population": 161,
        "population_estimated": true,
        "size_category": 1,
        "trade": null,
        "source": null,
        "tags": [],
        "notes": [],
        "history": {
          "province_2512": null,
          "province_2276": null,
          "ruler_2515": null,
          "ruler_2512": null,
          "ruler_2276": null
        },
        "wiki": {
          "title": null,
          "url": null,
          "description": null,
          "image": null
        },
        "svg_layer": "Araby"
      }
    },
    {
      "type": "Feature",
      "id": "text368-5",
      "geometry": {
        "type": "Point",
        "coordinates": [
          -24.090431,
          27.098632
        ]
      },
      "properties": {
        "id": "text368-5",
        "name": "Khasiba",
        "category": "settlement",
        "dataset": "araby",
        "in_gazetteer": false,
        "type": null,
        "region": "Araby",
        "province": null,
        "estate": null,
        "population": 162,
        "population_estimated": true,
        "size_category": 1,
        "trade": null,
        "source": null,
        "tags": [],
        "notes": [],
        "history": {
          "province_2512": null,
          "province_2276": null,
          "ruler_2515": null,
          "ruler_2512": null,
          "ruler_2276": null
        },
        "wiki": {
          "title": null,
          "url": null,
          "description": null,
          "image": null
        },
        "svg_layer": "Araby"
      }
    },
    {
      "type": "Feature",
      "id": "text369-5",
      "geometry": {
        "type": "Point",
        "coordinates": [
          -25.576819,
          26.836039
        ]
      },
      "properties": {
        "id": "text369-5",
        "name": "Jadba",
        "category": "settlement",
        "dataset": "araby",
        "in_gazetteer": false,
        "type": null,
        "region": "Araby",
        "province": null,
        "estate": null,
        "population": 113,
        "population_estimated": true,
        "size_category": 1,
        "trade": null,
        "source": null,
        "tags": [],
        "notes": [],
        "history": {
          "province_2512": null,
          "province_2276": null,
          "ruler_2515": null,
          "ruler_2512": null,
          "ruler_2276": null
        },
        "wiki": {
          "title": null,
          "url": null,
          "description": null,
          "image": null
        },
        "svg_layer": "Araby"
      }
    },
    {
      "type": "Feature",
      "id": "text370-0",
      "geometry": {
        "type": "Point",
        "coordinates": [
          -26.002918,
          27.262133
        ]
      },
      "properties": {
        "id": "text370-0",
        "name": "Hasid",
        "category": "settlement",
        "dataset": "araby",
        "in_gazetteer": false,
        "type": null,
        "region": "Araby",
        "province": null,
        "estate": null,
        "population": 228,
        "population_estimated": true,
        "size_category": 1,
        "trade": null,
        "source": null,
        "tags": [],
        "notes": [],
        "history": {
          "province_2512": null,
          "province_2276": null,
          "ruler_2515": null,
          "ruler_2512": null,
          "ruler_2276": null
        },
        "wiki": {
          "title": null,
          "url": null,
          "description": null,
          "image": null
        },
        "svg_layer": "Araby"
      }
    },
    {
      "type": "Feature",
      "id": "text371-4",
      "geometry": {
        "type": "Point",
        "coordinates": [
          -26.468654,
          27.277001
        ]
      },
      "properties": {
        "id": "text371-4",
        "name": "Kharajiyya",
        "category": "settlement",
        "dataset": "araby",
        "in_gazetteer": false,
        "type": null,
        "region": "Araby",
        "province": null,
        "estate": null,
        "population": 209,
        "population_estimated": true,
        "size_category": 1,
        "trade": null,
        "source": null,
        "tags": [],
        "notes": [],
        "history": {
          "province_2512": null,
          "province_2276": null,
          "ruler_2515": null,
          "ruler_2512": null,
          "ruler_2276": null
        },
        "wiki": {
          "title": null,
          "url": null,
          "description": null,
          "image": null
        },
        "svg_layer": "Araby"
      }
    },
    {
      "type": "Feature",
      "id": "text372-3",
      "geometry": {
        "type": "Point",
        "coordinates": [
          -25.78739,
          26.350487
        ]
      },
      "properties": {
        "id": "text372-3",
        "name": "Dababiyya",
        "category": "settlement",
        "dataset": "araby",
        "in_gazetteer": false,
        "type": null,
        "region": "Araby",
        "province": null,
        "estate": null,
        "population": 137,
        "population_estimated": true,
        "size_category": 1,
        "trade": null,
        "source": null,
        "tags": [],
        "notes": [],
        "history": {
          "province_2512": null,
          "province_2276": null,
          "ruler_2515": null,
          "ruler_2512": null,
          "ruler_2276": null
        },
        "wiki": {
          "title": null,
          "url": null,
          "description": null,
          "image": null
        },
        "svg_layer": "Araby"
      }
    },
    {
      "type": "Feature",
      "id": "text373-8",
      "geometry": {
        "type": "Point",
        "coordinates": [
          -27.182117,
          24.551952
        ]
      },
      "properties": {
        "id": "text373-8",
        "name": "Maghhara",
        "category": "settlement",
        "dataset": "araby",
        "in_gazetteer": false,
        "type": null,
        "region": "Araby",
        "province": null,
        "estate": null,
        "population": 148,
        "population_estimated": true,
        "size_category": 1,
        "trade": null,
        "source": null,
        "tags": [],
        "notes": [],
        "history": {
          "province_2512": null,
          "province_2276": null,
          "ruler_2515": null,
          "ruler_2512": null,
          "ruler_2276": null
        },
        "wiki": {
          "title": null,
          "url": null,
          "description": null,
          "image": null
        },
        "svg_layer": "Araby"
      }
    },
    {
      "type": "Feature",
      "id": "text374-1",
      "geometry": {
        "type": "Point",
        "coordinates": [
          -27.394777,
          20.540806
        ]
      },
      "properties": {
        "id": "text374-1",
        "name": "Nariyya",
        "category": "settlement",
        "dataset": "araby",
        "in_gazetteer": false,
        "type": null,
        "region": "Araby",
        "province": null,
        "estate": null,
        "population": 148,
        "population_estimated": true,
        "size_category": 1,
        "trade": null,
        "source": null,
        "tags": [],
        "notes": [],
        "history": {
          "province_2512": null,
          "province_2276": null,
          "ruler_2515": null,
          "ruler_2512": null,
          "ruler_2276": null
        },
        "wiki": {
          "title": null,
          "url": null,
          "description": null,
          "image": null
        },
        "svg_layer": "Araby"
      }
    },
    {
      "type": "Feature",
      "id": "text375-4",
      "geometry": {
        "type": "Point",
        "coordinates": [
          -30.896473,
          22.874103
        ]
      },
      "properties": {
        "id": "text375-4",
        "name": "Tayriyya",
        "category": "settlement",
        "dataset": "araby",
        "in_gazetteer": false,
        "type": null,
        "region": "Araby",
        "province": null,
        "estate": null,
        "population": 188,
        "population_estimated": true,
        "size_category": 1,
        "trade": null,
        "source": null,
        "tags": [],
        "notes": [],
        "history": {
          "province_2512": null,
          "province_2276": null,
          "ruler_2515": null,
          "ruler_2512": null,
          "ruler_2276": null
        },
        "wiki": {
          "title": null,
          "url": null,
          "description": null,
          "image": null
        },
        "svg_layer": "Araby"
      }
    },
    {
      "type": "Feature",
      "id": "text376-4",
      "geometry": {
        "type": "Point",
        "coordinates": [
          -30.868446,
          23.093069
        ]
      },
      "properties": {
        "id": "text376-4",
        "name": "Batiha",
        "category": "settlement",
        "dataset": "araby",
        "in_gazetteer": false,
        "type": null,
        "region": "Araby",
        "province": null,
        "estate": null,
        "population": 219,
        "population_estimated": true,
        "size_category": 1,
        "trade": null,
        "source": null,
        "tags": [],
        "notes": [],
        "history": {
          "province_2512": null,
          "province_2276": null,
          "ruler_2515": null,
          "ruler_2512": null,
          "ruler_2276": null
        },
        "wiki": {
          "title": null,
          "url": null,
          "description": null,
          "image": null
        },
        "svg_layer": "Araby"
      }
    },
    {
      "type": "Feature",
      "id": "text377-3",
      "geometry": {
        "type": "Point",
        "coordinates": [
          -35.573579,
          21.36937
        ]
      },
      "properties": {
        "id": "text377-3",
        "name": "Juzayr",
        "category": "settlement",
        "dataset": "araby",
        "in_gazetteer": false,
        "type": null,
        "region": "Araby",
        "province": null,
        "estate": null,
        "population": 162,
        "population_estimated": true,
        "size_category": 1,
        "trade": null,
        "source": null,
        "tags": [],
        "notes": [],
        "history": {
          "province_2512": null,
          "province_2276": null,
          "ruler_2515": null,
          "ruler_2512": null,
          "ruler_2276": null
        },
        "wiki": {
          "title": null,
          "url": null,
          "description": null,
          "image": null
        },
        "svg_layer": "Araby"
      }
    },
    {
      "type": "Feature",
      "id": "text378-5",
      "geometry": {
        "type": "Point",
        "coordinates": [
          -35.28938,
          20.493079
        ]
      },
      "properties": {
        "id": "text378-5",
        "name": "Ghayl",
        "category": "settlement",
        "dataset": "araby",
        "in_gazetteer": false,
        "type": null,
        "region": "Araby",
        "province": null,
        "estate": null,
        "population": 148,
        "population_estimated": true,
        "size_category": 1,
        "trade": null,
        "source": null,
        "tags": [],
        "notes": [],
        "history": {
          "province_2512": null,
          "province_2276": null,
          "ruler_2515": null,
          "ruler_2512": null,
          "ruler_2276": null
        },
        "wiki": {
          "title": null,
          "url": null,
          "description": null,
          "image": null
        },
        "svg_layer": "Araby"
      }
    },
    {
      "type": "Feature",
      "id": "text379-8",
      "geometry": {
        "type": "Point",
        "coordinates": [
          -32.991534,
          18.878418
        ]
      },
      "properties": {
        "id": "text379-8",
        "name": "Nuhayr",
        "category": "settlement",
        "dataset": "araby",
        "in_gazetteer": false,
        "type": null,
        "region": "Araby",
        "province": null,
        "estate": null,
        "population": 168,
        "population_estimated": true,
        "size_category": 1,
        "trade": null,
        "source": null,
        "tags": [],
        "notes": [],
        "history": {
          "province_2512": null,
          "province_2276": null,
          "ruler_2515": null,
          "ruler_2512": null,
          "ruler_2276": null
        },
        "wiki": {
          "title": null,
          "url": null,
          "description": null,
          "image": null
        },
        "svg_layer": "Araby"
      }
    },
    {
      "type": "Feature",
      "id": "text380-0",
      "geometry": {
        "type": "Point",
        "coordinates": [
          -22.752707,
          28.910545
        ]
      },
      "properties": {
        "id": "text380-0",
        "name": "Multaqa",
        "category": "settlement",
        "dataset": "araby",
        "in_gazetteer": false,
        "type": null,
        "region": "Araby",
        "province": null,
        "estate": null,
        "population": 180,
        "population_estimated": true,
        "size_category": 1,
        "trade": null,
        "source": null,
        "tags": [],
        "notes": [],
        "history": {
          "province_2512": null,
          "province_2276": null,
          "ruler_2515": null,
          "ruler_2512": null,
          "ruler_2276": null
        },
        "wiki": {
          "title": null,
          "url": null,
          "description": null,
          "image": null
        },
        "svg_layer": "Araby"
      }
    },
    {
      "type": "Feature",
      "id": "text381-1",
      "geometry": {
        "type": "Point",
        "coordinates": [
          -23.665355,
          26.740159
        ]
      },
      "properties": {
        "id": "text381-1",
        "name": "Uyun",
        "category": "settlement",
        "dataset": "araby",
        "in_gazetteer": false,
        "type": null,
        "region": "Araby",
        "province": null,
        "estate": null,
        "population": 83,
        "population_estimated": true,
        "size_category": 1,
        "trade": null,
        "source": null,
        "tags": [],
        "notes": [],
        "history": {
          "province_2512": null,
          "province_2276": null,
          "ruler_2515": null,
          "ruler_2512": null,
          "ruler_2276": null
        },
        "wiki": {
          "title": null,
          "url": null,
          "description": null,
          "image": null
        },
        "svg_layer": "Araby"
      }
    },
    {
      "type": "Feature",
      "id": "text382-5",
      "geometry": {
        "type": "Point",
        "coordinates": [
          -23.521714,
          28.910545
        ]
      },
      "properties": {
        "id": "text382-5",
        "name": "Masabb",
        "category": "settlement",
        "dataset": "araby",
        "in_gazetteer": false,
        "type": null,
        "region": "Araby",
        "province": null,
        "estate": null,
        "population": 99,
        "population_estimated": true,
        "size_category": 1,
        "trade": null,
        "source": null,
        "tags": [],
        "notes": [],
        "history": {
          "province_2512": null,
          "province_2276": null,
          "ruler_2515": null,
          "ruler_2512": null,
          "ruler_2276": null
        },
        "wiki": {
          "title": null,
          "url": null,
          "description": null,
          "image": null
        },
        "svg_layer": "Araby"
      }
    },
    {
      "type": "Feature",
      "id": "text383-2",
      "geometry": {
        "type": "Point",
        "coordinates": [
          -23.230928,
          28.936815
        ]
      },
      "properties": {
        "id": "text383-2",
        "name": "Buhayra",
        "category": "settlement",
        "dataset": "araby",
        "in_gazetteer": false,
        "type": null,
        "region": "Araby",
        "province": null,
        "estate": null,
        "population": 144,
        "population_estimated": true,
        "size_category": 1,
        "trade": null,
        "source": null,
        "tags": [],
        "notes": [],
        "history": {
          "province_2512": null,
          "province_2276": null,
          "ruler_2515": null,
          "ruler_2512": null,
          "ruler_2276": null
        },
        "wiki": {
          "title": null,
          "url": null,
          "description": null,
          "image": null
        },
        "svg_layer": "Araby"
      }
    },
    {
      "type": "Feature",
      "id": "text384-7",
      "geometry": {
        "type": "Point",
        "coordinates": [
          -22.053769,
          29.017396
        ]
      },
      "properties": {
        "id": "text384-7",
        "name": "Qamariyya",
        "category": "settlement",
        "dataset": "araby",
        "in_gazetteer": false,
        "type": null,
        "region": "Araby",
        "province": null,
        "estate": null,
        "population": 247,
        "population_estimated": true,
        "size_category": 1,
        "trade": null,
        "source": null,
        "tags": [],
        "notes": [],
        "history": {
          "province_2512": null,
          "province_2276": null,
          "ruler_2515": null,
          "ruler_2512": null,
          "ruler_2276": null
        },
        "wiki": {
          "title": null,
          "url": null,
          "description": null,
          "image": null
        },
        "svg_layer": "Araby"
      }
    },
    {
      "type": "Feature",
      "id": "text385-8",
      "geometry": {
        "type": "Point",
        "coordinates": [
          -22.509217,
          29.078706
        ]
      },
      "properties": {
        "id": "text385-8",
        "name": "Shatt",
        "category": "settlement",
        "dataset": "araby",
        "in_gazetteer": false,
        "type": null,
        "region": "Araby",
        "province": null,
        "estate": null,
        "population": 78,
        "population_estimated": true,
        "size_category": 1,
        "trade": null,
        "source": null,
        "tags": [],
        "notes": [],
        "history": {
          "province_2512": null,
          "province_2276": null,
          "ruler_2515": null,
          "ruler_2512": null,
          "ruler_2276": null
        },
        "wiki": {
          "title": null,
          "url": null,
          "description": null,
          "image": null
        },
        "svg_layer": "Araby"
      }
    },
    {
      "type": "Feature",
      "id": "text386-3",
      "geometry": {
        "type": "Point",
        "coordinates": [
          -22.337548,
          28.98937
        ]
      },
      "properties": {
        "id": "text386-3",
        "name": "Daffa",
        "category": "settlement",
        "dataset": "araby",
        "in_gazetteer": false,
        "type": null,
        "region": "Araby",
        "province": null,
        "estate": null,
        "population": 145,
        "population_estimated": true,
        "size_category": 1,
        "trade": null,
        "source": null,
        "tags": [],
        "notes": [],
        "history": {
          "province_2512": null,
          "province_2276": null,
          "ruler_2515": null,
          "ruler_2512": null,
          "ruler_2276": null
        },
        "wiki": {
          "title": null,
          "url": null,
          "description": null,
          "image": null
        },
        "svg_layer": "Araby"
      }
    },
    {
      "type": "Feature",
      "id": "text387-3",
      "geometry": {
        "type": "Point",
        "coordinates": [
          -22.710666,
          28.819452
        ]
      },
      "properties": {
        "id": "text387-3",
        "name": "Jisr",
        "category": "settlement",
        "dataset": "araby",
        "in_gazetteer": false,
        "type": null,
        "region": "Araby",
        "province": null,
        "estate": null,
        "population": 109,
        "population_estimated": true,
        "size_category": 1,
        "trade": null,
        "source": null,
        "tags": [],
        "notes": [],
        "history": {
          "province_2512": null,
          "province_2276": null,
          "ruler_2515": null,
          "ruler_2512": null,
          "ruler_2276": null
        },
        "wiki": {
          "title": null,
          "url": null,
          "description": null,
          "image": null
        },
        "svg_layer": "Araby"
      }
    },
    {
      "type": "Feature",
      "id": "text388-3",
      "geometry": {
        "type": "Point",
        "coordinates": [
          -23.004955,
          27.810464
        ]
      },
      "properties": {
        "id": "text388-3",
        "name": "Ma'diya",
        "category": "settlement",
        "dataset": "araby",
        "in_gazetteer": false,
        "type": null,
        "region": "Araby",
        "province": null,
        "estate": null,
        "population": 188,
        "population_estimated": true,
        "size_category": 1,
        "trade": null,
        "source": null,
        "tags": [],
        "notes": [],
        "history": {
          "province_2512": null,
          "province_2276": null,
          "ruler_2515": null,
          "ruler_2512": null,
          "ruler_2276": null
        },
        "wiki": {
          "title": null,
          "url": null,
          "description": null,
          "image": null
        },
        "svg_layer": "Araby"
      }
    },
    {
      "type": "Feature",
      "id": "text389-2",
      "geometry": {
        "type": "Point",
        "coordinates": [
          -30.434018,
          25.566507
        ]
      },
      "properties": {
        "id": "text389-2",
        "name": "Sikka",
        "category": "settlement",
        "dataset": "araby",
        "in_gazetteer": false,
        "type": null,
        "region": "Araby",
        "province": null,
        "estate": null,
        "population": 103,
        "population_estimated": true,
        "size_category": 1,
        "trade": null,
        "source": null,
        "tags": [],
        "notes": [],
        "history": {
          "province_2512": null,
          "province_2276": null,
          "ruler_2515": null,
          "ruler_2512": null,
          "ruler_2276": null
        },
        "wiki": {
          "title": null,
          "url": null,
          "description": null,
          "image": null
        },
        "svg_layer": "Araby"
      }
    },
    {
      "type": "Feature",
      "id": "text390-0",
      "geometry": {
        "type": "Point",
        "coordinates": [
          -30.090682,
          22.567547
        ]
      },
      "properties": {
        "id": "text390-0",
        "name": "Munhana",
        "category": "settlement",
        "dataset": "araby",
        "in_gazetteer": false,
        "type": null,
        "region": "Araby",
        "province": null,
        "estate": null,
        "population": 171,
        "population_estimated": true,
        "size_category": 1,
        "trade": null,
        "source": null,
        "tags": [],
        "notes": [],
        "history": {
          "province_2512": null,
          "province_2276": null,
          "ruler_2515": null,
          "ruler_2512": null,
          "ruler_2276": null
        },
        "wiki": {
          "title": null,
          "url": null,
          "description": null,
          "image": null
        },
        "svg_layer": "Araby"
      }
    },
    {
      "type": "Feature",
      "id": "text391-2",
      "geometry": {
        "type": "Point",
        "coordinates": [
          -35.235857,
          22.686534
        ]
      },
      "properties": {
        "id": "text391-2",
        "name": "Jazira",
        "category": "settlement",
        "dataset": "araby",
        "in_gazetteer": false,
        "type": null,
        "region": "Araby",
        "province": null,
        "estate": null,
        "population": 355,
        "population_estimated": true,
        "size_category": 2,
        "trade": null,
        "source": null,
        "tags": [],
        "notes": [],
        "history": {
          "province_2512": null,
          "province_2276": null,
          "ruler_2515": null,
          "ruler_2512": null,
          "ruler_2276": null
        },
        "wiki": {
          "title": null,
          "url": null,
          "description": null,
          "image": null
        },
        "svg_layer": "Araby"
      }
    },
    {
      "type": "Feature",
      "id": "text392-5",
      "geometry": {
        "type": "Point",
        "coordinates": [
          -30.260597,
          23.382102
        ]
      },
      "properties": {
        "id": "text392-5",
        "name": "Fayd",
        "category": "settlement",
        "dataset": "araby",
        "in_gazetteer": false,
        "type": null,
        "region": "Araby",
        "province": null,
        "estate": null,
        "population": 111,
        "population_estimated": true,
        "size_category": 1,
        "trade": null,
        "source": null,
        "tags": [],
        "notes": [],
        "history": {
          "province_2512": null,
          "province_2276": null,
          "ruler_2515": null,
          "ruler_2512": null,
          "ruler_2276": null
        },
        "wiki": {
          "title": null,
          "url": null,
          "description": null,
          "image": null
        },
        "svg_layer": "Araby"
      }
    },
    {
      "type": "Feature",
      "id": "text393-1",
      "geometry": {
        "type": "Point",
        "coordinates": [
          -30.03988,
          23.401372
        ]
      },
      "properties": {
        "id": "text393-1",
        "name": "Mashra'",
        "category": "settlement",
        "dataset": "araby",
        "in_gazetteer": false,
        "type": null,
        "region": "Araby",
        "province": null,
        "estate": null,
        "population": 135,
        "population_estimated": true,
        "size_category": 1,
        "trade": null,
        "source": null,
        "tags": [],
        "notes": [],
        "history": {
          "province_2512": null,
          "province_2276": null,
          "ruler_2515": null,
          "ruler_2512": null,
          "ruler_2276": null
        },
        "wiki": {
          "title": null,
          "url": null,
          "description": null,
          "image": null
        },
        "svg_layer": "Araby"
      }
    },
    {
      "type": "Feature",
      "id": "text394-8",
      "geometry": {
        "type": "Point",
        "coordinates": [
          -23.392086,
          22.376609
        ]
      },
      "properties": {
        "id": "text394-8",
        "name": "Sab'abar",
        "category": "settlement",
        "dataset": "araby",
        "in_gazetteer": false,
        "type": null,
        "region": "Araby",
        "province": null,
        "estate": null,
        "population": 257,
        "population_estimated": true,
        "size_category": 1,
        "trade": null,
        "source": null,
        "tags": [],
        "notes": [],
        "history": {
          "province_2512": null,
          "province_2276": null,
          "ruler_2515": null,
          "ruler_2512": null,
          "ruler_2276": null
        },
        "wiki": {
          "title": null,
          "url": null,
          "description": null,
          "image": null
        },
        "svg_layer": "Araby"
      }
    },
    {
      "type": "Feature",
      "id": "text395-0",
      "geometry": {
        "type": "Point",
        "coordinates": [
          -25.459122,
          27.540699
        ]
      },
      "properties": {
        "id": "text395-0",
        "name": "Maqbara",
        "category": "settlement",
        "dataset": "araby",
        "in_gazetteer": false,
        "type": null,
        "region": "Araby",
        "province": null,
        "estate": null,
        "population": 133,
        "population_estimated": true,
        "size_category": 1,
        "trade": null,
        "source": null,
        "tags": [],
        "notes": [],
        "history": {
          "province_2512": null,
          "province_2276": null,
          "ruler_2515": null,
          "ruler_2512": null,
          "ruler_2276": null
        },
        "wiki": {
          "title": null,
          "url": null,
          "description": null,
          "image": null
        },
        "svg_layer": "Araby"
      }
    },
    {
      "type": "Feature",
      "id": "text396-9",
      "geometry": {
        "type": "Point",
        "coordinates": [
          -25.949606,
          27.785942
        ]
      },
      "properties": {
        "id": "text396-9",
        "name": "Rijm",
        "category": "settlement",
        "dataset": "araby",
        "in_gazetteer": false,
        "type": null,
        "region": "Araby",
        "province": null,
        "estate": null,
        "population": 148,
        "population_estimated": true,
        "size_category": 1,
        "trade": null,
        "source": null,
        "tags": [],
        "notes": [],
        "history": {
          "province_2512": null,
          "province_2276": null,
          "ruler_2515": null,
          "ruler_2512": null,
          "ruler_2276": null
        },
        "wiki": {
          "title": null,
          "url": null,
          "description": null,
          "image": null
        },
        "svg_layer": "Araby"
      }
    },
    {
      "type": "Feature",
      "id": "text397-5",
      "geometry": {
        "type": "Point",
        "coordinates": [
          -25.473135,
          28.19234
        ]
      },
      "properties": {
        "id": "text397-5",
        "name": "Mughayyaba",
        "category": "settlement",
        "dataset": "araby",
        "in_gazetteer": false,
        "type": null,
        "region": "Araby",
        "province": null,
        "estate": null,
        "population": 168,
        "population_estimated": true,
        "size_category": 1,
        "trade": null,
        "source": null,
        "tags": [],
        "notes": [],
        "history": {
          "province_2512": null,
          "province_2276": null,
          "ruler_2515": null,
          "ruler_2512": null,
          "ruler_2276": null
        },
        "wiki": {
          "title": null,
          "url": null,
          "description": null,
          "image": null
        },
        "svg_layer": "Araby"
      }
    },
    {
      "type": "Feature",
      "id": "text398-4",
      "geometry": {
        "type": "Point",
        "coordinates": [
          -19.972721,
          27.270933
        ]
      },
      "properties": {
        "id": "text398-4",
        "name": "Sarab",
        "category": "settlement",
        "dataset": "araby",
        "in_gazetteer": false,
        "type": null,
        "region": "Araby",
        "province": null,
        "estate": null,
        "population": 421,
        "population_estimated": true,
        "size_category": 2,
        "trade": null,
        "source": null,
        "tags": [],
        "notes": [],
        "history": {
          "province_2512": null,
          "province_2276": null,
          "ruler_2515": null,
          "ruler_2512": null,
          "ruler_2276": null
        },
        "wiki": {
          "title": null,
          "url": null,
          "description": null,
          "image": null
        },
        "svg_layer": "Araby"
      }
    },
    {
      "type": "Feature",
      "id": "text399-0",
      "geometry": {
        "type": "Point",
        "coordinates": [
          -19.688941,
          27.859513
        ]
      },
      "properties": {
        "id": "text399-0",
        "name": "Rumat",
        "category": "settlement",
        "dataset": "araby",
        "in_gazetteer": false,
        "type": null,
        "region": "Araby",
        "province": null,
        "estate": null,
        "population": 357,
        "population_estimated": true,
        "size_category": 2,
        "trade": null,
        "source": null,
        "tags": [],
        "notes": [],
        "history": {
          "province_2512": null,
          "province_2276": null,
          "ruler_2515": null,
          "ruler_2512": null,
          "ruler_2276": null
        },
        "wiki": {
          "title": null,
          "url": null,
          "description": null,
          "image": null
        },
        "svg_layer": "Araby"
      }
    },
    {
      "type": "Feature",
      "id": "text400-8",
      "geometry": {
        "type": "Point",
        "coordinates": [
          -21.8821,
          26.906576
        ]
      },
      "properties": {
        "id": "text400-8",
        "name": "Mu'awwil",
        "category": "settlement",
        "dataset": "araby",
        "in_gazetteer": false,
        "type": null,
        "region": "Araby",
        "province": null,
        "estate": null,
        "population": 151,
        "population_estimated": true,
        "size_category": 1,
        "trade": null,
        "source": null,
        "tags": [],
        "notes": [],
        "history": {
          "province_2512": null,
          "province_2276": null,
          "ruler_2515": null,
          "ruler_2512": null,
          "ruler_2276": null
        },
        "wiki": {
          "title": null,
          "url": null,
          "description": null,
          "image": null
        },
        "svg_layer": "Araby"
      }
    },
    {
      "type": "Feature",
      "id": "text401-9",
      "geometry": {
        "type": "Point",
        "coordinates": [
          -20.116361,
          28.052203
        ]
      },
      "properties": {
        "id": "text401-9",
        "name": "Bughath",
        "category": "settlement",
        "dataset": "araby",
        "in_gazetteer": false,
        "type": null,
        "region": "Araby",
        "province": null,
        "estate": null,
        "population": 113,
        "population_estimated": true,
        "size_category": 1,
        "trade": null,
        "source": null,
        "tags": [],
        "notes": [],
        "history": {
          "province_2512": null,
          "province_2276": null,
          "ruler_2515": null,
          "ruler_2512": null,
          "ruler_2276": null
        },
        "wiki": {
          "title": null,
          "url": null,
          "description": null,
          "image": null
        },
        "svg_layer": "Araby"
      }
    },
    {
      "type": "Feature",
      "id": "text402-5",
      "geometry": {
        "type": "Point",
        "coordinates": [
          -16.601516,
          20.855801
        ]
      },
      "properties": {
        "id": "text402-5",
        "name": "La'awda",
        "category": "settlement",
        "dataset": "araby",
        "in_gazetteer": false,
        "type": null,
        "region": "Araby",
        "province": null,
        "estate": null,
        "population": 189,
        "population_estimated": true,
        "size_category": 1,
        "trade": null,
        "source": null,
        "tags": [],
        "notes": [],
        "history": {
          "province_2512": null,
          "province_2276": null,
          "ruler_2515": null,
          "ruler_2512": null,
          "ruler_2276": null
        },
        "wiki": {
          "title": null,
          "url": null,
          "description": null,
          "image": null
        },
        "svg_layer": "Araby"
      }
    },
    {
      "type": "Feature",
      "id": "text403-1",
      "geometry": {
        "type": "Point",
        "coordinates": [
          -18.578411,
          28.183695
        ]
      },
      "properties": {
        "id": "text403-1",
        "name": "Zuhriyya",
        "category": "settlement",
        "dataset": "araby",
        "in_gazetteer": false,
        "type": null,
        "region": "Araby",
        "province": null,
        "estate": null,
        "population": 106,
        "population_estimated": true,
        "size_category": 1,
        "trade": null,
        "source": null,
        "tags": [],
        "notes": [],
        "history": {
          "province_2512": null,
          "province_2276": null,
          "ruler_2515": null,
          "ruler_2512": null,
          "ruler_2276": null
        },
        "wiki": {
          "title": null,
          "url": null,
          "description": null,
          "image": null
        },
        "svg_layer": "Araby"
      }
    },
    {
      "type": "Feature",
      "id": "text404-9",
      "geometry": {
        "type": "Point",
        "coordinates": [
          -18.979736,
          27.997897
        ]
      },
      "properties": {
        "id": "text404-9",
        "name": "Hida",
        "category": "settlement",
        "dataset": "araby",
        "in_gazetteer": false,
        "type": null,
        "region": "Araby",
        "province": null,
        "estate": null,
        "population": 67,
        "population_estimated": true,
        "size_category": 1,
        "trade": null,
        "source": null,
        "tags": [],
        "notes": [],
        "history": {
          "province_2512": null,
          "province_2276": null,
          "ruler_2515": null,
          "ruler_2512": null,
          "ruler_2276": null
        },
        "wiki": {
          "title": null,
          "url": null,
          "description": null,
          "image": null
        },
        "svg_layer": "Araby"
      }
    },
    {
      "type": "Feature",
      "id": "text405-8",
      "geometry": {
        "type": "Point",
        "coordinates": [
          -18.694845,
          28.116806
        ]
      },
      "properties": {
        "id": "text405-8",
        "name": "Samitun",
        "category": "settlement",
        "dataset": "araby",
        "in_gazetteer": false,
        "type": null,
        "region": "Araby",
        "province": null,
        "estate": null,
        "population": 101,
        "population_estimated": true,
        "size_category": 1,
        "trade": null,
        "source": null,
        "tags": [],
        "notes": [],
        "history": {
          "province_2512": null,
          "province_2276": null,
          "ruler_2515": null,
          "ruler_2512": null,
          "ruler_2276": null
        },
        "wiki": {
          "title": null,
          "url": null,
          "description": null,
          "image": null
        },
        "svg_layer": "Araby"
      }
    },
    {
      "type": "Feature",
      "id": "text406-7",
      "geometry": {
        "type": "Point",
        "coordinates": [
          -17.61226,
          27.926055
        ]
      },
      "properties": {
        "id": "text406-7",
        "name": "Jalaba",
        "category": "settlement",
        "dataset": "araby",
        "in_gazetteer": false,
        "type": null,
        "region": "Araby",
        "province": null,
        "estate": null,
        "population": 165,
        "population_estimated": true,
        "size_category": 1,
        "trade": null,
        "source": null,
        "tags": [],
        "notes": [],
        "history": {
          "province_2512": null,
          "province_2276": null,
          "ruler_2515": null,
          "ruler_2512": null,
          "ruler_2276": null
        },
        "wiki": {
          "title": null,
          "url": null,
          "description": null,
          "image": null
        },
        "svg_layer": "Araby"
      }
    },
    {
      "type": "Feature",
      "id": "text407-6",
      "geometry": {
        "type": "Point",
        "coordinates": [
          -17.577577,
          27.809622
        ]
      },
      "properties": {
        "id": "text407-6",
        "name": "Anin",
        "category": "settlement",
        "dataset": "araby",
        "in_gazetteer": false,
        "type": null,
        "region": "Araby",
        "province": null,
        "estate": null,
        "population": 118,
        "population_estimated": true,
        "size_category": 1,
        "trade": null,
        "source": null,
        "tags": [],
        "notes": [],
        "history": {
          "province_2512": null,
          "province_2276": null,
          "ruler_2515": null,
          "ruler_2512": null,
          "ruler_2276": null
        },
        "wiki": {
          "title": null,
          "url": null,
          "description": null,
          "image": null
        },
        "svg_layer": "Araby"
      }
    },
    {
      "type": "Feature",
      "id": "text60",
      "geometry": {
        "type": "Point",
        "coordinates": [
          -35.416918,
          20.596941
        ]
      },
      "properties": {
        "id": "text60",
        "name": "Bur-Shitrak",
        "category": "settlement",
        "dataset": "araby",
        "in_gazetteer": true,
        "type": null,
        "region": "Araby",
        "province": null,
        "estate": null,
        "population": 512,
        "population_estimated": false,
        "size_category": 2,
        "trade": null,
        "source": "Warhammer Fantasy Roleplay 1e: Marienburg - Sold Down the River",
        "tags": [],
        "notes": [],
        "history": {
          "province_2512": null,
          "province_2276": null,
          "ruler_2515": null,
          "ruler_2512": null,
          "ruler_2276": null
        },
        "wiki": {
          "title": null,
          "url": null,
          "description": null,
          "image": null
        },
        "svg_layer": "Araby"
      }
    },
    {
      "type": "Feature",
      "id": "text468",
      "geometry": {
        "type": "Point",
        "coordinates": [
          -13.444588,
          26.398442
        ]
      },
      "properties": {
        "id": "text468",
        "name": "Dakisir",
        "category": "settlement",
        "dataset": "araby",
        "in_gazetteer": true,
        "type": null,
        "region": "Araby",
        "province": null,
        "estate": null,
        "population": 1453,
        "population_estimated": false,
        "size_category": 3,
        "trade": null,
        "source": "Warhammer Armies (5th Edition): Dogs of War",
        "tags": [],
        "notes": [],
        "history": {
          "province_2512": null,
          "province_2276": null,
          "ruler_2515": null,
          "ruler_2512": null,
          "ruler_2276": null
        },
        "wiki": {
          "title": null,
          "url": null,
          "description": null,
          "image": null
        },
        "svg_layer": "Araby"
      }
    },
    {
      "type": "Feature",
      "id": "text469",
      "geometry": {
        "type": "Point",
        "coordinates": [
          -10.372396,
          9.254088
        ]
      },
      "properties": {
        "id": "text469",
        "name": "Jabal Sinjar",
        "category": "settlement",
        "dataset": "araby",
        "in_gazetteer": true,
        "type": null,
        "region": "Araby",
        "province": null,
        "estate": null,
        "population": 1209,
        "population_estimated": false,
        "size_category": 3,
        "trade": null,
        "source": "Blood and Sand (Short Story) by Matt Ralphs",
        "tags": [],
        "notes": [],
        "history": {
          "province_2512": null,
          "province_2276": null,
          "ruler_2515": null,
          "ruler_2512": null,
          "ruler_2276": null
        },
        "wiki": {
          "title": null,
          "url": null,
          "description": null,
          "image": null
        },
        "svg_layer": "Araby"
      }
    },
    {
      "type": "Feature",
      "id": "text470",
      "geometry": {
        "type": "Point",
        "coordinates": [
          -36.273173,
          19.350269
        ]
      },
      "properties": {
        "id": "text470",
        "name": "Kust",
        "category": "settlement",
        "dataset": "araby",
        "in_gazetteer": true,
        "type": null,
        "region": "Araby",
        "province": null,
        "estate": null,
        "population": 1271,
        "population_estimated": false,
        "size_category": 3,
        "trade": null,
        "source": "The Voyage South (Novel) by Nicola Griffith",
        "tags": [],
        "notes": [
          "Located in the southwest of Araby, it is a vassal of the city of Aiir. Its ruler is Hamqa the Divine, Regal of Kust"
        ],
        "history": {
          "province_2512": null,
          "province_2276": null,
          "ruler_2515": null,
          "ruler_2512": null,
          "ruler_2276": null
        },
        "wiki": {
          "title": null,
          "url": null,
          "description": null,
          "image": null
        },
        "svg_layer": "Araby"
      }
    },
    {
      "type": "Feature",
      "id": "text471",
      "geometry": {
        "type": "Point",
        "coordinates": [
          -35.96531,
          20.026416
        ]
      },
      "properties": {
        "id": "text471",
        "name": "Sadiz",
        "category": "settlement",
        "dataset": "araby",
        "in_gazetteer": true,
        "type": null,
        "region": "Araby",
        "province": null,
        "estate": null,
        "population": 4331,
        "population_estimated": false,
        "size_category": 4,
        "trade": null,
        "source": "The Voyage South (Novel) by Nicola Griffith",
        "tags": [],
        "notes": [],
        "history": {
          "province_2512": null,
          "province_2276": null,
          "ruler_2515": null,
          "ruler_2512": null,
          "ruler_2276": null
        },
        "wiki": {
          "title": null,
          "url": null,
          "description": null,
          "image": null
        },
        "svg_layer": "Araby"
      }
    },
    {
      "type": "Feature",
      "id": "text472",
      "geometry": {
        "type": "Point",
        "coordinates": [
          -18.652343,
          26.536988
        ]
      },
      "properties": {
        "id": "text472",
        "name": "Sanaá",
        "category": "settlement",
        "dataset": "araby",
        "in_gazetteer": true,
        "type": null,
        "region": "Araby",
        "province": null,
        "estate": null,
        "population": 1322,
        "population_estimated": false,
        "size_category": 3,
        "trade": null,
        "source": "Town Cryer 21",
        "tags": [],
        "notes": [],
        "history": {
          "province_2512": null,
          "province_2276": null,
          "ruler_2515": null,
          "ruler_2512": null,
          "ruler_2276": null
        },
        "wiki": {
          "title": null,
          "url": null,
          "description": null,
          "image": null
        },
        "svg_layer": "Araby"
      }
    },
    {
      "type": "Feature",
      "id": "text473",
      "geometry": {
        "type": "Point",
        "coordinates": [
          -37.231444,
          16.590291
        ]
      },
      "properties": {
        "id": "text473",
        "name": "Sud",
        "category": "settlement",
        "dataset": "araby",
        "in_gazetteer": true,
        "type": null,
        "region": "Araby",
        "province": null,
        "estate": null,
        "population": 1271,
        "population_estimated": false,
        "size_category": 3,
        "trade": null,
        "source": "Zaragoz (Novel) by Brian Craig",
        "tags": [],
        "notes": [],
        "history": {
          "province_2512": null,
          "province_2276": null,
          "ruler_2515": null,
          "ruler_2512": null,
          "ruler_2276": null
        },
        "wiki": {
          "title": null,
          "url": null,
          "description": null,
          "image": null
        },
        "svg_layer": "Araby"
      }
    },
    {
      "type": "Feature",
      "id": "text474",
      "geometry": {
        "type": "Point",
        "coordinates": [
          -5.363147,
          8.88868
        ]
      },
      "properties": {
        "id": "text474",
        "name": "Aruk",
        "category": "settlement",
        "dataset": "araby",
        "in_gazetteer": true,
        "type": null,
        "region": "Araby",
        "province": null,
        "estate": null,
        "population": 59,
        "population_estimated": true,
        "size_category": 1,
        "trade": null,
        "source": "Alfred \"MadAlfred\" Nuñez Jr. (unofficial)",
        "tags": [],
        "notes": [],
        "history": {
          "province_2512": null,
          "province_2276": null,
          "ruler_2515": null,
          "ruler_2512": null,
          "ruler_2276": null
        },
        "wiki": {
          "title": null,
          "url": null,
          "description": null,
          "image": null
        },
        "svg_layer": "Araby"
      }
    },
    {
      "type": "Feature",
      "id": "text475",
      "geometry": {
        "type": "Point",
        "coordinates": [
          -6.237824,
          8.66138
        ]
      },
      "properties": {
        "id": "text475",
        "name": "Samur",
        "category": "settlement",
        "dataset": "araby",
        "in_gazetteer": true,
        "type": null,
        "region": "Araby",
        "province": null,
        "estate": null,
        "population": 126,
        "population_estimated": true,
        "size_category": 1,
        "trade": null,
        "source": "Alfred \"MadAlfred\" Nuñez Jr. (unofficial)",
        "tags": [],
        "notes": [],
        "history": {
          "province_2512": null,
          "province_2276": null,
          "ruler_2515": null,
          "ruler_2512": null,
          "ruler_2276": null
        },
        "wiki": {
          "title": null,
          "url": null,
          "description": null,
          "image": null
        },
        "svg_layer": "Araby"
      }
    },
    {
      "type": "Feature",
      "id": "text476",
      "geometry": {
        "type": "Point",
        "coordinates": [
          -4.160467,
          9.245457
        ]
      },
      "properties": {
        "id": "text476",
        "name": "Symarraa",
        "category": "settlement",
        "dataset": "araby",
        "in_gazetteer": true,
        "type": null,
        "region": "Araby",
        "province": null,
        "estate": null,
        "population": 6212,
        "population_estimated": false,
        "size_category": 4,
        "trade": null,
        "source": "Alfred \"MadAlfred\" Nuñez Jr. (unofficial)",
        "tags": [],
        "notes": [],
        "history": {
          "province_2512": null,
          "province_2276": null,
          "ruler_2515": null,
          "ruler_2512": null,
          "ruler_2276": null
        },
        "wiki": {
          "title": null,
          "url": null,
          "description": null,
          "image": null
        },
        "svg_layer": "Araby"
      }
    },
    {
      "type": "Feature",
      "id": "text477",
      "geometry": {
        "type": "Point",
        "coordinates": [
          -3.714497,
          9.472757
        ]
      },
      "properties": {
        "id": "text477",
        "name": "Assur",
        "category": "settlement",
        "dataset": "araby",
        "in_gazetteer": true,
        "type": null,
        "region": "Araby",
        "province": null,
        "estate": null,
        "population": 129,
        "population_estimated": true,
        "size_category": 1,
        "trade": null,
        "source": "Alfred \"MadAlfred\" Nuñez Jr. (unofficial)",
        "tags": [],
        "notes": [],
        "history": {
          "province_2512": null,
          "province_2276": null,
          "ruler_2515": null,
          "ruler_2512": null,
          "ruler_2276": null
        },
        "wiki": {
          "title": null,
          "url": null,
          "description": null,
          "image": null
        },
        "svg_layer": "Araby"
      }
    },
    {
      "type": "Feature",
      "id": "text478",
      "geometry": {
        "type": "Point",
        "coordinates": [
          -12.371826,
          2.542031
        ]
      },
      "properties": {
        "id": "text478",
        "name": "Al-Araim",
        "category": "settlement",
        "dataset": "araby",
        "in_gazetteer": true,
        "type": null,
        "region": "Araby",
        "province": null,
        "estate": null,
        "population": 145,
        "population_estimated": true,
        "size_category": 1,
        "trade": null,
        "source": "Alfred \"MadAlfred\" Nuñez Jr. (unofficial)",
        "tags": [],
        "notes": [],
        "history": {
          "province_2512": null,
          "province_2276": null,
          "ruler_2515": null,
          "ruler_2512": null,
          "ruler_2276": null
        },
        "wiki": {
          "title": null,
          "url": null,
          "description": null,
          "image": null
        },
        "svg_layer": "Araby"
      }
    },
    {
      "type": "Feature",
      "id": "text479",
      "geometry": {
        "type": "Point",
        "coordinates": [
          -26.694892,
          4.575722
        ]
      },
      "properties": {
        "id": "text479",
        "name": "Debeqra",
        "category": "settlement",
        "dataset": "araby",
        "in_gazetteer": true,
        "type": null,
        "region": "Araby",
        "province": null,
        "estate": null,
        "population": 164,
        "population_estimated": true,
        "size_category": 1,
        "trade": null,
        "source": "Alfred \"MadAlfred\" Nuñez Jr. (unofficial)",
        "tags": [],
        "notes": [],
        "history": {
          "province_2512": null,
          "province_2276": null,
          "ruler_2515": null,
          "ruler_2512": null,
          "ruler_2276": null
        },
        "wiki": {
          "title": null,
          "url": null,
          "description": null,
          "image": null
        },
        "svg_layer": "Araby"
      }
    },
    {
      "type": "Feature",
      "id": "text480",
      "geometry": {
        "type": "Point",
        "coordinates": [
          -11.608887,
          8.423786
        ]
      },
      "properties": {
        "id": "text480",
        "name": "Petrum",
        "category": "settlement",
        "dataset": "araby",
        "in_gazetteer": true,
        "type": null,
        "region": "Araby",
        "province": null,
        "estate": null,
        "population": 812,
        "population_estimated": false,
        "size_category": 2,
        "trade": null,
        "source": "Alfred \"MadAlfred\" Nuñez Jr. (unofficial)",
        "tags": [],
        "notes": [],
        "history": {
          "province_2512": null,
          "province_2276": null,
          "ruler_2515": null,
          "ruler_2512": null,
          "ruler_2276": null
        },
        "wiki": {
          "title": null,
          "url": null,
          "description": null,
          "image": null
        },
        "svg_layer": "Araby"
      }
    },
    {
      "type": "Feature",
      "id": "text885",
      "geometry": {
        "type": "Point",
        "coordinates": [
          -4.724403,
          9.092967
        ]
      },
      "properties": {
        "id": "text885",
        "name": "Moabin",
        "category": "settlement",
        "dataset": "araby",
        "in_gazetteer": true,
        "type": null,
        "region": "Araby",
        "province": null,
        "estate": null,
        "population": 181,
        "population_estimated": true,
        "size_category": 1,
        "trade": null,
        "source": "Alfred \"MadAlfred\" Nuñez Jr. (unofficial)",
        "tags": [],
        "notes": [],
        "history": {
          "province_2512": null,
          "province_2276": null,
          "ruler_2515": null,
          "ruler_2512": null,
          "ruler_2276": null
        },
        "wiki": {
          "title": null,
          "url": null,
          "description": null,
          "image": null
        },
        "svg_layer": "Araby"
      }
    }
  ]
}