{
  "type": "FeatureCollection",
  "name": "settlements_karaz_ankor",
  "schema_version": 2,
  "features": [
    {
      "type": "Feature",
      "id": "copy_text_8106",
      "geometry": {
        "type": "Point",
        "coordinates": [
          1.150871,
          44.672449
        ]
      },
      "properties": {
        "id": "copy_text_8106",
        "name": "Khazid Ank",
        "category": "settlement",
        "dataset": "karaz_ankor",
        "in_gazetteer": true,
        "type": "Khazid (Town)",
        "region": "Karaz Ankor",
        "province": "Karak Norn",
        "estate": null,
        "population": 99,
        "population_estimated": true,
        "size_category": 1,
        "trade": null,
        "source": "Warhammer Fantasy Roleplay 4e: Lords of Stone and Steel",
        "tags": [],
        "notes": [],
        "history": {
          "province_2512": null,
          "province_2276": null,
          "ruler_2515": null,
          "ruler_2512": null,
          "ruler_2276": null
        },
        "wiki": {
          "title": null,
          "url": null,
          "description": null,
          "image": null
        },
        "svg_layer": "Dwarf Holds"
      }
    },
    {
      "type": "Feature",
      "id": "copy_text_8107",
      "geometry": {
        "type": "Point",
        "coordinates": [
          1.233114,
          45.013904
        ]
      },
      "properties": {
        "id": "copy_text_8107",
        "name": "Khazid Thran",
        "category": "settlement",
        "dataset": "karaz_ankor",
        "in_gazetteer": true,
        "type": "Khazid (Town)",
        "region": "Karaz Ankor",
        "province": null,
        "estate": null,
        "population": 235,
        "population_estimated": true,
        "size_category": 1,
        "trade": null,
        "source": "Warhammer Fantasy Roleplay 4e: Lords of Stone and Steel",
        "tags": [],
        "notes": [],
        "history": {
          "province_2512": null,
          "province_2276": null,
          "ruler_2515": null,
          "ruler_2512": null,
          "ruler_2276": null
        },
        "wiki": {
          "title": null,
          "url": null,
          "description": null,
          "image": null
        },
        "svg_layer": "Dwarf Holds"
      }
    },
    {
      "type": "Feature",
      "id": "copy_text_8108",
      "geometry": {
        "type": "Point",
        "coordinates": [
          0.884996,
          45.058867
        ]
      },
      "properties": {
        "id": "copy_text_8108",
        "name": "Khazid Rhek",
        "category": "settlement",
        "dataset": "karaz_ankor",
        "in_gazetteer": true,
        "type": "Khazid (Town)",
        "region": "Karaz Ankor",
        "province": "Karak Norn",
        "estate": null,
        "population": 207,
        "population_estimated": true,
        "size_category": 1,
        "trade": null,
        "source": "Warhammer Fantasy Roleplay 4e: Lords of Stone and Steel",
        "tags": [],
        "notes": [],
        "history": {
          "province_2512": null,
          "province_2276": null,
          "ruler_2515": null,
          "ruler_2512": null,
          "ruler_2276": null
        },
        "wiki": {
          "title": null,
          "url": null,
          "description": null,
          "image": null
        },
        "svg_layer": "Dwarf Holds"
      }
    },
    {
      "type": "Feature",
      "id": "copy_text_8109",
      "geometry": {
        "type": "Point",
        "coordinates": [
          1.104436,
          45.308082
        ]
      },
      "properties": {
        "id": "copy_text_8109",
        "name": "Khazid Grimaz",
        "category": "settlement",
        "dataset": "karaz_ankor",
        "in_gazetteer": true,
        "type": "Khazid (Town)",
        "region": "Karaz Ankor",
        "province": "Karak Norn",
        "estate": null,
        "population": 159,
        "population_estimated": true,
        "size_category": 1,
        "trade": null,
        "source": "Warhammer Fantasy Roleplay 4e: Lords of Stone and Steel",
        "tags": [],
        "notes": [],
        "history": {
          "province_2512": null,
          "province_2276": null,
          "ruler_2515": null,
          "ruler_2512": null,
          "ruler_2276": null
        },
        "wiki": {
          "title": null,
          "url": null,
          "description": null,
          "image": null
        },
        "svg_layer": "Dwarf Holds"
      }
    },
    {
      "type": "Feature",
      "id": "copy_text_8110",
      "geometry": {
        "type": "Point",
        "coordinates": [
          9.900067,
          47.087078
        ]
      },
      "properties": {
        "id": "copy_text_8110",
        "name": "Kolaz Ungor",
        "category": "settlement",
        "dataset": "karaz_ankor",
        "in_gazetteer": false,
        "type": "Khazid (Town)",
        "region": "Karaz Ankor",
        "province": null,
        "estate": null,
        "population": 265,
        "population_estimated": true,
        "size_category": 1,
        "trade": null,
        "source": null,
        "tags": [],
        "notes": [],
        "history": {
          "province_2512": null,
          "province_2276": null,
          "ruler_2515": null,
          "ruler_2512": null,
          "ruler_2276": null
        },
        "wiki": {
          "title": null,
          "url": null,
          "description": null,
          "image": null
        },
        "svg_layer": "Dwarf Holds"
      }
    },
    {
      "type": "Feature",
      "id": "copy_text_8111",
      "geometry": {
        "type": "Point",
        "coordinates": [
          9.985705,
          47.521572
        ]
      },
      "properties": {
        "id": "copy_text_8111",
        "name": "Skraklaz Ungor",
        "category": "settlement",
        "dataset": "karaz_ankor",
        "in_gazetteer": false,
        "type": "Khazid (Town)",
        "region": "Karaz Ankor",
        "province": null,
        "estate": null,
        "population": 264,
        "population_estimated": true,
        "size_category": 1,
        "trade": null,
        "source": null,
        "tags": [],
        "notes": [],
        "history": {
          "province_2512": null,
          "province_2276": null,
          "ruler_2515": null,
          "ruler_2512": null,
          "ruler_2276": null
        },
        "wiki": {
          "title": null,
          "url": null,
          "description": null,
          "image": null
        },
        "svg_layer": "Dwarf Holds"
      }
    },
    {
      "type": "Feature",
      "id": "copy_text_8112",
      "geometry": {
        "type": "Point",
        "coordinates": [
          1.244246,
          45.355234
        ]
      },
      "properties": {
        "id": "copy_text_8112",
        "name": "Migdhal Skom",
        "category": "settlement",
        "dataset": "karaz_ankor",
        "in_gazetteer": true,
        "type": "Kazad (Fortress)",
        "region": "Karaz Ankor",
        "province": "Karak Norn",
        "estate": null,
        "population": 356,
        "population_estimated": true,
        "size_category": 2,
        "trade": null,
        "source": "Warhammer Fantasy Roleplay 4e: Lords of Stone and Steel",
        "tags": [],
        "notes": [],
        "history": {
          "province_2512": null,
          "province_2276": null,
          "ruler_2515": null,
          "ruler_2512": null,
          "ruler_2276": null
        },
        "wiki": {
          "title": null,
          "url": null,
          "description": null,
          "image": null
        },
        "svg_layer": "Dwarf Holds"
      }
    },
    {
      "type": "Feature",
      "id": "copy_text_8113",
      "geometry": {
        "type": "Point",
        "coordinates": [
          1.388925,
          44.997703
        ]
      },
      "properties": {
        "id": "copy_text_8113",
        "name": "Migdhal Almon",
        "category": "settlement",
        "dataset": "karaz_ankor",
        "in_gazetteer": true,
        "type": "Kazad (Fortress)",
        "region": "Karaz Ankor",
        "province": "Karak Norn",
        "estate": null,
        "population": 157,
        "population_estimated": true,
        "size_category": 1,
        "trade": null,
        "source": "Warhammer Fantasy Roleplay 4e: Lords of Stone and Steel",
        "tags": [],
        "notes": [],
        "history": {
          "province_2512": null,
          "province_2276": null,
          "ruler_2515": null,
          "ruler_2512": null,
          "ruler_2276": null
        },
        "wiki": {
          "title": null,
          "url": null,
          "description": null,
          "image": null
        },
        "svg_layer": "Dwarf Holds"
      }
    },
    {
      "type": "Feature",
      "id": "copy_text_8114",
      "geometry": {
        "type": "Point",
        "coordinates": [
          1.234044,
          44.130701
        ]
      },
      "properties": {
        "id": "copy_text_8114",
        "name": "Kazad Thurgaraz",
        "category": "settlement",
        "dataset": "karaz_ankor",
        "in_gazetteer": false,
        "type": "Kazad (Fortress)",
        "region": "Karaz Ankor",
        "province": null,
        "estate": null,
        "population": 160,
        "population_estimated": true,
        "size_category": 1,
        "trade": null,
        "source": null,
        "tags": [],
        "notes": [],
        "history": {
          "province_2512": null,
          "province_2276": null,
          "ruler_2515": null,
          "ruler_2512": null,
          "ruler_2276": null
        },
        "wiki": {
          "title": null,
          "url": null,
          "description": null,
          "image": null
        },
        "svg_layer": "Dwarf Holds"
      }
    },
    {
      "type": "Feature",
      "id": "copy_text_8115",
      "geometry": {
        "type": "Point",
        "coordinates": [
          1.332032,
          41.834587
        ]
      },
      "properties": {
        "id": "copy_text_8115",
        "name": "Karak Skivark (Grimhold)",
        "category": "settlement",
        "dataset": "karaz_ankor",
        "in_gazetteer": true,
        "type": "Karak (Great Hold)",
        "region": "Karaz Ankor",
        "province": null,
        "estate": null,
        "population": 208,
        "population_estimated": true,
        "size_category": 1,
        "trade": null,
        "source": "Warhammer Fantasy Roleplay 4e: Lords of Stone and Steel",
        "tags": [],
        "notes": [],
        "history": {
          "province_2512": null,
          "province_2276": null,
          "ruler_2515": null,
          "ruler_2512": null,
          "ruler_2276": null
        },
        "wiki": {
          "title": "Grimhold",
          "url": "https://warhammerfantasy.fandom.com/wiki/Grimhold",
          "description": "Grimhold is a declining Grey Dwarf hold located in the southern Grey Mountains.",
          "image": "https://static.wikia.nocookie.net/warhammerfb/images/2/2b/The_Vaults_Map_Nagash_pp.69.png/revision/latest?cb=20220423104235"
        },
        "svg_layer": "Dwarf Holds"
      }
    },
    {
      "type": "Feature",
      "id": "copy_text_8116",
      "geometry": {
        "type": "Point",
        "coordinates": [
          7.633255,
          43.81971
        ]
      },
      "properties": {
        "id": "copy_text_8116",
        "name": "Grung Tepskaf",
        "category": "settlement",
        "dataset": "karaz_ankor",
        "in_gazetteer": true,
        "type": "Grung (Mining Settlement)",
        "region": "Karaz Ankor",
        "province": null,
        "estate": null,
        "population": 118,
        "population_estimated": true,
        "size_category": 1,
        "trade": null,
        "source": "Warhammer Fantasy Roleplay 4e: Lords of Stone and Steel",
        "tags": [],
        "notes": [],
        "history": {
          "province_2512": null,
          "province_2276": null,
          "ruler_2515": null,
          "ruler_2512": null,
          "ruler_2276": null
        },
        "wiki": {
          "title": null,
          "url": null,
          "description": null,
          "image": null
        },
        "svg_layer": "Dwarf Holds"
      }
    },
    {
      "type": "Feature",
      "id": "copy_text_8117",
      "geometry": {
        "type": "Point",
        "coordinates": [
          7.361638,
          44.212876
        ]
      },
      "properties": {
        "id": "copy_text_8117",
        "name": "Kazad Nardak",
        "category": "settlement",
        "dataset": "karaz_ankor",
        "in_gazetteer": true,
        "type": "Kazad (Fortress)",
        "region": "Karaz Ankor",
        "province": null,
        "estate": null,
        "population": 193,
        "population_estimated": true,
        "size_category": 1,
        "trade": null,
        "source": "Warhammer Fantasy Roleplay 4e: Lords of Stone and Steel",
        "tags": [],
        "notes": [],
        "history": {
          "province_2512": null,
          "province_2276": null,
          "ruler_2515": null,
          "ruler_2512": null,
          "ruler_2276": null
        },
        "wiki": {
          "title": null,
          "url": null,
          "description": null,
          "image": null
        },
        "svg_layer": "Dwarf Holds"
      }
    },
    {
      "type": "Feature",
      "id": "copy_text_8118",
      "geometry": {
        "type": "Point",
        "coordinates": [
          7.781382,
          44.046231
        ]
      },
      "properties": {
        "id": "copy_text_8118",
        "name": "Migdhal Vongalbavak",
        "category": "settlement",
        "dataset": "karaz_ankor",
        "in_gazetteer": true,
        "type": "Kazad (Fortress)",
        "region": "Karaz Ankor",
        "province": null,
        "estate": null,
        "population": 68,
        "population_estimated": true,
        "size_category": 1,
        "trade": null,
        "source": "Warhammer Fantasy Roleplay 4e: Lords of Stone and Steel",
        "tags": [],
        "notes": [],
        "history": {
          "province_2512": null,
          "province_2276": null,
          "ruler_2515": null,
          "ruler_2512": null,
          "ruler_2276": null
        },
        "wiki": {
          "title": null,
          "url": null,
          "description": null,
          "image": null
        },
        "svg_layer": "Dwarf Holds"
      }
    },
    {
      "type": "Feature",
      "id": "copy_text_8119",
      "geometry": {
        "type": "Point",
        "coordinates": [
          6.290053,
          43.238105
        ]
      },
      "properties": {
        "id": "copy_text_8119",
        "name": "Khazid Hafak",
        "category": "settlement",
        "dataset": "karaz_ankor",
        "in_gazetteer": true,
        "type": "Khazid (Town)",
        "region": "Karaz Ankor",
        "province": null,
        "estate": null,
        "population": 259,
        "population_estimated": true,
        "size_category": 1,
        "trade": null,
        "source": "Warhammer Fantasy Roleplay 4e: Lords of Stone and Steel",
        "tags": [],
        "notes": [],
        "history": {
          "province_2512": null,
          "province_2276": null,
          "ruler_2515": null,
          "ruler_2512": null,
          "ruler_2276": null
        },
        "wiki": {
          "title": null,
          "url": null,
          "description": null,
          "image": null
        },
        "svg_layer": "Dwarf Holds"
      }
    },
    {
      "type": "Feature",
      "id": "copy_text_8120",
      "geometry": {
        "type": "Point",
        "coordinates": [
          5.628327,
          42.890903
        ]
      },
      "properties": {
        "id": "copy_text_8120",
        "name": "Kazad Zhum",
        "category": "settlement",
        "dataset": "karaz_ankor",
        "in_gazetteer": true,
        "type": "Kazad (Fortress)",
        "region": "Karaz Ankor",
        "province": null,
        "estate": null,
        "population": 97,
        "population_estimated": true,
        "size_category": 1,
        "trade": null,
        "source": "Warhammer Fantasy Roleplay 4e: Lords of Stone and Steel",
        "tags": [],
        "notes": [],
        "history": {
          "province_2512": null,
          "province_2276": null,
          "ruler_2515": null,
          "ruler_2512": null,
          "ruler_2276": null
        },
        "wiki": {
          "title": null,
          "url": null,
          "description": null,
          "image": null
        },
        "svg_layer": "Dwarf Holds"
      }
    },
    {
      "type": "Feature",
      "id": "copy_text_8121",
      "geometry": {
        "type": "Point",
        "coordinates": [
          5.678421,
          42.958418
        ]
      },
      "properties": {
        "id": "copy_text_8121",
        "name": "Grung Trag",
        "category": "settlement",
        "dataset": "karaz_ankor",
        "in_gazetteer": true,
        "type": "Grung (Mining Settlement)",
        "region": "Karaz Ankor",
        "province": null,
        "estate": null,
        "population": 223,
        "population_estimated": true,
        "size_category": 1,
        "trade": null,
        "source": "Warhammer Fantasy Roleplay 4e: Lords of Stone and Steel",
        "tags": [],
        "notes": [],
        "history": {
          "province_2512": null,
          "province_2276": null,
          "ruler_2515": null,
          "ruler_2512": null,
          "ruler_2276": null
        },
        "wiki": {
          "title": null,
          "url": null,
          "description": null,
          "image": null
        },
        "svg_layer": "Dwarf Holds"
      }
    },
    {
      "type": "Feature",
      "id": "copy_text_8122",
      "geometry": {
        "type": "Point",
        "coordinates": [
          3.65154,
          41.710968
        ]
      },
      "properties": {
        "id": "copy_text_8122",
        "name": "Khazid Grentaz",
        "category": "settlement",
        "dataset": "karaz_ankor",
        "in_gazetteer": true,
        "type": "Khazid (Town)",
        "region": "Karaz Ankor",
        "province": null,
        "estate": null,
        "population": 782,
        "population_estimated": true,
        "size_category": 2,
        "trade": null,
        "source": "Warhammer Fantasy Roleplay 4e: Lords of Stone and Steel",
        "tags": [],
        "notes": [],
        "history": {
          "province_2512": null,
          "province_2276": null,
          "ruler_2515": null,
          "ruler_2512": null,
          "ruler_2276": null
        },
        "wiki": {
          "title": null,
          "url": null,
          "description": null,
          "image": null
        },
        "svg_layer": "Dwarf Holds"
      }
    },
    {
      "type": "Feature",
      "id": "copy_text_8123",
      "geometry": {
        "type": "Point",
        "coordinates": [
          5.460253,
          42.526201
        ]
      },
      "properties": {
        "id": "copy_text_8123",
        "name": "Khazid Svarkungor",
        "category": "settlement",
        "dataset": "karaz_ankor",
        "in_gazetteer": true,
        "type": "Khazid (Town)",
        "region": "Karaz Ankor",
        "province": null,
        "estate": null,
        "population": 140,
        "population_estimated": true,
        "size_category": 1,
        "trade": null,
        "source": "Warhammer Fantasy Roleplay 4e: Lords of Stone and Steel",
        "tags": [],
        "notes": [],
        "history": {
          "province_2512": null,
          "province_2276": null,
          "ruler_2515": null,
          "ruler_2512": null,
          "ruler_2276": null
        },
        "wiki": {
          "title": null,
          "url": null,
          "description": null,
          "image": null
        },
        "svg_layer": "Dwarf Holds"
      }
    },
    {
      "type": "Feature",
      "id": "copy_text_8124",
      "geometry": {
        "type": "Point",
        "coordinates": [
          4.915306,
          41.829461
        ]
      },
      "properties": {
        "id": "copy_text_8124",
        "name": "Grung Rakadem",
        "category": "settlement",
        "dataset": "karaz_ankor",
        "in_gazetteer": true,
        "type": "Grung (Mining Settlement)",
        "region": "Karaz Ankor",
        "province": null,
        "estate": null,
        "population": 129,
        "population_estimated": true,
        "size_category": 1,
        "trade": null,
        "source": "Warhammer Fantasy Roleplay 4e: Lords of Stone and Steel",
        "tags": [],
        "notes": [],
        "history": {
          "province_2512": null,
          "province_2276": null,
          "ruler_2515": null,
          "ruler_2512": null,
          "ruler_2276": null
        },
        "wiki": {
          "title": null,
          "url": null,
          "description": null,
          "image": null
        },
        "svg_layer": "Dwarf Holds"
      }
    },
    {
      "type": "Feature",
      "id": "copy_text_8125",
      "geometry": {
        "type": "Point",
        "coordinates": [
          7.050747,
          39.085152
        ]
      },
      "properties": {
        "id": "copy_text_8125",
        "name": "Dok Karaz",
        "category": "settlement",
        "dataset": "karaz_ankor",
        "in_gazetteer": false,
        "type": "Khazid (Town)",
        "region": "Karaz Ankor",
        "province": null,
        "estate": null,
        "population": 167,
        "population_estimated": true,
        "size_category": 1,
        "trade": null,
        "source": null,
        "tags": [],
        "notes": [],
        "history": {
          "province_2512": null,
          "province_2276": null,
          "ruler_2515": null,
          "ruler_2512": null,
          "ruler_2276": null
        },
        "wiki": {
          "title": null,
          "url": null,
          "description": null,
          "image": null
        },
        "svg_layer": "Dwarf Holds"
      }
    },
    {
      "type": "Feature",
      "id": "copy_text_8126",
      "geometry": {
        "type": "Point",
        "coordinates": [
          7.815272,
          39.386836
        ]
      },
      "properties": {
        "id": "copy_text_8126",
        "name": "Khazid Varrwyndak",
        "category": "settlement",
        "dataset": "karaz_ankor",
        "in_gazetteer": true,
        "type": "Khazid (Town)",
        "region": "Karaz Ankor",
        "province": null,
        "estate": null,
        "population": 123,
        "population_estimated": true,
        "size_category": 1,
        "trade": null,
        "source": "Warhammer Fantasy Roleplay 4e: Lords of Stone and Steel",
        "tags": [],
        "notes": [],
        "history": {
          "province_2512": null,
          "province_2276": null,
          "ruler_2515": null,
          "ruler_2512": null,
          "ruler_2276": null
        },
        "wiki": {
          "title": null,
          "url": null,
          "description": null,
          "image": null
        },
        "svg_layer": "Dwarf Holds"
      }
    },
    {
      "type": "Feature",
      "id": "copy_text_8127",
      "geometry": {
        "type": "Point",
        "coordinates": [
          -0.863567,
          48.842533
        ]
      },
      "properties": {
        "id": "copy_text_8127",
        "name": "Gimbringrungaz",
        "category": "settlement",
        "dataset": "karaz_ankor",
        "in_gazetteer": true,
        "type": "Grung (Mining Settlement)",
        "region": "Karaz Ankor",
        "province": null,
        "estate": null,
        "population": 220,
        "population_estimated": true,
        "size_category": 1,
        "trade": null,
        "source": "Warhammer Fantasy Roleplay 4e: Lords of Stone and Steel",
        "tags": [],
        "notes": [],
        "history": {
          "province_2512": null,
          "province_2276": null,
          "ruler_2515": null,
          "ruler_2512": null,
          "ruler_2276": null
        },
        "wiki": {
          "title": null,
          "url": null,
          "description": null,
          "image": null
        },
        "svg_layer": "Dwarf Holds"
      }
    },
    {
      "type": "Feature",
      "id": "copy_text_8128",
      "geometry": {
        "type": "Point",
        "coordinates": [
          -3.425429,
          50.050186
        ]
      },
      "properties": {
        "id": "copy_text_8128",
        "name": "Kazad Elgazund",
        "category": "settlement",
        "dataset": "karaz_ankor",
        "in_gazetteer": true,
        "type": "Kazad (Fortress)",
        "region": "Karaz Ankor",
        "province": null,
        "estate": null,
        "population": 103,
        "population_estimated": true,
        "size_category": 1,
        "trade": null,
        "source": "Warhammer Fantasy Roleplay 4e: Lords of Stone and Steel",
        "tags": [],
        "notes": [],
        "history": {
          "province_2512": null,
          "province_2276": null,
          "ruler_2515": null,
          "ruler_2512": null,
          "ruler_2276": null
        },
        "wiki": {
          "title": null,
          "url": null,
          "description": null,
          "image": null
        },
        "svg_layer": "Dwarf Holds"
      }
    },
    {
      "type": "Feature",
      "id": "copy_text_8129",
      "geometry": {
        "type": "Point",
        "coordinates": [
          -3.69146,
          50.110487
        ]
      },
      "properties": {
        "id": "copy_text_8129",
        "name": "Grung Ardzufak",
        "category": "settlement",
        "dataset": "karaz_ankor",
        "in_gazetteer": true,
        "type": "Grung (Mining Settlement)",
        "region": "Karaz Ankor",
        "province": null,
        "estate": null,
        "population": 130,
        "population_estimated": true,
        "size_category": 1,
        "trade": null,
        "source": "Warhammer Fantasy Roleplay 4e: Lords of Stone and Steel",
        "tags": [],
        "notes": [],
        "history": {
          "province_2512": null,
          "province_2276": null,
          "ruler_2515": null,
          "ruler_2512": null,
          "ruler_2276": null
        },
        "wiki": {
          "title": null,
          "url": null,
          "description": null,
          "image": null
        },
        "svg_layer": "Dwarf Holds"
      }
    },
    {
      "type": "Feature",
      "id": "copy_text_8130",
      "geometry": {
        "type": "Point",
        "coordinates": [
          2.023067,
          55.332155
        ]
      },
      "properties": {
        "id": "copy_text_8130",
        "name": "Karak Skygg",
        "category": "settlement",
        "dataset": "karaz_ankor",
        "in_gazetteer": true,
        "type": "Karak (Great Hold)",
        "region": "Karaz Ankor",
        "province": null,
        "estate": null,
        "population": 76,
        "population_estimated": true,
        "size_category": 1,
        "trade": null,
        "source": "Warhammer Fantasy Roleplay 4e: The Horned Rat Companion",
        "tags": [],
        "notes": [
          "fallen",
          "skaven"
        ],
        "history": {
          "province_2512": null,
          "province_2276": null,
          "ruler_2515": null,
          "ruler_2512": null,
          "ruler_2276": null
        },
        "wiki": {
          "title": "Karak Skygg",
          "url": "https://warhammerfantasy.fandom.com/wiki/Karak_Skygg",
          "description": "Karak Skygg is an abandoned Dwarf hold that stands high in the Middle Mountains in the old Dwarfen realm of Karaz Ghumzul. For centuries this hold was home to the mountain folk but was never a major settlement -- perhaps the equivalent of a small Human town or fortress. At some point in the past, for unknown reasons, the Dwarfs of the Middle Mountains abandoned and sealed their holds to return to the Worlds Edge Mountains.",
          "image": "https://static.wikia.nocookie.net/warhammerfb/images/6/68/Horned_Rat_Companion_Middle_Mountains%E2%80%99.png/revision/latest?cb=20230916114706"
        },
        "svg_layer": "Dwarf Holds"
      }
    },
    {
      "type": "Feature",
      "id": "copy_text_8131",
      "geometry": {
        "type": "Point",
        "coordinates": [
          2.238307,
          55.22789
        ]
      },
      "properties": {
        "id": "copy_text_8131",
        "name": "Karak Khazarak",
        "category": "settlement",
        "dataset": "karaz_ankor",
        "in_gazetteer": true,
        "type": "Karak (Great Hold)",
        "region": "Karaz Ankor",
        "province": null,
        "estate": null,
        "population": 113,
        "population_estimated": true,
        "size_category": 1,
        "trade": null,
        "source": "Warhammer Fantasy Roleplay 4e: Middenheim - City of the White Wolf",
        "tags": [],
        "notes": [
          "fallen",
          "greenskin"
        ],
        "history": {
          "province_2512": null,
          "province_2276": null,
          "ruler_2515": null,
          "ruler_2512": null,
          "ruler_2276": null
        },
        "wiki": {
          "title": "Karak Khazarak",
          "url": "https://warhammerfantasy.fandom.com/wiki/Karak_Kazarak",
          "description": null,
          "image": null
        },
        "svg_layer": "Dwarf Holds"
      }
    },
    {
      "type": "Feature",
      "id": "copy_text_8132",
      "geometry": {
        "type": "Point",
        "coordinates": [
          9.494793,
          46.76661
        ]
      },
      "properties": {
        "id": "copy_text_8132",
        "name": "Karak Varn (Cragmere)",
        "category": "settlement",
        "dataset": "karaz_ankor",
        "in_gazetteer": true,
        "type": "Karak (Great Hold)",
        "region": "Karaz Ankor",
        "province": null,
        "estate": null,
        "population": 86,
        "population_estimated": true,
        "size_category": 1,
        "trade": null,
        "source": "Warhammer Fantasy Roleplay 1e: Dwarfs - Stone and Steel",
        "tags": [],
        "notes": [
          "Contested",
          "skaven"
        ],
        "history": {
          "province_2512": null,
          "province_2276": null,
          "ruler_2515": null,
          "ruler_2512": null,
          "ruler_2276": null
        },
        "wiki": {
          "title": "Karak Varn",
          "url": "https://warhammerfantasy.fandom.com/wiki/Karak_Varn",
          "description": "Karak-Varn (in Khazalid, lit. \"Stronghold of lake enclosed by mountains\"), nowadays sometimes called Cragmere, was once a flourishing hold of the Dwarfs. Today, it is a ruin, given up to the Skaven and other enemies of the Dwarfs. It is one of two Dwarf holds which overlook the Black Water Lake, at the junction of the Black Mountains and the Worlds Edge Mountains.",
          "image": "https://static.wikia.nocookie.net/warhammerfb/images/c/c8/Dwarf_Button.png/revision/latest?cb=20150606013001"
        },
        "svg_layer": "Dwarf Holds"
      }
    },
    {
      "type": "Feature",
      "id": "copy_text_8133",
      "geometry": {
        "type": "Point",
        "coordinates": [
          13.486708,
          51.377436
        ]
      },
      "properties": {
        "id": "copy_text_8133",
        "name": "Khazid Rhyn",
        "category": "settlement",
        "dataset": "karaz_ankor",
        "in_gazetteer": true,
        "type": "Khazid (Town)",
        "region": "Karaz Ankor",
        "province": null,
        "estate": null,
        "population": 124,
        "population_estimated": true,
        "size_category": 1,
        "trade": null,
        "source": "Warhammer Fantasy Roleplay 4e: Lords of Stone and Steel",
        "tags": [],
        "notes": [],
        "history": {
          "province_2512": null,
          "province_2276": null,
          "ruler_2515": null,
          "ruler_2512": null,
          "ruler_2276": null
        },
        "wiki": {
          "title": null,
          "url": null,
          "description": null,
          "image": null
        },
        "svg_layer": "Dwarf Holds"
      }
    },
    {
      "type": "Feature",
      "id": "copy_text_8134",
      "geometry": {
        "type": "Point",
        "coordinates": [
          14.493704,
          53.87304
        ]
      },
      "properties": {
        "id": "copy_text_8134",
        "name": "Karak Ungor (Red-Eye Mountain)",
        "category": "settlement",
        "dataset": "karaz_ankor",
        "in_gazetteer": true,
        "type": "Karak (Great Hold)",
        "region": "Karaz Ankor",
        "province": null,
        "estate": null,
        "population": 130,
        "population_estimated": true,
        "size_category": 1,
        "trade": null,
        "source": "Warhammer Fantasy Roleplay 1e: Dwarfs - Stone and Steel",
        "tags": [],
        "notes": [
          "fallen",
          "greenskins"
        ],
        "history": {
          "province_2512": null,
          "province_2276": null,
          "ruler_2515": null,
          "ruler_2512": null,
          "ruler_2276": null
        },
        "wiki": {
          "title": "Red Eye Mountain",
          "url": "https://warhammerfantasy.fandom.com/wiki/Red_Eye_Mountain",
          "description": "Red Eye Mountain, formerly known as Karak Ungor, is a massive fortress-city of the Night Goblins of the Red Eye Tribe, which was conquered during the onset of the Goblin Wars. At its height, Karak Ungor (meaning \"Delving Hold\" in Khazalid ) had the deepest and richest mines in Karaz Ankor. In –1500 IC, earthquakes and volcanic eruptions ripped through the Worlds Edge Mountains as Dwarfs celebrated the final departure of the High Elves ' armies from the Old World, creating many fissures and weakening the integrity of the mine tunnels.",
          "image": "https://static.wikia.nocookie.net/warhammerfb/images/5/5a/Red_Eye_Mountain.jpg/revision/latest?cb=20150717203918"
        },
        "svg_layer": "Dwarf Holds"
      }
    },
    {
      "type": "Feature",
      "id": "copy_text_8135",
      "geometry": {
        "type": "Point",
        "coordinates": [
          15.377989,
          53.056779
        ]
      },
      "properties": {
        "id": "copy_text_8135",
        "name": "Karak Raziak",
        "category": "settlement",
        "dataset": "karaz_ankor",
        "in_gazetteer": true,
        "type": "Karak (Great Hold)",
        "region": "Karaz Ankor",
        "province": null,
        "estate": null,
        "population": 113,
        "population_estimated": true,
        "size_category": 1,
        "trade": null,
        "source": "Von Carstein Trilogy: Book Two - Dominion (Novel) by Steven Savile",
        "tags": [],
        "notes": [],
        "history": {
          "province_2512": null,
          "province_2276": null,
          "ruler_2515": null,
          "ruler_2512": null,
          "ruler_2276": null
        },
        "wiki": {
          "title": null,
          "url": null,
          "description": null,
          "image": null
        },
        "svg_layer": "Dwarf Holds"
      }
    },
    {
      "type": "Feature",
      "id": "copy_text_8136",
      "geometry": {
        "type": "Point",
        "coordinates": [
          15.464824,
          53.73526
        ]
      },
      "properties": {
        "id": "copy_text_8136",
        "name": "Khazid Irkulaz",
        "category": "settlement",
        "dataset": "karaz_ankor",
        "in_gazetteer": false,
        "type": "Khazid (Town)",
        "region": "Karaz Ankor",
        "province": null,
        "estate": null,
        "population": 95,
        "population_estimated": true,
        "size_category": 1,
        "trade": null,
        "source": null,
        "tags": [],
        "notes": [],
        "history": {
          "province_2512": null,
          "province_2276": null,
          "ruler_2515": null,
          "ruler_2512": null,
          "ruler_2276": null
        },
        "wiki": {
          "title": null,
          "url": null,
          "description": null,
          "image": null
        },
        "svg_layer": "Dwarf Holds"
      }
    },
    {
      "type": "Feature",
      "id": "copy_text_8137",
      "geometry": {
        "type": "Point",
        "coordinates": [
          10.277608,
          47.804903
        ]
      },
      "properties": {
        "id": "copy_text_8137",
        "name": "Oakenhammer",
        "category": "settlement",
        "dataset": "karaz_ankor",
        "in_gazetteer": true,
        "type": "Khazid (Town)",
        "region": "Karaz Ankor",
        "province": null,
        "estate": null,
        "population": 507,
        "population_estimated": true,
        "size_category": 2,
        "trade": null,
        "source": "Total War: Warhammer",
        "tags": [],
        "notes": [],
        "history": {
          "province_2512": null,
          "province_2276": null,
          "ruler_2515": null,
          "ruler_2512": null,
          "ruler_2276": null
        },
        "wiki": {
          "title": null,
          "url": null,
          "description": null,
          "image": null
        },
        "svg_layer": "Dwarf Holds"
      }
    },
    {
      "type": "Feature",
      "id": "copy_text_8138",
      "geometry": {
        "type": "Point",
        "coordinates": [
          -3.149811,
          41.671706
        ]
      },
      "properties": {
        "id": "copy_text_8138",
        "name": "Kazad Frukund",
        "category": "settlement",
        "dataset": "karaz_ankor",
        "in_gazetteer": true,
        "type": "Kazad (Fortress)",
        "region": "Karaz Ankor",
        "province": null,
        "estate": null,
        "population": 352,
        "population_estimated": true,
        "size_category": 2,
        "trade": null,
        "source": "Warhammer Fantasy Roleplay 4e: Lords of Stone and Steel",
        "tags": [],
        "notes": [],
        "history": {
          "province_2512": null,
          "province_2276": null,
          "ruler_2515": null,
          "ruler_2512": null,
          "ruler_2276": null
        },
        "wiki": {
          "title": "Kazad Frukund",
          "url": "https://warhammerfantasy.fandom.com/wiki/Kazad_Frukund",
          "description": "Kazad Frukund is large Dwarf fort and the westernmost Dwarf stronghold of the Irrana Mountains on the Novalone Pass, with a garrison of about 230 adult Dwarfs. The fort is under the influence of Karak Eksfilaz a Dwarf hold in the the Vaults.",
          "image": "https://static.wikia.nocookie.net/warhammerfb/images/6/6b/Western_Dwarf_Realms.png/revision/latest?cb=20210727083944"
        },
        "svg_layer": "Dwarf Holds"
      }
    },
    {
      "type": "Feature",
      "id": "copy_text_8139",
      "geometry": {
        "type": "Point",
        "coordinates": [
          -1.883528,
          41.372942
        ]
      },
      "properties": {
        "id": "copy_text_8139",
        "name": "Grung Mizpal",
        "category": "settlement",
        "dataset": "karaz_ankor",
        "in_gazetteer": true,
        "type": "Grung (Mining Settlement)",
        "region": "Karaz Ankor",
        "province": null,
        "estate": null,
        "population": 110,
        "population_estimated": true,
        "size_category": 1,
        "trade": null,
        "source": "Warhammer Fantasy Roleplay 4e: Lords of Stone and Steel",
        "tags": [],
        "notes": [],
        "history": {
          "province_2512": null,
          "province_2276": null,
          "ruler_2515": null,
          "ruler_2512": null,
          "ruler_2276": null
        },
        "wiki": {
          "title": "Grung Mizpal",
          "url": "https://warhammerfantasy.fandom.com/wiki/Grung_Mizpal",
          "description": "Grung Mizpal is a small mining outpost with about 57 adult Dwarfs located in The Vaults. It is under the influence of Karak Eksfilaz.",
          "image": "https://static.wikia.nocookie.net/warhammerfb/images/6/6b/Western_Dwarf_Realms.png/revision/latest?cb=20210727083944"
        },
        "svg_layer": "Dwarf Holds"
      }
    },
    {
      "type": "Feature",
      "id": "copy_text_8140",
      "geometry": {
        "type": "Point",
        "coordinates": [
          0.330278,
          41.48919
        ]
      },
      "properties": {
        "id": "copy_text_8140",
        "name": "Karak Kaferkammaz",
        "category": "settlement",
        "dataset": "karaz_ankor",
        "in_gazetteer": true,
        "type": "Karak (Great Hold)",
        "region": "Karaz Ankor",
        "province": null,
        "estate": null,
        "population": 195,
        "population_estimated": true,
        "size_category": 1,
        "trade": null,
        "source": "Warhammer Fantasy Roleplay 4e: Lords of Stone and Steel",
        "tags": [],
        "notes": [],
        "history": {
          "province_2512": null,
          "province_2276": null,
          "ruler_2515": null,
          "ruler_2512": null,
          "ruler_2276": null
        },
        "wiki": {
          "title": "Karak Kaferkammaz",
          "url": "https://warhammerfantasy.fandom.com/wiki/Karak_Kaferkammaz",
          "description": "Karak Kaferkammaz (\" Marble Layers Hold \" in Khazalid ) is the highest Dwarf hold in The Vaults. The hold is ruled by King Skalf Redbeard, and earns a moderate amount of wealth from trade, ore mining and metalworking. Approximately 2,500 able-bodied adult Dwarfs live there.",
          "image": "https://static.wikia.nocookie.net/warhammerfb/images/6/6b/Western_Dwarf_Realms.png/revision/latest?cb=20210727083944"
        },
        "svg_layer": "Dwarf Holds"
      }
    },
    {
      "type": "Feature",
      "id": "copy_text_8141",
      "geometry": {
        "type": "Point",
        "coordinates": [
          -2.845762,
          41.312901
        ]
      },
      "properties": {
        "id": "copy_text_8141",
        "name": "Karak Eksfilaz",
        "category": "settlement",
        "dataset": "karaz_ankor",
        "in_gazetteer": true,
        "type": "Karak (Great Hold)",
        "region": "Karaz Ankor",
        "province": null,
        "estate": null,
        "population": 171,
        "population_estimated": true,
        "size_category": 1,
        "trade": null,
        "source": "Warhammer Fantasy Roleplay 4e: Lords of Stone and Steel",
        "tags": [],
        "notes": [],
        "history": {
          "province_2512": null,
          "province_2276": null,
          "ruler_2515": null,
          "ruler_2512": null,
          "ruler_2276": null
        },
        "wiki": {
          "title": "Karak Eksfilaz",
          "url": "https://warhammerfantasy.fandom.com/wiki/Karak_Eksfilaz",
          "description": "Karak Eksfilaz is a Dwarf hold located in The Vaults. The westernmost of all the holds of the Karaz Ankor, Karak Eksfilaz (\"Whispering Aspen Mountain\" in Khazalid ), takes its name from the heavily forested, aspen-covered peak upon which it stands. Much of the hold's trade is conducted with northern Tilea, particularly through the towns of Campogrotta and Toscania.",
          "image": "https://static.wikia.nocookie.net/warhammerfb/images/6/6b/Western_Dwarf_Realms.png/revision/latest?cb=20210727083944"
        },
        "svg_layer": "Dwarf Holds"
      }
    },
    {
      "type": "Feature",
      "id": "copy_text_8142",
      "geometry": {
        "type": "Point",
        "coordinates": [
          1.918063,
          41.730927
        ]
      },
      "properties": {
        "id": "copy_text_8142",
        "name": "Grung Byrn",
        "category": "settlement",
        "dataset": "karaz_ankor",
        "in_gazetteer": true,
        "type": "Grung (Mining Settlement)",
        "region": "Karaz Ankor",
        "province": null,
        "estate": null,
        "population": 107,
        "population_estimated": true,
        "size_category": 1,
        "trade": null,
        "source": "Warhammer Fantasy Roleplay 4e: Lords of Stone and Steel",
        "tags": [],
        "notes": [],
        "history": {
          "province_2512": null,
          "province_2276": null,
          "ruler_2515": null,
          "ruler_2512": null,
          "ruler_2276": null
        },
        "wiki": {
          "title": "Grung Byrn",
          "url": "https://warhammerfantasy.fandom.com/wiki/Grung_Byrn",
          "description": "Grung Byrn is a mining outpost located in The Vaults that is home to about 52 adult Dwarfs.",
          "image": "https://static.wikia.nocookie.net/warhammerfb/images/6/6b/Western_Dwarf_Realms.png/revision/latest?cb=20210727083944"
        },
        "svg_layer": "Dwarf Holds"
      }
    },
    {
      "type": "Feature",
      "id": "copy_text_8143",
      "geometry": {
        "type": "Point",
        "coordinates": [
          0.892985,
          41.452611
        ]
      },
      "properties": {
        "id": "copy_text_8143",
        "name": "Khazid Algikarag",
        "category": "settlement",
        "dataset": "karaz_ankor",
        "in_gazetteer": true,
        "type": "Khazid (Town)",
        "region": "Karaz Ankor",
        "province": null,
        "estate": null,
        "population": 108,
        "population_estimated": true,
        "size_category": 1,
        "trade": null,
        "source": "Warhammer Fantasy Roleplay 4e: Lords of Stone and Steel",
        "tags": [],
        "notes": [],
        "history": {
          "province_2512": null,
          "province_2276": null,
          "ruler_2515": null,
          "ruler_2512": null,
          "ruler_2276": null
        },
        "wiki": {
          "title": null,
          "url": null,
          "description": null,
          "image": null
        },
        "svg_layer": "Dwarf Holds"
      }
    },
    {
      "type": "Feature",
      "id": "copy_text_8144",
      "geometry": {
        "type": "Point",
        "coordinates": [
          0.742849,
          41.337698
        ]
      },
      "properties": {
        "id": "copy_text_8144",
        "name": "Grung Ikree",
        "category": "settlement",
        "dataset": "karaz_ankor",
        "in_gazetteer": false,
        "type": "Grung (Mining Settlement)",
        "region": "Karaz Ankor",
        "province": null,
        "estate": null,
        "population": 98,
        "population_estimated": true,
        "size_category": 1,
        "trade": null,
        "source": null,
        "tags": [],
        "notes": [],
        "history": {
          "province_2512": null,
          "province_2276": null,
          "ruler_2515": null,
          "ruler_2512": null,
          "ruler_2276": null
        },
        "wiki": {
          "title": null,
          "url": null,
          "description": null,
          "image": null
        },
        "svg_layer": "Dwarf Holds"
      }
    },
    {
      "type": "Feature",
      "id": "copy_text_8145",
      "geometry": {
        "type": "Point",
        "coordinates": [
          0.589358,
          41.442133
        ]
      },
      "properties": {
        "id": "copy_text_8145",
        "name": "Grung Wyruvalk",
        "category": "settlement",
        "dataset": "karaz_ankor",
        "in_gazetteer": true,
        "type": "Grung (Mining Settlement)",
        "region": "Karaz Ankor",
        "province": null,
        "estate": null,
        "population": 243,
        "population_estimated": true,
        "size_category": 1,
        "trade": null,
        "source": "Warhammer Fantasy Roleplay 4e: Lords of Stone and Steel",
        "tags": [],
        "notes": [],
        "history": {
          "province_2512": null,
          "province_2276": null,
          "ruler_2515": null,
          "ruler_2512": null,
          "ruler_2276": null
        },
        "wiki": {
          "title": "Grung Wyruvalk",
          "url": "https://warhammerfantasy.fandom.com/wiki/Grung_Wyruvalk",
          "description": "Grung Wyruvalk is a Dwarf silver mine located in The Vaults that is owned by Karak Kaferkammaz.",
          "image": "https://static.wikia.nocookie.net/warhammerfb/images/6/6b/Western_Dwarf_Realms.png/revision/latest?cb=20210727083944"
        },
        "svg_layer": "Dwarf Holds"
      }
    },
    {
      "type": "Feature",
      "id": "copy_text_8146",
      "geometry": {
        "type": "Point",
        "coordinates": [
          -0.195345,
          40.415253
        ]
      },
      "properties": {
        "id": "copy_text_8146",
        "name": "Khazid Wyrwarn",
        "category": "settlement",
        "dataset": "karaz_ankor",
        "in_gazetteer": false,
        "type": "Khazid (Town)",
        "region": "Karaz Ankor",
        "province": null,
        "estate": null,
        "population": 295,
        "population_estimated": true,
        "size_category": 1,
        "trade": null,
        "source": null,
        "tags": [],
        "notes": [],
        "history": {
          "province_2512": null,
          "province_2276": null,
          "ruler_2515": null,
          "ruler_2512": null,
          "ruler_2276": null
        },
        "wiki": {
          "title": null,
          "url": null,
          "description": null,
          "image": null
        },
        "svg_layer": "Dwarf Holds"
      }
    },
    {
      "type": "Feature",
      "id": "copy_text_8147",
      "geometry": {
        "type": "Point",
        "coordinates": [
          1.397152,
          40.849844
        ]
      },
      "properties": {
        "id": "copy_text_8147",
        "name": "Khazid Nekewukaz",
        "category": "settlement",
        "dataset": "karaz_ankor",
        "in_gazetteer": true,
        "type": "Khazid (Town)",
        "region": "Karaz Ankor",
        "province": null,
        "estate": null,
        "population": 349,
        "population_estimated": true,
        "size_category": 2,
        "trade": null,
        "source": "Warhammer Fantasy Roleplay 4e: Lords of Stone and Steel",
        "tags": [],
        "notes": [],
        "history": {
          "province_2512": null,
          "province_2276": null,
          "ruler_2515": null,
          "ruler_2512": null,
          "ruler_2276": null
        },
        "wiki": {
          "title": "Khazid Nekewukaz",
          "url": "https://warhammerfantasy.fandom.com/wiki/Khazid_Nekewukaz",
          "description": "Khazid Nekewukaz is a small village in The Vaults housing about 75 adult Dwarfs.",
          "image": "https://static.wikia.nocookie.net/warhammerfb/images/6/6b/Western_Dwarf_Realms.png/revision/latest?cb=20210727083944"
        },
        "svg_layer": "Dwarf Holds"
      }
    },
    {
      "type": "Feature",
      "id": "copy_text_8148",
      "geometry": {
        "type": "Point",
        "coordinates": [
          1.082746,
          41.101369
        ]
      },
      "properties": {
        "id": "copy_text_8148",
        "name": "Grung Agrilebaz",
        "category": "settlement",
        "dataset": "karaz_ankor",
        "in_gazetteer": true,
        "type": "Grung (Mining Settlement)",
        "region": "Karaz Ankor",
        "province": null,
        "estate": null,
        "population": 68,
        "population_estimated": true,
        "size_category": 1,
        "trade": null,
        "source": null,
        "tags": [],
        "notes": [],
        "history": {
          "province_2512": null,
          "province_2276": null,
          "ruler_2515": null,
          "ruler_2512": null,
          "ruler_2276": null
        },
        "wiki": {
          "title": null,
          "url": null,
          "description": null,
          "image": null
        },
        "svg_layer": "Dwarf Holds"
      }
    },
    {
      "type": "Feature",
      "id": "copy_text_8149",
      "geometry": {
        "type": "Point",
        "coordinates": [
          1.264582,
          41.941843
        ]
      },
      "properties": {
        "id": "copy_text_8149",
        "name": "Kazad Gargazund",
        "category": "settlement",
        "dataset": "karaz_ankor",
        "in_gazetteer": false,
        "type": "Kazad (Fortress)",
        "region": "Karaz Ankor",
        "province": null,
        "estate": null,
        "population": 103,
        "population_estimated": true,
        "size_category": 1,
        "trade": null,
        "source": null,
        "tags": [],
        "notes": [],
        "history": {
          "province_2512": null,
          "province_2276": null,
          "ruler_2515": null,
          "ruler_2512": null,
          "ruler_2276": null
        },
        "wiki": {
          "title": null,
          "url": null,
          "description": null,
          "image": null
        },
        "svg_layer": "Dwarf Holds"
      }
    },
    {
      "type": "Feature",
      "id": "copy_text_8150",
      "geometry": {
        "type": "Point",
        "coordinates": [
          -1.450717,
          38.392894
        ]
      },
      "properties": {
        "id": "copy_text_8150",
        "name": "Khazid Urbaz",
        "category": "settlement",
        "dataset": "karaz_ankor",
        "in_gazetteer": true,
        "type": "Khazid (Town)",
        "region": "Karaz Ankor",
        "province": null,
        "estate": null,
        "population": 118,
        "population_estimated": true,
        "size_category": 1,
        "trade": null,
        "source": "Warhammer Fantasy Roleplay 4e: Lords of Stone and Steel",
        "tags": [],
        "notes": [],
        "history": {
          "province_2512": null,
          "province_2276": null,
          "ruler_2515": null,
          "ruler_2512": null,
          "ruler_2276": null
        },
        "wiki": {
          "title": "Khazid Urbaz",
          "url": "https://warhammerfantasy.fandom.com/wiki/Khazid_Urbaz",
          "description": "Khazid Urbaz, meaning \"trading post town\" in Khazalid, is a village of Karak Grom with a population of about 90 Dwarfs. Situated upon the banks of the River Skiros, the small Dwarf hold of Khazid Urbaz serves as the main trade centre for the Dwarfs of The Vaults and the Apuccini Mountains with the Men of the Border Princes and Tilea.",
          "image": "https://static.wikia.nocookie.net/warhammerfb/images/6/6b/Western_Dwarf_Realms.png/revision/latest?cb=20210727083944"
        },
        "svg_layer": "Dwarf Holds"
      }
    },
    {
      "type": "Feature",
      "id": "copy_text_8151",
      "geometry": {
        "type": "Point",
        "coordinates": [
          -1.982765,
          38.60241
        ]
      },
      "properties": {
        "id": "copy_text_8151",
        "name": "Kazad Sedazund",
        "category": "settlement",
        "dataset": "karaz_ankor",
        "in_gazetteer": true,
        "type": "Kazad (Fortress)",
        "region": "Karaz Ankor",
        "province": null,
        "estate": null,
        "population": 165,
        "population_estimated": true,
        "size_category": 1,
        "trade": null,
        "source": "Warhammer Fantasy Roleplay 4e: Lords of Stone and Steel",
        "tags": [],
        "notes": [],
        "history": {
          "province_2512": null,
          "province_2276": null,
          "ruler_2515": null,
          "ruler_2512": null,
          "ruler_2276": null
        },
        "wiki": {
          "title": "Kazad Sedazund",
          "url": "https://warhammerfantasy.fandom.com/wiki/Kazad_Sedazund",
          "description": "Kazad Sedazund is a Dwarf fort situated in the Apuccini Mountains in the land of Tilea. It is the southernmost Dwarf outpost in the Apuccini Mountains. Kazad Sedazund is considered a subsidiary settlement of Karak Grom, a Dwarf hold to the north in The Vaults.",
          "image": "https://static.wikia.nocookie.net/warhammerfb/images/6/6b/Western_Dwarf_Realms.png/revision/latest?cb=20210727083944"
        },
        "svg_layer": "Dwarf Holds"
      }
    },
    {
      "type": "Feature",
      "id": "copy_text_8152",
      "geometry": {
        "type": "Point",
        "coordinates": [
          12.169491,
          36.232394
        ]
      },
      "properties": {
        "id": "copy_text_8152",
        "name": "Karak Eight Peaks",
        "category": "settlement",
        "dataset": "karaz_ankor",
        "in_gazetteer": true,
        "type": "Karak (Great Hold)",
        "region": "Karaz Ankor",
        "province": null,
        "estate": null,
        "population": 167,
        "population_estimated": true,
        "size_category": 1,
        "trade": null,
        "source": "Warhammer Fantasy Roleplay 4e: Lords of Stone and Steel",
        "tags": [],
        "notes": [
          "Contested",
          "greenskins and skaven"
        ],
        "history": {
          "province_2512": null,
          "province_2276": null,
          "ruler_2515": null,
          "ruler_2512": null,
          "ruler_2276": null
        },
        "wiki": {
          "title": "Karak Eight Peaks",
          "url": "https://warhammerfantasy.fandom.com/wiki/Karak_Eight_Peaks",
          "description": "Karak Eight Peaks, now called the City of Pillars by the Skaven who currently rule it, is the Dwarf hold originally known as Vala-Azril-Ungol, \"Queen of the Silver Depths\" in Khazalid, the Dwarf tongue. Karaz Eight Peaks was once one of the greatest kingdoms ever created by the Dwarfs of the Golden Age, rivaling even their capital city of Karaz-a-Karak in terms of sheer power, wealth, and beauty.",
          "image": "https://static.wikia.nocookie.net/warhammerfb/images/4/4e/K8P_inside.png/revision/latest?cb=20200326031012"
        },
        "svg_layer": "Dwarf Holds"
      }
    },
    {
      "type": "Feature",
      "id": "copy_text_8153",
      "geometry": {
        "type": "Point",
        "coordinates": [
          11.629195,
          37.029315
        ]
      },
      "properties": {
        "id": "copy_text_8153",
        "name": "Karak Drazh (Black Crag)",
        "category": "settlement",
        "dataset": "karaz_ankor",
        "in_gazetteer": true,
        "type": "Karak (Great Hold)",
        "region": "Karaz Ankor",
        "province": null,
        "estate": null,
        "population": 176,
        "population_estimated": true,
        "size_category": 1,
        "trade": null,
        "source": "Warhammer Fantasy Roleplay 1e: Dwarfs - Stone and Steel",
        "tags": [],
        "notes": [
          "fallen",
          "greenskins"
        ],
        "history": {
          "province_2512": null,
          "province_2276": null,
          "ruler_2515": null,
          "ruler_2512": null,
          "ruler_2276": null
        },
        "wiki": {
          "title": "Karak Drazh",
          "url": "https://warhammerfantasy.fandom.com/wiki/Karak_Drazh",
          "description": null,
          "image": null
        },
        "svg_layer": "Dwarf Holds"
      }
    },
    {
      "type": "Feature",
      "id": "copy_text_8154",
      "geometry": {
        "type": "Point",
        "coordinates": [
          3.305474,
          55.601442
        ]
      },
      "properties": {
        "id": "copy_text_8154",
        "name": "Kazad Drengi (Keep of the First Slayer)",
        "category": "settlement",
        "dataset": "karaz_ankor",
        "in_gazetteer": true,
        "type": "Kazad (Fortress)",
        "region": "Karaz Ankor",
        "province": null,
        "estate": null,
        "population": 207,
        "population_estimated": true,
        "size_category": 1,
        "trade": null,
        "source": "Warhammer Fantasy Roleplay 4e: The Horned Rat Companion",
        "tags": [],
        "notes": [],
        "history": {
          "province_2512": null,
          "province_2276": null,
          "ruler_2515": null,
          "ruler_2512": null,
          "ruler_2276": null
        },
        "wiki": {
          "title": "Keep of the First Slayer",
          "url": "https://warhammerfantasy.fandom.com/wiki/Keep_of_the_First_Slayer",
          "description": null,
          "image": null
        },
        "svg_layer": "Dwarf Holds"
      }
    },
    {
      "type": "Feature",
      "id": "copy_text_8155",
      "geometry": {
        "type": "Point",
        "coordinates": [
          -3.596672,
          50.034225
        ]
      },
      "properties": {
        "id": "copy_text_8155",
        "name": "Karak Ziflin",
        "category": "settlement",
        "dataset": "karaz_ankor",
        "in_gazetteer": true,
        "type": "Karak (Great Hold)",
        "region": "Karaz Ankor",
        "province": null,
        "estate": null,
        "population": 117,
        "population_estimated": true,
        "size_category": 1,
        "trade": null,
        "source": "Warhammer Fantasy Roleplay 4e: Lords of Stone and Steel",
        "tags": [],
        "notes": [],
        "history": {
          "province_2512": null,
          "province_2276": null,
          "ruler_2515": null,
          "ruler_2512": null,
          "ruler_2276": null
        },
        "wiki": {
          "title": "Karak Ziflin",
          "url": "https://warhammerfantasy.fandom.com/wiki/Karak_Ziflin",
          "description": "Karak Ziflin (\" Windswept Hold \" in Khazalid ) is the smallest of the Grey Dwarf holds of the Grey Mountains. Karak Ziflin sits north of Axe Bite Pass that divides the lands of Bretonnia and the Empire, located more on the Bretonnian side of the divide. Winds from the western Sea of Claws frequently blow through the kingdom.",
          "image": "https://static.wikia.nocookie.net/warhammerfb/images/9/9a/Karak_Ziflin_banner_Total_War.png/revision/latest?cb=20171118185626"
        },
        "svg_layer": "Dwarf Holds"
      }
    },
    {
      "type": "Feature",
      "id": "copy_text_8156",
      "geometry": {
        "type": "Point",
        "coordinates": [
          -0.845382,
          48.765724
        ]
      },
      "properties": {
        "id": "copy_text_8156",
        "name": "Karak Azgaraz",
        "category": "settlement",
        "dataset": "karaz_ankor",
        "in_gazetteer": true,
        "type": "Karak (Great Hold)",
        "region": "Karaz Ankor",
        "province": null,
        "estate": null,
        "population": 141,
        "population_estimated": true,
        "size_category": 1,
        "trade": null,
        "source": "Warhammer Fantasy Roleplay 4e: Lords of Stone and Steel",
        "tags": [],
        "notes": [],
        "history": {
          "province_2512": null,
          "province_2276": null,
          "ruler_2515": null,
          "ruler_2512": null,
          "ruler_2276": null
        },
        "wiki": {
          "title": "Karak Azgaraz",
          "url": "https://warhammerfantasy.fandom.com/wiki/Karak_Azgaraz",
          "description": "Karak Azgaraz ( Khazalid for \" Hold of the Fearless Axe \") is one of the major Dwarf holds, located not too far from the Imperial trading city of Übersreik. There are many Dwarf strongholds scattered throughout the Grey Mountains, though none are as wealthy or as magnificent as the surviving karaks of the Worlds Edge Mountains far to the east. The Dwarfs of this region are called \" Grey Dwarfs \" by their eastern kin, which is a reference not only to their location, but also to their dour outlook and the relative austerity of their holds.",
          "image": "https://static.wikia.nocookie.net/warhammerfb/images/7/78/Karak_Azgaraz_map_1.png/revision/latest?cb=20161014163730"
        },
        "svg_layer": "Dwarf Holds"
      }
    },
    {
      "type": "Feature",
      "id": "copy_text_8157",
      "geometry": {
        "type": "Point",
        "coordinates": [
          0.980723,
          45.128723
        ]
      },
      "properties": {
        "id": "copy_text_8157",
        "name": "Karak Norn",
        "category": "settlement",
        "dataset": "karaz_ankor",
        "in_gazetteer": true,
        "type": "Karak (Great Hold)",
        "region": "Karaz Ankor",
        "province": null,
        "estate": null,
        "population": 100,
        "population_estimated": true,
        "size_category": 1,
        "trade": null,
        "source": "Warhammer Fantasy Roleplay 4e: Lords of Stone and Steel",
        "tags": [],
        "notes": [],
        "history": {
          "province_2512": null,
          "province_2276": null,
          "ruler_2515": null,
          "ruler_2512": null,
          "ruler_2276": null
        },
        "wiki": {
          "title": "Karak Norn",
          "url": "https://warhammerfantasy.fandom.com/wiki/Karak_Norn",
          "description": "Karak Norn (\" Barren Earth Hold \" in Khazalid ) is a Dwarf hold built on a forested and valley-ringed mountain amongst the Grey Mountains. It is believed to be the first hold to have been ruled by a Dwarf queen, Hadora Ironpick, who led her people there following the fall of Mount Silverspear in -1367 IC.",
          "image": "https://static.wikia.nocookie.net/warhammerfb/images/e/ee/Karak_Norn-Rune.png/revision/latest?cb=20211116192926"
        },
        "svg_layer": "Dwarf Holds"
      }
    },
    {
      "type": "Feature",
      "id": "copy_text_8158",
      "geometry": {
        "type": "Point",
        "coordinates": [
          1.026034,
          45.197977
        ]
      },
      "properties": {
        "id": "copy_text_8158",
        "name": "Bergheim",
        "category": "settlement",
        "dataset": "karaz_ankor",
        "in_gazetteer": true,
        "type": "Umgalkhazid (Human Town)",
        "region": "Karaz Ankor",
        "province": null,
        "estate": null,
        "population": 160,
        "population_estimated": true,
        "size_category": 1,
        "trade": null,
        "source": "Warhammer Fantasy Roleplay 4e: Lords of Stone and Steel",
        "tags": [],
        "notes": [],
        "history": {
          "province_2512": null,
          "province_2276": null,
          "ruler_2515": null,
          "ruler_2512": null,
          "ruler_2276": null
        },
        "wiki": {
          "title": null,
          "url": null,
          "description": null,
          "image": null
        },
        "svg_layer": "Dwarf Holds"
      }
    },
    {
      "type": "Feature",
      "id": "copy_text_8159",
      "geometry": {
        "type": "Point",
        "coordinates": [
          0.359554,
          40.498303
        ]
      },
      "properties": {
        "id": "copy_text_8159",
        "name": "Karak Izor",
        "category": "settlement",
        "dataset": "karaz_ankor",
        "in_gazetteer": true,
        "type": "Karak (Great Hold)",
        "region": "Karaz Ankor",
        "province": null,
        "estate": null,
        "population": 107,
        "population_estimated": true,
        "size_category": 1,
        "trade": null,
        "source": "Warhammer Fantasy Roleplay 4e: Lords of Stone and Steel",
        "tags": [],
        "notes": [],
        "history": {
          "province_2512": null,
          "province_2276": null,
          "ruler_2515": null,
          "ruler_2512": null,
          "ruler_2276": null
        },
        "wiki": {
          "title": "Karak Izor",
          "url": "https://warhammerfantasy.fandom.com/wiki/Karak_Izor",
          "description": "Karak Izor (\" Copper Hold \" in Khazalid ), called \" Copper Mountain\" by Humans, is the first and largest Dwarf hold outside the Worlds Edge Mountains. Its age and prestige is such that Dwarf settlements across The Vaults and as far afield as the eastern Irrana and northern Apuccini Mountains look to Karak Izor for protection and guidance.",
          "image": "https://static.wikia.nocookie.net/warhammerfb/images/6/6b/Western_Dwarf_Realms.png/revision/latest?cb=20210727083944"
        },
        "svg_layer": "Dwarf Holds"
      }
    },
    {
      "type": "Feature",
      "id": "copy_text_8160",
      "geometry": {
        "type": "Point",
        "coordinates": [
          4.386108,
          41.899286
        ]
      },
      "properties": {
        "id": "copy_text_8160",
        "name": "Karak Hirn",
        "category": "settlement",
        "dataset": "karaz_ankor",
        "in_gazetteer": true,
        "type": "Karak (Great Hold)",
        "region": "Karaz Ankor",
        "province": null,
        "estate": null,
        "population": 154,
        "population_estimated": true,
        "size_category": 1,
        "trade": null,
        "source": "Warhammer Fantasy Roleplay 4e: Lords of Stone and Steel",
        "tags": [],
        "notes": [],
        "history": {
          "province_2512": null,
          "province_2276": null,
          "ruler_2515": null,
          "ruler_2512": null,
          "ruler_2276": null
        },
        "wiki": {
          "title": "Karak Hirn",
          "url": "https://warhammerfantasy.fandom.com/wiki/Karak_Hirn",
          "description": "Karak Hirn, (\" Hornhold \" in Khazalid ), is the biggest and most important Dwarf hold in the Black Mountains between the northern Border Princes and the southern borders of the Empire. The hold is currently ruled by King Alrik Ranulfsson of Clan Drazhkarak and his wife, Queen Winnifer Falxenheir.",
          "image": "https://static.wikia.nocookie.net/warhammerfb/images/7/73/Karak_Hirn_banner.png/revision/latest?cb=20210325232846"
        },
        "svg_layer": "Dwarf Holds"
      }
    },
    {
      "type": "Feature",
      "id": "copy_text_8161",
      "geometry": {
        "type": "Point",
        "coordinates": [
          6.005927,
          42.967808
        ]
      },
      "properties": {
        "id": "copy_text_8161",
        "name": "Karak Gantuk",
        "category": "settlement",
        "dataset": "karaz_ankor",
        "in_gazetteer": true,
        "type": "Karak (Great Hold)",
        "region": "Karaz Ankor",
        "province": null,
        "estate": null,
        "population": 115,
        "population_estimated": true,
        "size_category": 1,
        "trade": null,
        "source": "Warhammer Fantasy Roleplay 4e: Lords of Stone and Steel",
        "tags": [],
        "notes": [],
        "history": {
          "province_2512": null,
          "province_2276": null,
          "ruler_2515": null,
          "ruler_2512": null,
          "ruler_2276": null
        },
        "wiki": {
          "title": "Karak Gantuk",
          "url": "https://warhammerfantasy.fandom.com/wiki/Karak_Gantuk",
          "description": "Karak Gantuk (\" Gap Hold \" in Khazalid ) is a small Dwarf hold located in the central Black Mountains.",
          "image": "https://static.wikia.nocookie.net/warhammerfb/images/a/ad/Warhammer_Black_Mountains.png/revision/latest?cb=20170408202909"
        },
        "svg_layer": "Dwarf Holds"
      }
    },
    {
      "type": "Feature",
      "id": "copy_text_8162",
      "geometry": {
        "type": "Point",
        "coordinates": [
          6.874143,
          44.005268
        ]
      },
      "properties": {
        "id": "copy_text_8162",
        "name": "Karak Angazbar",
        "category": "settlement",
        "dataset": "karaz_ankor",
        "in_gazetteer": true,
        "type": "Karak (Great Hold)",
        "region": "Karaz Ankor",
        "province": null,
        "estate": null,
        "population": 98,
        "population_estimated": true,
        "size_category": 1,
        "trade": null,
        "source": "Warhammer Fantasy Roleplay 4e: Lords of Stone and Steel",
        "tags": [],
        "notes": [],
        "history": {
          "province_2512": null,
          "province_2276": null,
          "ruler_2515": null,
          "ruler_2512": null,
          "ruler_2276": null
        },
        "wiki": {
          "title": null,
          "url": null,
          "description": null,
          "image": null
        },
        "svg_layer": "Dwarf Holds"
      }
    },
    {
      "type": "Feature",
      "id": "copy_text_8163",
      "geometry": {
        "type": "Point",
        "coordinates": [
          10.378992,
          47.686676
        ]
      },
      "properties": {
        "id": "copy_text_8163",
        "name": "Zhufbar",
        "category": "settlement",
        "dataset": "karaz_ankor",
        "in_gazetteer": true,
        "type": "Karak (Great Hold)",
        "region": "Karaz Ankor",
        "province": null,
        "estate": null,
        "population": 167,
        "population_estimated": true,
        "size_category": 1,
        "trade": null,
        "source": "Warhammer Fantasy Roleplay 4e: Lords of Stone and Steel",
        "tags": [],
        "notes": [],
        "history": {
          "province_2512": null,
          "province_2276": null,
          "ruler_2515": null,
          "ruler_2512": null,
          "ruler_2276": null
        },
        "wiki": {
          "title": "Zhufbar",
          "url": "https://warhammerfantasy.fandom.com/wiki/Zhufbar",
          "description": "Zhufbar ( Khazalid for \"Torrent-gate\") is a Dwarf hold of the Karaz Ankor and the twin of neighbouring Karak Varn where the metals, gromril in particular, mined out from beneath Karak Varn are smelted and forged into the weapons and armour which make the Dwarfs famous.",
          "image": "https://static.wikia.nocookie.net/warhammerfb/images/1/19/Dwarf_zhufbar.jpg/revision/latest?cb=20140805132000"
        },
        "svg_layer": "Dwarf Holds"
      }
    },
    {
      "type": "Feature",
      "id": "copy_text_8164",
      "geometry": {
        "type": "Point",
        "coordinates": [
          13.447446,
          44.29113
        ]
      },
      "properties": {
        "id": "copy_text_8164",
        "name": "Karaz-a-Karak",
        "category": "settlement",
        "dataset": "karaz_ankor",
        "in_gazetteer": true,
        "type": "Karak (Great Hold)",
        "region": "Karaz Ankor",
        "province": null,
        "estate": null,
        "population": 84,
        "population_estimated": true,
        "size_category": 1,
        "trade": null,
        "source": "Warhammer Fantasy Roleplay 4e: Lords of Stone and Steel",
        "tags": [],
        "notes": [],
        "history": {
          "province_2512": null,
          "province_2276": null,
          "ruler_2515": null,
          "ruler_2512": null,
          "ruler_2276": null
        },
        "wiki": {
          "title": "Karaz-a-Karak",
          "url": "https://warhammerfantasy.fandom.com/wiki/Karaz-a-Karak",
          "description": "Karaz-a-Karak, also spelled Caraz-a-Carak, which translates roughly as \" Everpeak \", or the \" Pinnacle of Mountains \" in the Dwarf tongue Khazalid, is the greatest city of the Dwarf people and the seat of power for High King Thorgrim Grudgebearer of the Karaz Ankor. Karaz-a-Karak is the mightiest and most populous of all Dwarf holds, the capital of the Dwarf empire of Karaz Ankor and the capital hold of the Dwarf high king.",
          "image": "https://static.wikia.nocookie.net/warhammerfb/images/5/5e/Karaz-a-Karak_Gates_6th_Edition.jpg/revision/latest?cb=20151214230954"
        },
        "svg_layer": "Dwarf Holds"
      }
    },
    {
      "type": "Feature",
      "id": "copy_text_8165",
      "geometry": {
        "type": "Point",
        "coordinates": [
          13.051453,
          51.413792
        ]
      },
      "properties": {
        "id": "copy_text_8165",
        "name": "Karak Kadrin",
        "category": "settlement",
        "dataset": "karaz_ankor",
        "in_gazetteer": true,
        "type": "Karak (Great Hold)",
        "region": "Karaz Ankor",
        "province": null,
        "estate": null,
        "population": 64,
        "population_estimated": true,
        "size_category": 1,
        "trade": null,
        "source": "Warhammer Fantasy Roleplay 4e: Lords of Stone and Steel",
        "tags": [],
        "notes": [],
        "history": {
          "province_2512": null,
          "province_2276": null,
          "ruler_2515": null,
          "ruler_2512": null,
          "ruler_2276": null
        },
        "wiki": {
          "title": "Karak Kadrin",
          "url": "https://warhammerfantasy.fandom.com/wiki/Karak_Kadrin",
          "description": "Karak Kadrin, which means \" Hold of the Mountain Pass \" in Khazalid, also known as \" Slayers Keep,\" is a Dwarf hold which guards a region of mountainous passes known simply as Peak Pass, an important trading route which runs through the Worlds Edge Mountains from the distant east to the Old World.",
          "image": "https://static.wikia.nocookie.net/warhammerfb/images/9/98/Dwarf_KadrinValley01.jpg/revision/latest?cb=20140805185213"
        },
        "svg_layer": "Dwarf Holds"
      }
    },
    {
      "type": "Feature",
      "id": "copy_text_8166",
      "geometry": {
        "type": "Point",
        "coordinates": [
          7.623339,
          39.147847
        ]
      },
      "properties": {
        "id": "copy_text_8166",
        "name": "Barak Varr",
        "category": "settlement",
        "dataset": "karaz_ankor",
        "in_gazetteer": true,
        "type": "Karak (Great Hold)",
        "region": "Karaz Ankor",
        "province": null,
        "estate": null,
        "population": 68,
        "population_estimated": true,
        "size_category": 1,
        "trade": null,
        "source": "Warhammer Fantasy Roleplay 4e: Lords of Stone and Steel",
        "tags": [],
        "notes": [],
        "history": {
          "province_2512": null,
          "province_2276": null,
          "ruler_2515": null,
          "ruler_2512": null,
          "ruler_2276": null
        },
        "wiki": {
          "title": "Barak Varr",
          "url": "https://warhammerfantasy.fandom.com/wiki/Barak_Varr",
          "description": "Barak Varr, which means the \" Gate to the Sea \" in Khazalid, is unique amongst the Dwarf holds of the Karaz Ankor for being the only hold built to serve as a great harbour. Approaching from the land there is no indication at all of the busy port that lies ahead. In fact, even standing on the cliff edge it seems to the unsuspecting eye that the ships are destined to smash themselves into the cliff face.",
          "image": "https://static.wikia.nocookie.net/warhammerfb/images/6/6b/Western_Dwarf_Realms.png/revision/latest?cb=20210727083944"
        },
        "svg_layer": "Dwarf Holds"
      }
    },
    {
      "type": "Feature",
      "id": "copy_text_8167",
      "geometry": {
        "type": "Point",
        "coordinates": [
          1.171473,
          33.522457
        ]
      },
      "properties": {
        "id": "copy_text_8167",
        "name": "Ekrund",
        "category": "settlement",
        "dataset": "karaz_ankor",
        "in_gazetteer": true,
        "type": "Karak (Great Hold)",
        "region": "Karaz Ankor",
        "province": null,
        "estate": null,
        "population": 284,
        "population_estimated": true,
        "size_category": 1,
        "trade": null,
        "source": "Warhammer Fantasy Roleplay 1e: Dwarfs - Stone and Steel",
        "tags": [],
        "notes": [
          "fallen",
          "greenskins"
        ],
        "history": {
          "province_2512": null,
          "province_2276": null,
          "ruler_2515": null,
          "ruler_2512": null,
          "ruler_2276": null
        },
        "wiki": {
          "title": "Ekrund",
          "url": "https://warhammerfantasy.fandom.com/wiki/Ekrund",
          "description": "Ekrund, now called Mount Bloodhorn, is a fallen Dwarf hold. In -1498 IC, the Badlands were overrun by Greenskins. Ekrund fell to the Orcs after many months of intense fighting by the vastly outnumbered Dwarfs.",
          "image": "https://static.wikia.nocookie.net/warhammerfb/images/d/df/Warhammer_Gates_of_Ekrund_by_Lanefenu.jpg/revision/latest?cb=20200326022136"
        },
        "svg_layer": "Dwarf Holds"
      }
    },
    {
      "type": "Feature",
      "id": "copy_text_8168",
      "geometry": {
        "type": "Point",
        "coordinates": [
          12.699957,
          35.126078
        ]
      },
      "properties": {
        "id": "copy_text_8168",
        "name": "Karak Azul",
        "category": "settlement",
        "dataset": "karaz_ankor",
        "in_gazetteer": true,
        "type": "Karak (Great Hold)",
        "region": "Karaz Ankor",
        "province": null,
        "estate": null,
        "population": 349,
        "population_estimated": true,
        "size_category": 2,
        "trade": null,
        "source": "Warhammer Fantasy Roleplay 4e: Lords of Stone and Steel",
        "tags": [],
        "notes": [],
        "history": {
          "province_2512": null,
          "province_2276": null,
          "ruler_2515": null,
          "ruler_2512": null,
          "ruler_2276": null
        },
        "wiki": {
          "title": "Karak Azul",
          "url": "https://warhammerfantasy.fandom.com/wiki/Karak_Azul",
          "description": "Karak Azul (\" Iron Peak \" in Khazalid ) is a Dwarf hold located in the southern Worlds Edge Mountains. It is the only southern karak still ruled by the Dwarfs. The territories of the High Elves of Ulthuan and the Dwarfs of the Karaz Ankor in the Old World at the dawn of the War of the Beard.",
          "image": "https://static.wikia.nocookie.net/warhammerfb/images/3/32/Karak_Azul.PNG/revision/latest?cb=20151004194357"
        },
        "svg_layer": "Dwarf Holds"
      }
    },
    {
      "type": "Feature",
      "id": "copy_text_8169",
      "geometry": {
        "type": "Point",
        "coordinates": [
          12.138483,
          34.22168
        ]
      },
      "properties": {
        "id": "copy_text_8169",
        "name": "Karak Azgal",
        "category": "settlement",
        "dataset": "karaz_ankor",
        "in_gazetteer": true,
        "type": "Karak (Great Hold)",
        "region": "Karaz Ankor",
        "province": null,
        "estate": null,
        "population": 149,
        "population_estimated": true,
        "size_category": 1,
        "trade": null,
        "source": "Warhammer Fantasy Roleplay 2e: Karak Azgal - Adventures of the Dragon Crag",
        "tags": [],
        "notes": [
          "fallen",
          "greenskins, Skaven"
        ],
        "history": {
          "province_2512": null,
          "province_2276": null,
          "ruler_2515": null,
          "ruler_2512": null,
          "ruler_2276": null
        },
        "wiki": {
          "title": "Karak Azgal",
          "url": "https://warhammerfantasy.fandom.com/wiki/Karak_Azgal",
          "description": "Karak Azgal, which means \" Hoard Peak \" in Reikspiel and Khazalid, formerly called Karak Izril, meaning the \" City of Jewels \", and known today as the \" Dragon Crag \", was once an extremely wealthy Dwarf Hold that has since fallen under the control of the Greenskins and the Skaven.",
          "image": "https://static.wikia.nocookie.net/warhammerfb/images/d/d0/Karak_Azgal_Sigil.png/revision/latest?cb=20200407212131"
        },
        "svg_layer": "Dwarf Holds"
      }
    },
    {
      "type": "Feature",
      "id": "copy_text_8170",
      "geometry": {
        "type": "Point",
        "coordinates": [
          -0.859709,
          41.028189
        ]
      },
      "properties": {
        "id": "copy_text_8170",
        "name": "Karak Bhufdar",
        "category": "settlement",
        "dataset": "karaz_ankor",
        "in_gazetteer": true,
        "type": "Karak (Great Hold)",
        "region": "Karaz Ankor",
        "province": null,
        "estate": null,
        "population": 135,
        "population_estimated": true,
        "size_category": 1,
        "trade": null,
        "source": "Warhammer Fantasy Roleplay 4e: Lords of Stone and Steel",
        "tags": [],
        "notes": [],
        "history": {
          "province_2512": null,
          "province_2276": null,
          "ruler_2515": null,
          "ruler_2512": null,
          "ruler_2276": null
        },
        "wiki": {
          "title": "Karak Bhufdar",
          "url": "https://warhammerfantasy.fandom.com/wiki/Karak_Bhufdar",
          "description": "Karak Bhufdar ( Khazalid for \"Grey Fir Hold\") is a Dwarf hold located in the mountainous region known as The Vaults in the Old World. The hold is located at the end of a mountain valley surrounded by a mixed forest of grey fir trees and broadleaf trees like Bretonnian oaks. Besides the usual products of ore and stone produced by most Dwarf cities, Karak Bhufdar trades in timber.",
          "image": "https://static.wikia.nocookie.net/warhammerfb/images/2/2b/The_Vaults_Map_Nagash_pp.69.png/revision/latest?cb=20220423104235"
        },
        "svg_layer": "Dwarf Holds"
      }
    },
    {
      "type": "Feature",
      "id": "copy_text_8172",
      "geometry": {
        "type": "Point",
        "coordinates": [
          11.38067,
          64.042349
        ]
      },
      "properties": {
        "id": "copy_text_8172",
        "name": "Kraka Drak",
        "category": "settlement",
        "dataset": "karaz_ankor",
        "in_gazetteer": true,
        "type": "Karak (Great Hold)",
        "region": "Karaz Ankor",
        "province": null,
        "estate": null,
        "population": 142,
        "population_estimated": true,
        "size_category": 1,
        "trade": null,
        "source": "Warhammer Fantasy Roleplay 4e: Lords of Stone and Steel",
        "tags": [],
        "notes": [],
        "history": {
          "province_2512": null,
          "province_2276": null,
          "ruler_2515": null,
          "ruler_2512": null,
          "ruler_2276": null
        },
        "wiki": {
          "title": "Kraka Drak",
          "url": "https://warhammerfantasy.fandom.com/wiki/Kraka_Drak",
          "description": "Kraka Drak (\" Dragon Hold \" in Khazalid ) was a Dwarf hold and the former capital of the Norse Dwarfs of Norsca and their last Great King Silverbeard. Kraka Drak was completely destroyed during the War in the Mountains (2302-2390 IC ) by the Chaos hordes commanded by Valmir Aesling, who spent ninety years slaughtering the Dwarfs in the hold that they were trapped in by an avalanche engineered by the Great King Silverbeard. Kraka Drak was later resettled by Norse Dwarf refugees, who hope to clear the halls and rebuild the hold back to its former glory.",
          "image": "https://static.wikia.nocookie.net/warhammerfb/images/8/80/Kraka_Drak_Total_War_Warhammer.png/revision/latest?cb=20171107164314"
        },
        "svg_layer": "Dwarf Holds"
      }
    },
    {
      "type": "Feature",
      "id": "copy_text_8173",
      "geometry": {
        "type": "Point",
        "coordinates": [
          8.726264,
          61.824854
        ]
      },
      "properties": {
        "id": "copy_text_8173",
        "name": "Kraka Ravnsvake",
        "category": "settlement",
        "dataset": "karaz_ankor",
        "in_gazetteer": true,
        "type": "Karak (Great Hold)",
        "region": "Karaz Ankor",
        "province": null,
        "estate": null,
        "population": 157,
        "population_estimated": true,
        "size_category": 1,
        "trade": null,
        "source": "Warhammer Fantasy Roleplay 4e: Lords of Stone and Steel",
        "tags": [],
        "notes": [],
        "history": {
          "province_2512": null,
          "province_2276": null,
          "ruler_2515": null,
          "ruler_2512": null,
          "ruler_2276": null
        },
        "wiki": {
          "title": "Kraka Ravnsvake",
          "url": "https://warhammerfantasy.fandom.com/wiki/Kraka_Ravnsvake",
          "description": "Kraka Ravnsvake, meaning \" Raven's Roost Hold \" in Khazalid, is a Dwarf Hold that lies in the mountains south-west of Kraka Drak, at the far end of Draksfjord. Beneath the stronghold are extensive deposits of okrinaduraz, a hard, bluish-grey stone used by Dwarf artisans to carve the likenesses of their revered ancestors and fashion works of art.",
          "image": "https://static.wikia.nocookie.net/warhammerfb/images/8/86/Kraka_Ravnvake_Map.png/revision/latest?cb=20180506200319"
        },
        "svg_layer": "Dwarf Holds"
      }
    },
    {
      "type": "Feature",
      "id": "copy_text_8174",
      "geometry": {
        "type": "Point",
        "coordinates": [
          11.199798,
          62.708464
        ]
      },
      "properties": {
        "id": "copy_text_8174",
        "name": "Sjoktraken",
        "category": "settlement",
        "dataset": "karaz_ankor",
        "in_gazetteer": true,
        "type": "Khazid (Town)",
        "region": "Karaz Ankor",
        "province": null,
        "estate": null,
        "population": 119,
        "population_estimated": true,
        "size_category": 1,
        "trade": null,
        "source": "Warhammer Fantasy Roleplay 4e: Lords of Stone and Steel",
        "tags": [],
        "notes": [],
        "history": {
          "province_2512": null,
          "province_2276": null,
          "ruler_2515": null,
          "ruler_2512": null,
          "ruler_2276": null
        },
        "wiki": {
          "title": null,
          "url": null,
          "description": null,
          "image": null
        },
        "svg_layer": "Dwarf Holds"
      }
    },
    {
      "type": "Feature",
      "id": "copy_text_8175",
      "geometry": {
        "type": "Point",
        "coordinates": [
          10.426543,
          64.453178
        ]
      },
      "properties": {
        "id": "copy_text_8175",
        "name": "Kraka Dorden",
        "category": "settlement",
        "dataset": "karaz_ankor",
        "in_gazetteer": true,
        "type": "Karak (Great Hold)",
        "region": "Karaz Ankor",
        "province": null,
        "estate": null,
        "population": 123,
        "population_estimated": true,
        "size_category": 1,
        "trade": null,
        "source": "Warhammer Fantasy Roleplay 4e: Lords of Stone and Steel",
        "tags": [],
        "notes": [],
        "history": {
          "province_2512": null,
          "province_2276": null,
          "ruler_2515": null,
          "ruler_2512": null,
          "ruler_2276": null
        },
        "wiki": {
          "title": "Kraka Dorden",
          "url": "https://warhammerfantasy.fandom.com/wiki/Kraka_Dorden",
          "description": "The second largest Norse Dwarf hold is Kraka Dorden (\" Thunder Hold \" in Khazalid ), located north-west of Kraka Drak in the mountains above Taldursfjord. It is ruled by King Logamir Ulfarson and Queen Friga Alaricdottir of Clan Zhargrun. Kraka Dorden is well known in Norsca for its furs, its metalwork, and its deposits of iron, tin, and quartz.",
          "image": "https://static.wikia.nocookie.net/warhammerfb/images/6/6a/Kraka_Dorden_Map.png/revision/latest?cb=20180506200832"
        },
        "svg_layer": "Dwarf Holds"
      }
    },
    {
      "type": "Feature",
      "id": "copy_text_8176",
      "geometry": {
        "type": "Point",
        "coordinates": [
          4.938143,
          65.236254
        ]
      },
      "properties": {
        "id": "copy_text_8176",
        "name": "Kraka Ornsmotek",
        "category": "settlement",
        "dataset": "karaz_ankor",
        "in_gazetteer": true,
        "type": "Karak (Great Hold)",
        "region": "Karaz Ankor",
        "province": null,
        "estate": null,
        "population": 154,
        "population_estimated": true,
        "size_category": 1,
        "trade": null,
        "source": "Warhammer Fantasy Roleplay 4e: Lords of Stone and Steel",
        "tags": [],
        "notes": [],
        "history": {
          "province_2512": null,
          "province_2276": null,
          "ruler_2515": null,
          "ruler_2512": null,
          "ruler_2276": null
        },
        "wiki": {
          "title": "Kraka Ornsmotek",
          "url": "https://warhammerfantasy.fandom.com/wiki/Kraka_Ornsmotek",
          "description": "Kraka Ornsmotek (\" Eagle's Peak Hold \" in Khazalid ) is the northernmost Norse Dwarf hold, and also the most heavily fortified. Located in the Jagged Tooth Mountains, this region of Norsca has a higher population of Giants, Trolls and the forces of Chaos than anywhere else in the Known World, and Kraka Ornsmotek is home to more Slayers and Norse Dwarf Berserkers than the other Norse Dwarf holds combined.",
          "image": "https://static.wikia.nocookie.net/warhammerfb/images/6/6e/Kraka_Ornsmotek_Map.png/revision/latest?cb=20180506200637"
        },
        "svg_layer": "Dwarf Holds"
      }
    },
    {
      "type": "Feature",
      "id": "copy_text_8177",
      "geometry": {
        "type": "Point",
        "coordinates": [
          -0.455841,
          40.129914
        ]
      },
      "properties": {
        "id": "copy_text_8177",
        "name": "Karak Grom",
        "category": "settlement",
        "dataset": "karaz_ankor",
        "in_gazetteer": true,
        "type": "Karak (Great Hold)",
        "region": "Karaz Ankor",
        "province": null,
        "estate": null,
        "population": 368,
        "population_estimated": true,
        "size_category": 2,
        "trade": null,
        "source": "Warhammer Fantasy Roleplay 4e: Lords of Stone and Steel",
        "tags": [],
        "notes": [],
        "history": {
          "province_2512": null,
          "province_2276": null,
          "ruler_2515": null,
          "ruler_2512": null,
          "ruler_2276": null
        },
        "wiki": {
          "title": "Karak Grom",
          "url": "https://warhammerfantasy.fandom.com/wiki/Karak_Grom",
          "description": "Karak Grom (\" Defiant Hold \" in Khazalid ) is the southernmost of the Dwarf holds of the Karaz Ankor, situated near where The Vaults give way to the Apuccini Mountains. The wealthy Dwarf stronghold is carved into the steep eastern face of Cleaved Mountain ( Karaz Mar ) and gazes out over a wide mountain valley, where the western fork of the River Skiros winds its way below.",
          "image": "https://static.wikia.nocookie.net/warhammerfb/images/6/6b/Western_Dwarf_Realms.png/revision/latest?cb=20210727083944"
        },
        "svg_layer": "Dwarf Holds"
      }
    },
    {
      "type": "Feature",
      "id": "copy_text_8178",
      "geometry": {
        "type": "Point",
        "coordinates": [
          0.04752,
          40.248517
        ]
      },
      "properties": {
        "id": "copy_text_8178",
        "name": "Domatburg",
        "category": "settlement",
        "dataset": "karaz_ankor",
        "in_gazetteer": true,
        "type": "Umgalkhazid (Human Town)",
        "region": "Karaz Ankor",
        "province": null,
        "estate": null,
        "population": 88,
        "population_estimated": true,
        "size_category": 1,
        "trade": null,
        "source": "Warhammer Fantasy Roleplay 4e: Lords of Stone and Steel",
        "tags": [],
        "notes": [],
        "history": {
          "province_2512": null,
          "province_2276": null,
          "ruler_2515": null,
          "ruler_2512": null,
          "ruler_2276": null
        },
        "wiki": {
          "title": "Domatburg",
          "url": "https://warhammerfantasy.fandom.com/wiki/Domatburg",
          "description": "Domatburg is a subsidiary settlement of Karak Grom and the largest settlement of Men in The Vaults. It also maintains a population of about 210 Dwarfs.",
          "image": "https://static.wikia.nocookie.net/warhammerfb/images/6/6b/Western_Dwarf_Realms.png/revision/latest?cb=20210727083944"
        },
        "svg_layer": "Dwarf Holds"
      }
    },
    {
      "type": "Feature",
      "id": "copy_text_8179",
      "geometry": {
        "type": "Point",
        "coordinates": [
          5.821455,
          64.006999
        ]
      },
      "properties": {
        "id": "copy_text_8179",
        "name": "Grung Diratduraz",
        "category": "settlement",
        "dataset": "karaz_ankor",
        "in_gazetteer": true,
        "type": "Grung (Mining Settlement)",
        "region": "Karaz Ankor",
        "province": null,
        "estate": null,
        "population": 173,
        "population_estimated": true,
        "size_category": 1,
        "trade": null,
        "source": "Warhammer Fantasy Roleplay 4e: Lords of Stone and Steel",
        "tags": [],
        "notes": [],
        "history": {
          "province_2512": null,
          "province_2276": null,
          "ruler_2515": null,
          "ruler_2512": null,
          "ruler_2276": null
        },
        "wiki": {
          "title": null,
          "url": null,
          "description": null,
          "image": null
        },
        "svg_layer": "Dwarf Holds"
      }
    },
    {
      "type": "Feature",
      "id": "copy_text_8180",
      "geometry": {
        "type": "Point",
        "coordinates": [
          5.617246,
          63.91844
        ]
      },
      "properties": {
        "id": "copy_text_8180",
        "name": "Kazad Dumund",
        "category": "settlement",
        "dataset": "karaz_ankor",
        "in_gazetteer": true,
        "type": "Kazad (Fortress)",
        "region": "Karaz Ankor",
        "province": null,
        "estate": null,
        "population": 147,
        "population_estimated": true,
        "size_category": 1,
        "trade": null,
        "source": "Warhammer Fantasy Roleplay 4e: Lords of Stone and Steel",
        "tags": [],
        "notes": [],
        "history": {
          "province_2512": null,
          "province_2276": null,
          "ruler_2515": null,
          "ruler_2512": null,
          "ruler_2276": null
        },
        "wiki": {
          "title": null,
          "url": null,
          "description": null,
          "image": null
        },
        "svg_layer": "Dwarf Holds"
      }
    },
    {
      "type": "Feature",
      "id": "copy_text_8181",
      "geometry": {
        "type": "Point",
        "coordinates": [
          10.626262,
          64.255651
        ]
      },
      "properties": {
        "id": "copy_text_8181",
        "name": "Grung Trakekarag",
        "category": "settlement",
        "dataset": "karaz_ankor",
        "in_gazetteer": false,
        "type": "Grung (Mining Settlement)",
        "region": "Karaz Ankor",
        "province": null,
        "estate": null,
        "population": 259,
        "population_estimated": true,
        "size_category": 1,
        "trade": null,
        "source": null,
        "tags": [],
        "notes": [],
        "history": {
          "province_2512": null,
          "province_2276": null,
          "ruler_2515": null,
          "ruler_2512": null,
          "ruler_2276": null
        },
        "wiki": {
          "title": null,
          "url": null,
          "description": null,
          "image": null
        },
        "svg_layer": "Dwarf Holds"
      }
    },
    {
      "type": "Feature",
      "id": "copy_text_8182",
      "geometry": {
        "type": "Point",
        "coordinates": [
          10.066704,
          64.391473
        ]
      },
      "properties": {
        "id": "copy_text_8182",
        "name": "Khazid Fneldurk",
        "category": "settlement",
        "dataset": "karaz_ankor",
        "in_gazetteer": true,
        "type": "Khazid (Town)",
        "region": "Karaz Ankor",
        "province": null,
        "estate": null,
        "population": 205,
        "population_estimated": true,
        "size_category": 1,
        "trade": null,
        "source": "Warhammer Fantasy Roleplay 4e: Lords of Stone and Steel",
        "tags": [],
        "notes": [],
        "history": {
          "province_2512": null,
          "province_2276": null,
          "ruler_2515": null,
          "ruler_2512": null,
          "ruler_2276": null
        },
        "wiki": {
          "title": null,
          "url": null,
          "description": null,
          "image": null
        },
        "svg_layer": "Dwarf Holds"
      }
    },
    {
      "type": "Feature",
      "id": "copy_text_8183",
      "geometry": {
        "type": "Point",
        "coordinates": [
          10.133335,
          63.866453
        ]
      },
      "properties": {
        "id": "copy_text_8183",
        "name": "Grung Dobekzhuf",
        "category": "settlement",
        "dataset": "karaz_ankor",
        "in_gazetteer": true,
        "type": "Grung (Mining Settlement)",
        "region": "Karaz Ankor",
        "province": null,
        "estate": null,
        "population": 364,
        "population_estimated": true,
        "size_category": 2,
        "trade": null,
        "source": "Warhammer Fantasy Roleplay 4e: Lords of Stone and Steel",
        "tags": [],
        "notes": [],
        "history": {
          "province_2512": null,
          "province_2276": null,
          "ruler_2515": null,
          "ruler_2512": null,
          "ruler_2276": null
        },
        "wiki": {
          "title": null,
          "url": null,
          "description": null,
          "image": null
        },
        "svg_layer": "Dwarf Holds"
      }
    },
    {
      "type": "Feature",
      "id": "copy_text_8184",
      "geometry": {
        "type": "Point",
        "coordinates": [
          10.810859,
          61.957437
        ]
      },
      "properties": {
        "id": "copy_text_8184",
        "name": "Grung Stekbrud",
        "category": "settlement",
        "dataset": "karaz_ankor",
        "in_gazetteer": true,
        "type": "Grung (Mining Settlement)",
        "region": "Karaz Ankor",
        "province": null,
        "estate": null,
        "population": 165,
        "population_estimated": true,
        "size_category": 1,
        "trade": null,
        "source": "Warhammer Fantasy Roleplay 4e: Lords of Stone and Steel",
        "tags": [],
        "notes": [],
        "history": {
          "province_2512": null,
          "province_2276": null,
          "ruler_2515": null,
          "ruler_2512": null,
          "ruler_2276": null
        },
        "wiki": {
          "title": null,
          "url": null,
          "description": null,
          "image": null
        },
        "svg_layer": "Dwarf Holds"
      }
    },
    {
      "type": "Feature",
      "id": "copy_text_8185",
      "geometry": {
        "type": "Point",
        "coordinates": [
          10.433671,
          61.635742
        ]
      },
      "properties": {
        "id": "copy_text_8185",
        "name": "Khazid Bordkarag",
        "category": "settlement",
        "dataset": "karaz_ankor",
        "in_gazetteer": true,
        "type": "Khazid (Town)",
        "region": "Karaz Ankor",
        "province": null,
        "estate": null,
        "population": 110,
        "population_estimated": true,
        "size_category": 1,
        "trade": null,
        "source": "Warhammer Fantasy Roleplay 4e: Lords of Stone and Steel",
        "tags": [],
        "notes": [],
        "history": {
          "province_2512": null,
          "province_2276": null,
          "ruler_2515": null,
          "ruler_2512": null,
          "ruler_2276": null
        },
        "wiki": {
          "title": null,
          "url": null,
          "description": null,
          "image": null
        },
        "svg_layer": "Dwarf Holds"
      }
    },
    {
      "type": "Feature",
      "id": "copy_text_8186",
      "geometry": {
        "type": "Point",
        "coordinates": [
          10.387099,
          63.975074
        ]
      },
      "properties": {
        "id": "copy_text_8186",
        "name": "Khazid Ravik",
        "category": "settlement",
        "dataset": "karaz_ankor",
        "in_gazetteer": true,
        "type": "Khazid (Town)",
        "region": "Karaz Ankor",
        "province": null,
        "estate": null,
        "population": 133,
        "population_estimated": true,
        "size_category": 1,
        "trade": null,
        "source": "Warhammer Fantasy Roleplay 4e: Lords of Stone and Steel",
        "tags": [],
        "notes": [],
        "history": {
          "province_2512": null,
          "province_2276": null,
          "ruler_2515": null,
          "ruler_2512": null,
          "ruler_2276": null
        },
        "wiki": {
          "title": null,
          "url": null,
          "description": null,
          "image": null
        },
        "svg_layer": "Dwarf Holds"
      }
    },
    {
      "type": "Feature",
      "id": "copy_text_8187",
      "geometry": {
        "type": "Point",
        "coordinates": [
          10.577529,
          63.264081
        ]
      },
      "properties": {
        "id": "copy_text_8187",
        "name": "Grung Kuldungor",
        "category": "settlement",
        "dataset": "karaz_ankor",
        "in_gazetteer": true,
        "type": "Grung (Mining Settlement)",
        "region": "Karaz Ankor",
        "province": null,
        "estate": null,
        "population": 126,
        "population_estimated": true,
        "size_category": 1,
        "trade": null,
        "source": "Warhammer Fantasy Roleplay 4e: Lords of Stone and Steel",
        "tags": [],
        "notes": [],
        "history": {
          "province_2512": null,
          "province_2276": null,
          "ruler_2515": null,
          "ruler_2512": null,
          "ruler_2276": null
        },
        "wiki": {
          "title": null,
          "url": null,
          "description": null,
          "image": null
        },
        "svg_layer": "Dwarf Holds"
      }
    },
    {
      "type": "Feature",
      "id": "copy_text_8188",
      "geometry": {
        "type": "Point",
        "coordinates": [
          11.996618,
          34.283648
        ]
      },
      "properties": {
        "id": "copy_text_8188",
        "name": "Kazad Migdhal",
        "category": "settlement",
        "dataset": "karaz_ankor",
        "in_gazetteer": true,
        "type": "Kazad (Fortress)",
        "region": "Karaz Ankor",
        "province": null,
        "estate": null,
        "population": 169,
        "population_estimated": true,
        "size_category": 1,
        "trade": null,
        "source": "Warhammer Fantasy Roleplay 4e: Lords of Stone and Steel",
        "tags": [],
        "notes": [],
        "history": {
          "province_2512": null,
          "province_2276": null,
          "ruler_2515": null,
          "ruler_2512": null,
          "ruler_2276": null
        },
        "wiki": {
          "title": null,
          "url": null,
          "description": null,
          "image": null
        },
        "svg_layer": "Dwarf Holds"
      }
    },
    {
      "type": "Feature",
      "id": "copy_text_8189",
      "geometry": {
        "type": "Point",
        "coordinates": [
          0.645671,
          41.732526
        ]
      },
      "properties": {
        "id": "copy_text_8189",
        "name": "Mont Grace",
        "category": "settlement",
        "dataset": "karaz_ankor",
        "in_gazetteer": true,
        "type": "Umgalkhazid (Human Town)",
        "region": "Karaz Ankor",
        "province": null,
        "estate": null,
        "population": 92,
        "population_estimated": true,
        "size_category": 1,
        "trade": null,
        "source": "Warhammer Fantasy Roleplay 4e: Lords of Stone and Steel",
        "tags": [],
        "notes": [],
        "history": {
          "province_2512": null,
          "province_2276": null,
          "ruler_2515": null,
          "ruler_2512": null,
          "ruler_2276": null
        },
        "wiki": {
          "title": null,
          "url": null,
          "description": null,
          "image": null
        },
        "svg_layer": "Dwarf Holds"
      }
    },
    {
      "type": "Feature",
      "id": "copy_text_8190",
      "geometry": {
        "type": "Point",
        "coordinates": [
          0.568922,
          40.401066
        ]
      },
      "properties": {
        "id": "copy_text_8190",
        "name": "Hochstadt",
        "category": "settlement",
        "dataset": "karaz_ankor",
        "in_gazetteer": true,
        "type": "Khazid (Town)",
        "region": "Karaz Ankor",
        "province": null,
        "estate": null,
        "population": 155,
        "population_estimated": true,
        "size_category": 1,
        "trade": null,
        "source": "Warhammer Fantasy Roleplay 4e: Lords of Stone and Steel",
        "tags": [],
        "notes": [],
        "history": {
          "province_2512": null,
          "province_2276": null,
          "ruler_2515": null,
          "ruler_2512": null,
          "ruler_2276": null
        },
        "wiki": {
          "title": "Hochstadt",
          "url": "https://warhammerfantasy.fandom.com/wiki/Hochstadt",
          "description": "Hochstadt is a small Human farming village located in The Vaults which is also home to about 180 Dwarfs.",
          "image": "https://static.wikia.nocookie.net/warhammerfb/images/6/6b/Western_Dwarf_Realms.png/revision/latest?cb=20210727083944"
        },
        "svg_layer": "Dwarf Holds"
      }
    },
    {
      "type": "Feature",
      "id": "copy_text_8191",
      "geometry": {
        "type": "Point",
        "coordinates": [
          13.469587,
          46.454533
        ]
      },
      "properties": {
        "id": "copy_text_8191",
        "name": "Karag Gunbad",
        "category": "settlement",
        "dataset": "karaz_ankor",
        "in_gazetteer": true,
        "type": "Grung (Mining Settlement)",
        "region": "Karaz Ankor",
        "province": null,
        "estate": null,
        "population": 191,
        "population_estimated": true,
        "size_category": 1,
        "trade": null,
        "source": "Warhammer Fantasy Roleplay 1e: Dwarfs - Stone and Steel",
        "tags": [],
        "notes": [
          "fallen",
          "greenskins"
        ],
        "history": {
          "province_2512": null,
          "province_2276": null,
          "ruler_2515": null,
          "ruler_2512": null,
          "ruler_2276": null
        },
        "wiki": {
          "title": null,
          "url": null,
          "description": null,
          "image": null
        },
        "svg_layer": "Dwarf Holds"
      }
    },
    {
      "type": "Feature",
      "id": "copy_text_8192",
      "geometry": {
        "type": "Point",
        "coordinates": [
          7.886009,
          44.686556
        ]
      },
      "properties": {
        "id": "copy_text_8192",
        "name": "Karag Dronar (Booming Peak)",
        "category": "settlement",
        "dataset": "karaz_ankor",
        "in_gazetteer": true,
        "type": "Khazid (Town)",
        "region": "Karaz Ankor",
        "province": null,
        "estate": null,
        "population": 186,
        "population_estimated": true,
        "size_category": 1,
        "trade": null,
        "source": "Total War: Warhammer",
        "tags": [],
        "notes": [],
        "history": {
          "province_2512": null,
          "province_2276": null,
          "ruler_2515": null,
          "ruler_2512": null,
          "ruler_2276": null
        },
        "wiki": {
          "title": "Karag Dronar",
          "url": "https://warhammerfantasy.fandom.com/wiki/Karag_Dronar",
          "description": "Although the dwarf fortresses in the Black Mountains were founded many millennia ago, they are still considered new compared to those in the Worlds Edge Mountains such as Karaz-a-Karak. These settlements provide places where men from the Empire, Tilea, and the Border Princes can easily meet the Dwarfs. The largest of these is Karak-Hirn, the Fortress of the Horn, ruled in recent decades by Alrik Ranulfsson, a traditionalist king even by dwarfen standards.",
          "image": "https://static.wikia.nocookie.net/warhammerfb/images/8/84/Karag-Dronar.png/revision/latest?cb=20210926135337"
        },
        "svg_layer": "Dwarf Holds"
      }
    },
    {
      "type": "Feature",
      "id": "copy_text_8193",
      "geometry": {
        "type": "Point",
        "coordinates": [
          16.893548,
          59.157437
        ]
      },
      "properties": {
        "id": "copy_text_8193",
        "name": "Karak Vlag",
        "category": "settlement",
        "dataset": "karaz_ankor",
        "in_gazetteer": true,
        "type": "Karak (Great Hold)",
        "region": "Karaz Ankor",
        "province": null,
        "estate": null,
        "population": 133,
        "population_estimated": true,
        "size_category": 1,
        "trade": null,
        "source": "Warhammer Fantasy Roleplay 1e: Dwarfs - Stone and Steel",
        "tags": [],
        "notes": [
          "fallen",
          "chaos"
        ],
        "history": {
          "province_2512": null,
          "province_2276": null,
          "ruler_2515": null,
          "ruler_2512": null,
          "ruler_2276": null
        },
        "wiki": {
          "title": "Karak Vlag",
          "url": "https://warhammerfantasy.fandom.com/wiki/Karak_Vlag",
          "description": "Although the most northerly of the major Dwarf realms is Karak Kadrin, there used to be another hold situated on the southern side of the High Pass. Karak Vlag, which means \" Desolation Hold \" in Khazalid, was famed for its quality of stone-masonry. It had vast qualities of iron ore in the rocks below its walls.",
          "image": "https://static.wikia.nocookie.net/warhammerfb/images/c/c8/Dwarf_Button.png/revision/latest?cb=20150606013001"
        },
        "svg_layer": "Dwarf Holds"
      }
    },
    {
      "type": "Feature",
      "id": "copy_text_8194",
      "geometry": {
        "type": "Point",
        "coordinates": [
          -3.930235,
          50.356136
        ]
      },
      "properties": {
        "id": "copy_text_8194",
        "name": "Karak Tzor",
        "category": "settlement",
        "dataset": "karaz_ankor",
        "in_gazetteer": true,
        "type": "Karak (Great Hold)",
        "region": "Karaz Ankor",
        "province": null,
        "estate": null,
        "population": 223,
        "population_estimated": true,
        "size_category": 1,
        "trade": null,
        "source": "Total War: Warhammer",
        "tags": [],
        "notes": [],
        "history": {
          "province_2512": null,
          "province_2276": null,
          "ruler_2515": null,
          "ruler_2512": null,
          "ruler_2276": null
        },
        "wiki": {
          "title": null,
          "url": null,
          "description": null,
          "image": null
        },
        "svg_layer": "Dwarf Holds"
      }
    },
    {
      "type": "Feature",
      "id": "copy_text_8195",
      "geometry": {
        "type": "Point",
        "coordinates": [
          15.748909,
          58.069467
        ]
      },
      "properties": {
        "id": "copy_text_8195",
        "name": "Grung Azulduraz",
        "category": "settlement",
        "dataset": "karaz_ankor",
        "in_gazetteer": false,
        "type": "Grung (Mining Settlement)",
        "region": "Karaz Ankor",
        "province": null,
        "estate": null,
        "population": 369,
        "population_estimated": true,
        "size_category": 2,
        "trade": null,
        "source": null,
        "tags": [],
        "notes": [],
        "history": {
          "province_2512": null,
          "province_2276": null,
          "ruler_2515": null,
          "ruler_2512": null,
          "ruler_2276": null
        },
        "wiki": {
          "title": null,
          "url": null,
          "description": null,
          "image": null
        },
        "svg_layer": "Dwarf Holds"
      }
    },
    {
      "type": "Feature",
      "id": "copy_text_8196",
      "geometry": {
        "type": "Point",
        "coordinates": [
          15.44989,
          57.059264
        ]
      },
      "properties": {
        "id": "copy_text_8196",
        "name": "Grung Agril-Ril",
        "category": "settlement",
        "dataset": "karaz_ankor",
        "in_gazetteer": true,
        "type": "Grung (Mining Settlement)",
        "region": "Karaz Ankor",
        "province": null,
        "estate": null,
        "population": 105,
        "population_estimated": true,
        "size_category": 1,
        "trade": null,
        "source": null,
        "tags": [],
        "notes": [],
        "history": {
          "province_2512": null,
          "province_2276": null,
          "ruler_2515": null,
          "ruler_2512": null,
          "ruler_2276": null
        },
        "wiki": {
          "title": null,
          "url": null,
          "description": null,
          "image": null
        },
        "svg_layer": "Dwarf Holds"
      }
    },
    {
      "type": "Feature",
      "id": "copy_text_8196-6",
      "geometry": {
        "type": "Point",
        "coordinates": [
          16.423273,
          66.603877
        ]
      },
      "properties": {
        "id": "copy_text_8196-6",
        "name": "Karak Zhul",
        "category": "settlement",
        "dataset": "karaz_ankor",
        "in_gazetteer": true,
        "type": "Karak (Great Hold)",
        "region": "Karaz Ankor",
        "province": null,
        "estate": null,
        "population": 440,
        "population_estimated": true,
        "size_category": 2,
        "trade": null,
        "source": "Archaon: Lord of Chaos (Novel) by Rob Sanders",
        "tags": [],
        "notes": [
          "fallen",
          "chaos"
        ],
        "history": {
          "province_2512": null,
          "province_2276": null,
          "ruler_2515": null,
          "ruler_2512": null,
          "ruler_2276": null
        },
        "wiki": {
          "title": "Karak Zhul",
          "url": "https://warhammerfantasy.fandom.com/wiki/Karak_Zhul",
          "description": "Karak Zhul, known as the Dreadpeak among Men, is the northernmost mountain of the Worlds Edge Mountains, where the mountain range meets the Northern Wastes. It was the final outpost of the ancient Dwarf empire under the reign of the Ancestor Gods, for the Dwarfs feared to venture further. No Dwarf would speak of Karak Zhul, for the horrors committed there at the beginning of time.",
          "image": null
        },
        "svg_layer": "Dwarf Holds"
      }
    },
    {
      "type": "Feature",
      "id": "copy_text_8197",
      "geometry": {
        "type": "Point",
        "coordinates": [
          15.690827,
          56.470696
        ]
      },
      "properties": {
        "id": "copy_text_8197",
        "name": "Grung Karagzan",
        "category": "settlement",
        "dataset": "karaz_ankor",
        "in_gazetteer": true,
        "type": "Grung (Mining Settlement)",
        "region": "Karaz Ankor",
        "province": null,
        "estate": null,
        "population": 127,
        "population_estimated": true,
        "size_category": 1,
        "trade": null,
        "source": null,
        "tags": [],
        "notes": [
          "fallen"
        ],
        "history": {
          "province_2512": null,
          "province_2276": null,
          "ruler_2515": null,
          "ruler_2512": null,
          "ruler_2276": null
        },
        "wiki": {
          "title": null,
          "url": null,
          "description": null,
          "image": null
        },
        "svg_layer": "Dwarf Holds"
      }
    },
    {
      "type": "Feature",
      "id": "copy_text_8198",
      "geometry": {
        "type": "Point",
        "coordinates": [
          15.671462,
          53.09418
        ]
      },
      "properties": {
        "id": "copy_text_8198",
        "name": "Grung Drazhungor",
        "category": "settlement",
        "dataset": "karaz_ankor",
        "in_gazetteer": false,
        "type": "Grung (Mining Settlement)",
        "region": "Karaz Ankor",
        "province": null,
        "estate": null,
        "population": 118,
        "population_estimated": true,
        "size_category": 1,
        "trade": null,
        "source": null,
        "tags": [],
        "notes": [],
        "history": {
          "province_2512": null,
          "province_2276": null,
          "ruler_2515": null,
          "ruler_2512": null,
          "ruler_2276": null
        },
        "wiki": {
          "title": null,
          "url": null,
          "description": null,
          "image": null
        },
        "svg_layer": "Dwarf Holds"
      }
    },
    {
      "type": "Feature",
      "id": "copy_text_8199",
      "geometry": {
        "type": "Point",
        "coordinates": [
          14.70472,
          51.999087
        ]
      },
      "properties": {
        "id": "copy_text_8199",
        "name": "Grung Kolduraz",
        "category": "settlement",
        "dataset": "karaz_ankor",
        "in_gazetteer": false,
        "type": "Grung (Mining Settlement)",
        "region": "Karaz Ankor",
        "province": null,
        "estate": null,
        "population": 83,
        "population_estimated": true,
        "size_category": 1,
        "trade": null,
        "source": null,
        "tags": [],
        "notes": [],
        "history": {
          "province_2512": null,
          "province_2276": null,
          "ruler_2515": null,
          "ruler_2512": null,
          "ruler_2276": null
        },
        "wiki": {
          "title": null,
          "url": null,
          "description": null,
          "image": null
        },
        "svg_layer": "Dwarf Holds"
      }
    },
    {
      "type": "Feature",
      "id": "copy_text_8200",
      "geometry": {
        "type": "Point",
        "coordinates": [
          13.290073,
          46.487746
        ]
      },
      "properties": {
        "id": "copy_text_8200",
        "name": "Grung Galaz-Ril",
        "category": "settlement",
        "dataset": "karaz_ankor",
        "in_gazetteer": false,
        "type": "Grung (Mining Settlement)",
        "region": "Karaz Ankor",
        "province": null,
        "estate": null,
        "population": 402,
        "population_estimated": true,
        "size_category": 2,
        "trade": null,
        "source": null,
        "tags": [],
        "notes": [],
        "history": {
          "province_2512": null,
          "province_2276": null,
          "ruler_2515": null,
          "ruler_2512": null,
          "ruler_2276": null
        },
        "wiki": {
          "title": null,
          "url": null,
          "description": null,
          "image": null
        },
        "svg_layer": "Dwarf Holds"
      }
    },
    {
      "type": "Feature",
      "id": "copy_text_8201",
      "geometry": {
        "type": "Point",
        "coordinates": [
          12.438243,
          45.963263
        ]
      },
      "properties": {
        "id": "copy_text_8201",
        "name": "Grung Mhonarduk",
        "category": "settlement",
        "dataset": "karaz_ankor",
        "in_gazetteer": false,
        "type": "Grung (Mining Settlement)",
        "region": "Karaz Ankor",
        "province": null,
        "estate": null,
        "population": 248,
        "population_estimated": true,
        "size_category": 1,
        "trade": null,
        "source": null,
        "tags": [],
        "notes": [],
        "history": {
          "province_2512": null,
          "province_2276": null,
          "ruler_2515": null,
          "ruler_2512": null,
          "ruler_2276": null
        },
        "wiki": {
          "title": null,
          "url": null,
          "description": null,
          "image": null
        },
        "svg_layer": "Dwarf Holds"
      }
    },
    {
      "type": "Feature",
      "id": "copy_text_8202",
      "geometry": {
        "type": "Point",
        "coordinates": [
          9.517682,
          45.655386
        ]
      },
      "properties": {
        "id": "copy_text_8202",
        "name": "Grung Girtazul",
        "category": "settlement",
        "dataset": "karaz_ankor",
        "in_gazetteer": false,
        "type": "Grung (Mining Settlement)",
        "region": "Karaz Ankor",
        "province": null,
        "estate": null,
        "population": 227,
        "population_estimated": true,
        "size_category": 1,
        "trade": null,
        "source": null,
        "tags": [],
        "notes": [],
        "history": {
          "province_2512": null,
          "province_2276": null,
          "ruler_2515": null,
          "ruler_2512": null,
          "ruler_2276": null
        },
        "wiki": {
          "title": null,
          "url": null,
          "description": null,
          "image": null
        },
        "svg_layer": "Dwarf Holds"
      }
    },
    {
      "type": "Feature",
      "id": "copy_text_8203",
      "geometry": {
        "type": "Point",
        "coordinates": [
          13.315932,
          51.638887
        ]
      },
      "properties": {
        "id": "copy_text_8203",
        "name": "Grung Kadrinzan",
        "category": "settlement",
        "dataset": "karaz_ankor",
        "in_gazetteer": false,
        "type": "Grung (Mining Settlement)",
        "region": "Karaz Ankor",
        "province": null,
        "estate": null,
        "population": 91,
        "population_estimated": true,
        "size_category": 1,
        "trade": null,
        "source": null,
        "tags": [],
        "notes": [],
        "history": {
          "province_2512": null,
          "province_2276": null,
          "ruler_2515": null,
          "ruler_2512": null,
          "ruler_2276": null
        },
        "wiki": {
          "title": null,
          "url": null,
          "description": null,
          "image": null
        },
        "svg_layer": "Dwarf Holds"
      }
    },
    {
      "type": "Feature",
      "id": "copy_text_8204",
      "geometry": {
        "type": "Point",
        "coordinates": [
          9.236359,
          46.561066
        ]
      },
      "properties": {
        "id": "copy_text_8204",
        "name": "Grung Varnizor",
        "category": "settlement",
        "dataset": "karaz_ankor",
        "in_gazetteer": false,
        "type": "Grung (Mining Settlement)",
        "region": "Karaz Ankor",
        "province": null,
        "estate": null,
        "population": 133,
        "population_estimated": true,
        "size_category": 1,
        "trade": null,
        "source": null,
        "tags": [],
        "notes": [],
        "history": {
          "province_2512": null,
          "province_2276": null,
          "ruler_2515": null,
          "ruler_2512": null,
          "ruler_2276": null
        },
        "wiki": {
          "title": null,
          "url": null,
          "description": null,
          "image": null
        },
        "svg_layer": "Dwarf Holds"
      }
    },
    {
      "type": "Feature",
      "id": "copy_text_8205",
      "geometry": {
        "type": "Point",
        "coordinates": [
          12.973863,
          45.20187
        ]
      },
      "properties": {
        "id": "copy_text_8205",
        "name": "Grung Undrinzan",
        "category": "settlement",
        "dataset": "karaz_ankor",
        "in_gazetteer": false,
        "type": "Grung (Mining Settlement)",
        "region": "Karaz Ankor",
        "province": null,
        "estate": null,
        "population": 204,
        "population_estimated": true,
        "size_category": 1,
        "trade": null,
        "source": null,
        "tags": [],
        "notes": [],
        "history": {
          "province_2512": null,
          "province_2276": null,
          "ruler_2515": null,
          "ruler_2512": null,
          "ruler_2276": null
        },
        "wiki": {
          "title": null,
          "url": null,
          "description": null,
          "image": null
        },
        "svg_layer": "Dwarf Holds"
      }
    },
    {
      "type": "Feature",
      "id": "copy_text_8206",
      "geometry": {
        "type": "Point",
        "coordinates": [
          13.440676,
          44.639118
        ]
      },
      "properties": {
        "id": "copy_text_8206",
        "name": "Grung Karagbryn",
        "category": "settlement",
        "dataset": "karaz_ankor",
        "in_gazetteer": false,
        "type": "Grung (Mining Settlement)",
        "region": "Karaz Ankor",
        "province": null,
        "estate": null,
        "population": 117,
        "population_estimated": true,
        "size_category": 1,
        "trade": null,
        "source": null,
        "tags": [],
        "notes": [],
        "history": {
          "province_2512": null,
          "province_2276": null,
          "ruler_2515": null,
          "ruler_2512": null,
          "ruler_2276": null
        },
        "wiki": {
          "title": null,
          "url": null,
          "description": null,
          "image": null
        },
        "svg_layer": "Dwarf Holds"
      }
    },
    {
      "type": "Feature",
      "id": "copy_text_8207",
      "geometry": {
        "type": "Point",
        "coordinates": [
          14.621679,
          44.205438
        ]
      },
      "properties": {
        "id": "copy_text_8207",
        "name": "Grung Konkril",
        "category": "settlement",
        "dataset": "karaz_ankor",
        "in_gazetteer": false,
        "type": "Grung (Mining Settlement)",
        "region": "Karaz Ankor",
        "province": null,
        "estate": null,
        "population": 159,
        "population_estimated": true,
        "size_category": 1,
        "trade": null,
        "source": null,
        "tags": [],
        "notes": [],
        "history": {
          "province_2512": null,
          "province_2276": null,
          "ruler_2515": null,
          "ruler_2512": null,
          "ruler_2276": null
        },
        "wiki": {
          "title": null,
          "url": null,
          "description": null,
          "image": null
        },
        "svg_layer": "Dwarf Holds"
      }
    },
    {
      "type": "Feature",
      "id": "copy_text_8208",
      "geometry": {
        "type": "Point",
        "coordinates": [
          15.512276,
          43.265792
        ]
      },
      "properties": {
        "id": "copy_text_8208",
        "name": "Grung Bruzungor",
        "category": "settlement",
        "dataset": "karaz_ankor",
        "in_gazetteer": false,
        "type": "Grung (Mining Settlement)",
        "region": "Karaz Ankor",
        "province": null,
        "estate": null,
        "population": 135,
        "population_estimated": true,
        "size_category": 1,
        "trade": null,
        "source": null,
        "tags": [],
        "notes": [],
        "history": {
          "province_2512": null,
          "province_2276": null,
          "ruler_2515": null,
          "ruler_2512": null,
          "ruler_2276": null
        },
        "wiki": {
          "title": null,
          "url": null,
          "description": null,
          "image": null
        },
        "svg_layer": "Dwarf Holds"
      }
    },
    {
      "type": "Feature",
      "id": "copy_text_8209",
      "geometry": {
        "type": "Point",
        "coordinates": [
          15.318669,
          43.54631
        ]
      },
      "properties": {
        "id": "copy_text_8209",
        "name": "Grung Skreeduraz",
        "category": "settlement",
        "dataset": "karaz_ankor",
        "in_gazetteer": false,
        "type": "Grung (Mining Settlement)",
        "region": "Karaz Ankor",
        "province": null,
        "estate": null,
        "population": 75,
        "population_estimated": true,
        "size_category": 1,
        "trade": null,
        "source": null,
        "tags": [],
        "notes": [],
        "history": {
          "province_2512": null,
          "province_2276": null,
          "ruler_2515": null,
          "ruler_2512": null,
          "ruler_2276": null
        },
        "wiki": {
          "title": null,
          "url": null,
          "description": null,
          "image": null
        },
        "svg_layer": "Dwarf Holds"
      }
    },
    {
      "type": "Feature",
      "id": "copy_text_8210",
      "geometry": {
        "type": "Point",
        "coordinates": [
          13.571898,
          43.685708
        ]
      },
      "properties": {
        "id": "copy_text_8210",
        "name": "Grung Zintungor",
        "category": "settlement",
        "dataset": "karaz_ankor",
        "in_gazetteer": false,
        "type": "Grung (Mining Settlement)",
        "region": "Karaz Ankor",
        "province": null,
        "estate": null,
        "population": 248,
        "population_estimated": true,
        "size_category": 1,
        "trade": null,
        "source": null,
        "tags": [],
        "notes": [],
        "history": {
          "province_2512": null,
          "province_2276": null,
          "ruler_2515": null,
          "ruler_2512": null,
          "ruler_2276": null
        },
        "wiki": {
          "title": null,
          "url": null,
          "description": null,
          "image": null
        },
        "svg_layer": "Dwarf Holds"
      }
    },
    {
      "type": "Feature",
      "id": "copy_text_8211",
      "geometry": {
        "type": "Point",
        "coordinates": [
          13.625677,
          44.08153
        ]
      },
      "properties": {
        "id": "copy_text_8211",
        "name": "Grung Rikgalbaraz",
        "category": "settlement",
        "dataset": "karaz_ankor",
        "in_gazetteer": false,
        "type": "Grung (Mining Settlement)",
        "region": "Karaz Ankor",
        "province": null,
        "estate": null,
        "population": 305,
        "population_estimated": true,
        "size_category": 2,
        "trade": null,
        "source": null,
        "tags": [],
        "notes": [],
        "history": {
          "province_2512": null,
          "province_2276": null,
          "ruler_2515": null,
          "ruler_2512": null,
          "ruler_2276": null
        },
        "wiki": {
          "title": null,
          "url": null,
          "description": null,
          "image": null
        },
        "svg_layer": "Dwarf Holds"
      }
    },
    {
      "type": "Feature",
      "id": "copy_text_8212",
      "geometry": {
        "type": "Point",
        "coordinates": [
          12.973863,
          44.592653
        ]
      },
      "properties": {
        "id": "copy_text_8212",
        "name": "Grung Rikghazagil",
        "category": "settlement",
        "dataset": "karaz_ankor",
        "in_gazetteer": false,
        "type": "Grung (Mining Settlement)",
        "region": "Karaz Ankor",
        "province": null,
        "estate": null,
        "population": 111,
        "population_estimated": true,
        "size_category": 1,
        "trade": null,
        "source": null,
        "tags": [],
        "notes": [],
        "history": {
          "province_2512": null,
          "province_2276": null,
          "ruler_2515": null,
          "ruler_2512": null,
          "ruler_2276": null
        },
        "wiki": {
          "title": null,
          "url": null,
          "description": null,
          "image": null
        },
        "svg_layer": "Dwarf Holds"
      }
    },
    {
      "type": "Feature",
      "id": "copy_text_8213",
      "geometry": {
        "type": "Point",
        "coordinates": [
          13.09385,
          43.994317
        ]
      },
      "properties": {
        "id": "copy_text_8213",
        "name": "Kazad Mingoldrazh",
        "category": "settlement",
        "dataset": "karaz_ankor",
        "in_gazetteer": false,
        "type": "Kazad (Fortress)",
        "region": "Karaz Ankor",
        "province": null,
        "estate": null,
        "population": 221,
        "population_estimated": true,
        "size_category": 1,
        "trade": null,
        "source": null,
        "tags": [],
        "notes": [],
        "history": {
          "province_2512": null,
          "province_2276": null,
          "ruler_2515": null,
          "ruler_2512": null,
          "ruler_2276": null
        },
        "wiki": {
          "title": null,
          "url": null,
          "description": null,
          "image": null
        },
        "svg_layer": "Dwarf Holds"
      }
    },
    {
      "type": "Feature",
      "id": "copy_text_8214",
      "geometry": {
        "type": "Point",
        "coordinates": [
          13.539538,
          43.895748
        ]
      },
      "properties": {
        "id": "copy_text_8214",
        "name": "Kazad Grom-Und",
        "category": "settlement",
        "dataset": "karaz_ankor",
        "in_gazetteer": false,
        "type": "Kazad (Fortress)",
        "region": "Karaz Ankor",
        "province": null,
        "estate": null,
        "population": 155,
        "population_estimated": true,
        "size_category": 1,
        "trade": null,
        "source": null,
        "tags": [],
        "notes": [],
        "history": {
          "province_2512": null,
          "province_2276": null,
          "ruler_2515": null,
          "ruler_2512": null,
          "ruler_2276": null
        },
        "wiki": {
          "title": null,
          "url": null,
          "description": null,
          "image": null
        },
        "svg_layer": "Dwarf Holds"
      }
    },
    {
      "type": "Feature",
      "id": "copy_text_8215",
      "geometry": {
        "type": "Point",
        "coordinates": [
          14.566824,
          44.579743
        ]
      },
      "properties": {
        "id": "copy_text_8215",
        "name": "Kazad Grim-Bar",
        "category": "settlement",
        "dataset": "karaz_ankor",
        "in_gazetteer": false,
        "type": "Kazad (Fortress)",
        "region": "Karaz Ankor",
        "province": null,
        "estate": null,
        "population": 120,
        "population_estimated": true,
        "size_category": 1,
        "trade": null,
        "source": null,
        "tags": [],
        "notes": [],
        "history": {
          "province_2512": null,
          "province_2276": null,
          "ruler_2515": null,
          "ruler_2512": null,
          "ruler_2276": null
        },
        "wiki": {
          "title": null,
          "url": null,
          "description": null,
          "image": null
        },
        "svg_layer": "Dwarf Holds"
      }
    },
    {
      "type": "Feature",
      "id": "copy_text_8216",
      "geometry": {
        "type": "Point",
        "coordinates": [
          11.470179,
          45.439363
        ]
      },
      "properties": {
        "id": "copy_text_8216",
        "name": "Kazad Migdhalazul",
        "category": "settlement",
        "dataset": "karaz_ankor",
        "in_gazetteer": false,
        "type": "Kazad (Fortress)",
        "region": "Karaz Ankor",
        "province": null,
        "estate": null,
        "population": 307,
        "population_estimated": true,
        "size_category": 2,
        "trade": null,
        "source": null,
        "tags": [],
        "notes": [],
        "history": {
          "province_2512": null,
          "province_2276": null,
          "ruler_2515": null,
          "ruler_2512": null,
          "ruler_2276": null
        },
        "wiki": {
          "title": null,
          "url": null,
          "description": null,
          "image": null
        },
        "svg_layer": "Dwarf Holds"
      }
    },
    {
      "type": "Feature",
      "id": "copy_text_8217",
      "geometry": {
        "type": "Point",
        "coordinates": [
          9.56422,
          47.089761
        ]
      },
      "properties": {
        "id": "copy_text_8217",
        "name": "Kazad Bar-Karin",
        "category": "settlement",
        "dataset": "karaz_ankor",
        "in_gazetteer": false,
        "type": "Kazad (Fortress)",
        "region": "Karaz Ankor",
        "province": null,
        "estate": null,
        "population": 168,
        "population_estimated": true,
        "size_category": 1,
        "trade": null,
        "source": null,
        "tags": [],
        "notes": [],
        "history": {
          "province_2512": null,
          "province_2276": null,
          "ruler_2515": null,
          "ruler_2512": null,
          "ruler_2276": null
        },
        "wiki": {
          "title": null,
          "url": null,
          "description": null,
          "image": null
        },
        "svg_layer": "Dwarf Holds"
      }
    },
    {
      "type": "Feature",
      "id": "copy_text_8218",
      "geometry": {
        "type": "Point",
        "coordinates": [
          10.469871,
          47.822888
        ]
      },
      "properties": {
        "id": "copy_text_8218",
        "name": "Kazad Vengrynaz",
        "category": "settlement",
        "dataset": "karaz_ankor",
        "in_gazetteer": false,
        "type": "Kazad (Fortress)",
        "region": "Karaz Ankor",
        "province": null,
        "estate": null,
        "population": 79,
        "population_estimated": true,
        "size_category": 1,
        "trade": null,
        "source": null,
        "tags": [],
        "notes": [],
        "history": {
          "province_2512": null,
          "province_2276": null,
          "ruler_2515": null,
          "ruler_2512": null,
          "ruler_2276": null
        },
        "wiki": {
          "title": null,
          "url": null,
          "description": null,
          "image": null
        },
        "svg_layer": "Dwarf Holds"
      }
    },
    {
      "type": "Feature",
      "id": "copy_text_8219",
      "geometry": {
        "type": "Point",
        "coordinates": [
          0.658266,
          40.890876
        ]
      },
      "properties": {
        "id": "copy_text_8219",
        "name": "Kazad Drakkgrim",
        "category": "settlement",
        "dataset": "karaz_ankor",
        "in_gazetteer": false,
        "type": "Kazad (Fortress)",
        "region": "Karaz Ankor",
        "province": null,
        "estate": null,
        "population": 181,
        "population_estimated": true,
        "size_category": 1,
        "trade": null,
        "source": null,
        "tags": [],
        "notes": [],
        "history": {
          "province_2512": null,
          "province_2276": null,
          "ruler_2515": null,
          "ruler_2512": null,
          "ruler_2276": null
        },
        "wiki": {
          "title": null,
          "url": null,
          "description": null,
          "image": null
        },
        "svg_layer": "Dwarf Holds"
      }
    },
    {
      "type": "Feature",
      "id": "copy_text_8220",
      "geometry": {
        "type": "Point",
        "coordinates": [
          12.851248,
          42.061125
        ]
      },
      "properties": {
        "id": "copy_text_8220",
        "name": "Kazad Urkdrengi",
        "category": "settlement",
        "dataset": "karaz_ankor",
        "in_gazetteer": false,
        "type": "Kazad (Fortress)",
        "region": "Karaz Ankor",
        "province": null,
        "estate": null,
        "population": 307,
        "population_estimated": true,
        "size_category": 2,
        "trade": null,
        "source": null,
        "tags": [],
        "notes": [],
        "history": {
          "province_2512": null,
          "province_2276": null,
          "ruler_2515": null,
          "ruler_2512": null,
          "ruler_2276": null
        },
        "wiki": {
          "title": null,
          "url": null,
          "description": null,
          "image": null
        },
        "svg_layer": "Dwarf Holds"
      }
    },
    {
      "type": "Feature",
      "id": "copy_text_8221",
      "geometry": {
        "type": "Point",
        "coordinates": [
          14.542085,
          42.455223
        ]
      },
      "properties": {
        "id": "copy_text_8221",
        "name": "Kazad Grobithag",
        "category": "settlement",
        "dataset": "karaz_ankor",
        "in_gazetteer": false,
        "type": "Kazad (Fortress)",
        "region": "Karaz Ankor",
        "province": null,
        "estate": null,
        "population": 104,
        "population_estimated": true,
        "size_category": 1,
        "trade": null,
        "source": null,
        "tags": [],
        "notes": [],
        "history": {
          "province_2512": null,
          "province_2276": null,
          "ruler_2515": null,
          "ruler_2512": null,
          "ruler_2276": null
        },
        "wiki": {
          "title": null,
          "url": null,
          "description": null,
          "image": null
        },
        "svg_layer": "Dwarf Holds"
      }
    },
    {
      "type": "Feature",
      "id": "copy_text_8222",
      "geometry": {
        "type": "Point",
        "coordinates": [
          14.303304,
          42.080057
        ]
      },
      "properties": {
        "id": "copy_text_8222",
        "name": "Kazad Raki-Und",
        "category": "settlement",
        "dataset": "karaz_ankor",
        "in_gazetteer": false,
        "type": "Kazad (Fortress)",
        "region": "Karaz Ankor",
        "province": null,
        "estate": null,
        "population": 85,
        "population_estimated": true,
        "size_category": 1,
        "trade": null,
        "source": null,
        "tags": [],
        "notes": [],
        "history": {
          "province_2512": null,
          "province_2276": null,
          "ruler_2515": null,
          "ruler_2512": null,
          "ruler_2276": null
        },
        "wiki": {
          "title": null,
          "url": null,
          "description": null,
          "image": null
        },
        "svg_layer": "Dwarf Holds"
      }
    },
    {
      "type": "Feature",
      "id": "copy_text_8223",
      "geometry": {
        "type": "Point",
        "coordinates": [
          14.081732,
          44.115948
        ]
      },
      "properties": {
        "id": "copy_text_8223",
        "name": "Kazad Gorm-Mingol",
        "category": "settlement",
        "dataset": "karaz_ankor",
        "in_gazetteer": false,
        "type": "Kazad (Fortress)",
        "region": "Karaz Ankor",
        "province": null,
        "estate": null,
        "population": 370,
        "population_estimated": true,
        "size_category": 2,
        "trade": null,
        "source": null,
        "tags": [],
        "notes": [],
        "history": {
          "province_2512": null,
          "province_2276": null,
          "ruler_2515": null,
          "ruler_2512": null,
          "ruler_2276": null
        },
        "wiki": {
          "title": null,
          "url": null,
          "description": null,
          "image": null
        },
        "svg_layer": "Dwarf Holds"
      }
    },
    {
      "type": "Feature",
      "id": "copy_text_8224",
      "geometry": {
        "type": "Point",
        "coordinates": [
          13.04486,
          44.35344
        ]
      },
      "properties": {
        "id": "copy_text_8224",
        "name": "Kazad Rik-Bar",
        "category": "settlement",
        "dataset": "karaz_ankor",
        "in_gazetteer": false,
        "type": "Kazad (Fortress)",
        "region": "Karaz Ankor",
        "province": null,
        "estate": null,
        "population": 82,
        "population_estimated": true,
        "size_category": 1,
        "trade": null,
        "source": null,
        "tags": [],
        "notes": [],
        "history": {
          "province_2512": null,
          "province_2276": null,
          "ruler_2515": null,
          "ruler_2512": null,
          "ruler_2276": null
        },
        "wiki": {
          "title": null,
          "url": null,
          "description": null,
          "image": null
        },
        "svg_layer": "Dwarf Holds"
      }
    },
    {
      "type": "Feature",
      "id": "copy_text_8225",
      "geometry": {
        "type": "Point",
        "coordinates": [
          10.58163,
          45.389387
        ]
      },
      "properties": {
        "id": "copy_text_8225",
        "name": "Kazad Gov-Kazak",
        "category": "settlement",
        "dataset": "karaz_ankor",
        "in_gazetteer": false,
        "type": "Kazad (Fortress)",
        "region": "Karaz Ankor",
        "province": null,
        "estate": null,
        "population": 412,
        "population_estimated": true,
        "size_category": 2,
        "trade": null,
        "source": null,
        "tags": [],
        "notes": [],
        "history": {
          "province_2512": null,
          "province_2276": null,
          "ruler_2515": null,
          "ruler_2512": null,
          "ruler_2276": null
        },
        "wiki": {
          "title": null,
          "url": null,
          "description": null,
          "image": null
        },
        "svg_layer": "Dwarf Holds"
      }
    },
    {
      "type": "Feature",
      "id": "copy_text_8226",
      "geometry": {
        "type": "Point",
        "coordinates": [
          15.105702,
          51.684716
        ]
      },
      "properties": {
        "id": "copy_text_8226",
        "name": "Kazad Kadrin-Bar",
        "category": "settlement",
        "dataset": "karaz_ankor",
        "in_gazetteer": false,
        "type": "Kazad (Fortress)",
        "region": "Karaz Ankor",
        "province": null,
        "estate": null,
        "population": 212,
        "population_estimated": true,
        "size_category": 1,
        "trade": null,
        "source": null,
        "tags": [],
        "notes": [],
        "history": {
          "province_2512": null,
          "province_2276": null,
          "ruler_2515": null,
          "ruler_2512": null,
          "ruler_2276": null
        },
        "wiki": {
          "title": null,
          "url": null,
          "description": null,
          "image": null
        },
        "svg_layer": "Dwarf Holds"
      }
    },
    {
      "type": "Feature",
      "id": "copy_text_8227",
      "geometry": {
        "type": "Point",
        "coordinates": [
          7.03011,
          39.19057
        ]
      },
      "properties": {
        "id": "copy_text_8227",
        "name": "Kazad Varr-Mingol",
        "category": "settlement",
        "dataset": "karaz_ankor",
        "in_gazetteer": false,
        "type": "Kazad (Fortress)",
        "region": "Karaz Ankor",
        "province": null,
        "estate": null,
        "population": 250,
        "population_estimated": true,
        "size_category": 1,
        "trade": null,
        "source": null,
        "tags": [],
        "notes": [],
        "history": {
          "province_2512": null,
          "province_2276": null,
          "ruler_2515": null,
          "ruler_2512": null,
          "ruler_2276": null
        },
        "wiki": {
          "title": null,
          "url": null,
          "description": null,
          "image": null
        },
        "svg_layer": "Dwarf Holds"
      }
    },
    {
      "type": "Feature",
      "id": "copy_text_8228",
      "geometry": {
        "type": "Point",
        "coordinates": [
          17.534399,
          43.828548
        ]
      },
      "properties": {
        "id": "copy_text_8228",
        "name": "Kazad Grongbarag",
        "category": "settlement",
        "dataset": "karaz_ankor",
        "in_gazetteer": true,
        "type": "Kazad (Fortress)",
        "region": "Karaz Ankor",
        "province": null,
        "estate": null,
        "population": 629,
        "population_estimated": true,
        "size_category": 2,
        "trade": null,
        "source": null,
        "tags": [],
        "notes": [
          "fallen"
        ],
        "history": {
          "province_2512": null,
          "province_2276": null,
          "ruler_2515": null,
          "ruler_2512": null,
          "ruler_2276": null
        },
        "wiki": {
          "title": null,
          "url": null,
          "description": null,
          "image": null
        },
        "svg_layer": "Dwarf Holds"
      }
    },
    {
      "type": "Feature",
      "id": "copy_text_8229",
      "geometry": {
        "type": "Point",
        "coordinates": [
          12.061758,
          45.71988
        ]
      },
      "properties": {
        "id": "copy_text_8229",
        "name": "Kazad Grundazul",
        "category": "settlement",
        "dataset": "karaz_ankor",
        "in_gazetteer": false,
        "type": "Kazad (Fortress)",
        "region": "Karaz Ankor",
        "province": null,
        "estate": null,
        "population": 134,
        "population_estimated": true,
        "size_category": 1,
        "trade": null,
        "source": null,
        "tags": [],
        "notes": [],
        "history": {
          "province_2512": null,
          "province_2276": null,
          "ruler_2515": null,
          "ruler_2512": null,
          "ruler_2276": null
        },
        "wiki": {
          "title": null,
          "url": null,
          "description": null,
          "image": null
        },
        "svg_layer": "Dwarf Holds"
      }
    },
    {
      "type": "Feature",
      "id": "copy_text_8230",
      "geometry": {
        "type": "Point",
        "coordinates": [
          9.338343,
          46.829896
        ]
      },
      "properties": {
        "id": "copy_text_8230",
        "name": "Kazad Gromril",
        "category": "settlement",
        "dataset": "karaz_ankor",
        "in_gazetteer": false,
        "type": "Kazad (Fortress)",
        "region": "Karaz Ankor",
        "province": null,
        "estate": null,
        "population": 153,
        "population_estimated": true,
        "size_category": 1,
        "trade": null,
        "source": null,
        "tags": [],
        "notes": [],
        "history": {
          "province_2512": null,
          "province_2276": null,
          "ruler_2515": null,
          "ruler_2512": null,
          "ruler_2276": null
        },
        "wiki": {
          "title": null,
          "url": null,
          "description": null,
          "image": null
        },
        "svg_layer": "Dwarf Holds"
      }
    },
    {
      "type": "Feature",
      "id": "copy_text_8231",
      "geometry": {
        "type": "Point",
        "coordinates": [
          8.568215,
          44.183063
        ]
      },
      "properties": {
        "id": "copy_text_8231",
        "name": "Kazad Thryngund",
        "category": "settlement",
        "dataset": "karaz_ankor",
        "in_gazetteer": false,
        "type": "Kazad (Fortress)",
        "region": "Karaz Ankor",
        "province": null,
        "estate": null,
        "population": 782,
        "population_estimated": true,
        "size_category": 2,
        "trade": null,
        "source": null,
        "tags": [],
        "notes": [],
        "history": {
          "province_2512": null,
          "province_2276": null,
          "ruler_2515": null,
          "ruler_2512": null,
          "ruler_2276": null
        },
        "wiki": {
          "title": null,
          "url": null,
          "description": null,
          "image": null
        },
        "svg_layer": "Dwarf Holds"
      }
    },
    {
      "type": "Feature",
      "id": "copy_text_8232",
      "geometry": {
        "type": "Point",
        "coordinates": [
          12.425309,
          46.866036
        ]
      },
      "properties": {
        "id": "copy_text_8232",
        "name": "Kazad Valayabarr",
        "category": "settlement",
        "dataset": "karaz_ankor",
        "in_gazetteer": false,
        "type": "Kazad (Fortress)",
        "region": "Karaz Ankor",
        "province": null,
        "estate": null,
        "population": 68,
        "population_estimated": true,
        "size_category": 1,
        "trade": null,
        "source": null,
        "tags": [],
        "notes": [],
        "history": {
          "province_2512": null,
          "province_2276": null,
          "ruler_2515": null,
          "ruler_2512": null,
          "ruler_2276": null
        },
        "wiki": {
          "title": null,
          "url": null,
          "description": null,
          "image": null
        },
        "svg_layer": "Dwarf Holds"
      }
    },
    {
      "type": "Feature",
      "id": "copy_text_8233",
      "geometry": {
        "type": "Point",
        "coordinates": [
          13.507364,
          50.98945
        ]
      },
      "properties": {
        "id": "copy_text_8233",
        "name": "Kazad Grimniraz",
        "category": "settlement",
        "dataset": "karaz_ankor",
        "in_gazetteer": false,
        "type": "Kazad (Fortress)",
        "region": "Karaz Ankor",
        "province": null,
        "estate": null,
        "population": 796,
        "population_estimated": true,
        "size_category": 2,
        "trade": null,
        "source": null,
        "tags": [],
        "notes": [],
        "history": {
          "province_2512": null,
          "province_2276": null,
          "ruler_2515": null,
          "ruler_2512": null,
          "ruler_2276": null
        },
        "wiki": {
          "title": null,
          "url": null,
          "description": null,
          "image": null
        },
        "svg_layer": "Dwarf Holds"
      }
    },
    {
      "type": "Feature",
      "id": "copy_text_8234",
      "geometry": {
        "type": "Point",
        "coordinates": [
          16.460954,
          51.917044
        ]
      },
      "properties": {
        "id": "copy_text_8234",
        "name": "Kazad Dalbar",
        "category": "settlement",
        "dataset": "karaz_ankor",
        "in_gazetteer": false,
        "type": "Kazad (Fortress)",
        "region": "Karaz Ankor",
        "province": null,
        "estate": null,
        "population": 394,
        "population_estimated": true,
        "size_category": 2,
        "trade": null,
        "source": null,
        "tags": [],
        "notes": [],
        "history": {
          "province_2512": null,
          "province_2276": null,
          "ruler_2515": null,
          "ruler_2512": null,
          "ruler_2276": null
        },
        "wiki": {
          "title": null,
          "url": null,
          "description": null,
          "image": null
        },
        "svg_layer": "Dwarf Holds"
      }
    },
    {
      "type": "Feature",
      "id": "copy_text_8235",
      "geometry": {
        "type": "Point",
        "coordinates": [
          -0.568901,
          41.43396
        ]
      },
      "properties": {
        "id": "copy_text_8235",
        "name": "Kazad Debmigdhal",
        "category": "settlement",
        "dataset": "karaz_ankor",
        "in_gazetteer": false,
        "type": "Kazad (Fortress)",
        "region": "Karaz Ankor",
        "province": null,
        "estate": null,
        "population": 284,
        "population_estimated": true,
        "size_category": 1,
        "trade": null,
        "source": null,
        "tags": [],
        "notes": [],
        "history": {
          "province_2512": null,
          "province_2276": null,
          "ruler_2515": null,
          "ruler_2512": null,
          "ruler_2276": null
        },
        "wiki": {
          "title": null,
          "url": null,
          "description": null,
          "image": null
        },
        "svg_layer": "Dwarf Holds"
      }
    },
    {
      "type": "Feature",
      "id": "copy_text_8236",
      "geometry": {
        "type": "Point",
        "coordinates": [
          -2.668054,
          40.467737
        ]
      },
      "properties": {
        "id": "copy_text_8236",
        "name": "Kazad Agrilmingdol",
        "category": "settlement",
        "dataset": "karaz_ankor",
        "in_gazetteer": false,
        "type": "Kazad (Fortress)",
        "region": "Karaz Ankor",
        "province": null,
        "estate": null,
        "population": 193,
        "population_estimated": true,
        "size_category": 1,
        "trade": null,
        "source": null,
        "tags": [],
        "notes": [],
        "history": {
          "province_2512": null,
          "province_2276": null,
          "ruler_2515": null,
          "ruler_2512": null,
          "ruler_2276": null
        },
        "wiki": {
          "title": null,
          "url": null,
          "description": null,
          "image": null
        },
        "svg_layer": "Dwarf Holds"
      }
    },
    {
      "type": "Feature",
      "id": "copy_text_8237",
      "geometry": {
        "type": "Point",
        "coordinates": [
          2.970802,
          41.680795
        ]
      },
      "properties": {
        "id": "copy_text_8237",
        "name": "Kazad Zan-Kazak",
        "category": "settlement",
        "dataset": "karaz_ankor",
        "in_gazetteer": false,
        "type": "Kazad (Fortress)",
        "region": "Karaz Ankor",
        "province": null,
        "estate": null,
        "population": 74,
        "population_estimated": true,
        "size_category": 1,
        "trade": null,
        "source": null,
        "tags": [],
        "notes": [],
        "history": {
          "province_2512": null,
          "province_2276": null,
          "ruler_2515": null,
          "ruler_2512": null,
          "ruler_2276": null
        },
        "wiki": {
          "title": null,
          "url": null,
          "description": null,
          "image": null
        },
        "svg_layer": "Dwarf Holds"
      }
    },
    {
      "type": "Feature",
      "id": "copy_text_8238",
      "geometry": {
        "type": "Point",
        "coordinates": [
          -0.724952,
          40.231745
        ]
      },
      "properties": {
        "id": "copy_text_8238",
        "name": "Khazid Urbazdrazh",
        "category": "settlement",
        "dataset": "karaz_ankor",
        "in_gazetteer": false,
        "type": "Khazid (Town)",
        "region": "Karaz Ankor",
        "province": null,
        "estate": null,
        "population": 133,
        "population_estimated": true,
        "size_category": 1,
        "trade": null,
        "source": null,
        "tags": [],
        "notes": [],
        "history": {
          "province_2512": null,
          "province_2276": null,
          "ruler_2515": null,
          "ruler_2512": null,
          "ruler_2276": null
        },
        "wiki": {
          "title": null,
          "url": null,
          "description": null,
          "image": null
        },
        "svg_layer": "Dwarf Holds"
      }
    },
    {
      "type": "Feature",
      "id": "copy_text_8239",
      "geometry": {
        "type": "Point",
        "coordinates": [
          13.832191,
          44.477347
        ]
      },
      "properties": {
        "id": "copy_text_8239",
        "name": "Khazid Vithangdal",
        "category": "settlement",
        "dataset": "karaz_ankor",
        "in_gazetteer": false,
        "type": "Khazid (Town)",
        "region": "Karaz Ankor",
        "province": null,
        "estate": null,
        "population": 108,
        "population_estimated": true,
        "size_category": 1,
        "trade": null,
        "source": null,
        "tags": [],
        "notes": [],
        "history": {
          "province_2512": null,
          "province_2276": null,
          "ruler_2515": null,
          "ruler_2512": null,
          "ruler_2276": null
        },
        "wiki": {
          "title": null,
          "url": null,
          "description": null,
          "image": null
        },
        "svg_layer": "Dwarf Holds"
      }
    },
    {
      "type": "Feature",
      "id": "copy_text_8240",
      "geometry": {
        "type": "Point",
        "coordinates": [
          13.074972,
          45.341268
        ]
      },
      "properties": {
        "id": "copy_text_8240",
        "name": "Khazid Gorogtrogg",
        "category": "settlement",
        "dataset": "karaz_ankor",
        "in_gazetteer": false,
        "type": "Khazid (Town)",
        "region": "Karaz Ankor",
        "province": null,
        "estate": null,
        "population": 289,
        "population_estimated": true,
        "size_category": 1,
        "trade": null,
        "source": null,
        "tags": [],
        "notes": [],
        "history": {
          "province_2512": null,
          "province_2276": null,
          "ruler_2515": null,
          "ruler_2512": null,
          "ruler_2276": null
        },
        "wiki": {
          "title": null,
          "url": null,
          "description": null,
          "image": null
        },
        "svg_layer": "Dwarf Holds"
      }
    },
    {
      "type": "Feature",
      "id": "copy_text_8241",
      "geometry": {
        "type": "Point",
        "coordinates": [
          17.527944,
          43.582452
        ]
      },
      "properties": {
        "id": "copy_text_8241",
        "name": "Khazid Zornwyr",
        "category": "settlement",
        "dataset": "karaz_ankor",
        "in_gazetteer": true,
        "type": "Khazid (Town)",
        "region": "Karaz Ankor",
        "province": null,
        "estate": null,
        "population": 80,
        "population_estimated": true,
        "size_category": 1,
        "trade": null,
        "source": null,
        "tags": [],
        "notes": [
          "fallen"
        ],
        "history": {
          "province_2512": null,
          "province_2276": null,
          "ruler_2515": null,
          "ruler_2512": null,
          "ruler_2276": null
        },
        "wiki": {
          "title": null,
          "url": null,
          "description": null,
          "image": null
        },
        "svg_layer": "Dwarf Holds"
      }
    },
    {
      "type": "Feature",
      "id": "copy_text_8242",
      "geometry": {
        "type": "Point",
        "coordinates": [
          13.212786,
          44.465759
        ]
      },
      "properties": {
        "id": "copy_text_8242",
        "name": "Khazid Ongadrindal",
        "category": "settlement",
        "dataset": "karaz_ankor",
        "in_gazetteer": false,
        "type": "Khazid (Town)",
        "region": "Karaz Ankor",
        "province": null,
        "estate": null,
        "population": 122,
        "population_estimated": true,
        "size_category": 1,
        "trade": null,
        "source": null,
        "tags": [],
        "notes": [],
        "history": {
          "province_2512": null,
          "province_2276": null,
          "ruler_2515": null,
          "ruler_2512": null,
          "ruler_2276": null
        },
        "wiki": {
          "title": null,
          "url": null,
          "description": null,
          "image": null
        },
        "svg_layer": "Dwarf Holds"
      }
    },
    {
      "type": "Feature",
      "id": "copy_text_8243",
      "geometry": {
        "type": "Point",
        "coordinates": [
          13.122749,
          35.432208
        ]
      },
      "properties": {
        "id": "copy_text_8243",
        "name": "Khazid Skarrenawizorn",
        "category": "settlement",
        "dataset": "karaz_ankor",
        "in_gazetteer": false,
        "type": "Khazid (Town)",
        "region": "Karaz Ankor",
        "province": null,
        "estate": null,
        "population": 120,
        "population_estimated": true,
        "size_category": 1,
        "trade": null,
        "source": null,
        "tags": [],
        "notes": [],
        "history": {
          "province_2512": null,
          "province_2276": null,
          "ruler_2515": null,
          "ruler_2512": null,
          "ruler_2276": null
        },
        "wiki": {
          "title": null,
          "url": null,
          "description": null,
          "image": null
        },
        "svg_layer": "Dwarf Holds"
      }
    },
    {
      "type": "Feature",
      "id": "copy_text_8244",
      "geometry": {
        "type": "Point",
        "coordinates": [
          12.874803,
          35.319039
        ]
      },
      "properties": {
        "id": "copy_text_8244",
        "name": "Khazid Azul-Vithang",
        "category": "settlement",
        "dataset": "karaz_ankor",
        "in_gazetteer": false,
        "type": "Khazid (Town)",
        "region": "Karaz Ankor",
        "province": null,
        "estate": null,
        "population": 71,
        "population_estimated": true,
        "size_category": 1,
        "trade": null,
        "source": null,
        "tags": [],
        "notes": [],
        "history": {
          "province_2512": null,
          "province_2276": null,
          "ruler_2515": null,
          "ruler_2512": null,
          "ruler_2276": null
        },
        "wiki": {
          "title": null,
          "url": null,
          "description": null,
          "image": null
        },
        "svg_layer": "Dwarf Holds"
      }
    },
    {
      "type": "Feature",
      "id": "copy_text_8245",
      "geometry": {
        "type": "Point",
        "coordinates": [
          13.580611,
          35.960342
        ]
      },
      "properties": {
        "id": "copy_text_8245",
        "name": "Khazid Wyrstromez",
        "category": "settlement",
        "dataset": "karaz_ankor",
        "in_gazetteer": true,
        "type": "Khazid (Town)",
        "region": "Karaz Ankor",
        "province": null,
        "estate": null,
        "population": 264,
        "population_estimated": true,
        "size_category": 1,
        "trade": null,
        "source": null,
        "tags": [],
        "notes": [
          "fallen"
        ],
        "history": {
          "province_2512": null,
          "province_2276": null,
          "ruler_2515": null,
          "ruler_2512": null,
          "ruler_2276": null
        },
        "wiki": {
          "title": null,
          "url": null,
          "description": null,
          "image": null
        },
        "svg_layer": "Dwarf Holds"
      }
    },
    {
      "type": "Feature",
      "id": "copy_text_8246",
      "geometry": {
        "type": "Point",
        "coordinates": [
          13.223402,
          35.060274
        ]
      },
      "properties": {
        "id": "copy_text_8246",
        "name": "Khazid Narvorn",
        "category": "settlement",
        "dataset": "karaz_ankor",
        "in_gazetteer": false,
        "type": "Khazid (Town)",
        "region": "Karaz Ankor",
        "province": null,
        "estate": null,
        "population": 518,
        "population_estimated": true,
        "size_category": 2,
        "trade": null,
        "source": null,
        "tags": [],
        "notes": [],
        "history": {
          "province_2512": null,
          "province_2276": null,
          "ruler_2515": null,
          "ruler_2512": null,
          "ruler_2276": null
        },
        "wiki": {
          "title": null,
          "url": null,
          "description": null,
          "image": null
        },
        "svg_layer": "Dwarf Holds"
      }
    },
    {
      "type": "Feature",
      "id": "copy_text_8247",
      "geometry": {
        "type": "Point",
        "coordinates": [
          12.107538,
          34.533271
        ]
      },
      "properties": {
        "id": "copy_text_8247",
        "name": "Khazid Yarurbaz",
        "category": "settlement",
        "dataset": "karaz_ankor",
        "in_gazetteer": false,
        "type": "Khazid (Town)",
        "region": "Karaz Ankor",
        "province": null,
        "estate": null,
        "population": 83,
        "population_estimated": true,
        "size_category": 1,
        "trade": null,
        "source": null,
        "tags": [],
        "notes": [],
        "history": {
          "province_2512": null,
          "province_2276": null,
          "ruler_2515": null,
          "ruler_2512": null,
          "ruler_2276": null
        },
        "wiki": {
          "title": null,
          "url": null,
          "description": null,
          "image": null
        },
        "svg_layer": "Dwarf Holds"
      }
    },
    {
      "type": "Feature",
      "id": "copy_text_8248",
      "geometry": {
        "type": "Point",
        "coordinates": [
          12.407822,
          34.961266
        ]
      },
      "properties": {
        "id": "copy_text_8248",
        "name": "Khazid Lokagril",
        "category": "settlement",
        "dataset": "karaz_ankor",
        "in_gazetteer": false,
        "type": "Khazid (Town)",
        "region": "Karaz Ankor",
        "province": null,
        "estate": null,
        "population": 162,
        "population_estimated": true,
        "size_category": 1,
        "trade": null,
        "source": null,
        "tags": [],
        "notes": [],
        "history": {
          "province_2512": null,
          "province_2276": null,
          "ruler_2515": null,
          "ruler_2512": null,
          "ruler_2276": null
        },
        "wiki": {
          "title": null,
          "url": null,
          "description": null,
          "image": null
        },
        "svg_layer": "Dwarf Holds"
      }
    },
    {
      "type": "Feature",
      "id": "copy_text_8249",
      "geometry": {
        "type": "Point",
        "coordinates": [
          11.753736,
          35.220464
        ]
      },
      "properties": {
        "id": "copy_text_8249",
        "name": "Kazad Brandund",
        "category": "settlement",
        "dataset": "karaz_ankor",
        "in_gazetteer": false,
        "type": "Kazad (Fortress)",
        "region": "Karaz Ankor",
        "province": null,
        "estate": null,
        "population": 206,
        "population_estimated": true,
        "size_category": 1,
        "trade": null,
        "source": null,
        "tags": [],
        "notes": [],
        "history": {
          "province_2512": null,
          "province_2276": null,
          "ruler_2515": null,
          "ruler_2512": null,
          "ruler_2276": null
        },
        "wiki": {
          "title": null,
          "url": null,
          "description": null,
          "image": null
        },
        "svg_layer": "Dwarf Holds"
      }
    },
    {
      "type": "Feature",
      "id": "copy_text_8250",
      "geometry": {
        "type": "Point",
        "coordinates": [
          11.858696,
          34.750742
        ]
      },
      "properties": {
        "id": "copy_text_8250",
        "name": "Khazid Azulokrid",
        "category": "settlement",
        "dataset": "karaz_ankor",
        "in_gazetteer": false,
        "type": "Khazid (Town)",
        "region": "Karaz Ankor",
        "province": null,
        "estate": null,
        "population": 87,
        "population_estimated": true,
        "size_category": 1,
        "trade": null,
        "source": null,
        "tags": [],
        "notes": [],
        "history": {
          "province_2512": null,
          "province_2276": null,
          "ruler_2515": null,
          "ruler_2512": null,
          "ruler_2276": null
        },
        "wiki": {
          "title": null,
          "url": null,
          "description": null,
          "image": null
        },
        "svg_layer": "Dwarf Holds"
      }
    },
    {
      "type": "Feature",
      "id": "copy_text_8251",
      "geometry": {
        "type": "Point",
        "coordinates": [
          11.560153,
          36.889852
        ]
      },
      "properties": {
        "id": "copy_text_8251",
        "name": "Grung Rhynaz (Red Axe Mines)",
        "category": "settlement",
        "dataset": "karaz_ankor",
        "in_gazetteer": true,
        "type": "Grung (Mining Settlement)",
        "region": "Karaz Ankor",
        "province": null,
        "estate": null,
        "population": 130,
        "population_estimated": true,
        "size_category": 1,
        "trade": null,
        "source": null,
        "tags": [],
        "notes": [
          "fallen"
        ],
        "history": {
          "province_2512": null,
          "province_2276": null,
          "ruler_2515": null,
          "ruler_2512": null,
          "ruler_2276": null
        },
        "wiki": {
          "title": null,
          "url": null,
          "description": null,
          "image": null
        },
        "svg_layer": "Dwarf Holds"
      }
    },
    {
      "type": "Feature",
      "id": "copy_text_8252",
      "geometry": {
        "type": "Point",
        "coordinates": [
          12.053151,
          35.884609
        ]
      },
      "properties": {
        "id": "copy_text_8252",
        "name": "Grung Ghuzhur",
        "category": "settlement",
        "dataset": "karaz_ankor",
        "in_gazetteer": false,
        "type": "Grung (Mining Settlement)",
        "region": "Karaz Ankor",
        "province": null,
        "estate": null,
        "population": 128,
        "population_estimated": true,
        "size_category": 1,
        "trade": null,
        "source": null,
        "tags": [],
        "notes": [],
        "history": {
          "province_2512": null,
          "province_2276": null,
          "ruler_2515": null,
          "ruler_2512": null,
          "ruler_2276": null
        },
        "wiki": {
          "title": null,
          "url": null,
          "description": null,
          "image": null
        },
        "svg_layer": "Dwarf Holds"
      }
    },
    {
      "type": "Feature",
      "id": "copy_text_8253",
      "geometry": {
        "type": "Point",
        "coordinates": [
          11.921929,
          36.060146
        ]
      },
      "properties": {
        "id": "copy_text_8253",
        "name": "Kazad Morzundbar (Morzund's Gate)",
        "category": "settlement",
        "dataset": "karaz_ankor",
        "in_gazetteer": false,
        "type": "Kazad (Fortress)",
        "region": "Karaz Ankor",
        "province": null,
        "estate": null,
        "population": 260,
        "population_estimated": true,
        "size_category": 1,
        "trade": null,
        "source": null,
        "tags": [],
        "notes": [],
        "history": {
          "province_2512": null,
          "province_2276": null,
          "ruler_2515": null,
          "ruler_2512": null,
          "ruler_2276": null
        },
        "wiki": {
          "title": null,
          "url": null,
          "description": null,
          "image": null
        },
        "svg_layer": "Dwarf Holds"
      }
    },
    {
      "type": "Feature",
      "id": "copy_text_8254",
      "geometry": {
        "type": "Point",
        "coordinates": [
          12.305146,
          36.362531
        ]
      },
      "properties": {
        "id": "copy_text_8254",
        "name": "Kazad Rikbar (King's Gate)",
        "category": "settlement",
        "dataset": "karaz_ankor",
        "in_gazetteer": false,
        "type": "Kazad (Fortress)",
        "region": "Karaz Ankor",
        "province": null,
        "estate": null,
        "population": 196,
        "population_estimated": true,
        "size_category": 1,
        "trade": null,
        "source": null,
        "tags": [],
        "notes": [],
        "history": {
          "province_2512": null,
          "province_2276": null,
          "ruler_2515": null,
          "ruler_2512": null,
          "ruler_2276": null
        },
        "wiki": {
          "title": null,
          "url": null,
          "description": null,
          "image": null
        },
        "svg_layer": "Dwarf Holds"
      }
    },
    {
      "type": "Feature",
      "id": "copy_text_8255",
      "geometry": {
        "type": "Point",
        "coordinates": [
          12.496808,
          36.315675
        ]
      },
      "properties": {
        "id": "copy_text_8255",
        "name": "Und-Uzgar",
        "category": "settlement",
        "dataset": "karaz_ankor",
        "in_gazetteer": false,
        "type": "Khazid (Town)",
        "region": "Karaz Ankor",
        "province": null,
        "estate": null,
        "population": 178,
        "population_estimated": true,
        "size_category": 1,
        "trade": null,
        "source": null,
        "tags": [],
        "notes": [],
        "history": {
          "province_2512": null,
          "province_2276": null,
          "ruler_2515": null,
          "ruler_2512": null,
          "ruler_2276": null
        },
        "wiki": {
          "title": null,
          "url": null,
          "description": null,
          "image": null
        },
        "svg_layer": "Dwarf Holds"
      }
    },
    {
      "type": "Feature",
      "id": "copy_text_8256",
      "geometry": {
        "type": "Point",
        "coordinates": [
          13.910942,
          37.166343
        ]
      },
      "properties": {
        "id": "copy_text_8256",
        "name": "Grung Uzkul",
        "category": "settlement",
        "dataset": "karaz_ankor",
        "in_gazetteer": false,
        "type": "Grung (Mining Settlement)",
        "region": "Karaz Ankor",
        "province": null,
        "estate": null,
        "population": 166,
        "population_estimated": true,
        "size_category": 1,
        "trade": null,
        "source": null,
        "tags": [],
        "notes": [],
        "history": {
          "province_2512": null,
          "province_2276": null,
          "ruler_2515": null,
          "ruler_2512": null,
          "ruler_2276": null
        },
        "wiki": {
          "title": null,
          "url": null,
          "description": null,
          "image": null
        },
        "svg_layer": "Dwarf Holds"
      }
    },
    {
      "type": "Feature",
      "id": "copy_text_8257",
      "geometry": {
        "type": "Point",
        "coordinates": [
          12.926461,
          37.485619
        ]
      },
      "properties": {
        "id": "copy_text_8257",
        "name": "Grung Angazungstromez (Ironfont Mines)",
        "category": "settlement",
        "dataset": "karaz_ankor",
        "in_gazetteer": false,
        "type": "Grung (Mining Settlement)",
        "region": "Karaz Ankor",
        "province": null,
        "estate": null,
        "population": 175,
        "population_estimated": true,
        "size_category": 1,
        "trade": null,
        "source": null,
        "tags": [],
        "notes": [],
        "history": {
          "province_2512": null,
          "province_2276": null,
          "ruler_2515": null,
          "ruler_2512": null,
          "ruler_2276": null
        },
        "wiki": {
          "title": null,
          "url": null,
          "description": null,
          "image": null
        },
        "svg_layer": "Dwarf Holds"
      }
    },
    {
      "type": "Feature",
      "id": "copy_text_8258",
      "geometry": {
        "type": "Point",
        "coordinates": [
          13.390677,
          37.57883
        ]
      },
      "properties": {
        "id": "copy_text_8258",
        "name": "Grung Duraz-zharr (Flamestone Mine)",
        "category": "settlement",
        "dataset": "karaz_ankor",
        "in_gazetteer": true,
        "type": "Grung (Mining Settlement)",
        "region": "Karaz Ankor",
        "province": null,
        "estate": null,
        "population": 156,
        "population_estimated": true,
        "size_category": 1,
        "trade": null,
        "source": null,
        "tags": [],
        "notes": [
          "fallen"
        ],
        "history": {
          "province_2512": null,
          "province_2276": null,
          "ruler_2515": null,
          "ruler_2512": null,
          "ruler_2276": null
        },
        "wiki": {
          "title": null,
          "url": null,
          "description": null,
          "image": null
        },
        "svg_layer": "Dwarf Holds"
      }
    },
    {
      "type": "Feature",
      "id": "copy_text_8259",
      "geometry": {
        "type": "Point",
        "coordinates": [
          11.911934,
          36.200068
        ]
      },
      "properties": {
        "id": "copy_text_8259",
        "name": "West Gate",
        "category": "settlement",
        "dataset": "karaz_ankor",
        "in_gazetteer": false,
        "type": "Khazid (Town)",
        "region": "Karaz Ankor",
        "province": null,
        "estate": null,
        "population": 224,
        "population_estimated": true,
        "size_category": 1,
        "trade": null,
        "source": null,
        "tags": [],
        "notes": [],
        "history": {
          "province_2512": null,
          "province_2276": null,
          "ruler_2515": null,
          "ruler_2512": null,
          "ruler_2276": null
        },
        "wiki": {
          "title": null,
          "url": null,
          "description": null,
          "image": null
        },
        "svg_layer": "Dwarf Holds"
      }
    },
    {
      "type": "Feature",
      "id": "copy_text_8260",
      "geometry": {
        "type": "Point",
        "coordinates": [
          12.441287,
          36.198853
        ]
      },
      "properties": {
        "id": "copy_text_8260",
        "name": "East Gate",
        "category": "settlement",
        "dataset": "karaz_ankor",
        "in_gazetteer": false,
        "type": "Khazid (Town)",
        "region": "Karaz Ankor",
        "province": null,
        "estate": null,
        "population": 161,
        "population_estimated": true,
        "size_category": 1,
        "trade": null,
        "source": null,
        "tags": [],
        "notes": [],
        "history": {
          "province_2512": null,
          "province_2276": null,
          "ruler_2515": null,
          "ruler_2512": null,
          "ruler_2276": null
        },
        "wiki": {
          "title": null,
          "url": null,
          "description": null,
          "image": null
        },
        "svg_layer": "Dwarf Holds"
      }
    },
    {
      "type": "Feature",
      "id": "copy_text_8261",
      "geometry": {
        "type": "Point",
        "coordinates": [
          12.544721,
          36.045523
        ]
      },
      "properties": {
        "id": "copy_text_8261",
        "name": "Grung Brynduraz (Diamondhelm Mines)",
        "category": "settlement",
        "dataset": "karaz_ankor",
        "in_gazetteer": false,
        "type": "Grung (Mining Settlement)",
        "region": "Karaz Ankor",
        "province": null,
        "estate": null,
        "population": 77,
        "population_estimated": true,
        "size_category": 1,
        "trade": null,
        "source": null,
        "tags": [],
        "notes": [],
        "history": {
          "province_2512": null,
          "province_2276": null,
          "ruler_2515": null,
          "ruler_2512": null,
          "ruler_2276": null
        },
        "wiki": {
          "title": null,
          "url": null,
          "description": null,
          "image": null
        },
        "svg_layer": "Dwarf Holds"
      }
    },
    {
      "type": "Feature",
      "id": "copy_text_8262",
      "geometry": {
        "type": "Point",
        "coordinates": [
          12.286131,
          36.26822
        ]
      },
      "properties": {
        "id": "copy_text_8262",
        "name": "Kazad-Vala-Azril-Ungol (The Citadel)",
        "category": "settlement",
        "dataset": "karaz_ankor",
        "in_gazetteer": false,
        "type": "Kazad (Fortress)",
        "region": "Karaz Ankor",
        "province": null,
        "estate": null,
        "population": 147,
        "population_estimated": true,
        "size_category": 1,
        "trade": null,
        "source": null,
        "tags": [],
        "notes": [],
        "history": {
          "province_2512": null,
          "province_2276": null,
          "ruler_2515": null,
          "ruler_2512": null,
          "ruler_2276": null
        },
        "wiki": {
          "title": null,
          "url": null,
          "description": null,
          "image": null
        },
        "svg_layer": "Dwarf Holds"
      }
    },
    {
      "type": "Feature",
      "id": "copy_text_8263",
      "geometry": {
        "type": "Point",
        "coordinates": [
          11.474481,
          38.495303
        ]
      },
      "properties": {
        "id": "copy_text_8263",
        "name": "Grung Angazduraz (Iron Rock)",
        "category": "settlement",
        "dataset": "karaz_ankor",
        "in_gazetteer": false,
        "type": "Grung (Mining Settlement)",
        "region": "Karaz Ankor",
        "province": null,
        "estate": null,
        "population": 138,
        "population_estimated": true,
        "size_category": 1,
        "trade": null,
        "source": null,
        "tags": [],
        "notes": [],
        "history": {
          "province_2512": null,
          "province_2276": null,
          "ruler_2515": null,
          "ruler_2512": null,
          "ruler_2276": null
        },
        "wiki": {
          "title": null,
          "url": null,
          "description": null,
          "image": null
        },
        "svg_layer": "Dwarf Holds"
      }
    },
    {
      "type": "Feature",
      "id": "copy_text_8265",
      "geometry": {
        "type": "Point",
        "coordinates": [
          12.089722,
          36.422407
        ]
      },
      "properties": {
        "id": "copy_text_8265",
        "name": "Kazad Uzkulbar (Death's Gate)",
        "category": "settlement",
        "dataset": "karaz_ankor",
        "in_gazetteer": false,
        "type": "Kazad (Fortress)",
        "region": "Karaz Ankor",
        "province": null,
        "estate": null,
        "population": 383,
        "population_estimated": true,
        "size_category": 2,
        "trade": null,
        "source": null,
        "tags": [],
        "notes": [],
        "history": {
          "province_2512": null,
          "province_2276": null,
          "ruler_2515": null,
          "ruler_2512": null,
          "ruler_2276": null
        },
        "wiki": {
          "title": null,
          "url": null,
          "description": null,
          "image": null
        },
        "svg_layer": "Dwarf Holds"
      }
    },
    {
      "type": "Feature",
      "id": "copy_text_8266",
      "geometry": {
        "type": "Point",
        "coordinates": [
          12.380136,
          35.301203
        ]
      },
      "properties": {
        "id": "copy_text_8266",
        "name": "Khazid Skratidal",
        "category": "settlement",
        "dataset": "karaz_ankor",
        "in_gazetteer": false,
        "type": "Khazid (Town)",
        "region": "Karaz Ankor",
        "province": null,
        "estate": null,
        "population": 269,
        "population_estimated": true,
        "size_category": 1,
        "trade": null,
        "source": null,
        "tags": [],
        "notes": [],
        "history": {
          "province_2512": null,
          "province_2276": null,
          "ruler_2515": null,
          "ruler_2512": null,
          "ruler_2276": null
        },
        "wiki": {
          "title": null,
          "url": null,
          "description": null,
          "image": null
        },
        "svg_layer": "Dwarf Holds"
      }
    },
    {
      "type": "Feature",
      "id": "copy_text_8267",
      "geometry": {
        "type": "Point",
        "coordinates": [
          13.232009,
          35.659168
        ]
      },
      "properties": {
        "id": "copy_text_8267",
        "name": "Khazid Krutivorn",
        "category": "settlement",
        "dataset": "karaz_ankor",
        "in_gazetteer": false,
        "type": "Khazid (Town)",
        "region": "Karaz Ankor",
        "province": null,
        "estate": null,
        "population": 112,
        "population_estimated": true,
        "size_category": 1,
        "trade": null,
        "source": null,
        "tags": [],
        "notes": [],
        "history": {
          "province_2512": null,
          "province_2276": null,
          "ruler_2515": null,
          "ruler_2512": null,
          "ruler_2276": null
        },
        "wiki": {
          "title": null,
          "url": null,
          "description": null,
          "image": null
        },
        "svg_layer": "Dwarf Holds"
      }
    },
    {
      "type": "Feature",
      "id": "copy_text_8268",
      "geometry": {
        "type": "Point",
        "coordinates": [
          12.750141,
          35.208274
        ]
      },
      "properties": {
        "id": "copy_text_8268",
        "name": "Khazid Hrukizorn",
        "category": "settlement",
        "dataset": "karaz_ankor",
        "in_gazetteer": false,
        "type": "Khazid (Town)",
        "region": "Karaz Ankor",
        "province": null,
        "estate": null,
        "population": 144,
        "population_estimated": true,
        "size_category": 1,
        "trade": null,
        "source": null,
        "tags": [],
        "notes": [],
        "history": {
          "province_2512": null,
          "province_2276": null,
          "ruler_2515": null,
          "ruler_2512": null,
          "ruler_2276": null
        },
        "wiki": {
          "title": null,
          "url": null,
          "description": null,
          "image": null
        },
        "svg_layer": "Dwarf Holds"
      }
    },
    {
      "type": "Feature",
      "id": "copy_text_8269",
      "geometry": {
        "type": "Point",
        "coordinates": [
          11.657333,
          34.2497
        ]
      },
      "properties": {
        "id": "copy_text_8269",
        "name": "Khazid Ziekstikdal",
        "category": "settlement",
        "dataset": "karaz_ankor",
        "in_gazetteer": false,
        "type": "Khazid (Town)",
        "region": "Karaz Ankor",
        "province": null,
        "estate": null,
        "population": 256,
        "population_estimated": true,
        "size_category": 1,
        "trade": null,
        "source": null,
        "tags": [],
        "notes": [],
        "history": {
          "province_2512": null,
          "province_2276": null,
          "ruler_2515": null,
          "ruler_2512": null,
          "ruler_2276": null
        },
        "wiki": {
          "title": null,
          "url": null,
          "description": null,
          "image": null
        },
        "svg_layer": "Dwarf Holds"
      }
    },
    {
      "type": "Feature",
      "id": "copy_text_8270",
      "geometry": {
        "type": "Point",
        "coordinates": [
          11.433608,
          34.160215
        ]
      },
      "properties": {
        "id": "copy_text_8270",
        "name": "Khazid Angfluk-Gazan",
        "category": "settlement",
        "dataset": "karaz_ankor",
        "in_gazetteer": false,
        "type": "Khazid (Town)",
        "region": "Karaz Ankor",
        "province": null,
        "estate": null,
        "population": 445,
        "population_estimated": true,
        "size_category": 2,
        "trade": null,
        "source": null,
        "tags": [],
        "notes": [],
        "history": {
          "province_2512": null,
          "province_2276": null,
          "ruler_2515": null,
          "ruler_2512": null,
          "ruler_2276": null
        },
        "wiki": {
          "title": null,
          "url": null,
          "description": null,
          "image": null
        },
        "svg_layer": "Dwarf Holds"
      }
    },
    {
      "type": "Feature",
      "id": "copy_text_8271",
      "geometry": {
        "type": "Point",
        "coordinates": [
          13.440676,
          35.480186
        ]
      },
      "properties": {
        "id": "copy_text_8271",
        "name": "Khazid Grummaldal",
        "category": "settlement",
        "dataset": "karaz_ankor",
        "in_gazetteer": false,
        "type": "Khazid (Town)",
        "region": "Karaz Ankor",
        "province": null,
        "estate": null,
        "population": 155,
        "population_estimated": true,
        "size_category": 1,
        "trade": null,
        "source": null,
        "tags": [],
        "notes": [],
        "history": {
          "province_2512": null,
          "province_2276": null,
          "ruler_2515": null,
          "ruler_2512": null,
          "ruler_2276": null
        },
        "wiki": {
          "title": null,
          "url": null,
          "description": null,
          "image": null
        },
        "svg_layer": "Dwarf Holds"
      }
    },
    {
      "type": "Feature",
      "id": "copy_text_8272",
      "geometry": {
        "type": "Point",
        "coordinates": [
          13.709572,
          35.679814
        ]
      },
      "properties": {
        "id": "copy_text_8272",
        "name": "Khazid Rikurbaz",
        "category": "settlement",
        "dataset": "karaz_ankor",
        "in_gazetteer": true,
        "type": "Khazid (Town)",
        "region": "Karaz Ankor",
        "province": null,
        "estate": null,
        "population": 173,
        "population_estimated": true,
        "size_category": 1,
        "trade": null,
        "source": null,
        "tags": [],
        "notes": [
          "fallen"
        ],
        "history": {
          "province_2512": null,
          "province_2276": null,
          "ruler_2515": null,
          "ruler_2512": null,
          "ruler_2276": null
        },
        "wiki": {
          "title": null,
          "url": null,
          "description": null,
          "image": null
        },
        "svg_layer": "Dwarf Holds"
      }
    },
    {
      "type": "Feature",
      "id": "copy_text_8273",
      "geometry": {
        "type": "Point",
        "coordinates": [
          13.391194,
          36.041217
        ]
      },
      "properties": {
        "id": "copy_text_8273",
        "name": "Khazid Kalangrom",
        "category": "settlement",
        "dataset": "karaz_ankor",
        "in_gazetteer": true,
        "type": "Khazid (Town)",
        "region": "Karaz Ankor",
        "province": null,
        "estate": null,
        "population": 439,
        "population_estimated": true,
        "size_category": 2,
        "trade": null,
        "source": null,
        "tags": [],
        "notes": [
          "fallen"
        ],
        "history": {
          "province_2512": null,
          "province_2276": null,
          "ruler_2515": null,
          "ruler_2512": null,
          "ruler_2276": null
        },
        "wiki": {
          "title": null,
          "url": null,
          "description": null,
          "image": null
        },
        "svg_layer": "Dwarf Holds"
      }
    },
    {
      "type": "Feature",
      "id": "copy_text_8274",
      "geometry": {
        "type": "Point",
        "coordinates": [
          12.939445,
          35.516321
        ]
      },
      "properties": {
        "id": "copy_text_8274",
        "name": "Khazid Varrvornal",
        "category": "settlement",
        "dataset": "karaz_ankor",
        "in_gazetteer": false,
        "type": "Khazid (Town)",
        "region": "Karaz Ankor",
        "province": null,
        "estate": null,
        "population": 211,
        "population_estimated": true,
        "size_category": 1,
        "trade": null,
        "source": null,
        "tags": [],
        "notes": [],
        "history": {
          "province_2512": null,
          "province_2276": null,
          "ruler_2515": null,
          "ruler_2512": null,
          "ruler_2276": null
        },
        "wiki": {
          "title": null,
          "url": null,
          "description": null,
          "image": null
        },
        "svg_layer": "Dwarf Holds"
      }
    },
    {
      "type": "Feature",
      "id": "copy_text_8275",
      "geometry": {
        "type": "Point",
        "coordinates": [
          13.352473,
          36.388852
        ]
      },
      "properties": {
        "id": "copy_text_8275",
        "name": "Khazid Agrilizorkund",
        "category": "settlement",
        "dataset": "karaz_ankor",
        "in_gazetteer": true,
        "type": "Khazid (Town)",
        "region": "Karaz Ankor",
        "province": null,
        "estate": null,
        "population": 74,
        "population_estimated": true,
        "size_category": 1,
        "trade": null,
        "source": null,
        "tags": [],
        "notes": [
          "fallen"
        ],
        "history": {
          "province_2512": null,
          "province_2276": null,
          "ruler_2515": null,
          "ruler_2512": null,
          "ruler_2276": null
        },
        "wiki": {
          "title": null,
          "url": null,
          "description": null,
          "image": null
        },
        "svg_layer": "Dwarf Holds"
      }
    },
    {
      "type": "Feature",
      "id": "copy_text_8276",
      "geometry": {
        "type": "Point",
        "coordinates": [
          13.049733,
          37.646964
        ]
      },
      "properties": {
        "id": "copy_text_8276",
        "name": "Khazid Zhufkarazkar",
        "category": "settlement",
        "dataset": "karaz_ankor",
        "in_gazetteer": true,
        "type": "Khazid (Town)",
        "region": "Karaz Ankor",
        "province": null,
        "estate": null,
        "population": 111,
        "population_estimated": true,
        "size_category": 1,
        "trade": null,
        "source": null,
        "tags": [],
        "notes": [
          "fallen"
        ],
        "history": {
          "province_2512": null,
          "province_2276": null,
          "ruler_2515": null,
          "ruler_2512": null,
          "ruler_2276": null
        },
        "wiki": {
          "title": null,
          "url": null,
          "description": null,
          "image": null
        },
        "svg_layer": "Dwarf Holds"
      }
    },
    {
      "type": "Feature",
      "id": "copy_text_8277",
      "geometry": {
        "type": "Point",
        "coordinates": [
          14.255988,
          43.738768
        ]
      },
      "properties": {
        "id": "copy_text_8277",
        "name": "Khazid Grombarkagrul",
        "category": "settlement",
        "dataset": "karaz_ankor",
        "in_gazetteer": false,
        "type": "Khazid (Town)",
        "region": "Karaz Ankor",
        "province": null,
        "estate": null,
        "population": 84,
        "population_estimated": true,
        "size_category": 1,
        "trade": null,
        "source": null,
        "tags": [],
        "notes": [],
        "history": {
          "province_2512": null,
          "province_2276": null,
          "ruler_2515": null,
          "ruler_2512": null,
          "ruler_2276": null
        },
        "wiki": {
          "title": null,
          "url": null,
          "description": null,
          "image": null
        },
        "svg_layer": "Dwarf Holds"
      }
    },
    {
      "type": "Feature",
      "id": "copy_text_8278",
      "geometry": {
        "type": "Point",
        "coordinates": [
          15.001339,
          43.548933
        ]
      },
      "properties": {
        "id": "copy_text_8278",
        "name": "Khazid Ungordrazhbar",
        "category": "settlement",
        "dataset": "karaz_ankor",
        "in_gazetteer": false,
        "type": "Khazid (Town)",
        "region": "Karaz Ankor",
        "province": null,
        "estate": null,
        "population": 107,
        "population_estimated": true,
        "size_category": 1,
        "trade": null,
        "source": null,
        "tags": [],
        "notes": [],
        "history": {
          "province_2512": null,
          "province_2276": null,
          "ruler_2515": null,
          "ruler_2512": null,
          "ruler_2276": null
        },
        "wiki": {
          "title": null,
          "url": null,
          "description": null,
          "image": null
        },
        "svg_layer": "Dwarf Holds"
      }
    },
    {
      "type": "Feature",
      "id": "copy_text_8279",
      "geometry": {
        "type": "Point",
        "coordinates": [
          13.569748,
          44.379254
        ]
      },
      "properties": {
        "id": "copy_text_8279",
        "name": "Khazid Kadrindukazak",
        "category": "settlement",
        "dataset": "karaz_ankor",
        "in_gazetteer": false,
        "type": "Khazid (Town)",
        "region": "Karaz Ankor",
        "province": null,
        "estate": null,
        "population": 79,
        "population_estimated": true,
        "size_category": 1,
        "trade": null,
        "source": null,
        "tags": [],
        "notes": [],
        "history": {
          "province_2512": null,
          "province_2276": null,
          "ruler_2515": null,
          "ruler_2512": null,
          "ruler_2276": null
        },
        "wiki": {
          "title": null,
          "url": null,
          "description": null,
          "image": null
        },
        "svg_layer": "Dwarf Holds"
      }
    },
    {
      "type": "Feature",
      "id": "copy_text_8280",
      "geometry": {
        "type": "Point",
        "coordinates": [
          12.498451,
          44.928239
        ]
      },
      "properties": {
        "id": "copy_text_8280",
        "name": "Khazid Throngkarazaz",
        "category": "settlement",
        "dataset": "karaz_ankor",
        "in_gazetteer": false,
        "type": "Khazid (Town)",
        "region": "Karaz Ankor",
        "province": null,
        "estate": null,
        "population": 120,
        "population_estimated": true,
        "size_category": 1,
        "trade": null,
        "source": null,
        "tags": [],
        "notes": [],
        "history": {
          "province_2512": null,
          "province_2276": null,
          "ruler_2515": null,
          "ruler_2512": null,
          "ruler_2276": null
        },
        "wiki": {
          "title": null,
          "url": null,
          "description": null,
          "image": null
        },
        "svg_layer": "Dwarf Holds"
      }
    },
    {
      "type": "Feature",
      "id": "copy_text_8281",
      "geometry": {
        "type": "Point",
        "coordinates": [
          13.195438,
          44.843911
        ]
      },
      "properties": {
        "id": "copy_text_8281",
        "name": "Grung Rhunthryngrom",
        "category": "settlement",
        "dataset": "karaz_ankor",
        "in_gazetteer": false,
        "type": "Grung (Mining Settlement)",
        "region": "Karaz Ankor",
        "province": null,
        "estate": null,
        "population": 181,
        "population_estimated": true,
        "size_category": 1,
        "trade": null,
        "source": null,
        "tags": [],
        "notes": [],
        "history": {
          "province_2512": null,
          "province_2276": null,
          "ruler_2515": null,
          "ruler_2512": null,
          "ruler_2276": null
        },
        "wiki": {
          "title": null,
          "url": null,
          "description": null,
          "image": null
        },
        "svg_layer": "Dwarf Holds"
      }
    },
    {
      "type": "Feature",
      "id": "copy_text_8282",
      "geometry": {
        "type": "Point",
        "coordinates": [
          10.168725,
          47.677875
        ]
      },
      "properties": {
        "id": "copy_text_8282",
        "name": "Khazid Gormizorvorn",
        "category": "settlement",
        "dataset": "karaz_ankor",
        "in_gazetteer": false,
        "type": "Khazid (Town)",
        "region": "Karaz Ankor",
        "province": null,
        "estate": null,
        "population": 187,
        "population_estimated": true,
        "size_category": 1,
        "trade": null,
        "source": null,
        "tags": [],
        "notes": [],
        "history": {
          "province_2512": null,
          "province_2276": null,
          "ruler_2515": null,
          "ruler_2512": null,
          "ruler_2276": null
        },
        "wiki": {
          "title": null,
          "url": null,
          "description": null,
          "image": null
        },
        "svg_layer": "Dwarf Holds"
      }
    },
    {
      "type": "Feature",
      "id": "copy_text_8283",
      "geometry": {
        "type": "Point",
        "coordinates": [
          11.326299,
          47.432062
        ]
      },
      "properties": {
        "id": "copy_text_8283",
        "name": "Khazid Barkaringrom",
        "category": "settlement",
        "dataset": "karaz_ankor",
        "in_gazetteer": false,
        "type": "Khazid (Town)",
        "region": "Karaz Ankor",
        "province": null,
        "estate": null,
        "population": 208,
        "population_estimated": true,
        "size_category": 1,
        "trade": null,
        "source": null,
        "tags": [],
        "notes": [],
        "history": {
          "province_2512": null,
          "province_2276": null,
          "ruler_2515": null,
          "ruler_2512": null,
          "ruler_2276": null
        },
        "wiki": {
          "title": null,
          "url": null,
          "description": null,
          "image": null
        },
        "svg_layer": "Dwarf Holds"
      }
    },
    {
      "type": "Feature",
      "id": "copy_text_8284",
      "geometry": {
        "type": "Point",
        "coordinates": [
          7.466802,
          39.245638
        ]
      },
      "properties": {
        "id": "copy_text_8284",
        "name": "Khazid Varrurbazdal",
        "category": "settlement",
        "dataset": "karaz_ankor",
        "in_gazetteer": false,
        "type": "Khazid (Town)",
        "region": "Karaz Ankor",
        "province": null,
        "estate": null,
        "population": 79,
        "population_estimated": true,
        "size_category": 1,
        "trade": null,
        "source": null,
        "tags": [],
        "notes": [],
        "history": {
          "province_2512": null,
          "province_2276": null,
          "ruler_2515": null,
          "ruler_2512": null,
          "ruler_2276": null
        },
        "wiki": {
          "title": null,
          "url": null,
          "description": null,
          "image": null
        },
        "svg_layer": "Dwarf Holds"
      }
    },
    {
      "type": "Feature",
      "id": "copy_text_8285",
      "geometry": {
        "type": "Point",
        "coordinates": [
          17.994758,
          43.768314
        ]
      },
      "properties": {
        "id": "copy_text_8285",
        "name": "Khazid Agrilvarnen",
        "category": "settlement",
        "dataset": "karaz_ankor",
        "in_gazetteer": true,
        "type": "Khazid (Town)",
        "region": "Karaz Ankor",
        "province": null,
        "estate": null,
        "population": 283,
        "population_estimated": true,
        "size_category": 1,
        "trade": null,
        "source": null,
        "tags": [],
        "notes": [
          "fallen"
        ],
        "history": {
          "province_2512": null,
          "province_2276": null,
          "ruler_2515": null,
          "ruler_2512": null,
          "ruler_2276": null
        },
        "wiki": {
          "title": null,
          "url": null,
          "description": null,
          "image": null
        },
        "svg_layer": "Dwarf Holds"
      }
    },
    {
      "type": "Feature",
      "id": "copy_text_8286",
      "geometry": {
        "type": "Point",
        "coordinates": [
          16.411476,
          44.279438
        ]
      },
      "properties": {
        "id": "copy_text_8286",
        "name": "Khazid Grimkadrinund",
        "category": "settlement",
        "dataset": "karaz_ankor",
        "in_gazetteer": false,
        "type": "Khazid (Town)",
        "region": "Karaz Ankor",
        "province": null,
        "estate": null,
        "population": 179,
        "population_estimated": true,
        "size_category": 1,
        "trade": null,
        "source": null,
        "tags": [],
        "notes": [],
        "history": {
          "province_2512": null,
          "province_2276": null,
          "ruler_2515": null,
          "ruler_2512": null,
          "ruler_2276": null
        },
        "wiki": {
          "title": null,
          "url": null,
          "description": null,
          "image": null
        },
        "svg_layer": "Dwarf Holds"
      }
    },
    {
      "type": "Feature",
      "id": "copy_text_8287",
      "geometry": {
        "type": "Point",
        "coordinates": [
          3.198829,
          41.703166
        ]
      },
      "properties": {
        "id": "copy_text_8287",
        "name": "Khazid Wyrstromezrhun",
        "category": "settlement",
        "dataset": "karaz_ankor",
        "in_gazetteer": false,
        "type": "Khazid (Town)",
        "region": "Karaz Ankor",
        "province": null,
        "estate": null,
        "population": 157,
        "population_estimated": true,
        "size_category": 1,
        "trade": null,
        "source": null,
        "tags": [],
        "notes": [],
        "history": {
          "province_2512": null,
          "province_2276": null,
          "ruler_2515": null,
          "ruler_2512": null,
          "ruler_2276": null
        },
        "wiki": {
          "title": null,
          "url": null,
          "description": null,
          "image": null
        },
        "svg_layer": "Dwarf Holds"
      }
    },
    {
      "type": "Feature",
      "id": "copy_text_8288",
      "geometry": {
        "type": "Point",
        "coordinates": [
          -2.344804,
          41.553442
        ]
      },
      "properties": {
        "id": "copy_text_8288",
        "name": "Khazid Kadrindgrombar",
        "category": "settlement",
        "dataset": "karaz_ankor",
        "in_gazetteer": false,
        "type": "Khazid (Town)",
        "region": "Karaz Ankor",
        "province": null,
        "estate": null,
        "population": 261,
        "population_estimated": true,
        "size_category": 1,
        "trade": null,
        "source": null,
        "tags": [],
        "notes": [],
        "history": {
          "province_2512": null,
          "province_2276": null,
          "ruler_2515": null,
          "ruler_2512": null,
          "ruler_2276": null
        },
        "wiki": {
          "title": null,
          "url": null,
          "description": null,
          "image": null
        },
        "svg_layer": "Dwarf Holds"
      }
    },
    {
      "type": "Feature",
      "id": "copy_text_8289",
      "geometry": {
        "type": "Point",
        "coordinates": [
          10.754358,
          45.861041
        ]
      },
      "properties": {
        "id": "copy_text_8289",
        "name": "Khazid Urbazzanvarr",
        "category": "settlement",
        "dataset": "karaz_ankor",
        "in_gazetteer": false,
        "type": "Khazid (Town)",
        "region": "Karaz Ankor",
        "province": null,
        "estate": null,
        "population": 286,
        "population_estimated": true,
        "size_category": 1,
        "trade": null,
        "source": null,
        "tags": [],
        "notes": [],
        "history": {
          "province_2512": null,
          "province_2276": null,
          "ruler_2515": null,
          "ruler_2512": null,
          "ruler_2276": null
        },
        "wiki": {
          "title": null,
          "url": null,
          "description": null,
          "image": null
        },
        "svg_layer": "Dwarf Holds"
      }
    },
    {
      "type": "Feature",
      "id": "copy_text_8290",
      "geometry": {
        "type": "Point",
        "coordinates": [
          -0.52059,
          39.866906
        ]
      },
      "properties": {
        "id": "copy_text_8290",
        "name": "Khazid Rhundurazgrom",
        "category": "settlement",
        "dataset": "karaz_ankor",
        "in_gazetteer": false,
        "type": "Khazid (Town)",
        "region": "Karaz Ankor",
        "province": null,
        "estate": null,
        "population": 124,
        "population_estimated": true,
        "size_category": 1,
        "trade": null,
        "source": null,
        "tags": [],
        "notes": [],
        "history": {
          "province_2512": null,
          "province_2276": null,
          "ruler_2515": null,
          "ruler_2512": null,
          "ruler_2276": null
        },
        "wiki": {
          "title": null,
          "url": null,
          "description": null,
          "image": null
        },
        "svg_layer": "Dwarf Holds"
      }
    },
    {
      "type": "Feature",
      "id": "copy_text_8291",
      "geometry": {
        "type": "Point",
        "coordinates": [
          0.120467,
          40.402122
        ]
      },
      "properties": {
        "id": "copy_text_8291",
        "name": "Khazid Azulagrilurbaz",
        "category": "settlement",
        "dataset": "karaz_ankor",
        "in_gazetteer": false,
        "type": "Khazid (Town)",
        "region": "Karaz Ankor",
        "province": null,
        "estate": null,
        "population": 150,
        "population_estimated": true,
        "size_category": 1,
        "trade": null,
        "source": null,
        "tags": [],
        "notes": [],
        "history": {
          "province_2512": null,
          "province_2276": null,
          "ruler_2515": null,
          "ruler_2512": null,
          "ruler_2276": null
        },
        "wiki": {
          "title": null,
          "url": null,
          "description": null,
          "image": null
        },
        "svg_layer": "Dwarf Holds"
      }
    },
    {
      "type": "Feature",
      "id": "copy_text_8292",
      "geometry": {
        "type": "Point",
        "coordinates": [
          0.326982,
          41.235069
        ]
      },
      "properties": {
        "id": "copy_text_8292",
        "name": "Khazid Agrilkadrinaz",
        "category": "settlement",
        "dataset": "karaz_ankor",
        "in_gazetteer": false,
        "type": "Khazid (Town)",
        "region": "Karaz Ankor",
        "province": null,
        "estate": null,
        "population": 202,
        "population_estimated": true,
        "size_category": 1,
        "trade": null,
        "source": null,
        "tags": [],
        "notes": [],
        "history": {
          "province_2512": null,
          "province_2276": null,
          "ruler_2515": null,
          "ruler_2512": null,
          "ruler_2276": null
        },
        "wiki": {
          "title": null,
          "url": null,
          "description": null,
          "image": null
        },
        "svg_layer": "Dwarf Holds"
      }
    },
    {
      "type": "Feature",
      "id": "copy_text_8293",
      "geometry": {
        "type": "Point",
        "coordinates": [
          0.238783,
          41.520743
        ]
      },
      "properties": {
        "id": "copy_text_8293",
        "name": "Khazid Gromungorduk",
        "category": "settlement",
        "dataset": "karaz_ankor",
        "in_gazetteer": false,
        "type": "Khazid (Town)",
        "region": "Karaz Ankor",
        "province": null,
        "estate": null,
        "population": 242,
        "population_estimated": true,
        "size_category": 1,
        "trade": null,
        "source": null,
        "tags": [],
        "notes": [],
        "history": {
          "province_2512": null,
          "province_2276": null,
          "ruler_2515": null,
          "ruler_2512": null,
          "ruler_2276": null
        },
        "wiki": {
          "title": null,
          "url": null,
          "description": null,
          "image": null
        },
        "svg_layer": "Dwarf Holds"
      }
    },
    {
      "type": "Feature",
      "id": "copy_text_8294",
      "geometry": {
        "type": "Point",
        "coordinates": [
          -0.595881,
          41.278088
        ]
      },
      "properties": {
        "id": "copy_text_8294",
        "name": "Khazid Drazhvarnen",
        "category": "settlement",
        "dataset": "karaz_ankor",
        "in_gazetteer": false,
        "type": "Khazid (Town)",
        "region": "Karaz Ankor",
        "province": null,
        "estate": null,
        "population": 142,
        "population_estimated": true,
        "size_category": 1,
        "trade": null,
        "source": null,
        "tags": [],
        "notes": [],
        "history": {
          "province_2512": null,
          "province_2276": null,
          "ruler_2515": null,
          "ruler_2512": null,
          "ruler_2276": null
        },
        "wiki": {
          "title": null,
          "url": null,
          "description": null,
          "image": null
        },
        "svg_layer": "Dwarf Holds"
      }
    },
    {
      "type": "Feature",
      "id": "copy_text_8295",
      "geometry": {
        "type": "Point",
        "coordinates": [
          0.339889,
          40.575937
        ]
      },
      "properties": {
        "id": "copy_text_8295",
        "name": "Khazid Wyrvarnaz",
        "category": "settlement",
        "dataset": "karaz_ankor",
        "in_gazetteer": false,
        "type": "Khazid (Town)",
        "region": "Karaz Ankor",
        "province": null,
        "estate": null,
        "population": 129,
        "population_estimated": true,
        "size_category": 1,
        "trade": null,
        "source": null,
        "tags": [],
        "notes": [],
        "history": {
          "province_2512": null,
          "province_2276": null,
          "ruler_2515": null,
          "ruler_2512": null,
          "ruler_2276": null
        },
        "wiki": {
          "title": null,
          "url": null,
          "description": null,
          "image": null
        },
        "svg_layer": "Dwarf Holds"
      }
    },
    {
      "type": "Feature",
      "id": "copy_text_8296",
      "geometry": {
        "type": "Point",
        "coordinates": [
          1.904448,
          41.579987
        ]
      },
      "properties": {
        "id": "copy_text_8296",
        "name": "Khazid Barkarinit",
        "category": "settlement",
        "dataset": "karaz_ankor",
        "in_gazetteer": false,
        "type": "Khazid (Town)",
        "region": "Karaz Ankor",
        "province": null,
        "estate": null,
        "population": 110,
        "population_estimated": true,
        "size_category": 1,
        "trade": null,
        "source": null,
        "tags": [],
        "notes": [],
        "history": {
          "province_2512": null,
          "province_2276": null,
          "ruler_2515": null,
          "ruler_2512": null,
          "ruler_2276": null
        },
        "wiki": {
          "title": null,
          "url": null,
          "description": null,
          "image": null
        },
        "svg_layer": "Dwarf Holds"
      }
    },
    {
      "type": "Feature",
      "id": "copy_text_8297",
      "geometry": {
        "type": "Point",
        "coordinates": [
          0.204364,
          41.021669
        ]
      },
      "properties": {
        "id": "copy_text_8297",
        "name": "Khazid Grimmhonarduk",
        "category": "settlement",
        "dataset": "karaz_ankor",
        "in_gazetteer": false,
        "type": "Khazid (Town)",
        "region": "Karaz Ankor",
        "province": null,
        "estate": null,
        "population": 117,
        "population_estimated": true,
        "size_category": 1,
        "trade": null,
        "source": null,
        "tags": [],
        "notes": [],
        "history": {
          "province_2512": null,
          "province_2276": null,
          "ruler_2515": null,
          "ruler_2512": null,
          "ruler_2276": null
        },
        "wiki": {
          "title": null,
          "url": null,
          "description": null,
          "image": null
        },
        "svg_layer": "Dwarf Holds"
      }
    },
    {
      "type": "Feature",
      "id": "copy_text_8298",
      "geometry": {
        "type": "Point",
        "coordinates": [
          -0.221573,
          41.075018
        ]
      },
      "properties": {
        "id": "copy_text_8298",
        "name": "Khazid Zanvarrund",
        "category": "settlement",
        "dataset": "karaz_ankor",
        "in_gazetteer": false,
        "type": "Khazid (Town)",
        "region": "Karaz Ankor",
        "province": null,
        "estate": null,
        "population": 498,
        "population_estimated": true,
        "size_category": 2,
        "trade": null,
        "source": null,
        "tags": [],
        "notes": [],
        "history": {
          "province_2512": null,
          "province_2276": null,
          "ruler_2515": null,
          "ruler_2512": null,
          "ruler_2276": null
        },
        "wiki": {
          "title": null,
          "url": null,
          "description": null,
          "image": null
        },
        "svg_layer": "Dwarf Holds"
      }
    },
    {
      "type": "Feature",
      "id": "copy_text_8299",
      "geometry": {
        "type": "Point",
        "coordinates": [
          1.533803,
          33.117311
        ]
      },
      "properties": {
        "id": "copy_text_8299",
        "name": "Kazad Ekrundkadrin",
        "category": "settlement",
        "dataset": "karaz_ankor",
        "in_gazetteer": true,
        "type": "Kazad (Fortress)",
        "region": "Karaz Ankor",
        "province": null,
        "estate": null,
        "population": 122,
        "population_estimated": true,
        "size_category": 1,
        "trade": null,
        "source": null,
        "tags": [],
        "notes": [
          "fallen"
        ],
        "history": {
          "province_2512": null,
          "province_2276": null,
          "ruler_2515": null,
          "ruler_2512": null,
          "ruler_2276": null
        },
        "wiki": {
          "title": null,
          "url": null,
          "description": null,
          "image": null
        },
        "svg_layer": "Dwarf Holds"
      }
    },
    {
      "type": "Feature",
      "id": "copy_text_8300",
      "geometry": {
        "type": "Point",
        "coordinates": [
          0.940056,
          33.633626
        ]
      },
      "properties": {
        "id": "copy_text_8300",
        "name": "Grung Bryngandaz (Gold-finder Mine)",
        "category": "settlement",
        "dataset": "karaz_ankor",
        "in_gazetteer": true,
        "type": "Grung (Mining Settlement)",
        "region": "Karaz Ankor",
        "province": null,
        "estate": null,
        "population": 324,
        "population_estimated": true,
        "size_category": 2,
        "trade": null,
        "source": null,
        "tags": [],
        "notes": [
          "fallen"
        ],
        "history": {
          "province_2512": null,
          "province_2276": null,
          "ruler_2515": null,
          "ruler_2512": null,
          "ruler_2276": null
        },
        "wiki": {
          "title": null,
          "url": null,
          "description": null,
          "image": null
        },
        "svg_layer": "Dwarf Holds"
      }
    },
    {
      "type": "Feature",
      "id": "copy_text_8301",
      "geometry": {
        "type": "Point",
        "coordinates": [
          0.82821,
          33.754064
        ]
      },
      "properties": {
        "id": "copy_text_8301",
        "name": "Grung Grundrhyn (Redhammer Mine)",
        "category": "settlement",
        "dataset": "karaz_ankor",
        "in_gazetteer": true,
        "type": "Grung (Mining Settlement)",
        "region": "Karaz Ankor",
        "province": null,
        "estate": null,
        "population": 98,
        "population_estimated": true,
        "size_category": 1,
        "trade": null,
        "source": null,
        "tags": [],
        "notes": [
          "fallen"
        ],
        "history": {
          "province_2512": null,
          "province_2276": null,
          "ruler_2515": null,
          "ruler_2512": null,
          "ruler_2276": null
        },
        "wiki": {
          "title": null,
          "url": null,
          "description": null,
          "image": null
        },
        "svg_layer": "Dwarf Holds"
      }
    },
    {
      "type": "Feature",
      "id": "copy_text_8302",
      "geometry": {
        "type": "Point",
        "coordinates": [
          7.654304,
          44.330182
        ]
      },
      "properties": {
        "id": "copy_text_8302",
        "name": "Dok-a-Dum",
        "category": "settlement",
        "dataset": "karaz_ankor",
        "in_gazetteer": false,
        "type": "Khazid (Town)",
        "region": "Karaz Ankor",
        "province": null,
        "estate": null,
        "population": 188,
        "population_estimated": true,
        "size_category": 1,
        "trade": null,
        "source": null,
        "tags": [],
        "notes": [],
        "history": {
          "province_2512": null,
          "province_2276": null,
          "ruler_2515": null,
          "ruler_2512": null,
          "ruler_2276": null
        },
        "wiki": {
          "title": null,
          "url": null,
          "description": null,
          "image": null
        },
        "svg_layer": "Dwarf Holds"
      }
    },
    {
      "type": "Feature",
      "id": "copy_text_8303",
      "geometry": {
        "type": "Point",
        "coordinates": [
          7.842923,
          44.207273
        ]
      },
      "properties": {
        "id": "copy_text_8303",
        "name": "Vithang Dum",
        "category": "settlement",
        "dataset": "karaz_ankor",
        "in_gazetteer": false,
        "type": "Khazid (Town)",
        "region": "Karaz Ankor",
        "province": null,
        "estate": null,
        "population": 73,
        "population_estimated": true,
        "size_category": 1,
        "trade": null,
        "source": null,
        "tags": [],
        "notes": [],
        "history": {
          "province_2512": null,
          "province_2276": null,
          "ruler_2515": null,
          "ruler_2512": null,
          "ruler_2276": null
        },
        "wiki": {
          "title": null,
          "url": null,
          "description": null,
          "image": null
        },
        "svg_layer": "Dwarf Holds"
      }
    },
    {
      "type": "Feature",
      "id": "copy_text_8304",
      "geometry": {
        "type": "Point",
        "coordinates": [
          8.142585,
          44.249868
        ]
      },
      "properties": {
        "id": "copy_text_8304",
        "name": "Zan Mingol",
        "category": "settlement",
        "dataset": "karaz_ankor",
        "in_gazetteer": false,
        "type": "Khazid (Town)",
        "region": "Karaz Ankor",
        "province": null,
        "estate": null,
        "population": 92,
        "population_estimated": true,
        "size_category": 1,
        "trade": null,
        "source": null,
        "tags": [],
        "notes": [],
        "history": {
          "province_2512": null,
          "province_2276": null,
          "ruler_2515": null,
          "ruler_2512": null,
          "ruler_2276": null
        },
        "wiki": {
          "title": null,
          "url": null,
          "description": null,
          "image": null
        },
        "svg_layer": "Dwarf Holds"
      }
    },
    {
      "type": "Feature",
      "id": "copy_text_8305",
      "geometry": {
        "type": "Point",
        "coordinates": [
          8.098472,
          44.184154
        ]
      },
      "properties": {
        "id": "copy_text_8305",
        "name": "Grung Mingol",
        "category": "settlement",
        "dataset": "karaz_ankor",
        "in_gazetteer": false,
        "type": "Grung (Mining Settlement)",
        "region": "Karaz Ankor",
        "province": null,
        "estate": null,
        "population": 316,
        "population_estimated": true,
        "size_category": 2,
        "trade": null,
        "source": null,
        "tags": [],
        "notes": [],
        "history": {
          "province_2512": null,
          "province_2276": null,
          "ruler_2515": null,
          "ruler_2512": null,
          "ruler_2276": null
        },
        "wiki": {
          "title": null,
          "url": null,
          "description": null,
          "image": null
        },
        "svg_layer": "Dwarf Holds"
      }
    },
    {
      "type": "Feature",
      "id": "copy_text_8306",
      "geometry": {
        "type": "Point",
        "coordinates": [
          9.3245,
          62.994999
        ]
      },
      "properties": {
        "id": "copy_text_8306",
        "name": "Kraka Drang",
        "category": "settlement",
        "dataset": "karaz_ankor",
        "in_gazetteer": false,
        "type": "Khazid (Town)",
        "region": "Karaz Ankor",
        "province": null,
        "estate": null,
        "population": 78,
        "population_estimated": true,
        "size_category": 1,
        "trade": null,
        "source": null,
        "tags": [],
        "notes": [],
        "history": {
          "province_2512": null,
          "province_2276": null,
          "ruler_2515": null,
          "ruler_2512": null,
          "ruler_2276": null
        },
        "wiki": {
          "title": null,
          "url": null,
          "description": null,
          "image": null
        },
        "svg_layer": "Dwarf Holds"
      }
    },
    {
      "type": "Feature",
      "id": "copy_text_8307",
      "geometry": {
        "type": "Point",
        "coordinates": [
          3.394119,
          65.59386
        ]
      },
      "properties": {
        "id": "copy_text_8307",
        "name": "Kazad Grontunt",
        "category": "settlement",
        "dataset": "karaz_ankor",
        "in_gazetteer": true,
        "type": "Kazad (Fortress)",
        "region": "Karaz Ankor",
        "province": null,
        "estate": null,
        "population": 66,
        "population_estimated": true,
        "size_category": 1,
        "trade": null,
        "source": "Warhammer Fantasy Roleplay 1e: Dwarfs - Stone and Steel",
        "tags": [],
        "notes": [],
        "history": {
          "province_2512": null,
          "province_2276": null,
          "ruler_2515": null,
          "ruler_2512": null,
          "ruler_2276": null
        },
        "wiki": {
          "title": null,
          "url": null,
          "description": null,
          "image": null
        },
        "svg_layer": "Dwarf Holds"
      }
    },
    {
      "type": "Feature",
      "id": "copy_text_8308",
      "geometry": {
        "type": "Point",
        "coordinates": [
          4.010123,
          65.124578
        ]
      },
      "properties": {
        "id": "copy_text_8308",
        "name": "Khazid Skovekarag",
        "category": "settlement",
        "dataset": "karaz_ankor",
        "in_gazetteer": true,
        "type": "Khazid (Town)",
        "region": "Karaz Ankor",
        "province": null,
        "estate": null,
        "population": 118,
        "population_estimated": true,
        "size_category": 1,
        "trade": null,
        "source": "Warhammer Fantasy Roleplay 1e: Dwarfs - Stone and Steel",
        "tags": [],
        "notes": [],
        "history": {
          "province_2512": null,
          "province_2276": null,
          "ruler_2515": null,
          "ruler_2512": null,
          "ruler_2276": null
        },
        "wiki": {
          "title": null,
          "url": null,
          "description": null,
          "image": null
        },
        "svg_layer": "Dwarf Holds"
      }
    },
    {
      "type": "Feature",
      "id": "copy_text_8309",
      "geometry": {
        "type": "Point",
        "coordinates": [
          9.882596,
          62.499211
        ]
      },
      "properties": {
        "id": "copy_text_8309",
        "name": "Grung Drekaz",
        "category": "settlement",
        "dataset": "karaz_ankor",
        "in_gazetteer": true,
        "type": "Grung (Mining Settlement)",
        "region": "Karaz Ankor",
        "province": null,
        "estate": null,
        "population": 235,
        "population_estimated": true,
        "size_category": 1,
        "trade": null,
        "source": "Warhammer Fantasy Roleplay 1e: Dwarfs - Stone and Steel",
        "tags": [],
        "notes": [],
        "history": {
          "province_2512": null,
          "province_2276": null,
          "ruler_2515": null,
          "ruler_2512": null,
          "ruler_2276": null
        },
        "wiki": {
          "title": null,
          "url": null,
          "description": null,
          "image": null
        },
        "svg_layer": "Dwarf Holds"
      }
    },
    {
      "type": "Feature",
      "id": "copy_text_8310",
      "geometry": {
        "type": "Point",
        "coordinates": [
          12.612465,
          43.966225
        ]
      },
      "properties": {
        "id": "copy_text_8310",
        "name": "Kazad Urkbavak",
        "category": "settlement",
        "dataset": "karaz_ankor",
        "in_gazetteer": true,
        "type": "Kazad (Fortress)",
        "region": "Karaz Ankor",
        "province": null,
        "estate": null,
        "population": 95,
        "population_estimated": true,
        "size_category": 1,
        "trade": null,
        "source": "Warhammer Fantasy Roleplay 1e: Dwarfs - Stone and Steel",
        "tags": [],
        "notes": [],
        "history": {
          "province_2512": null,
          "province_2276": null,
          "ruler_2515": null,
          "ruler_2512": null,
          "ruler_2276": null
        },
        "wiki": {
          "title": null,
          "url": null,
          "description": null,
          "image": null
        },
        "svg_layer": "Dwarf Holds"
      }
    },
    {
      "type": "Feature",
      "id": "copy_text_8311",
      "geometry": {
        "type": "Point",
        "coordinates": [
          0.84542,
          40.551846
        ]
      },
      "properties": {
        "id": "copy_text_8311",
        "name": "Grung Bryn",
        "category": "settlement",
        "dataset": "karaz_ankor",
        "in_gazetteer": false,
        "type": "Grung (Mining Settlement)",
        "region": "Karaz Ankor",
        "province": null,
        "estate": null,
        "population": 249,
        "population_estimated": true,
        "size_category": 1,
        "trade": null,
        "source": null,
        "tags": [],
        "notes": [],
        "history": {
          "province_2512": null,
          "province_2276": null,
          "ruler_2515": null,
          "ruler_2512": null,
          "ruler_2276": null
        },
        "wiki": {
          "title": null,
          "url": null,
          "description": null,
          "image": null
        },
        "svg_layer": "Dwarf Holds"
      }
    },
    {
      "type": "Feature",
      "id": "copy_text_8312",
      "geometry": {
        "type": "Point",
        "coordinates": [
          11.184069,
          45.620062
        ]
      },
      "properties": {
        "id": "copy_text_8312",
        "name": "Grung Gundrikson",
        "category": "settlement",
        "dataset": "karaz_ankor",
        "in_gazetteer": true,
        "type": "Grung (Mining Settlement)",
        "region": "Karaz Ankor",
        "province": null,
        "estate": null,
        "population": 179,
        "population_estimated": true,
        "size_category": 1,
        "trade": null,
        "source": "Warhammer: The Old World",
        "tags": [],
        "notes": [],
        "history": {
          "province_2512": null,
          "province_2276": null,
          "ruler_2515": null,
          "ruler_2512": null,
          "ruler_2276": null
        },
        "wiki": {
          "title": null,
          "url": null,
          "description": null,
          "image": null
        },
        "svg_layer": "Dwarf Holds"
      }
    },
    {
      "type": "Feature",
      "id": "copy_text_8313",
      "geometry": {
        "type": "Point",
        "coordinates": [
          5.110222,
          42.327774
        ]
      },
      "properties": {
        "id": "copy_text_8313",
        "name": "Khazid Azkorn",
        "category": "settlement",
        "dataset": "karaz_ankor",
        "in_gazetteer": true,
        "type": "Khazid (Town)",
        "region": "Karaz Ankor",
        "province": "Karak Hirn",
        "estate": null,
        "population": 63,
        "population_estimated": true,
        "size_category": 1,
        "trade": null,
        "source": "Alfred \"MadAlfred\" Nuñez Jr. (unofficial)",
        "tags": [],
        "notes": [],
        "history": {
          "province_2512": null,
          "province_2276": null,
          "ruler_2515": null,
          "ruler_2512": null,
          "ruler_2276": null
        },
        "wiki": {
          "title": null,
          "url": null,
          "description": null,
          "image": null
        },
        "svg_layer": "Dwarf Holds"
      }
    },
    {
      "type": "Feature",
      "id": "copy_text_8314",
      "geometry": {
        "type": "Point",
        "coordinates": [
          3.781548,
          41.823092
        ]
      },
      "properties": {
        "id": "copy_text_8314",
        "name": "Khazid Bamkin",
        "category": "settlement",
        "dataset": "karaz_ankor",
        "in_gazetteer": true,
        "type": "Khazid (Town)",
        "region": "Karaz Ankor",
        "province": "Karak Hirn",
        "estate": null,
        "population": 183,
        "population_estimated": true,
        "size_category": 1,
        "trade": null,
        "source": "Alfred \"MadAlfred\" Nuñez Jr. (unofficial)",
        "tags": [],
        "notes": [],
        "history": {
          "province_2512": null,
          "province_2276": null,
          "ruler_2515": null,
          "ruler_2512": null,
          "ruler_2276": null
        },
        "wiki": {
          "title": null,
          "url": null,
          "description": null,
          "image": null
        },
        "svg_layer": "Dwarf Holds"
      }
    },
    {
      "type": "Feature",
      "id": "copy_text_8315",
      "geometry": {
        "type": "Point",
        "coordinates": [
          5.297318,
          42.581495
        ]
      },
      "properties": {
        "id": "copy_text_8315",
        "name": "Grung Dramk",
        "category": "settlement",
        "dataset": "karaz_ankor",
        "in_gazetteer": true,
        "type": "Grung (Mining Settlement)",
        "region": "Karaz Ankor",
        "province": "Karak Hirn",
        "estate": null,
        "population": 84,
        "population_estimated": true,
        "size_category": 1,
        "trade": null,
        "source": "Alfred \"MadAlfred\" Nuñez Jr. (unofficial)",
        "tags": [],
        "notes": [],
        "history": {
          "province_2512": null,
          "province_2276": null,
          "ruler_2515": null,
          "ruler_2512": null,
          "ruler_2276": null
        },
        "wiki": {
          "title": null,
          "url": null,
          "description": null,
          "image": null
        },
        "svg_layer": "Dwarf Holds"
      }
    },
    {
      "type": "Feature",
      "id": "copy_text_8316",
      "geometry": {
        "type": "Point",
        "coordinates": [
          4.782109,
          41.687677
        ]
      },
      "properties": {
        "id": "copy_text_8316",
        "name": "Kazad Dron",
        "category": "settlement",
        "dataset": "karaz_ankor",
        "in_gazetteer": true,
        "type": "Kazad (Fortress)",
        "region": "Karaz Ankor",
        "province": "Karak Hirn",
        "estate": null,
        "population": 66,
        "population_estimated": true,
        "size_category": 1,
        "trade": null,
        "source": "Alfred \"MadAlfred\" Nuñez Jr. (unofficial)",
        "tags": [],
        "notes": [],
        "history": {
          "province_2512": null,
          "province_2276": null,
          "ruler_2515": null,
          "ruler_2512": null,
          "ruler_2276": null
        },
        "wiki": {
          "title": null,
          "url": null,
          "description": null,
          "image": null
        },
        "svg_layer": "Dwarf Holds"
      }
    },
    {
      "type": "Feature",
      "id": "copy_text_8317",
      "geometry": {
        "type": "Point",
        "coordinates": [
          4.838041,
          41.731561
        ]
      },
      "properties": {
        "id": "copy_text_8317",
        "name": "Khazid Ralsten",
        "category": "settlement",
        "dataset": "karaz_ankor",
        "in_gazetteer": true,
        "type": "Khazid (Town)",
        "region": "Karaz Ankor",
        "province": "Karak Hirn",
        "estate": null,
        "population": 234,
        "population_estimated": true,
        "size_category": 1,
        "trade": null,
        "source": "Alfred \"MadAlfred\" Nuñez Jr. (unofficial)",
        "tags": [],
        "notes": [],
        "history": {
          "province_2512": null,
          "province_2276": null,
          "ruler_2515": null,
          "ruler_2512": null,
          "ruler_2276": null
        },
        "wiki": {
          "title": null,
          "url": null,
          "description": null,
          "image": null
        },
        "svg_layer": "Dwarf Holds"
      }
    },
    {
      "type": "Feature",
      "id": "copy_text_8318",
      "geometry": {
        "type": "Point",
        "coordinates": [
          4.087578,
          41.863376
        ]
      },
      "properties": {
        "id": "copy_text_8318",
        "name": "Grung Mezik",
        "category": "settlement",
        "dataset": "karaz_ankor",
        "in_gazetteer": true,
        "type": "Grung (Mining Settlement)",
        "region": "Karaz Ankor",
        "province": "Karak Hirn",
        "estate": null,
        "population": 197,
        "population_estimated": true,
        "size_category": 1,
        "trade": null,
        "source": "Alfred \"MadAlfred\" Nuñez Jr. (unofficial)",
        "tags": [],
        "notes": [],
        "history": {
          "province_2512": null,
          "province_2276": null,
          "ruler_2515": null,
          "ruler_2512": null,
          "ruler_2276": null
        },
        "wiki": {
          "title": null,
          "url": null,
          "description": null,
          "image": null
        },
        "svg_layer": "Dwarf Holds"
      }
    },
    {
      "type": "Feature",
      "id": "copy_text_8319",
      "geometry": {
        "type": "Point",
        "coordinates": [
          4.716497,
          42.128243
        ]
      },
      "properties": {
        "id": "copy_text_8319",
        "name": "Grung Rhyn",
        "category": "settlement",
        "dataset": "karaz_ankor",
        "in_gazetteer": true,
        "type": "Grung (Mining Settlement)",
        "region": "Karaz Ankor",
        "province": "Karak Hirn",
        "estate": null,
        "population": 87,
        "population_estimated": true,
        "size_category": 1,
        "trade": null,
        "source": "Alfred \"MadAlfred\" Nuñez Jr. (unofficial)",
        "tags": [],
        "notes": [],
        "history": {
          "province_2512": null,
          "province_2276": null,
          "ruler_2515": null,
          "ruler_2512": null,
          "ruler_2276": null
        },
        "wiki": {
          "title": null,
          "url": null,
          "description": null,
          "image": null
        },
        "svg_layer": "Dwarf Holds"
      }
    },
    {
      "type": "Feature",
      "id": "copy_text_8320",
      "geometry": {
        "type": "Point",
        "coordinates": [
          4.705742,
          42.013796
        ]
      },
      "properties": {
        "id": "copy_text_8320",
        "name": "Grung Krant",
        "category": "settlement",
        "dataset": "karaz_ankor",
        "in_gazetteer": true,
        "type": "Grung (Mining Settlement)",
        "region": "Karaz Ankor",
        "province": "Karak Hirn",
        "estate": null,
        "population": 118,
        "population_estimated": true,
        "size_category": 1,
        "trade": null,
        "source": "Alfred \"MadAlfred\" Nuñez Jr. (unofficial)",
        "tags": [],
        "notes": [],
        "history": {
          "province_2512": null,
          "province_2276": null,
          "ruler_2515": null,
          "ruler_2512": null,
          "ruler_2276": null
        },
        "wiki": {
          "title": null,
          "url": null,
          "description": null,
          "image": null
        },
        "svg_layer": "Dwarf Holds"
      }
    },
    {
      "type": "Feature",
      "id": "copy_text_8321",
      "geometry": {
        "type": "Point",
        "coordinates": [
          4.614316,
          41.951845
        ]
      },
      "properties": {
        "id": "copy_text_8321",
        "name": "Grung Skrim",
        "category": "settlement",
        "dataset": "karaz_ankor",
        "in_gazetteer": true,
        "type": "Grung (Mining Settlement)",
        "region": "Karaz Ankor",
        "province": "Karak Hirn",
        "estate": null,
        "population": 103,
        "population_estimated": true,
        "size_category": 1,
        "trade": null,
        "source": "Alfred \"MadAlfred\" Nuñez Jr. (unofficial)",
        "tags": [],
        "notes": [],
        "history": {
          "province_2512": null,
          "province_2276": null,
          "ruler_2515": null,
          "ruler_2512": null,
          "ruler_2276": null
        },
        "wiki": {
          "title": null,
          "url": null,
          "description": null,
          "image": null
        },
        "svg_layer": "Dwarf Holds"
      }
    },
    {
      "type": "Feature",
      "id": "copy_text_8322",
      "geometry": {
        "type": "Point",
        "coordinates": [
          4.532572,
          41.903658
        ]
      },
      "properties": {
        "id": "copy_text_8322",
        "name": "Grung Rient",
        "category": "settlement",
        "dataset": "karaz_ankor",
        "in_gazetteer": true,
        "type": "Grung (Mining Settlement)",
        "region": "Karaz Ankor",
        "province": "Karak Hirn",
        "estate": null,
        "population": 172,
        "population_estimated": true,
        "size_category": 1,
        "trade": null,
        "source": "Alfred \"MadAlfred\" Nuñez Jr. (unofficial)",
        "tags": [],
        "notes": [],
        "history": {
          "province_2512": null,
          "province_2276": null,
          "ruler_2515": null,
          "ruler_2512": null,
          "ruler_2276": null
        },
        "wiki": {
          "title": null,
          "url": null,
          "description": null,
          "image": null
        },
        "svg_layer": "Dwarf Holds"
      }
    },
    {
      "type": "Feature",
      "id": "copy_text_8323",
      "geometry": {
        "type": "Point",
        "coordinates": [
          5.005833,
          41.984543
        ]
      },
      "properties": {
        "id": "copy_text_8323",
        "name": "Grung Zan",
        "category": "settlement",
        "dataset": "karaz_ankor",
        "in_gazetteer": true,
        "type": "Grung (Mining Settlement)",
        "region": "Karaz Ankor",
        "province": "Karak Hirn",
        "estate": null,
        "population": 105,
        "population_estimated": true,
        "size_category": 1,
        "trade": null,
        "source": "Alfred \"MadAlfred\" Nuñez Jr. (unofficial)",
        "tags": [],
        "notes": [],
        "history": {
          "province_2512": null,
          "province_2276": null,
          "ruler_2515": null,
          "ruler_2512": null,
          "ruler_2276": null
        },
        "wiki": {
          "title": null,
          "url": null,
          "description": null,
          "image": null
        },
        "svg_layer": "Dwarf Holds"
      }
    },
    {
      "type": "Feature",
      "id": "copy_text_8324",
      "geometry": {
        "type": "Point",
        "coordinates": [
          5.084352,
          42.115335
        ]
      },
      "properties": {
        "id": "copy_text_8324",
        "name": "Grung Rhuk",
        "category": "settlement",
        "dataset": "karaz_ankor",
        "in_gazetteer": true,
        "type": "Grung (Mining Settlement)",
        "region": "Karaz Ankor",
        "province": "Karak Hirn",
        "estate": null,
        "population": 119,
        "population_estimated": true,
        "size_category": 1,
        "trade": null,
        "source": "Alfred \"MadAlfred\" Nuñez Jr. (unofficial)",
        "tags": [],
        "notes": [],
        "history": {
          "province_2512": null,
          "province_2276": null,
          "ruler_2515": null,
          "ruler_2512": null,
          "ruler_2276": null
        },
        "wiki": {
          "title": null,
          "url": null,
          "description": null,
          "image": null
        },
        "svg_layer": "Dwarf Holds"
      }
    },
    {
      "type": "Feature",
      "id": "copy_text_8325",
      "geometry": {
        "type": "Point",
        "coordinates": [
          4.030983,
          41.803895
        ]
      },
      "properties": {
        "id": "copy_text_8325",
        "name": "Grung Ont",
        "category": "settlement",
        "dataset": "karaz_ankor",
        "in_gazetteer": false,
        "type": "Grung (Mining Settlement)",
        "region": "Karaz Ankor",
        "province": null,
        "estate": null,
        "population": 226,
        "population_estimated": true,
        "size_category": 1,
        "trade": null,
        "source": null,
        "tags": [],
        "notes": [],
        "history": {
          "province_2512": null,
          "province_2276": null,
          "ruler_2515": null,
          "ruler_2512": null,
          "ruler_2276": null
        },
        "wiki": {
          "title": null,
          "url": null,
          "description": null,
          "image": null
        },
        "svg_layer": "Dwarf Holds"
      }
    },
    {
      "type": "Feature",
      "id": "copy_text_8326",
      "geometry": {
        "type": "Point",
        "coordinates": [
          3.849968,
          41.991299
        ]
      },
      "properties": {
        "id": "copy_text_8326",
        "name": "Kazad Hraban",
        "category": "settlement",
        "dataset": "karaz_ankor",
        "in_gazetteer": true,
        "type": "Kazad (Fortress)",
        "region": "Karaz Ankor",
        "province": "Karak Hirn",
        "estate": null,
        "population": 123,
        "population_estimated": true,
        "size_category": 1,
        "trade": null,
        "source": "Alfred \"MadAlfred\" Nuñez Jr. (unofficial)",
        "tags": [],
        "notes": [],
        "history": {
          "province_2512": null,
          "province_2276": null,
          "ruler_2515": null,
          "ruler_2512": null,
          "ruler_2276": null
        },
        "wiki": {
          "title": null,
          "url": null,
          "description": null,
          "image": null
        },
        "svg_layer": "Dwarf Holds"
      }
    },
    {
      "type": "Feature",
      "id": "copy_text_8327",
      "geometry": {
        "type": "Point",
        "coordinates": [
          4.977478,
          42.523073
        ]
      },
      "properties": {
        "id": "copy_text_8327",
        "name": "Grung Drazkarak",
        "category": "settlement",
        "dataset": "karaz_ankor",
        "in_gazetteer": false,
        "type": "Karak (Great Hold)",
        "region": "Karaz Ankor",
        "province": null,
        "estate": null,
        "population": 194,
        "population_estimated": true,
        "size_category": 1,
        "trade": null,
        "source": null,
        "tags": [],
        "notes": [],
        "history": {
          "province_2512": null,
          "province_2276": null,
          "ruler_2515": null,
          "ruler_2512": null,
          "ruler_2276": null
        },
        "wiki": {
          "title": null,
          "url": null,
          "description": null,
          "image": null
        },
        "svg_layer": "Dwarf Holds"
      }
    },
    {
      "type": "Feature",
      "id": "copy_text_8328",
      "geometry": {
        "type": "Point",
        "coordinates": [
          5.312585,
          42.739395
        ]
      },
      "properties": {
        "id": "copy_text_8328",
        "name": "Kazad Zorn",
        "category": "settlement",
        "dataset": "karaz_ankor",
        "in_gazetteer": true,
        "type": "Kazad (Fortress)",
        "region": "Karaz Ankor",
        "province": "Karak Hirn",
        "estate": null,
        "population": 108,
        "population_estimated": true,
        "size_category": 1,
        "trade": null,
        "source": "Alfred \"MadAlfred\" Nuñez Jr. (unofficial)",
        "tags": [],
        "notes": [],
        "history": {
          "province_2512": null,
          "province_2276": null,
          "ruler_2515": null,
          "ruler_2512": null,
          "ruler_2276": null
        },
        "wiki": {
          "title": null,
          "url": null,
          "description": null,
          "image": null
        },
        "svg_layer": "Dwarf Holds"
      }
    },
    {
      "type": "Feature",
      "id": "copy_text_8329",
      "geometry": {
        "type": "Point",
        "coordinates": [
          4.869415,
          42.278391
        ]
      },
      "properties": {
        "id": "copy_text_8329",
        "name": "Grung Ratik",
        "category": "settlement",
        "dataset": "karaz_ankor",
        "in_gazetteer": false,
        "type": "Grung (Mining Settlement)",
        "region": "Karaz Ankor",
        "province": null,
        "estate": null,
        "population": 505,
        "population_estimated": true,
        "size_category": 2,
        "trade": null,
        "source": null,
        "tags": [],
        "notes": [],
        "history": {
          "province_2512": null,
          "province_2276": null,
          "ruler_2515": null,
          "ruler_2512": null,
          "ruler_2276": null
        },
        "wiki": {
          "title": null,
          "url": null,
          "description": null,
          "image": null
        },
        "svg_layer": "Dwarf Holds"
      }
    },
    {
      "type": "Feature",
      "id": "copy_text_8330",
      "geometry": {
        "type": "Point",
        "coordinates": [
          4.677933,
          42.327775
        ]
      },
      "properties": {
        "id": "copy_text_8330",
        "name": "Khazid Theng",
        "category": "settlement",
        "dataset": "karaz_ankor",
        "in_gazetteer": true,
        "type": "Khazid (Town)",
        "region": "Karaz Ankor",
        "province": "Karak Hirn",
        "estate": null,
        "population": 78,
        "population_estimated": true,
        "size_category": 1,
        "trade": null,
        "source": "Alfred \"MadAlfred\" Nuñez Jr. (unofficial)",
        "tags": [],
        "notes": [],
        "history": {
          "province_2512": null,
          "province_2276": null,
          "ruler_2515": null,
          "ruler_2512": null,
          "ruler_2276": null
        },
        "wiki": {
          "title": null,
          "url": null,
          "description": null,
          "image": null
        },
        "svg_layer": "Dwarf Holds"
      }
    },
    {
      "type": "Feature",
      "id": "copy_text_8331",
      "geometry": {
        "type": "Point",
        "coordinates": [
          4.489547,
          42.539548
        ]
      },
      "properties": {
        "id": "copy_text_8331",
        "name": "Kazad Ruvalkbar",
        "category": "settlement",
        "dataset": "karaz_ankor",
        "in_gazetteer": true,
        "type": "Kazad (Fortress)",
        "region": "Karaz Ankor",
        "province": "Karak Hirn",
        "estate": null,
        "population": 534,
        "population_estimated": true,
        "size_category": 2,
        "trade": null,
        "source": "Alfred \"MadAlfred\" Nuñez Jr. (unofficial)",
        "tags": [],
        "notes": [],
        "history": {
          "province_2512": null,
          "province_2276": null,
          "ruler_2515": null,
          "ruler_2512": null,
          "ruler_2276": null
        },
        "wiki": {
          "title": null,
          "url": null,
          "description": null,
          "image": null
        },
        "svg_layer": "Dwarf Holds"
      }
    },
    {
      "type": "Feature",
      "id": "copy_text_8332",
      "geometry": {
        "type": "Point",
        "coordinates": [
          4.714347,
          42.196222
        ]
      },
      "properties": {
        "id": "copy_text_8332",
        "name": "Khazid Nauk",
        "category": "settlement",
        "dataset": "karaz_ankor",
        "in_gazetteer": true,
        "type": "Khazid (Town)",
        "region": "Karaz Ankor",
        "province": "Karak Hirn",
        "estate": null,
        "population": 117,
        "population_estimated": true,
        "size_category": 1,
        "trade": null,
        "source": "Alfred \"MadAlfred\" Nuñez Jr. (unofficial)",
        "tags": [],
        "notes": [],
        "history": {
          "province_2512": null,
          "province_2276": null,
          "ruler_2515": null,
          "ruler_2512": null,
          "ruler_2276": null
        },
        "wiki": {
          "title": null,
          "url": null,
          "description": null,
          "image": null
        },
        "svg_layer": "Dwarf Holds"
      }
    },
    {
      "type": "Feature",
      "id": "copy_text_8333",
      "geometry": {
        "type": "Point",
        "coordinates": [
          9.586133,
          47.13392
        ]
      },
      "properties": {
        "id": "copy_text_8333",
        "name": "Khazid Aldum",
        "category": "settlement",
        "dataset": "karaz_ankor",
        "in_gazetteer": false,
        "type": "Khazid (Town)",
        "region": "Karaz Ankor",
        "province": null,
        "estate": null,
        "population": 88,
        "population_estimated": true,
        "size_category": 1,
        "trade": null,
        "source": null,
        "tags": [],
        "notes": [],
        "history": {
          "province_2512": null,
          "province_2276": null,
          "ruler_2515": null,
          "ruler_2512": null,
          "ruler_2276": null
        },
        "wiki": {
          "title": null,
          "url": null,
          "description": null,
          "image": null
        },
        "svg_layer": "Dwarf Holds"
      }
    },
    {
      "type": "Feature",
      "id": "copy_text_8334",
      "geometry": {
        "type": "Point",
        "coordinates": [
          -1.775353,
          49.115464
        ]
      },
      "properties": {
        "id": "copy_text_8334",
        "name": "Karak Gnol",
        "category": "settlement",
        "dataset": "karaz_ankor",
        "in_gazetteer": true,
        "type": "Karak (Great Hold)",
        "region": "Karaz Ankor",
        "province": null,
        "estate": null,
        "population": 122,
        "population_estimated": true,
        "size_category": 1,
        "trade": null,
        "source": "Warhammer: Vermintide 2",
        "tags": [],
        "notes": [
          "fallen",
          "skaven"
        ],
        "history": {
          "province_2512": null,
          "province_2276": null,
          "ruler_2515": null,
          "ruler_2512": null,
          "ruler_2276": null
        },
        "wiki": {
          "title": "Karak Gnol",
          "url": "https://warhammerfantasy.fandom.com/wiki/Karak_Gnol",
          "description": "Karak Gnol, meaning \" Old Hold \" in Khazalid, is a now-abandoned Dwarf hold in the Grey Mountains. Its towers and buildings were built in a massive cavern, and included a great waterworks and expansive mining operations. The hold was overrun by the Skaven during the early End Times and served as the chief fortress and nest of Warlord Skarrik Spinemanglr of Clan Fester, before he was slain by a group of heroes known as the Ubersreik Five.",
          "image": null
        },
        "svg_layer": "Dwarf Holds"
      }
    },
    {
      "type": "Feature",
      "id": "copy_text_8335",
      "geometry": {
        "type": "Point",
        "coordinates": [
          -0.917253,
          48.781079
        ]
      },
      "properties": {
        "id": "copy_text_8335",
        "name": "Khazid Kro",
        "category": "settlement",
        "dataset": "karaz_ankor",
        "in_gazetteer": true,
        "type": "Khazid (Town)",
        "region": "Karaz Ankor",
        "province": null,
        "estate": null,
        "population": 114,
        "population_estimated": true,
        "size_category": 1,
        "trade": null,
        "source": "Warhammer: Vermintide 2",
        "tags": [],
        "notes": [
          "fallen",
          "skaven"
        ],
        "history": {
          "province_2512": null,
          "province_2276": null,
          "ruler_2515": null,
          "ruler_2512": null,
          "ruler_2276": null
        },
        "wiki": {
          "title": null,
          "url": null,
          "description": null,
          "image": null
        },
        "svg_layer": "Dwarf Holds"
      }
    },
    {
      "type": "Feature",
      "id": "copy_text_8336",
      "geometry": {
        "type": "Point",
        "coordinates": [
          -0.154623,
          48.601197
        ]
      },
      "properties": {
        "id": "copy_text_8336",
        "name": "Migdhal Agril",
        "category": "settlement",
        "dataset": "karaz_ankor",
        "in_gazetteer": true,
        "type": "Kazad (Fortress)",
        "region": "Karaz Ankor",
        "province": null,
        "estate": null,
        "population": 78,
        "population_estimated": true,
        "size_category": 1,
        "trade": null,
        "source": "Warhammer Fantasy Roleplay 4e: Starter Set - Ubersreik Adventures I",
        "tags": [],
        "notes": [],
        "history": {
          "province_2512": null,
          "province_2276": null,
          "ruler_2515": null,
          "ruler_2512": null,
          "ruler_2276": null
        },
        "wiki": {
          "title": null,
          "url": null,
          "description": null,
          "image": null
        },
        "svg_layer": "Dwarf Holds"
      }
    },
    {
      "type": "Feature",
      "id": "copy_text_8337",
      "geometry": {
        "type": "Point",
        "coordinates": [
          -2.442188,
          38.672681
        ]
      },
      "properties": {
        "id": "copy_text_8337",
        "name": "Zarakzil",
        "category": "settlement",
        "dataset": "karaz_ankor",
        "in_gazetteer": true,
        "type": "Khazid (Town)",
        "region": "Karaz Ankor",
        "province": null,
        "estate": null,
        "population": 187,
        "population_estimated": true,
        "size_category": 1,
        "trade": null,
        "source": "Total War: Warhammer",
        "tags": [],
        "notes": [],
        "history": {
          "province_2512": null,
          "province_2276": null,
          "ruler_2515": null,
          "ruler_2512": null,
          "ruler_2276": null
        },
        "wiki": {
          "title": "Zarakzil",
          "url": "https://warhammerfantasy.fandom.com/wiki/Zarakzil",
          "description": "Zarakzil is a Dwarf settlement located in the Apuccini Mountains between Tilea and the realm of the Border Princes, near Kazad Sedazund. The Apuccinis shelter the Tileans from the lawless areas known as the Border Princes, or that is how the Tileans see it, at least, but forests in the foothills are dangerous enough, harbouring many predatory beasts, not all of natural or mortal origin. There are Goblins too, such as those of the Broken Nose Tribe, and brigands are a constant threat, maintaining stony strongholds high in the mountain valleys.",
          "image": "https://static.wikia.nocookie.net/warhammerfb/images/2/2b/The_Vaults_Map_Nagash_pp.69.png/revision/latest?cb=20220423104235"
        },
        "svg_layer": "Dwarf Holds"
      }
    },
    {
      "type": "Feature",
      "id": "copy_text_8338",
      "geometry": {
        "type": "Point",
        "coordinates": [
          9.527102,
          47.028207
        ]
      },
      "properties": {
        "id": "copy_text_8338",
        "name": "Grung Aldum",
        "category": "settlement",
        "dataset": "karaz_ankor",
        "in_gazetteer": true,
        "type": "Grung (Mining Settlement)",
        "region": "Karaz Ankor",
        "province": null,
        "estate": null,
        "population": 148,
        "population_estimated": true,
        "size_category": 1,
        "trade": null,
        "source": null,
        "tags": [],
        "notes": [],
        "history": {
          "province_2512": null,
          "province_2276": null,
          "ruler_2515": null,
          "ruler_2512": null,
          "ruler_2276": null
        },
        "wiki": {
          "title": null,
          "url": null,
          "description": null,
          "image": null
        },
        "svg_layer": "Dwarf Holds"
      }
    },
    {
      "type": "Feature",
      "id": "copy_text_8339",
      "geometry": {
        "type": "Point",
        "coordinates": [
          2.485692,
          41.594102
        ]
      },
      "properties": {
        "id": "copy_text_8339",
        "name": "Kadar Gravning",
        "category": "settlement",
        "dataset": "karaz_ankor",
        "in_gazetteer": true,
        "type": "Kadar (Shrine)",
        "region": "Karaz Ankor",
        "province": null,
        "estate": null,
        "population": 449,
        "population_estimated": true,
        "size_category": 2,
        "trade": null,
        "source": "Warhammer Fantasy Roleplay 1e: Doomstones",
        "tags": [],
        "notes": [],
        "history": {
          "province_2512": null,
          "province_2276": null,
          "ruler_2515": null,
          "ruler_2512": null,
          "ruler_2276": null
        },
        "wiki": {
          "title": null,
          "url": null,
          "description": null,
          "image": null
        },
        "svg_layer": "Dwarf Holds"
      }
    },
    {
      "type": "Feature",
      "id": "copy_text_8340",
      "geometry": {
        "type": "Point",
        "coordinates": [
          12.814132,
          41.714479
        ]
      },
      "properties": {
        "id": "copy_text_8340",
        "name": "Khazid Vosk",
        "category": "settlement",
        "dataset": "karaz_ankor",
        "in_gazetteer": true,
        "type": "Khazid (Town)",
        "region": "Karaz Ankor",
        "province": null,
        "estate": null,
        "population": 85,
        "population_estimated": true,
        "size_category": 1,
        "trade": null,
        "source": "Warhammer: The Old World",
        "tags": [],
        "notes": [
          "fallen"
        ],
        "history": {
          "province_2512": null,
          "province_2276": null,
          "ruler_2515": null,
          "ruler_2512": null,
          "ruler_2276": null
        },
        "wiki": {
          "title": null,
          "url": null,
          "description": null,
          "image": null
        },
        "svg_layer": "Dwarf Holds"
      }
    },
    {
      "type": "Feature",
      "id": "text20381",
      "geometry": {
        "type": "Point",
        "coordinates": [
          10.606601,
          45.139762
        ]
      },
      "properties": {
        "id": "text20381",
        "name": "Kadar Khalizad",
        "category": "settlement",
        "dataset": "karaz_ankor",
        "in_gazetteer": true,
        "type": "Kadar (Shrine)",
        "region": "Karaz Ankor",
        "province": null,
        "estate": null,
        "population": 125,
        "population_estimated": true,
        "size_category": 1,
        "trade": null,
        "source": "Warhammer Fantasy Roleplay 1e: Empire in Flames",
        "tags": [],
        "notes": [],
        "history": {
          "province_2512": null,
          "province_2276": null,
          "ruler_2515": null,
          "ruler_2512": null,
          "ruler_2276": null
        },
        "wiki": {
          "title": null,
          "url": null,
          "description": null,
          "image": null
        },
        "svg_layer": "Dwarf Holds"
      }
    },
    {
      "type": "Feature",
      "id": "text20382",
      "geometry": {
        "type": "Point",
        "coordinates": [
          8.978783,
          45.104774
        ]
      },
      "properties": {
        "id": "text20382",
        "name": "Karak Kadal",
        "category": "settlement",
        "dataset": "karaz_ankor",
        "in_gazetteer": true,
        "type": "Kadar (Shrine)",
        "region": "Karaz Ankor",
        "province": null,
        "estate": null,
        "population": 280,
        "population_estimated": true,
        "size_category": 1,
        "trade": null,
        "source": "Warhammer Fantasy Roleplay 1e: Empire in Flames",
        "tags": [],
        "notes": [],
        "history": {
          "province_2512": null,
          "province_2276": null,
          "ruler_2515": null,
          "ruler_2512": null,
          "ruler_2276": null
        },
        "wiki": {
          "title": null,
          "url": null,
          "description": null,
          "image": null
        },
        "svg_layer": "Dwarf Holds"
      }
    },
    {
      "type": "Feature",
      "id": "text21115",
      "geometry": {
        "type": "Point",
        "coordinates": [
          -17.403297,
          60.265219
        ]
      },
      "properties": {
        "id": "text21115",
        "name": "Khazid Dwimmerdim",
        "category": "settlement",
        "dataset": "karaz_ankor",
        "in_gazetteer": false,
        "type": "Khazid (Town)",
        "region": "Karaz Ankor",
        "province": null,
        "estate": null,
        "population": 96,
        "population_estimated": true,
        "size_category": 1,
        "trade": null,
        "source": null,
        "tags": [],
        "notes": [],
        "history": {
          "province_2512": null,
          "province_2276": null,
          "ruler_2515": null,
          "ruler_2512": null,
          "ruler_2276": null
        },
        "wiki": {
          "title": null,
          "url": null,
          "description": null,
          "image": null
        },
        "svg_layer": "Dwarf Holds"
      }
    },
    {
      "type": "Feature",
      "id": "text3318",
      "geometry": {
        "type": "Point",
        "coordinates": [
          1.24819,
          45.074154
        ]
      },
      "properties": {
        "id": "text3318",
        "name": "Zumgrungaz",
        "category": "settlement",
        "dataset": "karaz_ankor",
        "in_gazetteer": true,
        "type": "Grung (Mining Settlement)",
        "region": "Karaz Ankor",
        "province": "Karak Norn",
        "estate": null,
        "population": 402,
        "population_estimated": true,
        "size_category": 2,
        "trade": null,
        "source": "Warhammer Fantasy Roleplay 4e: Lords of Stone and Steel",
        "tags": [],
        "notes": [],
        "history": {
          "province_2512": null,
          "province_2276": null,
          "ruler_2515": null,
          "ruler_2512": null,
          "ruler_2276": null
        },
        "wiki": {
          "title": null,
          "url": null,
          "description": null,
          "image": null
        },
        "svg_layer": "Dwarf Holds"
      }
    },
    {
      "type": "Feature",
      "id": "text3319",
      "geometry": {
        "type": "Point",
        "coordinates": [
          0.934124,
          45.259904
        ]
      },
      "properties": {
        "id": "text3319",
        "name": "Tumzgrungaz",
        "category": "settlement",
        "dataset": "karaz_ankor",
        "in_gazetteer": true,
        "type": "Grung (Mining Settlement)",
        "region": "Karaz Ankor",
        "province": "Karak Norn",
        "estate": null,
        "population": 137,
        "population_estimated": true,
        "size_category": 1,
        "trade": null,
        "source": "Warhammer Fantasy Roleplay 4e: Lords of Stone and Steel",
        "tags": [],
        "notes": [],
        "history": {
          "province_2512": null,
          "province_2276": null,
          "ruler_2515": null,
          "ruler_2512": null,
          "ruler_2276": null
        },
        "wiki": {
          "title": null,
          "url": null,
          "description": null,
          "image": null
        },
        "svg_layer": "Dwarf Holds"
      }
    },
    {
      "type": "Feature",
      "id": "text3320",
      "geometry": {
        "type": "Point",
        "coordinates": [
          1.148968,
          45.133603
        ]
      },
      "properties": {
        "id": "text3320",
        "name": "Emkgrungaz",
        "category": "settlement",
        "dataset": "karaz_ankor",
        "in_gazetteer": true,
        "type": "Grung (Mining Settlement)",
        "region": "Karaz Ankor",
        "province": "Karak Norn",
        "estate": null,
        "population": 164,
        "population_estimated": true,
        "size_category": 1,
        "trade": null,
        "source": "Warhammer Fantasy Roleplay 4e: Lords of Stone and Steel",
        "tags": [],
        "notes": [],
        "history": {
          "province_2512": null,
          "province_2276": null,
          "ruler_2515": null,
          "ruler_2512": null,
          "ruler_2276": null
        },
        "wiki": {
          "title": null,
          "url": null,
          "description": null,
          "image": null
        },
        "svg_layer": "Dwarf Holds"
      }
    },
    {
      "type": "Feature",
      "id": "text3322",
      "geometry": {
        "type": "Point",
        "coordinates": [
          0.793055,
          45.089633
        ]
      },
      "properties": {
        "id": "text3322",
        "name": "Migdhal Sauk",
        "category": "settlement",
        "dataset": "karaz_ankor",
        "in_gazetteer": true,
        "type": "Kazad (Fortress)",
        "region": "Karaz Ankor",
        "province": "Karak Norn",
        "estate": null,
        "population": 139,
        "population_estimated": true,
        "size_category": 1,
        "trade": null,
        "source": "Warhammer Fantasy Roleplay 4e: Lords of Stone and Steel",
        "tags": [],
        "notes": [],
        "history": {
          "province_2512": null,
          "province_2276": null,
          "ruler_2515": null,
          "ruler_2512": null,
          "ruler_2276": null
        },
        "wiki": {
          "title": null,
          "url": null,
          "description": null,
          "image": null
        },
        "svg_layer": "Dwarf Holds"
      }
    },
    {
      "type": "Feature",
      "id": "text12566",
      "geometry": {
        "type": "Point",
        "coordinates": [
          1.003178,
          44.896223
        ]
      },
      "properties": {
        "id": "text12566",
        "name": "Stumgrungaz",
        "category": "settlement",
        "dataset": "karaz_ankor",
        "in_gazetteer": true,
        "type": "Grung (Mining Settlement)",
        "region": "Karaz Ankor",
        "province": "Karak Norn",
        "estate": null,
        "population": 250,
        "population_estimated": true,
        "size_category": 1,
        "trade": null,
        "source": "Warhammer Fantasy Roleplay 4e: Lords of Stone and Steel",
        "tags": [],
        "notes": [],
        "history": {
          "province_2512": null,
          "province_2276": null,
          "ruler_2515": null,
          "ruler_2512": null,
          "ruler_2276": null
        },
        "wiki": {
          "title": null,
          "url": null,
          "description": null,
          "image": null
        },
        "svg_layer": "Dwarf Holds"
      }
    },
    {
      "type": "Feature",
      "id": "text12746",
      "geometry": {
        "type": "Point",
        "coordinates": [
          1.225038,
          44.599956
        ]
      },
      "properties": {
        "id": "text12746",
        "name": "Migdhal Tark",
        "category": "settlement",
        "dataset": "karaz_ankor",
        "in_gazetteer": true,
        "type": "Kazad (Fortress)",
        "region": "Karaz Ankor",
        "province": "Karak Norn",
        "estate": null,
        "population": 166,
        "population_estimated": true,
        "size_category": 1,
        "trade": null,
        "source": "Warhammer Fantasy Roleplay 4e: Lords of Stone and Steel",
        "tags": [],
        "notes": [],
        "history": {
          "province_2512": null,
          "province_2276": null,
          "ruler_2515": null,
          "ruler_2512": null,
          "ruler_2276": null
        },
        "wiki": {
          "title": null,
          "url": null,
          "description": null,
          "image": null
        },
        "svg_layer": "Dwarf Holds"
      }
    },
    {
      "type": "Feature",
      "id": "text13084",
      "geometry": {
        "type": "Point",
        "coordinates": [
          1.084303,
          44.625767
        ]
      },
      "properties": {
        "id": "text13084",
        "name": "Gandazgrungaz",
        "category": "settlement",
        "dataset": "karaz_ankor",
        "in_gazetteer": true,
        "type": "Grung (Mining Settlement)",
        "region": "Karaz Ankor",
        "province": "Karak Norn",
        "estate": null,
        "population": 132,
        "population_estimated": true,
        "size_category": 1,
        "trade": null,
        "source": "Warhammer Fantasy Roleplay 4e: Lords of Stone and Steel",
        "tags": [],
        "notes": [],
        "history": {
          "province_2512": null,
          "province_2276": null,
          "ruler_2515": null,
          "ruler_2512": null,
          "ruler_2276": null
        },
        "wiki": {
          "title": null,
          "url": null,
          "description": null,
          "image": null
        },
        "svg_layer": "Dwarf Holds"
      }
    },
    {
      "type": "Feature",
      "id": "text13085",
      "geometry": {
        "type": "Point",
        "coordinates": [
          1.225172,
          44.720601
        ]
      },
      "properties": {
        "id": "text13085",
        "name": "Strakgrungaz",
        "category": "settlement",
        "dataset": "karaz_ankor",
        "in_gazetteer": true,
        "type": "Grung (Mining Settlement)",
        "region": "Karaz Ankor",
        "province": "Karak Norn",
        "estate": null,
        "population": 111,
        "population_estimated": true,
        "size_category": 1,
        "trade": null,
        "source": "Warhammer Fantasy Roleplay 4e: Lords of Stone and Steel",
        "tags": [],
        "notes": [],
        "history": {
          "province_2512": null,
          "province_2276": null,
          "ruler_2515": null,
          "ruler_2512": null,
          "ruler_2276": null
        },
        "wiki": {
          "title": null,
          "url": null,
          "description": null,
          "image": null
        },
        "svg_layer": "Dwarf Holds"
      }
    },
    {
      "type": "Feature",
      "id": "text13086",
      "geometry": {
        "type": "Point",
        "coordinates": [
          1.116528,
          44.790575
        ]
      },
      "properties": {
        "id": "text13086",
        "name": "Krangrungaz",
        "category": "settlement",
        "dataset": "karaz_ankor",
        "in_gazetteer": true,
        "type": "Grung (Mining Settlement)",
        "region": "Karaz Ankor",
        "province": "Karak Norn",
        "estate": null,
        "population": 156,
        "population_estimated": true,
        "size_category": 1,
        "trade": null,
        "source": "Warhammer Fantasy Roleplay 4e: Lords of Stone and Steel",
        "tags": [],
        "notes": [],
        "history": {
          "province_2512": null,
          "province_2276": null,
          "ruler_2515": null,
          "ruler_2512": null,
          "ruler_2276": null
        },
        "wiki": {
          "title": null,
          "url": null,
          "description": null,
          "image": null
        },
        "svg_layer": "Dwarf Holds"
      }
    },
    {
      "type": "Feature",
      "id": "text39",
      "geometry": {
        "type": "Point",
        "coordinates": [
          -2.882263,
          49.880377
        ]
      },
      "properties": {
        "id": "text39",
        "name": "Karak Zanda",
        "category": "settlement",
        "dataset": "karaz_ankor",
        "in_gazetteer": true,
        "type": "Karak (Great Hold)",
        "region": "Karaz Ankor",
        "province": null,
        "estate": null,
        "population": 175,
        "population_estimated": true,
        "size_category": 1,
        "trade": null,
        "source": "Warhammer Fantasy Roleplay 4e: Enemy in Shadows",
        "tags": [],
        "notes": [
          "fallen"
        ],
        "history": {
          "province_2512": null,
          "province_2276": null,
          "ruler_2515": null,
          "ruler_2512": null,
          "ruler_2276": null
        },
        "wiki": {
          "title": "Karak Zanda",
          "url": "https://warhammerfantasy.fandom.com/wiki/Karak_Zanda",
          "description": "Karak Zanda was a Dwarf hold located near Axe Bite Pass in the Empire.",
          "image": null
        },
        "svg_layer": "Dwarf Holds"
      }
    },
    {
      "type": "Feature",
      "id": "text40",
      "geometry": {
        "type": "Point",
        "coordinates": [
          12.939599,
          41.889903
        ]
      },
      "properties": {
        "id": "text40",
        "name": "Karak Angkul",
        "category": "settlement",
        "dataset": "karaz_ankor",
        "in_gazetteer": true,
        "type": "Karak (Great Hold)",
        "region": "Karaz Ankor",
        "province": null,
        "estate": null,
        "population": 104,
        "population_estimated": true,
        "size_category": 1,
        "trade": null,
        "source": "Thanquol and Boneripper: Thanquol's Doom (Novel) by C.L Werner",
        "tags": [],
        "notes": [],
        "history": {
          "province_2512": null,
          "province_2276": null,
          "ruler_2515": null,
          "ruler_2512": null,
          "ruler_2276": null
        },
        "wiki": {
          "title": "Karak Angkul",
          "url": "https://warhammerfantasy.fandom.com/wiki/Karak_Angkul",
          "description": "Karak Angkul is a minor Dwarf Hold located somewhere within the World's Edge Mountain. Little is known about the hold other then the fact that it was subject to an invasion force of Skaven from Clan Skyre and Clan Mors, led by three infamous figures; Grey Seer Thanquol, Chief Warlock Ikit Claw and Warlord Queek Headtaker. The dwarfs of Karak Angkul had been described as a particularly tough and sneaky sort, their wars against the Skaven of Bonestash having lasted for centuries, the deathtoll on the Skaven being hundreds of times the number of the Dwarf dead.",
          "image": null
        },
        "svg_layer": "Dwarf Holds"
      }
    },
    {
      "type": "Feature",
      "id": "text58",
      "geometry": {
        "type": "Point",
        "coordinates": [
          -0.68132,
          48.703874
        ]
      },
      "properties": {
        "id": "text58",
        "name": "Garkarund",
        "category": "settlement",
        "dataset": "karaz_ankor",
        "in_gazetteer": true,
        "type": "Kazad (Fortress)",
        "region": "Karaz Ankor",
        "province": null,
        "estate": null,
        "population": 99,
        "population_estimated": true,
        "size_category": 1,
        "trade": null,
        "source": "Warhammer Fantasy Roleplay 4e: Starter Set - Ubersreik Adventures I",
        "tags": [],
        "notes": [],
        "history": {
          "province_2512": null,
          "province_2276": null,
          "ruler_2515": null,
          "ruler_2512": null,
          "ruler_2276": null
        },
        "wiki": {
          "title": null,
          "url": null,
          "description": null,
          "image": null
        },
        "svg_layer": "Dwarf Holds"
      }
    },
    {
      "type": "Feature",
      "id": "text63",
      "geometry": {
        "type": "Point",
        "coordinates": [
          -0.818932,
          48.668255
        ]
      },
      "properties": {
        "id": "text63",
        "name": "Migdhal Skarrenruf",
        "category": "settlement",
        "dataset": "karaz_ankor",
        "in_gazetteer": true,
        "type": "Kazad (Fortress)",
        "region": "Karaz Ankor",
        "province": null,
        "estate": null,
        "population": 245,
        "population_estimated": true,
        "size_category": 1,
        "trade": null,
        "source": "Warhammer Fantasy Roleplay 4e: Archive of the Empire I",
        "tags": [],
        "notes": [],
        "history": {
          "province_2512": null,
          "province_2276": null,
          "ruler_2515": null,
          "ruler_2512": null,
          "ruler_2276": null
        },
        "wiki": {
          "title": null,
          "url": null,
          "description": null,
          "image": null
        },
        "svg_layer": "Dwarf Holds"
      }
    },
    {
      "type": "Feature",
      "id": "text64",
      "geometry": {
        "type": "Point",
        "coordinates": [
          -0.281316,
          48.43228
        ]
      },
      "properties": {
        "id": "text64",
        "name": "Karak Baraz",
        "category": "settlement",
        "dataset": "karaz_ankor",
        "in_gazetteer": true,
        "type": "Karak (Great Hold)",
        "region": "Karaz Ankor",
        "province": null,
        "estate": null,
        "population": 124,
        "population_estimated": true,
        "size_category": 1,
        "trade": null,
        "source": "Warhammer Fantasy Roleplay 4e: Starter Set - Ubersreik Adventures I",
        "tags": [],
        "notes": [],
        "history": {
          "province_2512": null,
          "province_2276": null,
          "ruler_2515": null,
          "ruler_2512": null,
          "ruler_2276": null
        },
        "wiki": {
          "title": null,
          "url": null,
          "description": null,
          "image": null
        },
        "svg_layer": "Dwarf Holds"
      }
    },
    {
      "type": "Feature",
      "id": "text65",
      "geometry": {
        "type": "Point",
        "coordinates": [
          2.540365,
          41.674113
        ]
      },
      "properties": {
        "id": "text65",
        "name": "Karak Drimnak",
        "category": "settlement",
        "dataset": "karaz_ankor",
        "in_gazetteer": true,
        "type": "Karak (Great Hold)",
        "region": "Karaz Ankor",
        "province": null,
        "estate": null,
        "population": 243,
        "population_estimated": true,
        "size_category": 1,
        "trade": null,
        "source": "Warhammer Fantasy Roleplay 4e: Starter Set - Ubersreik Adventures I",
        "tags": [],
        "notes": [
          "fallen"
        ],
        "history": {
          "province_2512": null,
          "province_2276": null,
          "ruler_2515": null,
          "ruler_2512": null,
          "ruler_2276": null
        },
        "wiki": {
          "title": null,
          "url": null,
          "description": null,
          "image": null
        },
        "svg_layer": "Dwarf Holds"
      }
    },
    {
      "type": "Feature",
      "id": "text66",
      "geometry": {
        "type": "Point",
        "coordinates": [
          -2.339962,
          49.458259
        ]
      },
      "properties": {
        "id": "text66",
        "name": "Karak Baldrak",
        "category": "settlement",
        "dataset": "karaz_ankor",
        "in_gazetteer": true,
        "type": "Karak (Great Hold)",
        "region": "Karaz Ankor",
        "province": null,
        "estate": null,
        "population": 134,
        "population_estimated": true,
        "size_category": 1,
        "trade": null,
        "source": "Warhammer Fantasy Roleplay 4e: Starter Set - Ubersreik Adventures I",
        "tags": [],
        "notes": [
          "fallen"
        ],
        "history": {
          "province_2512": null,
          "province_2276": null,
          "ruler_2515": null,
          "ruler_2512": null,
          "ruler_2276": null
        },
        "wiki": {
          "title": null,
          "url": null,
          "description": null,
          "image": null
        },
        "svg_layer": "Dwarf Holds"
      }
    },
    {
      "type": "Feature",
      "id": "text67",
      "geometry": {
        "type": "Point",
        "coordinates": [
          0.143229,
          49.085572
        ]
      },
      "properties": {
        "id": "text67",
        "name": "Karak Thulgrol",
        "category": "settlement",
        "dataset": "karaz_ankor",
        "in_gazetteer": true,
        "type": "Karak (Great Hold)",
        "region": "Karaz Ankor",
        "province": null,
        "estate": null,
        "population": 178,
        "population_estimated": true,
        "size_category": 1,
        "trade": null,
        "source": "Warhammer Fantasy Roleplay 4e: Starter Set - Ubersreik Adventures I",
        "tags": [],
        "notes": [
          "fallen"
        ],
        "history": {
          "province_2512": null,
          "province_2276": null,
          "ruler_2515": null,
          "ruler_2512": null,
          "ruler_2276": null
        },
        "wiki": {
          "title": null,
          "url": null,
          "description": null,
          "image": null
        },
        "svg_layer": "Dwarf Holds"
      }
    },
    {
      "type": "Feature",
      "id": "text68",
      "geometry": {
        "type": "Point",
        "coordinates": [
          -1.333818,
          49.299375
        ]
      },
      "properties": {
        "id": "text68",
        "name": "Karak Branar",
        "category": "settlement",
        "dataset": "karaz_ankor",
        "in_gazetteer": true,
        "type": "Karak (Great Hold)",
        "region": "Karaz Ankor",
        "province": null,
        "estate": null,
        "population": 219,
        "population_estimated": true,
        "size_category": 1,
        "trade": null,
        "source": "Warhammer Fantasy Roleplay 4e: Starter Set - Ubersreik Adventures I",
        "tags": [],
        "notes": [
          "fallen"
        ],
        "history": {
          "province_2512": null,
          "province_2276": null,
          "ruler_2515": null,
          "ruler_2512": null,
          "ruler_2276": null
        },
        "wiki": {
          "title": null,
          "url": null,
          "description": null,
          "image": null
        },
        "svg_layer": "Dwarf Holds"
      }
    },
    {
      "type": "Feature",
      "id": "text69",
      "geometry": {
        "type": "Point",
        "coordinates": [
          0.434576,
          47.638573
        ]
      },
      "properties": {
        "id": "text69",
        "name": "Karak Drakeni",
        "category": "settlement",
        "dataset": "karaz_ankor",
        "in_gazetteer": true,
        "type": "Karak (Great Hold)",
        "region": "Karaz Ankor",
        "province": null,
        "estate": null,
        "population": 580,
        "population_estimated": true,
        "size_category": 2,
        "trade": null,
        "source": "Warhammer Fantasy Roleplay 4e: Starter Set - Ubersreik Adventures I",
        "tags": [],
        "notes": [
          "fallen"
        ],
        "history": {
          "province_2512": null,
          "province_2276": null,
          "ruler_2515": null,
          "ruler_2512": null,
          "ruler_2276": null
        },
        "wiki": {
          "title": null,
          "url": null,
          "description": null,
          "image": null
        },
        "svg_layer": "Dwarf Holds"
      }
    },
    {
      "type": "Feature",
      "id": "text71",
      "geometry": {
        "type": "Point",
        "coordinates": [
          -0.84288,
          48.794782
        ]
      },
      "properties": {
        "id": "text71",
        "name": "Khazid Vithang",
        "category": "settlement",
        "dataset": "karaz_ankor",
        "in_gazetteer": true,
        "type": "Khazid (Town)",
        "region": "Karaz Ankor",
        "province": null,
        "estate": null,
        "population": 152,
        "population_estimated": true,
        "size_category": 1,
        "trade": null,
        "source": "Warhammer Fantasy Roleplay 4e: Starter Set - Ubersreik Adventures I",
        "tags": [],
        "notes": [],
        "history": {
          "province_2512": null,
          "province_2276": null,
          "ruler_2515": null,
          "ruler_2512": null,
          "ruler_2276": null
        },
        "wiki": {
          "title": null,
          "url": null,
          "description": null,
          "image": null
        },
        "svg_layer": "Dwarf Holds"
      }
    },
    {
      "type": "Feature",
      "id": "text72",
      "geometry": {
        "type": "Point",
        "coordinates": [
          -0.614283,
          48.904751
        ]
      },
      "properties": {
        "id": "text72",
        "name": "Karkagrung",
        "category": "settlement",
        "dataset": "karaz_ankor",
        "in_gazetteer": true,
        "type": "Grung (Mining Settlement)",
        "region": "Karaz Ankor",
        "province": null,
        "estate": null,
        "population": 134,
        "population_estimated": true,
        "size_category": 1,
        "trade": null,
        "source": "Warhammer Fantasy Roleplay 4e: Starter Set - Ubersreik Adventures I",
        "tags": [],
        "notes": [],
        "history": {
          "province_2512": null,
          "province_2276": null,
          "ruler_2515": null,
          "ruler_2512": null,
          "ruler_2276": null
        },
        "wiki": {
          "title": null,
          "url": null,
          "description": null,
          "image": null
        },
        "svg_layer": "Dwarf Holds"
      }
    },
    {
      "type": "Feature",
      "id": "text73",
      "geometry": {
        "type": "Point",
        "coordinates": [
          -0.98533,
          48.883575
        ]
      },
      "properties": {
        "id": "text73",
        "name": "Kulugrung",
        "category": "settlement",
        "dataset": "karaz_ankor",
        "in_gazetteer": true,
        "type": "Grung (Mining Settlement)",
        "region": "Karaz Ankor",
        "province": null,
        "estate": null,
        "population": 98,
        "population_estimated": true,
        "size_category": 1,
        "trade": null,
        "source": "Warhammer Fantasy Roleplay 4e: Starter Set - Ubersreik Adventures I",
        "tags": [],
        "notes": [],
        "history": {
          "province_2512": null,
          "province_2276": null,
          "ruler_2515": null,
          "ruler_2512": null,
          "ruler_2276": null
        },
        "wiki": {
          "title": null,
          "url": null,
          "description": null,
          "image": null
        },
        "svg_layer": "Dwarf Holds"
      }
    },
    {
      "type": "Feature",
      "id": "text74",
      "geometry": {
        "type": "Point",
        "coordinates": [
          0.268302,
          47.446948
        ]
      },
      "properties": {
        "id": "text74",
        "name": "Azorn-Kalaki",
        "category": "settlement",
        "dataset": "karaz_ankor",
        "in_gazetteer": true,
        "type": "Khazid (Town)",
        "region": "Karaz Ankor",
        "province": null,
        "estate": null,
        "population": 102,
        "population_estimated": true,
        "size_category": 1,
        "trade": null,
        "source": "Warhammer Fantasy Roleplay 4e: Core Rulebook",
        "tags": [],
        "notes": [],
        "history": {
          "province_2512": null,
          "province_2276": null,
          "ruler_2515": null,
          "ruler_2512": null,
          "ruler_2276": null
        },
        "wiki": {
          "title": null,
          "url": null,
          "description": null,
          "image": null
        },
        "svg_layer": "Dwarf Holds"
      }
    },
    {
      "type": "Feature",
      "id": "text78",
      "geometry": {
        "type": "Point",
        "coordinates": [
          8.019664,
          44.013679
        ]
      },
      "properties": {
        "id": "text78",
        "name": "Kazad Haz-Drazh-Kadrin",
        "category": "settlement",
        "dataset": "karaz_ankor",
        "in_gazetteer": false,
        "type": "Kazad (Fortress)",
        "region": "Karaz Ankor",
        "province": null,
        "estate": null,
        "population": 190,
        "population_estimated": true,
        "size_category": 1,
        "trade": null,
        "source": null,
        "tags": [],
        "notes": [],
        "history": {
          "province_2512": null,
          "province_2276": null,
          "ruler_2515": null,
          "ruler_2512": null,
          "ruler_2276": null
        },
        "wiki": {
          "title": null,
          "url": null,
          "description": null,
          "image": null
        },
        "svg_layer": "Dwarf Holds"
      }
    },
    {
      "type": "Feature",
      "id": "text42",
      "geometry": {
        "type": "Point",
        "coordinates": [
          9.962104,
          44.793574
        ]
      },
      "properties": {
        "id": "text42",
        "name": "Kadar-a-Barazaz (Site of the First Oathstone)",
        "category": "settlement",
        "dataset": "karaz_ankor",
        "in_gazetteer": true,
        "type": "Kadar (Shrine)",
        "region": "Karaz Ankor",
        "province": null,
        "estate": null,
        "population": 116,
        "population_estimated": true,
        "size_category": 1,
        "trade": null,
        "source": "Alfred \"MadAlfred\" Nuñez Jr. (unofficial)",
        "tags": [],
        "notes": [],
        "history": {
          "province_2512": null,
          "province_2276": null,
          "ruler_2515": null,
          "ruler_2512": null,
          "ruler_2276": null
        },
        "wiki": {
          "title": null,
          "url": null,
          "description": null,
          "image": null
        },
        "svg_layer": "Dwarf Holds"
      }
    },
    {
      "type": "Feature",
      "id": "text55",
      "geometry": {
        "type": "Point",
        "coordinates": [
          -4.578615,
          63.667547
        ]
      },
      "properties": {
        "id": "text55",
        "name": "Kraka Ungrim",
        "category": "settlement",
        "dataset": "karaz_ankor",
        "in_gazetteer": true,
        "type": "Karak (Great Hold)",
        "region": "Karaz Ankor",
        "province": null,
        "estate": null,
        "population": 192,
        "population_estimated": true,
        "size_category": 1,
        "trade": null,
        "source": "Warhammer: The Old World",
        "tags": [],
        "notes": [],
        "history": {
          "province_2512": null,
          "province_2276": null,
          "ruler_2515": null,
          "ruler_2512": null,
          "ruler_2276": null
        },
        "wiki": {
          "title": null,
          "url": null,
          "description": null,
          "image": null
        },
        "svg_layer": "Dwarf Holds"
      }
    },
    {
      "type": "Feature",
      "id": "text672",
      "geometry": {
        "type": "Point",
        "coordinates": [
          11.537581,
          49.815075
        ]
      },
      "properties": {
        "id": "text672",
        "name": "Grungak Lokmakaz",
        "category": "settlement",
        "dataset": "karaz_ankor",
        "in_gazetteer": false,
        "type": "Grung (Mining Settlement)",
        "region": "Karaz Ankor",
        "province": null,
        "estate": null,
        "population": 85,
        "population_estimated": true,
        "size_category": 1,
        "trade": null,
        "source": null,
        "tags": [],
        "notes": [],
        "history": {
          "province_2512": null,
          "province_2276": null,
          "ruler_2515": null,
          "ruler_2512": null,
          "ruler_2276": null
        },
        "wiki": {
          "title": null,
          "url": null,
          "description": null,
          "image": null
        },
        "svg_layer": "Dwarf Holds"
      }
    },
    {
      "type": "Feature",
      "id": "text674",
      "geometry": {
        "type": "Point",
        "coordinates": [
          12.339319,
          45.876746
        ]
      },
      "properties": {
        "id": "text674",
        "name": "Karaz Brindal",
        "category": "settlement",
        "dataset": "karaz_ankor",
        "in_gazetteer": false,
        "type": "Khazid (Town)",
        "region": "Karaz Ankor",
        "province": null,
        "estate": null,
        "population": 199,
        "population_estimated": true,
        "size_category": 1,
        "trade": null,
        "source": null,
        "tags": [],
        "notes": [],
        "history": {
          "province_2512": null,
          "province_2276": null,
          "ruler_2515": null,
          "ruler_2512": null,
          "ruler_2276": null
        },
        "wiki": {
          "title": null,
          "url": null,
          "description": null,
          "image": null
        },
        "svg_layer": "Dwarf Holds"
      }
    },
    {
      "type": "Feature",
      "id": "text675",
      "geometry": {
        "type": "Point",
        "coordinates": [
          11.781079,
          46.174837
        ]
      },
      "properties": {
        "id": "text675",
        "name": "Naggrundzorn",
        "category": "settlement",
        "dataset": "karaz_ankor",
        "in_gazetteer": false,
        "type": "Khazid (Town)",
        "region": "Karaz Ankor",
        "province": null,
        "estate": null,
        "population": 257,
        "population_estimated": true,
        "size_category": 1,
        "trade": null,
        "source": null,
        "tags": [],
        "notes": [],
        "history": {
          "province_2512": null,
          "province_2276": null,
          "ruler_2515": null,
          "ruler_2512": null,
          "ruler_2276": null
        },
        "wiki": {
          "title": null,
          "url": null,
          "description": null,
          "image": null
        },
        "svg_layer": "Dwarf Holds"
      }
    },
    {
      "type": "Feature",
      "id": "text681",
      "geometry": {
        "type": "Point",
        "coordinates": [
          14.945593,
          39.348406
        ]
      },
      "properties": {
        "id": "text681",
        "name": "Kurgaz's Forge",
        "category": "settlement",
        "dataset": "karaz_ankor",
        "in_gazetteer": true,
        "type": "Grung (Mining Settlement)",
        "region": "Karaz Ankor",
        "province": null,
        "estate": null,
        "population": 77,
        "population_estimated": true,
        "size_category": 1,
        "trade": null,
        "source": "Warhammer: The Old World",
        "tags": [],
        "notes": [],
        "history": {
          "province_2512": null,
          "province_2276": null,
          "ruler_2515": null,
          "ruler_2512": null,
          "ruler_2276": null
        },
        "wiki": {
          "title": null,
          "url": null,
          "description": null,
          "image": null
        },
        "svg_layer": "Dwarf Holds"
      }
    },
    {
      "type": "Feature",
      "id": "text19103",
      "geometry": {
        "type": "Point",
        "coordinates": [
          19.920749,
          74.86343
        ]
      },
      "properties": {
        "id": "text19103",
        "name": "Karak Dum",
        "category": "settlement",
        "dataset": "karaz_ankor",
        "in_gazetteer": true,
        "type": "Karak (Great Hold)",
        "region": "Karaz Ankor",
        "province": null,
        "estate": null,
        "population": 158,
        "population_estimated": true,
        "size_category": 1,
        "trade": null,
        "source": "Total War: Warhammer",
        "tags": [],
        "notes": [
          "fallen",
          "chaos"
        ],
        "history": {
          "province_2512": null,
          "province_2276": null,
          "ruler_2515": null,
          "ruler_2512": null,
          "ruler_2276": null
        },
        "wiki": {
          "title": "Karag Dum",
          "url": "https://warhammerfantasy.fandom.com/wiki/Karag_Dum",
          "description": "Karag Dum, roughly translated as \" Doom Mountain \" in Khazalid, was once one of the northernmost holds of the Karaz Ankor. It fell to the forces of Chaos during the Great War Against Chaos in the early 24th century IC.",
          "image": "https://static.wikia.nocookie.net/warhammerfb/images/7/7d/NorthernWastes.jpg/revision/latest?cb=20130912190017"
        },
        "svg_layer": "Dwarf Holds"
      }
    },
    {
      "type": "Feature",
      "id": "text423",
      "geometry": {
        "type": "Point",
        "coordinates": [
          -5.064807,
          30.047279
        ]
      },
      "properties": {
        "id": "text423",
        "name": "Gronti Mingol",
        "category": "settlement",
        "dataset": "karaz_ankor",
        "in_gazetteer": false,
        "type": "Khazid (Town)",
        "region": "Karaz Ankor",
        "province": null,
        "estate": null,
        "population": 531,
        "population_estimated": true,
        "size_category": 2,
        "trade": null,
        "source": null,
        "tags": [],
        "notes": [],
        "history": {
          "province_2512": null,
          "province_2276": null,
          "ruler_2515": null,
          "ruler_2512": null,
          "ruler_2276": null
        },
        "wiki": {
          "title": null,
          "url": null,
          "description": null,
          "image": null
        },
        "svg_layer": "Dwarf Holds"
      }
    },
    {
      "type": "Feature",
      "id": "text424",
      "geometry": {
        "type": "Point",
        "coordinates": [
          17.053221,
          60.25269
        ]
      },
      "properties": {
        "id": "text424",
        "name": "Kraz Und",
        "category": "settlement",
        "dataset": "karaz_ankor",
        "in_gazetteer": true,
        "type": "Khazid (Town)",
        "region": "Karaz Ankor",
        "province": null,
        "estate": null,
        "population": 87,
        "population_estimated": true,
        "size_category": 1,
        "trade": null,
        "source": "Total War: Warhammer",
        "tags": [],
        "notes": [],
        "history": {
          "province_2512": null,
          "province_2276": null,
          "ruler_2515": null,
          "ruler_2512": null,
          "ruler_2276": null
        },
        "wiki": {
          "title": null,
          "url": null,
          "description": null,
          "image": null
        },
        "svg_layer": "Dwarf Holds"
      }
    },
    {
      "type": "Feature",
      "id": "text425",
      "geometry": {
        "type": "Point",
        "coordinates": [
          15.087806,
          51.129143
        ]
      },
      "properties": {
        "id": "text425",
        "name": "The Silver Pinnacle (Karak Bryn)",
        "category": "settlement",
        "dataset": "karaz_ankor",
        "in_gazetteer": true,
        "type": "Karak (Great Hold)",
        "region": "Karaz Ankor",
        "province": null,
        "estate": null,
        "population": 87,
        "population_estimated": true,
        "size_category": 1,
        "trade": null,
        "source": "Warhammer Fantasy Roleplay 2nd Edition: Night's Dark Masters",
        "tags": [],
        "notes": [
          "fallen",
          "vampires"
        ],
        "history": {
          "province_2512": null,
          "province_2276": null,
          "ruler_2515": null,
          "ruler_2512": null,
          "ruler_2276": null
        },
        "wiki": {
          "title": null,
          "url": null,
          "description": null,
          "image": null
        },
        "svg_layer": "Dwarf Holds"
      }
    },
    {
      "type": "Feature",
      "id": "text426",
      "geometry": {
        "type": "Point",
        "coordinates": [
          13.82959,
          44.416111
        ]
      },
      "properties": {
        "id": "text426",
        "name": "Pillars of Grungni",
        "category": "settlement",
        "dataset": "karaz_ankor",
        "in_gazetteer": false,
        "type": "Grung (Mining Settlement)",
        "region": "Karaz Ankor",
        "province": null,
        "estate": null,
        "population": 102,
        "population_estimated": true,
        "size_category": 1,
        "trade": null,
        "source": null,
        "tags": [],
        "notes": [],
        "history": {
          "province_2512": null,
          "province_2276": null,
          "ruler_2515": null,
          "ruler_2512": null,
          "ruler_2276": null
        },
        "wiki": {
          "title": null,
          "url": null,
          "description": null,
          "image": null
        },
        "svg_layer": "Dwarf Holds"
      }
    },
    {
      "type": "Feature",
      "id": "text427",
      "geometry": {
        "type": "Point",
        "coordinates": [
          12.795433,
          32.863667
        ]
      },
      "properties": {
        "id": "text427",
        "name": "Dringorackaz",
        "category": "settlement",
        "dataset": "karaz_ankor",
        "in_gazetteer": false,
        "type": "Khazid (Town)",
        "region": "Karaz Ankor",
        "province": null,
        "estate": null,
        "population": 142,
        "population_estimated": true,
        "size_category": 1,
        "trade": null,
        "source": null,
        "tags": [],
        "notes": [],
        "history": {
          "province_2512": null,
          "province_2276": null,
          "ruler_2515": null,
          "ruler_2512": null,
          "ruler_2276": null
        },
        "wiki": {
          "title": null,
          "url": null,
          "description": null,
          "image": null
        },
        "svg_layer": "Dwarf Holds"
      }
    },
    {
      "type": "Feature",
      "id": "text428",
      "geometry": {
        "type": "Point",
        "coordinates": [
          8.62659,
          30.496237
        ]
      },
      "properties": {
        "id": "text428",
        "name": "Kradtommen",
        "category": "settlement",
        "dataset": "karaz_ankor",
        "in_gazetteer": false,
        "type": "Khazid (Town)",
        "region": "Karaz Ankor",
        "province": null,
        "estate": null,
        "population": 261,
        "population_estimated": true,
        "size_category": 1,
        "trade": null,
        "source": null,
        "tags": [],
        "notes": [],
        "history": {
          "province_2512": null,
          "province_2276": null,
          "ruler_2515": null,
          "ruler_2512": null,
          "ruler_2276": null
        },
        "wiki": {
          "title": null,
          "url": null,
          "description": null,
          "image": null
        },
        "svg_layer": "Dwarf Holds"
      }
    },
    {
      "type": "Feature",
      "id": "text429",
      "geometry": {
        "type": "Point",
        "coordinates": [
          8.622037,
          38.749408
        ]
      },
      "properties": {
        "id": "text429",
        "name": "Barag Dawazbag",
        "category": "settlement",
        "dataset": "karaz_ankor",
        "in_gazetteer": false,
        "type": "Khazid (Town)",
        "region": "Karaz Ankor",
        "province": null,
        "estate": null,
        "population": 249,
        "population_estimated": true,
        "size_category": 1,
        "trade": null,
        "source": null,
        "tags": [],
        "notes": [],
        "history": {
          "province_2512": null,
          "province_2276": null,
          "ruler_2515": null,
          "ruler_2512": null,
          "ruler_2276": null
        },
        "wiki": {
          "title": null,
          "url": null,
          "description": null,
          "image": null
        },
        "svg_layer": "Dwarf Holds"
      }
    },
    {
      "type": "Feature",
      "id": "text435",
      "geometry": {
        "type": "Point",
        "coordinates": [
          2.558137,
          41.39037
        ]
      },
      "properties": {
        "id": "text435",
        "name": "Kadar Helgad",
        "category": "settlement",
        "dataset": "karaz_ankor",
        "in_gazetteer": true,
        "type": "Kadar (Shrine)",
        "region": "Karaz Ankor",
        "province": null,
        "estate": null,
        "population": 90,
        "population_estimated": true,
        "size_category": 1,
        "trade": null,
        "source": "Warhammer Fantasy Roleplay 1e: Doomstones",
        "tags": [],
        "notes": [],
        "history": {
          "province_2512": null,
          "province_2276": null,
          "ruler_2515": null,
          "ruler_2512": null,
          "ruler_2276": null
        },
        "wiki": {
          "title": null,
          "url": null,
          "description": null,
          "image": null
        },
        "svg_layer": "Dwarf Holds"
      }
    },
    {
      "type": "Feature",
      "id": "text436",
      "geometry": {
        "type": "Point",
        "coordinates": [
          17.753906,
          43.610312
        ]
      },
      "properties": {
        "id": "text436",
        "name": "Karak Agilwutraz",
        "category": "settlement",
        "dataset": "karaz_ankor",
        "in_gazetteer": false,
        "type": "Karak (Great Hold)",
        "region": "Karaz Ankor",
        "province": null,
        "estate": null,
        "population": 176,
        "population_estimated": true,
        "size_category": 1,
        "trade": null,
        "source": null,
        "tags": [],
        "notes": [],
        "history": {
          "province_2512": null,
          "province_2276": null,
          "ruler_2515": null,
          "ruler_2512": null,
          "ruler_2276": null
        },
        "wiki": {
          "title": null,
          "url": null,
          "description": null,
          "image": null
        },
        "svg_layer": "Dwarf Holds"
      }
    },
    {
      "type": "Feature",
      "id": "text522",
      "geometry": {
        "type": "Point",
        "coordinates": [
          1.191401,
          41.541616
        ]
      },
      "properties": {
        "id": "text522",
        "name": "Grung Skree",
        "category": "settlement",
        "dataset": "karaz_ankor",
        "in_gazetteer": false,
        "type": "Grung (Mining Settlement)",
        "region": "Karaz Ankor",
        "province": null,
        "estate": null,
        "population": 302,
        "population_estimated": true,
        "size_category": 2,
        "trade": null,
        "source": null,
        "tags": [],
        "notes": [],
        "history": {
          "province_2512": null,
          "province_2276": null,
          "ruler_2515": null,
          "ruler_2512": null,
          "ruler_2276": null
        },
        "wiki": {
          "title": null,
          "url": null,
          "description": null,
          "image": null
        },
        "svg_layer": "Dwarf Holds"
      }
    },
    {
      "type": "Feature",
      "id": "text743",
      "geometry": {
        "type": "Point",
        "coordinates": [
          14.223957,
          37.188437
        ]
      },
      "properties": {
        "id": "text743",
        "name": "Grimmpeak",
        "category": "settlement",
        "dataset": "karaz_ankor",
        "in_gazetteer": true,
        "type": "Khazid (Town)",
        "region": "Karaz Ankor",
        "province": null,
        "estate": null,
        "population": 77,
        "population_estimated": true,
        "size_category": 1,
        "trade": null,
        "source": "White Dwarf 364",
        "tags": [],
        "notes": [],
        "history": {
          "province_2512": null,
          "province_2276": null,
          "ruler_2515": null,
          "ruler_2512": null,
          "ruler_2276": null
        },
        "wiki": {
          "title": null,
          "url": null,
          "description": null,
          "image": null
        },
        "svg_layer": "Dwarf Holds"
      }
    },
    {
      "type": "Feature",
      "id": "text793",
      "geometry": {
        "type": "Point",
        "coordinates": [
          -2.278276,
          41.122933
        ]
      },
      "properties": {
        "id": "text793",
        "name": "Kazad Dar",
        "category": "settlement",
        "dataset": "karaz_ankor",
        "in_gazetteer": true,
        "type": "Kazad (Fortress)",
        "region": "Karaz Ankor",
        "province": null,
        "estate": null,
        "population": 112,
        "population_estimated": true,
        "size_category": 1,
        "trade": null,
        "source": "Brunner the Bounty Hunter - Omnibus (Novel) by C. L. Werner",
        "tags": [],
        "notes": [
          "fallen"
        ],
        "history": {
          "province_2512": null,
          "province_2276": null,
          "ruler_2515": null,
          "ruler_2512": null,
          "ruler_2276": null
        },
        "wiki": {
          "title": null,
          "url": null,
          "description": null,
          "image": null
        },
        "svg_layer": "Dwarf Holds"
      }
    },
    {
      "type": "Feature",
      "id": "text2690",
      "geometry": {
        "type": "Point",
        "coordinates": [
          5.123039,
          65.422452
        ]
      },
      "properties": {
        "id": "text2690",
        "name": "Frusenhafnaz",
        "category": "settlement",
        "dataset": "karaz_ankor",
        "in_gazetteer": true,
        "type": "Kazad (Fortress)",
        "region": "Karaz Ankor",
        "province": null,
        "estate": null,
        "population": 207,
        "population_estimated": true,
        "size_category": 1,
        "trade": null,
        "source": "Warhammer Fantasy Roleplay 4e: Sea of Claws",
        "tags": [],
        "notes": [],
        "history": {
          "province_2512": null,
          "province_2276": null,
          "ruler_2515": null,
          "ruler_2512": null,
          "ruler_2276": null
        },
        "wiki": {
          "title": null,
          "url": null,
          "description": null,
          "image": null
        },
        "svg_layer": "Dwarf Holds"
      }
    },
    {
      "type": "Feature",
      "id": "text2691",
      "geometry": {
        "type": "Point",
        "coordinates": [
          10.916363,
          64.607857
        ]
      },
      "properties": {
        "id": "text2691",
        "name": "Hafnazit",
        "category": "settlement",
        "dataset": "karaz_ankor",
        "in_gazetteer": true,
        "type": "Khazid (Town)",
        "region": "Karaz Ankor",
        "province": null,
        "estate": null,
        "population": 165,
        "population_estimated": true,
        "size_category": 1,
        "trade": null,
        "source": "Warhammer Fantasy Roleplay 4e: Sea of Claws",
        "tags": [],
        "notes": [],
        "history": {
          "province_2512": null,
          "province_2276": null,
          "ruler_2515": null,
          "ruler_2512": null,
          "ruler_2276": null
        },
        "wiki": {
          "title": null,
          "url": null,
          "description": null,
          "image": null
        },
        "svg_layer": "Dwarf Holds"
      }
    },
    {
      "type": "Feature",
      "id": "text2693",
      "geometry": {
        "type": "Point",
        "coordinates": [
          15.681907,
          57.832662
        ]
      },
      "properties": {
        "id": "text2693",
        "name": "Kazad Grund",
        "category": "settlement",
        "dataset": "karaz_ankor",
        "in_gazetteer": true,
        "type": "Kazad (Fortress)",
        "region": "Karaz Ankor",
        "province": null,
        "estate": null,
        "population": 168,
        "population_estimated": true,
        "size_category": 1,
        "trade": null,
        "source": "Inferno 2",
        "tags": [],
        "notes": [
          "fallen"
        ],
        "history": {
          "province_2512": null,
          "province_2276": null,
          "ruler_2515": null,
          "ruler_2512": null,
          "ruler_2276": null
        },
        "wiki": {
          "title": "Kazad Grund",
          "url": "https://warhammerfantasy.fandom.com/wiki/Kazad_Grund",
          "description": "Kazad Grund, which means \" City of the Hammer \" in Khazalid, is an ancient Dwarf hold located in the Worlds Edge Mountains that was overrun by Greenskins.",
          "image": "https://static.wikia.nocookie.net/warhammerfb/images/2/26/Kazad_Grund.png/revision/latest?cb=20231121110642"
        },
        "svg_layer": "Dwarf Holds"
      }
    },
    {
      "type": "Feature",
      "id": "text2969",
      "geometry": {
        "type": "Point",
        "coordinates": [
          10.199038,
          49.104138
        ]
      },
      "properties": {
        "id": "text2969",
        "name": "Grung Kalgar",
        "category": "settlement",
        "dataset": "karaz_ankor",
        "in_gazetteer": false,
        "type": "Grung (Mining Settlement)",
        "region": "Karaz Ankor",
        "province": null,
        "estate": null,
        "population": 92,
        "population_estimated": true,
        "size_category": 1,
        "trade": null,
        "source": null,
        "tags": [],
        "notes": [],
        "history": {
          "province_2512": null,
          "province_2276": null,
          "ruler_2515": null,
          "ruler_2512": null,
          "ruler_2276": null
        },
        "wiki": {
          "title": null,
          "url": null,
          "description": null,
          "image": null
        },
        "svg_layer": "Dwarf Holds"
      }
    },
    {
      "type": "Feature",
      "id": "text2971",
      "geometry": {
        "type": "Point",
        "coordinates": [
          10.956851,
          49.228487
        ]
      },
      "properties": {
        "id": "text2971",
        "name": "Strombrok",
        "category": "settlement",
        "dataset": "karaz_ankor",
        "in_gazetteer": false,
        "type": "Khazid (Town)",
        "region": "Karaz Ankor",
        "province": null,
        "estate": null,
        "population": 205,
        "population_estimated": true,
        "size_category": 1,
        "trade": null,
        "source": null,
        "tags": [],
        "notes": [],
        "history": {
          "province_2512": null,
          "province_2276": null,
          "ruler_2515": null,
          "ruler_2512": null,
          "ruler_2276": null
        },
        "wiki": {
          "title": null,
          "url": null,
          "description": null,
          "image": null
        },
        "svg_layer": "Dwarf Holds"
      }
    },
    {
      "type": "Feature",
      "id": "text2972",
      "geometry": {
        "type": "Point",
        "coordinates": [
          10.992008,
          49.349581
        ]
      },
      "properties": {
        "id": "text2972",
        "name": "Khazid Zhadreng",
        "category": "settlement",
        "dataset": "karaz_ankor",
        "in_gazetteer": false,
        "type": "Khazid (Town)",
        "region": "Karaz Ankor",
        "province": null,
        "estate": null,
        "population": 362,
        "population_estimated": true,
        "size_category": 2,
        "trade": null,
        "source": null,
        "tags": [],
        "notes": [],
        "history": {
          "province_2512": null,
          "province_2276": null,
          "ruler_2515": null,
          "ruler_2512": null,
          "ruler_2276": null
        },
        "wiki": {
          "title": null,
          "url": null,
          "description": null,
          "image": null
        },
        "svg_layer": "Dwarf Holds"
      }
    },
    {
      "type": "Feature",
      "id": "text2979",
      "geometry": {
        "type": "Point",
        "coordinates": [
          10.287176,
          62.183913
        ]
      },
      "properties": {
        "id": "text2979",
        "name": "Kazad Ungorhafnaz",
        "category": "settlement",
        "dataset": "karaz_ankor",
        "in_gazetteer": true,
        "type": "Kazad (Fortress)",
        "region": "Karaz Ankor",
        "province": null,
        "estate": null,
        "population": 249,
        "population_estimated": true,
        "size_category": 1,
        "trade": null,
        "source": "Warhammer Fantasy Roleplay 4e: Sea of Claws",
        "tags": [],
        "notes": [],
        "history": {
          "province_2512": null,
          "province_2276": null,
          "ruler_2515": null,
          "ruler_2512": null,
          "ruler_2276": null
        },
        "wiki": {
          "title": null,
          "url": null,
          "description": null,
          "image": null
        },
        "svg_layer": "Dwarf Holds"
      }
    },
    {
      "type": "Feature",
      "id": "text812",
      "geometry": {
        "type": "Point",
        "coordinates": [
          12.056165,
          50.281316
        ]
      },
      "properties": {
        "id": "text812",
        "name": "Durrag-Dol",
        "category": "settlement",
        "dataset": "karaz_ankor",
        "in_gazetteer": true,
        "type": "Khazid (Town)",
        "region": "Karaz Ankor",
        "province": null,
        "estate": null,
        "population": 158,
        "population_estimated": true,
        "size_category": 1,
        "trade": null,
        "source": "White Dwarf 134",
        "tags": [],
        "notes": [
          "fallen",
          "skaven"
        ],
        "history": {
          "province_2512": null,
          "province_2276": null,
          "ruler_2515": null,
          "ruler_2512": null,
          "ruler_2276": null
        },
        "wiki": {
          "title": null,
          "url": null,
          "description": null,
          "image": null
        },
        "svg_layer": "Dwarf Holds"
      }
    },
    {
      "type": "Feature",
      "id": "text816",
      "geometry": {
        "type": "Point",
        "coordinates": [
          9.695304,
          33.084823
        ]
      },
      "properties": {
        "id": "text816",
        "name": "Grimmaz Drakk",
        "category": "settlement",
        "dataset": "karaz_ankor",
        "in_gazetteer": false,
        "type": "Khazid (Town)",
        "region": "Karaz Ankor",
        "province": null,
        "estate": null,
        "population": 74,
        "population_estimated": true,
        "size_category": 1,
        "trade": null,
        "source": null,
        "tags": [],
        "notes": [],
        "history": {
          "province_2512": null,
          "province_2276": null,
          "ruler_2515": null,
          "ruler_2512": null,
          "ruler_2276": null
        },
        "wiki": {
          "title": null,
          "url": null,
          "description": null,
          "image": null
        },
        "svg_layer": "Dwarf Holds"
      }
    },
    {
      "type": "Feature",
      "id": "text1533",
      "geometry": {
        "type": "Point",
        "coordinates": [
          15.84063,
          37.577802
        ]
      },
      "properties": {
        "id": "text1533",
        "name": "Groz Drung",
        "category": "settlement",
        "dataset": "karaz_ankor",
        "in_gazetteer": false,
        "type": "Khazid (Town)",
        "region": "Karaz Ankor",
        "province": null,
        "estate": null,
        "population": 263,
        "population_estimated": true,
        "size_category": 1,
        "trade": null,
        "source": null,
        "tags": [],
        "notes": [],
        "history": {
          "province_2512": null,
          "province_2276": null,
          "ruler_2515": null,
          "ruler_2512": null,
          "ruler_2276": null
        },
        "wiki": {
          "title": null,
          "url": null,
          "description": null,
          "image": null
        },
        "svg_layer": "Dwarf Holds"
      }
    },
    {
      "type": "Feature",
      "id": "text823",
      "geometry": {
        "type": "Point",
        "coordinates": [
          17.123796,
          67.590856
        ]
      },
      "properties": {
        "id": "text823",
        "name": "Karak Ghulg",
        "category": "settlement",
        "dataset": "karaz_ankor",
        "in_gazetteer": true,
        "type": "Karak (Great Hold)",
        "region": "Karaz Ankor",
        "province": null,
        "estate": null,
        "population": 103,
        "population_estimated": true,
        "size_category": 1,
        "trade": null,
        "source": "Warhammer Armies: Warriors of Chaos (8th Edition)",
        "tags": [],
        "notes": [
          "fallen",
          "chaos"
        ],
        "history": {
          "province_2512": null,
          "province_2276": null,
          "ruler_2515": null,
          "ruler_2512": null,
          "ruler_2276": null
        },
        "wiki": {
          "title": null,
          "url": null,
          "description": null,
          "image": null
        },
        "svg_layer": "Dwarf Holds"
      }
    },
    {
      "type": "Feature",
      "id": "text7191",
      "geometry": {
        "type": "Point",
        "coordinates": [
          4.774599,
          6.092831
        ]
      },
      "properties": {
        "id": "text7191",
        "name": "Karak Zorn",
        "category": "settlement",
        "dataset": "karaz_ankor",
        "in_gazetteer": false,
        "type": "Karak (Great Hold)",
        "region": "Karaz Ankor",
        "province": null,
        "estate": null,
        "population": 94,
        "population_estimated": true,
        "size_category": 1,
        "trade": null,
        "source": null,
        "tags": [],
        "notes": [],
        "history": {
          "province_2512": null,
          "province_2276": null,
          "ruler_2515": null,
          "ruler_2512": null,
          "ruler_2276": null
        },
        "wiki": {
          "title": null,
          "url": null,
          "description": null,
          "image": null
        },
        "svg_layer": "Dwarf Holds"
      }
    },
    {
      "type": "Feature",
      "id": "text18462",
      "geometry": {
        "type": "Point",
        "coordinates": [
          8.457876,
          61.711145
        ]
      },
      "properties": {
        "id": "text18462",
        "name": "Khazid Vulkhrund",
        "category": "settlement",
        "dataset": "karaz_ankor",
        "in_gazetteer": false,
        "type": "Khazid (Town)",
        "region": "Karaz Ankor",
        "province": null,
        "estate": null,
        "population": 300,
        "population_estimated": true,
        "size_category": 1,
        "trade": null,
        "source": null,
        "tags": [],
        "notes": [],
        "history": {
          "province_2512": null,
          "province_2276": null,
          "ruler_2515": null,
          "ruler_2512": null,
          "ruler_2276": null
        },
        "wiki": {
          "title": null,
          "url": null,
          "description": null,
          "image": null
        },
        "svg_layer": "Dwarf Holds"
      }
    },
    {
      "type": "Feature",
      "id": "text1039",
      "geometry": {
        "type": "Point",
        "coordinates": [
          2.724733,
          55.256603
        ]
      },
      "properties": {
        "id": "text1039",
        "name": "Lost Mines of Khrazi Drudd",
        "category": "settlement",
        "dataset": "karaz_ankor",
        "in_gazetteer": false,
        "type": "Khazid (Town)",
        "region": "Karaz Ankor",
        "province": null,
        "estate": null,
        "population": 211,
        "population_estimated": true,
        "size_category": 1,
        "trade": null,
        "source": null,
        "tags": [],
        "notes": [],
        "history": {
          "province_2512": null,
          "province_2276": null,
          "ruler_2515": null,
          "ruler_2512": null,
          "ruler_2276": null
        },
        "wiki": {
          "title": null,
          "url": null,
          "description": null,
          "image": null
        },
        "svg_layer": "Dwarf Holds"
      }
    },
    {
      "type": "Feature",
      "id": "text811",
      "geometry": {
        "type": "Point",
        "coordinates": [
          -4.572205,
          51.072239
        ]
      },
      "properties": {
        "id": "text811",
        "name": "Grim Duraz",
        "category": "settlement",
        "dataset": "karaz_ankor",
        "in_gazetteer": true,
        "type": "Grung (Mining Settlement)",
        "region": "Karaz Ankor",
        "province": null,
        "estate": null,
        "population": 102,
        "population_estimated": true,
        "size_category": 1,
        "trade": null,
        "source": "Warhammer Fantasy Battle: Army Essentials - Uniforms and Heraldry of the Skaven",
        "tags": [],
        "notes": [
          "fallen",
          "skaven"
        ],
        "history": {
          "province_2512": null,
          "province_2276": null,
          "ruler_2515": null,
          "ruler_2512": null,
          "ruler_2276": null
        },
        "wiki": {
          "title": null,
          "url": null,
          "description": null,
          "image": null
        },
        "svg_layer": "Dwarf Holds"
      }
    },
    {
      "type": "Feature",
      "id": "text1056",
      "geometry": {
        "type": "Point",
        "coordinates": [
          5.133057,
          42.286093
        ]
      },
      "properties": {
        "id": "text1056",
        "name": "Grung Merik",
        "category": "settlement",
        "dataset": "karaz_ankor",
        "in_gazetteer": true,
        "type": "Grung (Mining Settlement)",
        "region": "Karaz Ankor",
        "province": "Karak Hirn",
        "estate": null,
        "population": 186,
        "population_estimated": true,
        "size_category": 1,
        "trade": null,
        "source": "Alfred \"MadAlfred\" Nuñez Jr. (unofficial)",
        "tags": [],
        "notes": [],
        "history": {
          "province_2512": null,
          "province_2276": null,
          "ruler_2515": null,
          "ruler_2512": null,
          "ruler_2276": null
        },
        "wiki": {
          "title": null,
          "url": null,
          "description": null,
          "image": null
        },
        "svg_layer": "Dwarf Holds"
      }
    },
    {
      "type": "Feature",
      "id": "text1057",
      "geometry": {
        "type": "Point",
        "coordinates": [
          5.074056,
          42.088746
        ]
      },
      "properties": {
        "id": "text1057",
        "name": "Grung Mhak",
        "category": "settlement",
        "dataset": "karaz_ankor",
        "in_gazetteer": true,
        "type": "Grung (Mining Settlement)",
        "region": "Karaz Ankor",
        "province": "Karak Hirn",
        "estate": null,
        "population": 268,
        "population_estimated": true,
        "size_category": 1,
        "trade": null,
        "source": "Alfred \"MadAlfred\" Nuñez Jr. (unofficial)",
        "tags": [],
        "notes": [],
        "history": {
          "province_2512": null,
          "province_2276": null,
          "ruler_2515": null,
          "ruler_2512": null,
          "ruler_2276": null
        },
        "wiki": {
          "title": null,
          "url": null,
          "description": null,
          "image": null
        },
        "svg_layer": "Dwarf Holds"
      }
    },
    {
      "type": "Feature",
      "id": "text1058",
      "geometry": {
        "type": "Point",
        "coordinates": [
          4.833985,
          42.082642
        ]
      },
      "properties": {
        "id": "text1058",
        "name": "Grung Zaon",
        "category": "settlement",
        "dataset": "karaz_ankor",
        "in_gazetteer": true,
        "type": "Grung (Mining Settlement)",
        "region": "Karaz Ankor",
        "province": "Karak Hirn",
        "estate": null,
        "population": 191,
        "population_estimated": true,
        "size_category": 1,
        "trade": null,
        "source": "Alfred \"MadAlfred\" Nuñez Jr. (unofficial)",
        "tags": [],
        "notes": [],
        "history": {
          "province_2512": null,
          "province_2276": null,
          "ruler_2515": null,
          "ruler_2512": null,
          "ruler_2276": null
        },
        "wiki": {
          "title": null,
          "url": null,
          "description": null,
          "image": null
        },
        "svg_layer": "Dwarf Holds"
      }
    },
    {
      "type": "Feature",
      "id": "text1059",
      "geometry": {
        "type": "Point",
        "coordinates": [
          4.978434,
          42.174195
        ]
      },
      "properties": {
        "id": "text1059",
        "name": "Khazid Orm",
        "category": "settlement",
        "dataset": "karaz_ankor",
        "in_gazetteer": true,
        "type": "Khazid (Town)",
        "region": "Karaz Ankor",
        "province": "Karak Hirn",
        "estate": null,
        "population": 71,
        "population_estimated": true,
        "size_category": 1,
        "trade": null,
        "source": "Alfred \"MadAlfred\" Nuñez Jr. (unofficial)",
        "tags": [],
        "notes": [],
        "history": {
          "province_2512": null,
          "province_2276": null,
          "ruler_2515": null,
          "ruler_2512": null,
          "ruler_2276": null
        },
        "wiki": {
          "title": null,
          "url": null,
          "description": null,
          "image": null
        },
        "svg_layer": "Dwarf Holds"
      }
    },
    {
      "type": "Feature",
      "id": "text1060",
      "geometry": {
        "type": "Point",
        "coordinates": [
          4.787191,
          42.251506
        ]
      },
      "properties": {
        "id": "text1060",
        "name": "Khazid Vank",
        "category": "settlement",
        "dataset": "karaz_ankor",
        "in_gazetteer": true,
        "type": "Khazid (Town)",
        "region": "Karaz Ankor",
        "province": "Karak Hirn",
        "estate": null,
        "population": 118,
        "population_estimated": true,
        "size_category": 1,
        "trade": null,
        "source": "Alfred \"MadAlfred\" Nuñez Jr. (unofficial)",
        "tags": [],
        "notes": [],
        "history": {
          "province_2512": null,
          "province_2276": null,
          "ruler_2515": null,
          "ruler_2512": null,
          "ruler_2276": null
        },
        "wiki": {
          "title": null,
          "url": null,
          "description": null,
          "image": null
        },
        "svg_layer": "Dwarf Holds"
      }
    },
    {
      "type": "Feature",
      "id": "text1061",
      "geometry": {
        "type": "Point",
        "coordinates": [
          5.177816,
          41.948364
        ]
      },
      "properties": {
        "id": "text1061",
        "name": "Khazid Graem",
        "category": "settlement",
        "dataset": "karaz_ankor",
        "in_gazetteer": true,
        "type": "Khazid (Town)",
        "region": "Karaz Ankor",
        "province": "Karak Hirn",
        "estate": null,
        "population": 167,
        "population_estimated": true,
        "size_category": 1,
        "trade": null,
        "source": "Alfred \"MadAlfred\" Nuñez Jr. (unofficial)",
        "tags": [],
        "notes": [],
        "history": {
          "province_2512": null,
          "province_2276": null,
          "ruler_2515": null,
          "ruler_2512": null,
          "ruler_2276": null
        },
        "wiki": {
          "title": null,
          "url": null,
          "description": null,
          "image": null
        },
        "svg_layer": "Dwarf Holds"
      }
    },
    {
      "type": "Feature",
      "id": "text1062",
      "geometry": {
        "type": "Point",
        "coordinates": [
          1.040649,
          45.03064
        ]
      },
      "properties": {
        "id": "text1062",
        "name": "Kilfazund",
        "category": "settlement",
        "dataset": "karaz_ankor",
        "in_gazetteer": true,
        "type": "Waystation",
        "region": "Karaz Ankor",
        "province": "Karak Norn",
        "estate": null,
        "population": 304,
        "population_estimated": true,
        "size_category": 2,
        "trade": null,
        "source": "Warhammer Fantasy Roleplay 4e: Lords of Stone and Steel",
        "tags": [],
        "notes": [],
        "history": {
          "province_2512": null,
          "province_2276": null,
          "ruler_2515": null,
          "ruler_2512": null,
          "ruler_2276": null
        },
        "wiki": {
          "title": null,
          "url": null,
          "description": null,
          "image": null
        },
        "svg_layer": "Dwarf Holds"
      }
    },
    {
      "type": "Feature",
      "id": "text1063",
      "geometry": {
        "type": "Point",
        "coordinates": [
          1.01827,
          45.234091
        ]
      },
      "properties": {
        "id": "text1063",
        "name": "Skaudund",
        "category": "settlement",
        "dataset": "karaz_ankor",
        "in_gazetteer": true,
        "type": "Waystation",
        "region": "Karaz Ankor",
        "province": "Karak Norn",
        "estate": null,
        "population": 92,
        "population_estimated": true,
        "size_category": 1,
        "trade": null,
        "source": "Warhammer Fantasy Roleplay 4e: Lords of Stone and Steel",
        "tags": [],
        "notes": [],
        "history": {
          "province_2512": null,
          "province_2276": null,
          "ruler_2515": null,
          "ruler_2512": null,
          "ruler_2276": null
        },
        "wiki": {
          "title": null,
          "url": null,
          "description": null,
          "image": null
        },
        "svg_layer": "Dwarf Holds"
      }
    },
    {
      "type": "Feature",
      "id": "text1064",
      "geometry": {
        "type": "Point",
        "coordinates": [
          1.010132,
          45.017416
        ]
      },
      "properties": {
        "id": "text1064",
        "name": "Varagund",
        "category": "settlement",
        "dataset": "karaz_ankor",
        "in_gazetteer": true,
        "type": "Waystation",
        "region": "Karaz Ankor",
        "province": "Karak Norn",
        "estate": null,
        "population": 127,
        "population_estimated": true,
        "size_category": 1,
        "trade": null,
        "source": "Warhammer Fantasy Roleplay 4e: Lords of Stone and Steel",
        "tags": [],
        "notes": [],
        "history": {
          "province_2512": null,
          "province_2276": null,
          "ruler_2515": null,
          "ruler_2512": null,
          "ruler_2276": null
        },
        "wiki": {
          "title": null,
          "url": null,
          "description": null,
          "image": null
        },
        "svg_layer": "Dwarf Holds"
      }
    },
    {
      "type": "Feature",
      "id": "text1065",
      "geometry": {
        "type": "Point",
        "coordinates": [
          -0.050862,
          48.175985
        ]
      },
      "properties": {
        "id": "text1065",
        "name": "Karak Sadra",
        "category": "settlement",
        "dataset": "karaz_ankor",
        "in_gazetteer": true,
        "type": "Karak (Great Hold)",
        "region": "Karaz Ankor",
        "province": null,
        "estate": null,
        "population": 163,
        "population_estimated": true,
        "size_category": 1,
        "trade": null,
        "source": "Von Carstein Trilogy: Book Two - Dominion (Novel) by Steven Savile",
        "tags": [],
        "notes": [
          "fallen"
        ],
        "history": {
          "province_2512": null,
          "province_2276": null,
          "ruler_2515": null,
          "ruler_2512": null,
          "ruler_2276": null
        },
        "wiki": {
          "title": null,
          "url": null,
          "description": null,
          "image": null
        },
        "svg_layer": "Dwarf Holds"
      }
    },
    {
      "type": "Feature",
      "id": "text1082",
      "geometry": {
        "type": "Point",
        "coordinates": [
          5.003494,
          42.386773
        ]
      },
      "properties": {
        "id": "text1082",
        "name": "Grung Zhumgak",
        "category": "settlement",
        "dataset": "karaz_ankor",
        "in_gazetteer": true,
        "type": "Grung (Mining Settlement)",
        "region": "Karaz Ankor",
        "province": "Karak Hirn",
        "estate": null,
        "population": 119,
        "population_estimated": true,
        "size_category": 1,
        "trade": null,
        "source": "Alfred \"MadAlfred\" Nuñez Jr. (unofficial)",
        "tags": [],
        "notes": [],
        "history": {
          "province_2512": null,
          "province_2276": null,
          "ruler_2515": null,
          "ruler_2512": null,
          "ruler_2276": null
        },
        "wiki": {
          "title": null,
          "url": null,
          "description": null,
          "image": null
        },
        "svg_layer": "Dwarf Holds"
      }
    },
    {
      "type": "Feature",
      "id": "text1083",
      "geometry": {
        "type": "Point",
        "coordinates": [
          1.873779,
          42.998166
        ]
      },
      "properties": {
        "id": "text1083",
        "name": "Kazad Thar",
        "category": "settlement",
        "dataset": "karaz_ankor",
        "in_gazetteer": true,
        "type": "Kazad (Fortress)",
        "region": "Karaz Ankor",
        "province": null,
        "estate": null,
        "population": 155,
        "population_estimated": true,
        "size_category": 1,
        "trade": null,
        "source": "Time of Legends: Curse of the Phoenix Crown (Novel) by C.L. Werner",
        "tags": [],
        "notes": [
          "fallen"
        ],
        "history": {
          "province_2512": null,
          "province_2276": null,
          "ruler_2515": null,
          "ruler_2512": null,
          "ruler_2276": null
        },
        "wiki": {
          "title": "Kazad Thar",
          "url": "https://warhammerfantasy.fandom.com/wiki/Kazad_Thar",
          "description": "Kazad Thar was a small Dwarf hill fort crouching in the shadows of The Vaults. This settlement was razed to the ground by the Asur during the War of the Beard, with the support of their terrible High Elf Dragons. After the destruction of Kazad Thar and Kazad Mingol, a great exodus of the skarrenawi took place.",
          "image": null
        },
        "svg_layer": "Dwarf Holds"
      }
    },
    {
      "type": "Feature",
      "id": "text1084",
      "geometry": {
        "type": "Point",
        "coordinates": [
          1.265462,
          46.391724
        ]
      },
      "properties": {
        "id": "text1084",
        "name": "Kazad Mingol",
        "category": "settlement",
        "dataset": "karaz_ankor",
        "in_gazetteer": true,
        "type": "Kazad (Fortress)",
        "region": "Karaz Ankor",
        "province": null,
        "estate": null,
        "population": 87,
        "population_estimated": true,
        "size_category": 1,
        "trade": null,
        "source": "Time of Legends: The Great Betrayal (Novel) by Nick Kyme",
        "tags": [],
        "notes": [
          "fallen"
        ],
        "history": {
          "province_2512": null,
          "province_2276": null,
          "ruler_2515": null,
          "ruler_2512": null,
          "ruler_2276": null
        },
        "wiki": {
          "title": "Kazad Mingol",
          "url": "https://warhammerfantasy.fandom.com/wiki/Kazad_Mingol",
          "description": "Not to be confused with Gronti Mingol Kazad Mingol, meaning \" City of Watchtowers \" in Khazalid, was a Dwarf hold of the Skarrenawi -- the Hill Dwarfs -- and by extension was under the sovereignty of their hill kings.",
          "image": null
        },
        "svg_layer": "Dwarf Holds"
      }
    }
  ]
}