{
  "type": "FeatureCollection",
  "name": "settlements_westerland",
  "schema_version": 2,
  "features": [
    {
      "type": "Feature",
      "id": "copy_text_7988",
      "geometry": {
        "type": "Point",
        "coordinates": [
          -3.391252,
          51.819088
        ]
      },
      "properties": {
        "id": "copy_text_7988",
        "name": "Erlach",
        "category": "settlement",
        "dataset": "westerland",
        "in_gazetteer": false,
        "type": null,
        "region": "Westerland",
        "province": null,
        "estate": null,
        "population": 308,
        "population_estimated": true,
        "size_category": 2,
        "trade": null,
        "source": null,
        "tags": [],
        "notes": [],
        "history": {
          "province_2512": null,
          "province_2276": null,
          "ruler_2515": null,
          "ruler_2512": null,
          "ruler_2276": null
        },
        "wiki": {
          "title": null,
          "url": null,
          "description": null,
          "image": null
        },
        "svg_layer": "Westerland"
      }
    },
    {
      "type": "Feature",
      "id": "copy_text_7989",
      "geometry": {
        "type": "Point",
        "coordinates": [
          -3.129776,
          52.079332
        ]
      },
      "properties": {
        "id": "copy_text_7989",
        "name": "Siert",
        "category": "settlement",
        "dataset": "westerland",
        "in_gazetteer": true,
        "type": null,
        "region": "Westerland",
        "province": "Westerland",
        "estate": null,
        "population": 1652,
        "population_estimated": false,
        "size_category": 3,
        "trade": null,
        "source": "Warhammer Fantasy Roleplay 2e: Shades of Empire",
        "tags": [],
        "notes": [],
        "history": {
          "province_2512": null,
          "province_2276": null,
          "ruler_2515": null,
          "ruler_2512": null,
          "ruler_2276": null
        },
        "wiki": {
          "title": null,
          "url": null,
          "description": null,
          "image": null
        },
        "svg_layer": "Westerland"
      }
    },
    {
      "type": "Feature",
      "id": "copy_text_7990",
      "geometry": {
        "type": "Point",
        "coordinates": [
          -3.302666,
          51.967357
        ]
      },
      "properties": {
        "id": "copy_text_7990",
        "name": "Ammerhuis",
        "category": "settlement",
        "dataset": "westerland",
        "in_gazetteer": false,
        "type": null,
        "region": "Westerland",
        "province": null,
        "estate": null,
        "population": 268,
        "population_estimated": true,
        "size_category": 1,
        "trade": null,
        "source": null,
        "tags": [],
        "notes": [],
        "history": {
          "province_2512": null,
          "province_2276": null,
          "ruler_2515": null,
          "ruler_2512": null,
          "ruler_2276": null
        },
        "wiki": {
          "title": null,
          "url": null,
          "description": null,
          "image": null
        },
        "svg_layer": "Westerland"
      }
    },
    {
      "type": "Feature",
      "id": "copy_text_7991",
      "geometry": {
        "type": "Point",
        "coordinates": [
          -3.194652,
          53.264912
        ]
      },
      "properties": {
        "id": "copy_text_7991",
        "name": "Salfen",
        "category": "settlement",
        "dataset": "westerland",
        "in_gazetteer": true,
        "type": null,
        "region": "Westerland",
        "province": "Westerland",
        "estate": null,
        "population": 1319,
        "population_estimated": false,
        "size_category": 3,
        "trade": null,
        "source": "Warhammer: The Old World",
        "tags": [],
        "notes": [],
        "history": {
          "province_2512": null,
          "province_2276": null,
          "ruler_2515": null,
          "ruler_2512": null,
          "ruler_2276": null
        },
        "wiki": {
          "title": null,
          "url": null,
          "description": null,
          "image": null
        },
        "svg_layer": "Westerland"
      }
    },
    {
      "type": "Feature",
      "id": "copy_text_7992",
      "geometry": {
        "type": "Point",
        "coordinates": [
          -3.091104,
          52.457774
        ]
      },
      "properties": {
        "id": "copy_text_7992",
        "name": "Leydenhoven",
        "category": "settlement",
        "dataset": "westerland",
        "in_gazetteer": true,
        "type": null,
        "region": "Westerland",
        "province": "Westerland",
        "estate": null,
        "population": 4302,
        "population_estimated": false,
        "size_category": 4,
        "trade": null,
        "source": "Warhammer Fantasy Roleplay 1e: Marienburg - Sold Down the River",
        "tags": [],
        "notes": [],
        "history": {
          "province_2512": null,
          "province_2276": null,
          "ruler_2515": null,
          "ruler_2512": null,
          "ruler_2276": null
        },
        "wiki": {
          "title": null,
          "url": null,
          "description": null,
          "image": null
        },
        "svg_layer": "Westerland"
      }
    },
    {
      "type": "Feature",
      "id": "copy_text_7993",
      "geometry": {
        "type": "Point",
        "coordinates": [
          -3.617518,
          52.887139
        ]
      },
      "properties": {
        "id": "copy_text_7993",
        "name": "Grimpengratz",
        "category": "settlement",
        "dataset": "westerland",
        "in_gazetteer": true,
        "type": null,
        "region": "Westerland",
        "province": "Westerland",
        "estate": null,
        "population": 171,
        "population_estimated": true,
        "size_category": 1,
        "trade": null,
        "source": "Warhammer: The Old World",
        "tags": [],
        "notes": [],
        "history": {
          "province_2512": null,
          "province_2276": null,
          "ruler_2515": null,
          "ruler_2512": null,
          "ruler_2276": null
        },
        "wiki": {
          "title": null,
          "url": null,
          "description": null,
          "image": null
        },
        "svg_layer": "Westerland"
      }
    },
    {
      "type": "Feature",
      "id": "copy_text_7994",
      "geometry": {
        "type": "Point",
        "coordinates": [
          -4.16986,
          52.597088
        ]
      },
      "properties": {
        "id": "copy_text_7994",
        "name": "Lemmbourg",
        "category": "settlement",
        "dataset": "westerland",
        "in_gazetteer": false,
        "type": null,
        "region": "Westerland",
        "province": null,
        "estate": null,
        "population": 118,
        "population_estimated": true,
        "size_category": 1,
        "trade": null,
        "source": null,
        "tags": [],
        "notes": [],
        "history": {
          "province_2512": null,
          "province_2276": null,
          "ruler_2515": null,
          "ruler_2512": null,
          "ruler_2276": null
        },
        "wiki": {
          "title": null,
          "url": null,
          "description": null,
          "image": null
        },
        "svg_layer": "Westerland"
      }
    },
    {
      "type": "Feature",
      "id": "copy_text_7995",
      "geometry": {
        "type": "Point",
        "coordinates": [
          -3.637385,
          52.969666
        ]
      },
      "properties": {
        "id": "copy_text_7995",
        "name": "Klessen",
        "category": "settlement",
        "dataset": "westerland",
        "in_gazetteer": true,
        "type": null,
        "region": "Westerland",
        "province": "Westerland",
        "estate": null,
        "population": 12761,
        "population_estimated": false,
        "size_category": 4,
        "trade": null,
        "source": "Warhammer: The Old World",
        "tags": [],
        "notes": [],
        "history": {
          "province_2512": null,
          "province_2276": null,
          "ruler_2515": null,
          "ruler_2512": null,
          "ruler_2276": null
        },
        "wiki": {
          "title": null,
          "url": null,
          "description": null,
          "image": null
        },
        "svg_layer": "Westerland"
      }
    },
    {
      "type": "Feature",
      "id": "copy_text_7996",
      "geometry": {
        "type": "Point",
        "coordinates": [
          -3.363969,
          52.972321
        ]
      },
      "properties": {
        "id": "copy_text_7996",
        "name": "Kalkaat",
        "category": "settlement",
        "dataset": "westerland",
        "in_gazetteer": true,
        "type": null,
        "region": "Westerland",
        "province": "Westerland",
        "estate": null,
        "population": 8411,
        "population_estimated": false,
        "size_category": 4,
        "trade": null,
        "source": "Warhammer: The Old World",
        "tags": [],
        "notes": [],
        "history": {
          "province_2512": null,
          "province_2276": null,
          "ruler_2515": null,
          "ruler_2512": null,
          "ruler_2276": null
        },
        "wiki": {
          "title": null,
          "url": null,
          "description": null,
          "image": null
        },
        "svg_layer": "Westerland"
      }
    },
    {
      "type": "Feature",
      "id": "copy_text_7997",
      "geometry": {
        "type": "Point",
        "coordinates": [
          -4.243042,
          52.780554
        ]
      },
      "properties": {
        "id": "copy_text_7997",
        "name": "Keterveen",
        "category": "settlement",
        "dataset": "westerland",
        "in_gazetteer": false,
        "type": null,
        "region": "Westerland",
        "province": null,
        "estate": null,
        "population": 104,
        "population_estimated": true,
        "size_category": 1,
        "trade": null,
        "source": null,
        "tags": [],
        "notes": [],
        "history": {
          "province_2512": null,
          "province_2276": null,
          "ruler_2515": null,
          "ruler_2512": null,
          "ruler_2276": null
        },
        "wiki": {
          "title": null,
          "url": null,
          "description": null,
          "image": null
        },
        "svg_layer": "Westerland"
      }
    },
    {
      "type": "Feature",
      "id": "copy_text_7998",
      "geometry": {
        "type": "Point",
        "coordinates": [
          -3.751901,
          52.766531
        ]
      },
      "properties": {
        "id": "copy_text_7998",
        "name": "Maasten",
        "category": "settlement",
        "dataset": "westerland",
        "in_gazetteer": false,
        "type": null,
        "region": "Westerland",
        "province": null,
        "estate": null,
        "population": 195,
        "population_estimated": true,
        "size_category": 1,
        "trade": null,
        "source": null,
        "tags": [],
        "notes": [],
        "history": {
          "province_2512": null,
          "province_2276": null,
          "ruler_2515": null,
          "ruler_2512": null,
          "ruler_2276": null
        },
        "wiki": {
          "title": null,
          "url": null,
          "description": null,
          "image": null
        },
        "svg_layer": "Westerland"
      }
    },
    {
      "type": "Feature",
      "id": "copy_text_7999",
      "geometry": {
        "type": "Point",
        "coordinates": [
          -3.994802,
          52.704765
        ]
      },
      "properties": {
        "id": "copy_text_7999",
        "name": "Teskerdorp",
        "category": "settlement",
        "dataset": "westerland",
        "in_gazetteer": false,
        "type": null,
        "region": "Westerland",
        "province": null,
        "estate": null,
        "population": 90,
        "population_estimated": true,
        "size_category": 1,
        "trade": null,
        "source": null,
        "tags": [],
        "notes": [],
        "history": {
          "province_2512": null,
          "province_2276": null,
          "ruler_2515": null,
          "ruler_2512": null,
          "ruler_2276": null
        },
        "wiki": {
          "title": null,
          "url": null,
          "description": null,
          "image": null
        },
        "svg_layer": "Westerland"
      }
    },
    {
      "type": "Feature",
      "id": "copy_text_8000",
      "geometry": {
        "type": "Point",
        "coordinates": [
          -3.617149,
          52.840123
        ]
      },
      "properties": {
        "id": "copy_text_8000",
        "name": "Koorst",
        "category": "settlement",
        "dataset": "westerland",
        "in_gazetteer": false,
        "type": null,
        "region": "Westerland",
        "province": null,
        "estate": null,
        "population": 120,
        "population_estimated": true,
        "size_category": 1,
        "trade": null,
        "source": null,
        "tags": [],
        "notes": [],
        "history": {
          "province_2512": null,
          "province_2276": null,
          "ruler_2515": null,
          "ruler_2512": null,
          "ruler_2276": null
        },
        "wiki": {
          "title": null,
          "url": null,
          "description": null,
          "image": null
        },
        "svg_layer": "Westerland"
      }
    },
    {
      "type": "Feature",
      "id": "copy_text_8001",
      "geometry": {
        "type": "Point",
        "coordinates": [
          -3.403316,
          53.156216
        ]
      },
      "properties": {
        "id": "copy_text_8001",
        "name": "Vesterecht",
        "category": "settlement",
        "dataset": "westerland",
        "in_gazetteer": false,
        "type": null,
        "region": "Westerland",
        "province": null,
        "estate": null,
        "population": 139,
        "population_estimated": true,
        "size_category": 1,
        "trade": null,
        "source": null,
        "tags": [],
        "notes": [],
        "history": {
          "province_2512": null,
          "province_2276": null,
          "ruler_2515": null,
          "ruler_2512": null,
          "ruler_2276": null
        },
        "wiki": {
          "title": null,
          "url": null,
          "description": null,
          "image": null
        },
        "svg_layer": "Westerland"
      }
    },
    {
      "type": "Feature",
      "id": "copy_text_8002",
      "geometry": {
        "type": "Point",
        "coordinates": [
          -2.877479,
          53.02467
        ]
      },
      "properties": {
        "id": "copy_text_8002",
        "name": "Moerasstad",
        "category": "settlement",
        "dataset": "westerland",
        "in_gazetteer": false,
        "type": null,
        "region": "Westerland",
        "province": null,
        "estate": null,
        "population": 162,
        "population_estimated": true,
        "size_category": 1,
        "trade": null,
        "source": null,
        "tags": [],
        "notes": [],
        "history": {
          "province_2512": null,
          "province_2276": null,
          "ruler_2515": null,
          "ruler_2512": null,
          "ruler_2276": null
        },
        "wiki": {
          "title": null,
          "url": null,
          "description": null,
          "image": null
        },
        "svg_layer": "Westerland"
      }
    },
    {
      "type": "Feature",
      "id": "copy_text_8003",
      "geometry": {
        "type": "Point",
        "coordinates": [
          -3.28465,
          53.021075
        ]
      },
      "properties": {
        "id": "copy_text_8003",
        "name": "Rijkersfort",
        "category": "settlement",
        "dataset": "westerland",
        "in_gazetteer": false,
        "type": null,
        "region": "Westerland",
        "province": null,
        "estate": null,
        "population": 213,
        "population_estimated": true,
        "size_category": 1,
        "trade": null,
        "source": null,
        "tags": [],
        "notes": [],
        "history": {
          "province_2512": null,
          "province_2276": null,
          "ruler_2515": null,
          "ruler_2512": null,
          "ruler_2276": null
        },
        "wiki": {
          "title": null,
          "url": null,
          "description": null,
          "image": null
        },
        "svg_layer": "Westerland"
      }
    },
    {
      "type": "Feature",
      "id": "copy_text_8004",
      "geometry": {
        "type": "Point",
        "coordinates": [
          -3.927591,
          54.249674
        ]
      },
      "properties": {
        "id": "copy_text_8004",
        "name": "Broekwater",
        "category": "settlement",
        "dataset": "westerland",
        "in_gazetteer": true,
        "type": null,
        "region": "Westerland",
        "province": "Westerland",
        "estate": null,
        "population": 1213,
        "population_estimated": false,
        "size_category": 3,
        "trade": null,
        "source": "Warhammer Fantasy Roleplay 1e: Marienburg - Sold Down the River",
        "tags": [],
        "notes": [],
        "history": {
          "province_2512": null,
          "province_2276": null,
          "ruler_2515": null,
          "ruler_2512": null,
          "ruler_2276": null
        },
        "wiki": {
          "title": "Broekwater",
          "url": "https://warhammerfantasy.fandom.com/wiki/Broekwater",
          "description": "The village of Broekwater is squeezed between the Old Coast Road and the Manaanspoort Sea in the Wasteland. A small cluster of fishing hovels, Broekwater has a poor reputation and is said to be a haven for criminals of all sorts. The goods of ships wrecked along the western shore can sometimes be found here.",
          "image": "https://static.wikia.nocookie.net/warhammerfb/images/5/50/Almshoven_and_Broekwater.png/revision/latest?cb=20231218001247"
        },
        "svg_layer": "Westerland"
      }
    },
    {
      "type": "Feature",
      "id": "copy_text_8005",
      "geometry": {
        "type": "Point",
        "coordinates": [
          -4.065818,
          54.697258
        ]
      },
      "properties": {
        "id": "copy_text_8005",
        "name": "Almshoven",
        "category": "settlement",
        "dataset": "westerland",
        "in_gazetteer": true,
        "type": null,
        "region": "Westerland",
        "province": "Westerland",
        "estate": null,
        "population": 269,
        "population_estimated": true,
        "size_category": 1,
        "trade": null,
        "source": "Warhammer: The Old World",
        "tags": [],
        "notes": [],
        "history": {
          "province_2512": null,
          "province_2276": null,
          "ruler_2515": null,
          "ruler_2512": null,
          "ruler_2276": null
        },
        "wiki": {
          "title": "Almshoven",
          "url": "https://warhammerfantasy.fandom.com/wiki/Almshoven",
          "description": "The ruins of the village of Almshoven lie north of Broekwater. This small village and its lighthouse were destroyed by during the Great War Against Chaos by the Norscan raiders led by the Norscan Reaver Bilespit, a Champion of Nurgle. The village was never rebuilt and now is feared as a diseased, cursed graveyard best avoided by all.",
          "image": "https://static.wikia.nocookie.net/warhammerfb/images/5/50/Almshoven_and_Broekwater.png/revision/latest?cb=20231218001247"
        },
        "svg_layer": "Westerland"
      }
    },
    {
      "type": "Feature",
      "id": "copy_text_8006",
      "geometry": {
        "type": "Point",
        "coordinates": [
          -1.623752,
          54.342701
        ]
      },
      "properties": {
        "id": "copy_text_8006",
        "name": "Randstaad",
        "category": "settlement",
        "dataset": "westerland",
        "in_gazetteer": false,
        "type": null,
        "region": "Westerland",
        "province": null,
        "estate": null,
        "population": 131,
        "population_estimated": true,
        "size_category": 1,
        "trade": null,
        "source": null,
        "tags": [],
        "notes": [],
        "history": {
          "province_2512": null,
          "province_2276": null,
          "ruler_2515": null,
          "ruler_2512": null,
          "ruler_2276": null
        },
        "wiki": {
          "title": null,
          "url": null,
          "description": null,
          "image": null
        },
        "svg_layer": "Westerland"
      }
    },
    {
      "type": "Feature",
      "id": "copy_text_8007",
      "geometry": {
        "type": "Point",
        "coordinates": [
          -1.746683,
          56.463907
        ]
      },
      "properties": {
        "id": "copy_text_8007",
        "name": "Loenen",
        "category": "settlement",
        "dataset": "westerland",
        "in_gazetteer": true,
        "type": null,
        "region": "Westerland",
        "province": "Westerland",
        "estate": null,
        "population": 115,
        "population_estimated": true,
        "size_category": 1,
        "trade": null,
        "source": "Warhammer: The Old World",
        "tags": [],
        "notes": [],
        "history": {
          "province_2512": null,
          "province_2276": null,
          "ruler_2515": null,
          "ruler_2512": null,
          "ruler_2276": null
        },
        "wiki": {
          "title": null,
          "url": null,
          "description": null,
          "image": null
        },
        "svg_layer": "Westerland"
      }
    },
    {
      "type": "Feature",
      "id": "copy_text_8008",
      "geometry": {
        "type": "Point",
        "coordinates": [
          -1.725023,
          56.230483
        ]
      },
      "properties": {
        "id": "copy_text_8008",
        "name": "Oostwold",
        "category": "settlement",
        "dataset": "westerland",
        "in_gazetteer": true,
        "type": null,
        "region": "Westerland",
        "province": "Westerland",
        "estate": null,
        "population": 88,
        "population_estimated": true,
        "size_category": 1,
        "trade": null,
        "source": "Warhammer: The Old World",
        "tags": [],
        "notes": [],
        "history": {
          "province_2512": null,
          "province_2276": null,
          "ruler_2515": null,
          "ruler_2512": null,
          "ruler_2276": null
        },
        "wiki": {
          "title": null,
          "url": null,
          "description": null,
          "image": null
        },
        "svg_layer": "Westerland"
      }
    },
    {
      "type": "Feature",
      "id": "copy_text_8009",
      "geometry": {
        "type": "Point",
        "coordinates": [
          -1.787802,
          56.093106
        ]
      },
      "properties": {
        "id": "copy_text_8009",
        "name": "Stedum",
        "category": "settlement",
        "dataset": "westerland",
        "in_gazetteer": true,
        "type": null,
        "region": "Westerland",
        "province": "Westerland",
        "estate": null,
        "population": 217,
        "population_estimated": true,
        "size_category": 1,
        "trade": null,
        "source": "Warhammer: The Old World",
        "tags": [],
        "notes": [],
        "history": {
          "province_2512": null,
          "province_2276": null,
          "ruler_2515": null,
          "ruler_2512": null,
          "ruler_2276": null
        },
        "wiki": {
          "title": null,
          "url": null,
          "description": null,
          "image": null
        },
        "svg_layer": "Westerland"
      }
    },
    {
      "type": "Feature",
      "id": "copy_text_8010",
      "geometry": {
        "type": "Point",
        "coordinates": [
          -2.351275,
          57.091016
        ]
      },
      "properties": {
        "id": "copy_text_8010",
        "name": "Aarnau",
        "category": "settlement",
        "dataset": "westerland",
        "in_gazetteer": true,
        "type": null,
        "region": "Westerland",
        "province": "Westerland",
        "estate": null,
        "population": 7311,
        "population_estimated": false,
        "size_category": 4,
        "trade": null,
        "source": "Warhammer Fantasy Roleplay 1e: Marienburg - Sold Down the River",
        "tags": [],
        "notes": [],
        "history": {
          "province_2512": null,
          "province_2276": null,
          "ruler_2515": null,
          "ruler_2512": null,
          "ruler_2276": null
        },
        "wiki": {
          "title": "Aarnau",
          "url": "https://warhammerfantasy.fandom.com/wiki/Aarnau",
          "description": "At the very north-eastern tip of the Wasteland, on the border of the Laurelorn Forest, at the far north of the Tumble Downs, at the end of a rutted track grandly named the \"Old North Road\", sits the border town of Aarnau. Ships stopping here report a quiet settlement of farmers and fisherman, with a surprising martial bent.",
          "image": "https://static.wikia.nocookie.net/warhammerfb/images/d/d7/Hollum-Aarnau-Diever.png/revision/latest?cb=20251109051320"
        },
        "svg_layer": "Westerland"
      }
    },
    {
      "type": "Feature",
      "id": "copy_text_8011",
      "geometry": {
        "type": "Point",
        "coordinates": [
          -2.588162,
          57.104072
        ]
      },
      "properties": {
        "id": "copy_text_8011",
        "name": "Hollum",
        "category": "settlement",
        "dataset": "westerland",
        "in_gazetteer": true,
        "type": null,
        "region": "Westerland",
        "province": "Westerland",
        "estate": null,
        "population": 844,
        "population_estimated": false,
        "size_category": 2,
        "trade": null,
        "source": "Warhammer Fantasy Roleplay 1e: Marienburg - Sold Down the River",
        "tags": [],
        "notes": [],
        "history": {
          "province_2512": null,
          "province_2276": null,
          "ruler_2515": null,
          "ruler_2512": null,
          "ruler_2276": null
        },
        "wiki": {
          "title": null,
          "url": null,
          "description": null,
          "image": null
        },
        "svg_layer": "Westerland"
      }
    },
    {
      "type": "Feature",
      "id": "copy_text_8012",
      "geometry": {
        "type": "Point",
        "coordinates": [
          -2.04297,
          56.842707
        ]
      },
      "properties": {
        "id": "copy_text_8012",
        "name": "Haarskamp",
        "category": "settlement",
        "dataset": "westerland",
        "in_gazetteer": true,
        "type": null,
        "region": "Westerland",
        "province": "Westerland",
        "estate": null,
        "population": 459,
        "population_estimated": true,
        "size_category": 2,
        "trade": null,
        "source": "Warhammer: The Old World",
        "tags": [],
        "notes": [],
        "history": {
          "province_2512": null,
          "province_2276": null,
          "ruler_2515": null,
          "ruler_2512": null,
          "ruler_2276": null
        },
        "wiki": {
          "title": null,
          "url": null,
          "description": null,
          "image": null
        },
        "svg_layer": "Westerland"
      }
    },
    {
      "type": "Feature",
      "id": "copy_text_8013",
      "geometry": {
        "type": "Point",
        "coordinates": [
          -1.541061,
          54.676532
        ]
      },
      "properties": {
        "id": "copy_text_8013",
        "name": "Vasse",
        "category": "settlement",
        "dataset": "westerland",
        "in_gazetteer": true,
        "type": null,
        "region": "Westerland",
        "province": "Westerland",
        "estate": null,
        "population": 171,
        "population_estimated": true,
        "size_category": 1,
        "trade": null,
        "source": "Warhammer: The Old World",
        "tags": [],
        "notes": [],
        "history": {
          "province_2512": null,
          "province_2276": null,
          "ruler_2515": null,
          "ruler_2512": null,
          "ruler_2276": null
        },
        "wiki": {
          "title": null,
          "url": null,
          "description": null,
          "image": null
        },
        "svg_layer": "Westerland"
      }
    },
    {
      "type": "Feature",
      "id": "copy_text_8014",
      "geometry": {
        "type": "Point",
        "coordinates": [
          -3.395886,
          52.538405
        ]
      },
      "properties": {
        "id": "copy_text_8014",
        "name": "Zandt",
        "category": "settlement",
        "dataset": "westerland",
        "in_gazetteer": true,
        "type": null,
        "region": "Westerland",
        "province": "Westerland",
        "estate": null,
        "population": 9744,
        "population_estimated": false,
        "size_category": 4,
        "trade": null,
        "source": "Warhammer: The Old World",
        "tags": [],
        "notes": [],
        "history": {
          "province_2512": null,
          "province_2276": null,
          "ruler_2515": null,
          "ruler_2512": null,
          "ruler_2276": null
        },
        "wiki": {
          "title": null,
          "url": null,
          "description": null,
          "image": null
        },
        "svg_layer": "Westerland"
      }
    },
    {
      "type": "Feature",
      "id": "copy_text_8015",
      "geometry": {
        "type": "Point",
        "coordinates": [
          -3.385817,
          52.510083
        ]
      },
      "properties": {
        "id": "copy_text_8015",
        "name": "Ruttenkoop",
        "category": "settlement",
        "dataset": "westerland",
        "in_gazetteer": false,
        "type": null,
        "region": "Westerland",
        "province": null,
        "estate": null,
        "population": 140,
        "population_estimated": true,
        "size_category": 1,
        "trade": null,
        "source": null,
        "tags": [],
        "notes": [],
        "history": {
          "province_2512": null,
          "province_2276": null,
          "ruler_2515": null,
          "ruler_2512": null,
          "ruler_2276": null
        },
        "wiki": {
          "title": null,
          "url": null,
          "description": null,
          "image": null
        },
        "svg_layer": "Westerland"
      }
    },
    {
      "type": "Feature",
      "id": "copy_text_8016",
      "geometry": {
        "type": "Point",
        "coordinates": [
          -3.967779,
          52.21759
        ]
      },
      "properties": {
        "id": "copy_text_8016",
        "name": "Heuveldorp",
        "category": "settlement",
        "dataset": "westerland",
        "in_gazetteer": false,
        "type": null,
        "region": "Westerland",
        "province": null,
        "estate": null,
        "population": 144,
        "population_estimated": true,
        "size_category": 1,
        "trade": null,
        "source": null,
        "tags": [],
        "notes": [],
        "history": {
          "province_2512": null,
          "province_2276": null,
          "ruler_2515": null,
          "ruler_2512": null,
          "ruler_2276": null
        },
        "wiki": {
          "title": null,
          "url": null,
          "description": null,
          "image": null
        },
        "svg_layer": "Westerland"
      }
    },
    {
      "type": "Feature",
      "id": "copy_text_8017",
      "geometry": {
        "type": "Point",
        "coordinates": [
          -3.929462,
          53.967515
        ]
      },
      "properties": {
        "id": "copy_text_8017",
        "name": "Heppeldorp",
        "category": "settlement",
        "dataset": "westerland",
        "in_gazetteer": false,
        "type": null,
        "region": "Westerland",
        "province": null,
        "estate": null,
        "population": 80,
        "population_estimated": true,
        "size_category": 1,
        "trade": null,
        "source": null,
        "tags": [],
        "notes": [],
        "history": {
          "province_2512": null,
          "province_2276": null,
          "ruler_2515": null,
          "ruler_2512": null,
          "ruler_2276": null
        },
        "wiki": {
          "title": null,
          "url": null,
          "description": null,
          "image": null
        },
        "svg_layer": "Westerland"
      }
    },
    {
      "type": "Feature",
      "id": "copy_text_8018",
      "geometry": {
        "type": "Point",
        "coordinates": [
          -5.041691,
          52.573664
        ]
      },
      "properties": {
        "id": "copy_text_8018",
        "name": "Ville Bergbres",
        "category": "settlement",
        "dataset": "westerland",
        "in_gazetteer": false,
        "type": null,
        "region": "Westerland",
        "province": null,
        "estate": null,
        "population": 136,
        "population_estimated": true,
        "size_category": 1,
        "trade": null,
        "source": null,
        "tags": [],
        "notes": [],
        "history": {
          "province_2512": null,
          "province_2276": null,
          "ruler_2515": null,
          "ruler_2512": null,
          "ruler_2276": null
        },
        "wiki": {
          "title": null,
          "url": null,
          "description": null,
          "image": null
        },
        "svg_layer": "Westerland"
      }
    },
    {
      "type": "Feature",
      "id": "copy_text_8019",
      "geometry": {
        "type": "Point",
        "coordinates": [
          -3.89359,
          52.368481
        ]
      },
      "properties": {
        "id": "copy_text_8019",
        "name": "Kleindorpje",
        "category": "settlement",
        "dataset": "westerland",
        "in_gazetteer": false,
        "type": null,
        "region": "Westerland",
        "province": null,
        "estate": null,
        "population": 88,
        "population_estimated": true,
        "size_category": 1,
        "trade": null,
        "source": null,
        "tags": [],
        "notes": [],
        "history": {
          "province_2512": null,
          "province_2276": null,
          "ruler_2515": null,
          "ruler_2512": null,
          "ruler_2276": null
        },
        "wiki": {
          "title": null,
          "url": null,
          "description": null,
          "image": null
        },
        "svg_layer": "Westerland"
      }
    },
    {
      "type": "Feature",
      "id": "copy_text_8020",
      "geometry": {
        "type": "Point",
        "coordinates": [
          -1.444541,
          54.270481
        ]
      },
      "properties": {
        "id": "copy_text_8020",
        "name": "Grensstad",
        "category": "settlement",
        "dataset": "westerland",
        "in_gazetteer": false,
        "type": null,
        "region": "Westerland",
        "province": null,
        "estate": null,
        "population": 217,
        "population_estimated": true,
        "size_category": 1,
        "trade": null,
        "source": null,
        "tags": [],
        "notes": [],
        "history": {
          "province_2512": null,
          "province_2276": null,
          "ruler_2515": null,
          "ruler_2512": null,
          "ruler_2276": null
        },
        "wiki": {
          "title": null,
          "url": null,
          "description": null,
          "image": null
        },
        "svg_layer": "Westerland"
      }
    },
    {
      "type": "Feature",
      "id": "copy_text_8021",
      "geometry": {
        "type": "Point",
        "coordinates": [
          -1.467682,
          54.212571
        ]
      },
      "properties": {
        "id": "copy_text_8021",
        "name": "Wouduin",
        "category": "settlement",
        "dataset": "westerland",
        "in_gazetteer": true,
        "type": null,
        "region": "Westerland",
        "province": "Westerland",
        "estate": null,
        "population": 169,
        "population_estimated": true,
        "size_category": 1,
        "trade": null,
        "source": "Warhammer: The Old World",
        "tags": [],
        "notes": [],
        "history": {
          "province_2512": null,
          "province_2276": null,
          "ruler_2515": null,
          "ruler_2512": null,
          "ruler_2276": null
        },
        "wiki": {
          "title": null,
          "url": null,
          "description": null,
          "image": null
        },
        "svg_layer": "Westerland"
      }
    },
    {
      "type": "Feature",
      "id": "copy_text_8022",
      "geometry": {
        "type": "Point",
        "coordinates": [
          -1.553049,
          54.15266
        ]
      },
      "properties": {
        "id": "copy_text_8022",
        "name": "Gorssel",
        "category": "settlement",
        "dataset": "westerland",
        "in_gazetteer": true,
        "type": null,
        "region": "Westerland",
        "province": "Westerland",
        "estate": null,
        "population": 2771,
        "population_estimated": false,
        "size_category": 3,
        "trade": null,
        "source": "Warhammer: The Old World",
        "tags": [],
        "notes": [],
        "history": {
          "province_2512": null,
          "province_2276": null,
          "ruler_2515": null,
          "ruler_2512": null,
          "ruler_2276": null
        },
        "wiki": {
          "title": null,
          "url": null,
          "description": null,
          "image": null
        },
        "svg_layer": "Westerland"
      }
    },
    {
      "type": "Feature",
      "id": "copy_text_8023",
      "geometry": {
        "type": "Point",
        "coordinates": [
          -1.553565,
          54.48255
        ]
      },
      "properties": {
        "id": "copy_text_8023",
        "name": "Gieten",
        "category": "settlement",
        "dataset": "westerland",
        "in_gazetteer": true,
        "type": null,
        "region": "Westerland",
        "province": "Westerland",
        "estate": null,
        "population": 361,
        "population_estimated": true,
        "size_category": 2,
        "trade": null,
        "source": "Warhammer: The Old World",
        "tags": [],
        "notes": [],
        "history": {
          "province_2512": null,
          "province_2276": null,
          "ruler_2515": null,
          "ruler_2512": null,
          "ruler_2276": null
        },
        "wiki": {
          "title": null,
          "url": null,
          "description": null,
          "image": null
        },
        "svg_layer": "Westerland"
      }
    },
    {
      "type": "Feature",
      "id": "copy_text_8024",
      "geometry": {
        "type": "Point",
        "coordinates": [
          -2.133835,
          56.942489
        ]
      },
      "properties": {
        "id": "copy_text_8024",
        "name": "Diever",
        "category": "settlement",
        "dataset": "westerland",
        "in_gazetteer": true,
        "type": null,
        "region": "Westerland",
        "province": "Westerland",
        "estate": null,
        "population": 222,
        "population_estimated": true,
        "size_category": 1,
        "trade": null,
        "source": "Warhammer: The Old World",
        "tags": [],
        "notes": [],
        "history": {
          "province_2512": null,
          "province_2276": null,
          "ruler_2515": null,
          "ruler_2512": null,
          "ruler_2276": null
        },
        "wiki": {
          "title": null,
          "url": null,
          "description": null,
          "image": null
        },
        "svg_layer": "Westerland"
      }
    },
    {
      "type": "Feature",
      "id": "copy_text_8025",
      "geometry": {
        "type": "Point",
        "coordinates": [
          -3.849775,
          55.540113
        ]
      },
      "properties": {
        "id": "copy_text_8025",
        "name": "Rotsachhaven",
        "category": "settlement",
        "dataset": "westerland",
        "in_gazetteer": false,
        "type": null,
        "region": "Westerland",
        "province": null,
        "estate": null,
        "population": 141,
        "population_estimated": true,
        "size_category": 1,
        "trade": null,
        "source": null,
        "tags": [],
        "notes": [],
        "history": {
          "province_2512": null,
          "province_2276": null,
          "ruler_2515": null,
          "ruler_2512": null,
          "ruler_2276": null
        },
        "wiki": {
          "title": null,
          "url": null,
          "description": null,
          "image": null
        },
        "svg_layer": "Westerland"
      }
    },
    {
      "type": "Feature",
      "id": "copy_text_8027",
      "geometry": {
        "type": "Point",
        "coordinates": [
          -3.235663,
          53.123466
        ]
      },
      "properties": {
        "id": "copy_text_8027",
        "name": "Marienburg",
        "category": "settlement",
        "dataset": "westerland",
        "in_gazetteer": true,
        "type": null,
        "region": "Westerland",
        "province": "Westerland",
        "estate": null,
        "population": 288437,
        "population_estimated": false,
        "size_category": 6,
        "trade": null,
        "source": "Warhammer Fantasy Roleplay 1e: Marienburg - Sold Down the River",
        "tags": [],
        "notes": [],
        "history": {
          "province_2512": null,
          "province_2276": null,
          "ruler_2515": null,
          "ruler_2512": null,
          "ruler_2276": null
        },
        "wiki": {
          "title": "Marienburg",
          "url": "https://warhammerfantasy.fandom.com/wiki/Marienburg",
          "description": "Marienburg is the great mercantile city-state of the Wasteland that is considered to be the largest trading hub in the Old World and the greatest of its ports. Straddling the mouth of the River Reik as it drains into the Manaansport Sea and the Sea of Claws, nearly all the maritime trade of Bretonnia and the Empire of Man finds its way here. It is a place of great wealth and great opportunity.",
          "image": "https://static.wikia.nocookie.net/warhammerfb/images/2/2d/Warhammer_Fantasy_-_Marienburg%2C_Empire_City_State.png/revision/latest?cb=20151001185559"
        },
        "svg_layer": "Westerland"
      }
    },
    {
      "type": "Feature",
      "id": "copy_text_8028",
      "geometry": {
        "type": "Point",
        "coordinates": [
          -2.465542,
          52.973554
        ]
      },
      "properties": {
        "id": "copy_text_8028",
        "name": "Smerigwaard",
        "category": "settlement",
        "dataset": "westerland",
        "in_gazetteer": false,
        "type": null,
        "region": "Westerland",
        "province": null,
        "estate": null,
        "population": 101,
        "population_estimated": true,
        "size_category": 1,
        "trade": null,
        "source": null,
        "tags": [],
        "notes": [],
        "history": {
          "province_2512": null,
          "province_2276": null,
          "ruler_2515": null,
          "ruler_2512": null,
          "ruler_2276": null
        },
        "wiki": {
          "title": null,
          "url": null,
          "description": null,
          "image": null
        },
        "svg_layer": "Westerland"
      }
    },
    {
      "type": "Feature",
      "id": "copy_text_8029",
      "geometry": {
        "type": "Point",
        "coordinates": [
          -2.600491,
          53.001603
        ]
      },
      "properties": {
        "id": "copy_text_8029",
        "name": "Klauperdorf",
        "category": "settlement",
        "dataset": "westerland",
        "in_gazetteer": false,
        "type": null,
        "region": "Westerland",
        "province": null,
        "estate": null,
        "population": 354,
        "population_estimated": true,
        "size_category": 2,
        "trade": null,
        "source": null,
        "tags": [],
        "notes": [],
        "history": {
          "province_2512": null,
          "province_2276": null,
          "ruler_2515": null,
          "ruler_2512": null,
          "ruler_2276": null
        },
        "wiki": {
          "title": null,
          "url": null,
          "description": null,
          "image": null
        },
        "svg_layer": "Westerland"
      }
    },
    {
      "type": "Feature",
      "id": "copy_text_8030",
      "geometry": {
        "type": "Point",
        "coordinates": [
          -3.598035,
          51.656887
        ]
      },
      "properties": {
        "id": "copy_text_8030",
        "name": "Fessel",
        "category": "settlement",
        "dataset": "westerland",
        "in_gazetteer": false,
        "type": null,
        "region": "Westerland",
        "province": null,
        "estate": null,
        "population": 159,
        "population_estimated": true,
        "size_category": 1,
        "trade": null,
        "source": null,
        "tags": [],
        "notes": [],
        "history": {
          "province_2512": null,
          "province_2276": null,
          "ruler_2515": null,
          "ruler_2512": null,
          "ruler_2276": null
        },
        "wiki": {
          "title": null,
          "url": null,
          "description": null,
          "image": null
        },
        "svg_layer": "Westerland"
      }
    },
    {
      "type": "Feature",
      "id": "copy_text_8031",
      "geometry": {
        "type": "Point",
        "coordinates": [
          -3.62373,
          52.695755
        ]
      },
      "properties": {
        "id": "copy_text_8031",
        "name": "Halsdorp",
        "category": "settlement",
        "dataset": "westerland",
        "in_gazetteer": true,
        "type": null,
        "region": "Westerland",
        "province": "Westerland",
        "estate": null,
        "population": 445,
        "population_estimated": false,
        "size_category": 2,
        "trade": null,
        "source": "Warhammer Fantasy Roleplay 1e: Marienburg - Sold Down the River",
        "tags": [],
        "notes": [],
        "history": {
          "province_2512": null,
          "province_2276": null,
          "ruler_2515": null,
          "ruler_2512": null,
          "ruler_2276": null
        },
        "wiki": {
          "title": null,
          "url": null,
          "description": null,
          "image": null
        },
        "svg_layer": "Westerland"
      }
    },
    {
      "type": "Feature",
      "id": "copy_text_8032",
      "geometry": {
        "type": "Point",
        "coordinates": [
          -3.339277,
          53.146579
        ]
      },
      "properties": {
        "id": "copy_text_8032",
        "name": "Middeldijk",
        "category": "settlement",
        "dataset": "westerland",
        "in_gazetteer": false,
        "type": null,
        "region": "Westerland",
        "province": null,
        "estate": null,
        "population": 71,
        "population_estimated": true,
        "size_category": 1,
        "trade": null,
        "source": null,
        "tags": [],
        "notes": [],
        "history": {
          "province_2512": null,
          "province_2276": null,
          "ruler_2515": null,
          "ruler_2512": null,
          "ruler_2276": null
        },
        "wiki": {
          "title": null,
          "url": null,
          "description": null,
          "image": null
        },
        "svg_layer": "Westerland"
      }
    },
    {
      "type": "Feature",
      "id": "copy_text_8033",
      "geometry": {
        "type": "Point",
        "coordinates": [
          -3.306439,
          52.959266
        ]
      },
      "properties": {
        "id": "copy_text_8033",
        "name": "Havenrijk",
        "category": "settlement",
        "dataset": "westerland",
        "in_gazetteer": false,
        "type": null,
        "region": "Westerland",
        "province": null,
        "estate": null,
        "population": 188,
        "population_estimated": true,
        "size_category": 1,
        "trade": null,
        "source": null,
        "tags": [],
        "notes": [],
        "history": {
          "province_2512": null,
          "province_2276": null,
          "ruler_2515": null,
          "ruler_2512": null,
          "ruler_2276": null
        },
        "wiki": {
          "title": null,
          "url": null,
          "description": null,
          "image": null
        },
        "svg_layer": "Westerland"
      }
    },
    {
      "type": "Feature",
      "id": "copy_text_8034",
      "geometry": {
        "type": "Point",
        "coordinates": [
          -3.148904,
          53.117193
        ]
      },
      "properties": {
        "id": "copy_text_8034",
        "name": "Kloosterdam",
        "category": "settlement",
        "dataset": "westerland",
        "in_gazetteer": false,
        "type": null,
        "region": "Westerland",
        "province": null,
        "estate": null,
        "population": 100,
        "population_estimated": true,
        "size_category": 1,
        "trade": null,
        "source": null,
        "tags": [],
        "notes": [],
        "history": {
          "province_2512": null,
          "province_2276": null,
          "ruler_2515": null,
          "ruler_2512": null,
          "ruler_2276": null
        },
        "wiki": {
          "title": null,
          "url": null,
          "description": null,
          "image": null
        },
        "svg_layer": "Westerland"
      }
    },
    {
      "type": "Feature",
      "id": "copy_text_8035",
      "geometry": {
        "type": "Point",
        "coordinates": [
          -3.377541,
          53.185527
        ]
      },
      "properties": {
        "id": "copy_text_8035",
        "name": "Driewegen",
        "category": "settlement",
        "dataset": "westerland",
        "in_gazetteer": false,
        "type": null,
        "region": "Westerland",
        "province": null,
        "estate": null,
        "population": 96,
        "population_estimated": true,
        "size_category": 1,
        "trade": null,
        "source": null,
        "tags": [],
        "notes": [],
        "history": {
          "province_2512": null,
          "province_2276": null,
          "ruler_2515": null,
          "ruler_2512": null,
          "ruler_2276": null
        },
        "wiki": {
          "title": null,
          "url": null,
          "description": null,
          "image": null
        },
        "svg_layer": "Westerland"
      }
    },
    {
      "type": "Feature",
      "id": "copy_text_8036",
      "geometry": {
        "type": "Point",
        "coordinates": [
          -3.345528,
          52.899209
        ]
      },
      "properties": {
        "id": "copy_text_8036",
        "name": "Oudegracht",
        "category": "settlement",
        "dataset": "westerland",
        "in_gazetteer": false,
        "type": null,
        "region": "Westerland",
        "province": null,
        "estate": null,
        "population": 193,
        "population_estimated": true,
        "size_category": 1,
        "trade": null,
        "source": null,
        "tags": [],
        "notes": [],
        "history": {
          "province_2512": null,
          "province_2276": null,
          "ruler_2515": null,
          "ruler_2512": null,
          "ruler_2276": null
        },
        "wiki": {
          "title": null,
          "url": null,
          "description": null,
          "image": null
        },
        "svg_layer": "Westerland"
      }
    },
    {
      "type": "Feature",
      "id": "copy_text_8037",
      "geometry": {
        "type": "Point",
        "coordinates": [
          -3.398577,
          52.822764
        ]
      },
      "properties": {
        "id": "copy_text_8037",
        "name": "Kranedam",
        "category": "settlement",
        "dataset": "westerland",
        "in_gazetteer": false,
        "type": null,
        "region": "Westerland",
        "province": null,
        "estate": null,
        "population": 147,
        "population_estimated": true,
        "size_category": 1,
        "trade": null,
        "source": null,
        "tags": [],
        "notes": [],
        "history": {
          "province_2512": null,
          "province_2276": null,
          "ruler_2515": null,
          "ruler_2512": null,
          "ruler_2276": null
        },
        "wiki": {
          "title": null,
          "url": null,
          "description": null,
          "image": null
        },
        "svg_layer": "Westerland"
      }
    },
    {
      "type": "Feature",
      "id": "copy_text_8038",
      "geometry": {
        "type": "Point",
        "coordinates": [
          -3.40912,
          52.672678
        ]
      },
      "properties": {
        "id": "copy_text_8038",
        "name": "Zwanedam",
        "category": "settlement",
        "dataset": "westerland",
        "in_gazetteer": false,
        "type": null,
        "region": "Westerland",
        "province": null,
        "estate": null,
        "population": 152,
        "population_estimated": true,
        "size_category": 1,
        "trade": null,
        "source": null,
        "tags": [],
        "notes": [],
        "history": {
          "province_2512": null,
          "province_2276": null,
          "ruler_2515": null,
          "ruler_2512": null,
          "ruler_2276": null
        },
        "wiki": {
          "title": null,
          "url": null,
          "description": null,
          "image": null
        },
        "svg_layer": "Westerland"
      }
    },
    {
      "type": "Feature",
      "id": "copy_text_8039",
      "geometry": {
        "type": "Point",
        "coordinates": [
          -3.406047,
          52.65059
        ]
      },
      "properties": {
        "id": "copy_text_8039",
        "name": "Zwaneveerboot",
        "category": "settlement",
        "dataset": "westerland",
        "in_gazetteer": false,
        "type": null,
        "region": "Westerland",
        "province": null,
        "estate": null,
        "population": 111,
        "population_estimated": true,
        "size_category": 1,
        "trade": null,
        "source": null,
        "tags": [],
        "notes": [],
        "history": {
          "province_2512": null,
          "province_2276": null,
          "ruler_2515": null,
          "ruler_2512": null,
          "ruler_2276": null
        },
        "wiki": {
          "title": null,
          "url": null,
          "description": null,
          "image": null
        },
        "svg_layer": "Westerland"
      }
    },
    {
      "type": "Feature",
      "id": "copy_text_8040",
      "geometry": {
        "type": "Point",
        "coordinates": [
          -3.280688,
          52.982973
        ]
      },
      "properties": {
        "id": "copy_text_8040",
        "name": "Zijlpoort",
        "category": "settlement",
        "dataset": "westerland",
        "in_gazetteer": false,
        "type": null,
        "region": "Westerland",
        "province": null,
        "estate": null,
        "population": 110,
        "population_estimated": true,
        "size_category": 1,
        "trade": null,
        "source": null,
        "tags": [],
        "notes": [],
        "history": {
          "province_2512": null,
          "province_2276": null,
          "ruler_2515": null,
          "ruler_2512": null,
          "ruler_2276": null
        },
        "wiki": {
          "title": null,
          "url": null,
          "description": null,
          "image": null
        },
        "svg_layer": "Westerland"
      }
    },
    {
      "type": "Feature",
      "id": "copy_text_8041",
      "geometry": {
        "type": "Point",
        "coordinates": [
          -3.451673,
          53.14204
        ]
      },
      "properties": {
        "id": "copy_text_8041",
        "name": "Stillebroek",
        "category": "settlement",
        "dataset": "westerland",
        "in_gazetteer": false,
        "type": null,
        "region": "Westerland",
        "province": null,
        "estate": null,
        "population": 287,
        "population_estimated": true,
        "size_category": 1,
        "trade": null,
        "source": null,
        "tags": [],
        "notes": [],
        "history": {
          "province_2512": null,
          "province_2276": null,
          "ruler_2515": null,
          "ruler_2512": null,
          "ruler_2276": null
        },
        "wiki": {
          "title": null,
          "url": null,
          "description": null,
          "image": null
        },
        "svg_layer": "Westerland"
      }
    },
    {
      "type": "Feature",
      "id": "copy_text_8042",
      "geometry": {
        "type": "Point",
        "coordinates": [
          -3.595877,
          53.023549
        ]
      },
      "properties": {
        "id": "copy_text_8042",
        "name": "Slangenmeer",
        "category": "settlement",
        "dataset": "westerland",
        "in_gazetteer": false,
        "type": null,
        "region": "Westerland",
        "province": null,
        "estate": null,
        "population": 105,
        "population_estimated": true,
        "size_category": 1,
        "trade": null,
        "source": null,
        "tags": [],
        "notes": [],
        "history": {
          "province_2512": null,
          "province_2276": null,
          "ruler_2515": null,
          "ruler_2512": null,
          "ruler_2276": null
        },
        "wiki": {
          "title": null,
          "url": null,
          "description": null,
          "image": null
        },
        "svg_layer": "Westerland"
      }
    },
    {
      "type": "Feature",
      "id": "copy_text_8043",
      "geometry": {
        "type": "Point",
        "coordinates": [
          -2.456814,
          53.37496
        ]
      },
      "properties": {
        "id": "copy_text_8043",
        "name": "Gieterveen",
        "category": "settlement",
        "dataset": "westerland",
        "in_gazetteer": false,
        "type": null,
        "region": "Westerland",
        "province": null,
        "estate": null,
        "population": 93,
        "population_estimated": true,
        "size_category": 1,
        "trade": null,
        "source": null,
        "tags": [],
        "notes": [],
        "history": {
          "province_2512": null,
          "province_2276": null,
          "ruler_2515": null,
          "ruler_2512": null,
          "ruler_2276": null
        },
        "wiki": {
          "title": null,
          "url": null,
          "description": null,
          "image": null
        },
        "svg_layer": "Westerland"
      }
    },
    {
      "type": "Feature",
      "id": "copy_text_8044",
      "geometry": {
        "type": "Point",
        "coordinates": [
          -3.680987,
          52.985889
        ]
      },
      "properties": {
        "id": "copy_text_8044",
        "name": "Blekersdijk",
        "category": "settlement",
        "dataset": "westerland",
        "in_gazetteer": false,
        "type": null,
        "region": "Westerland",
        "province": null,
        "estate": null,
        "population": 302,
        "population_estimated": true,
        "size_category": 2,
        "trade": null,
        "source": null,
        "tags": [],
        "notes": [],
        "history": {
          "province_2512": null,
          "province_2276": null,
          "ruler_2515": null,
          "ruler_2512": null,
          "ruler_2276": null
        },
        "wiki": {
          "title": null,
          "url": null,
          "description": null,
          "image": null
        },
        "svg_layer": "Westerland"
      }
    },
    {
      "type": "Feature",
      "id": "copy_text_8045",
      "geometry": {
        "type": "Point",
        "coordinates": [
          -4.202591,
          52.662327
        ]
      },
      "properties": {
        "id": "copy_text_8045",
        "name": "Molenwaard",
        "category": "settlement",
        "dataset": "westerland",
        "in_gazetteer": false,
        "type": null,
        "region": "Westerland",
        "province": null,
        "estate": null,
        "population": 125,
        "population_estimated": true,
        "size_category": 1,
        "trade": null,
        "source": null,
        "tags": [],
        "notes": [],
        "history": {
          "province_2512": null,
          "province_2276": null,
          "ruler_2515": null,
          "ruler_2512": null,
          "ruler_2276": null
        },
        "wiki": {
          "title": null,
          "url": null,
          "description": null,
          "image": null
        },
        "svg_layer": "Westerland"
      }
    },
    {
      "type": "Feature",
      "id": "copy_text_8046",
      "geometry": {
        "type": "Point",
        "coordinates": [
          -3.545086,
          53.08197
        ]
      },
      "properties": {
        "id": "copy_text_8046",
        "name": "Kranegracht",
        "category": "settlement",
        "dataset": "westerland",
        "in_gazetteer": false,
        "type": null,
        "region": "Westerland",
        "province": null,
        "estate": null,
        "population": 94,
        "population_estimated": true,
        "size_category": 1,
        "trade": null,
        "source": null,
        "tags": [],
        "notes": [],
        "history": {
          "province_2512": null,
          "province_2276": null,
          "ruler_2515": null,
          "ruler_2512": null,
          "ruler_2276": null
        },
        "wiki": {
          "title": null,
          "url": null,
          "description": null,
          "image": null
        },
        "svg_layer": "Westerland"
      }
    },
    {
      "type": "Feature",
      "id": "copy_text_8047",
      "geometry": {
        "type": "Point",
        "coordinates": [
          -2.455811,
          53.173336
        ]
      },
      "properties": {
        "id": "copy_text_8047",
        "name": "Zilvermeer",
        "category": "settlement",
        "dataset": "westerland",
        "in_gazetteer": false,
        "type": null,
        "region": "Westerland",
        "province": null,
        "estate": null,
        "population": 91,
        "population_estimated": true,
        "size_category": 1,
        "trade": null,
        "source": null,
        "tags": [],
        "notes": [],
        "history": {
          "province_2512": null,
          "province_2276": null,
          "ruler_2515": null,
          "ruler_2512": null,
          "ruler_2276": null
        },
        "wiki": {
          "title": null,
          "url": null,
          "description": null,
          "image": null
        },
        "svg_layer": "Westerland"
      }
    },
    {
      "type": "Feature",
      "id": "copy_text_8048",
      "geometry": {
        "type": "Point",
        "coordinates": [
          -3.146734,
          52.492734
        ]
      },
      "properties": {
        "id": "copy_text_8048",
        "name": "Torenbroek",
        "category": "settlement",
        "dataset": "westerland",
        "in_gazetteer": false,
        "type": null,
        "region": "Westerland",
        "province": null,
        "estate": null,
        "population": 190,
        "population_estimated": true,
        "size_category": 1,
        "trade": null,
        "source": null,
        "tags": [],
        "notes": [],
        "history": {
          "province_2512": null,
          "province_2276": null,
          "ruler_2515": null,
          "ruler_2512": null,
          "ruler_2276": null
        },
        "wiki": {
          "title": null,
          "url": null,
          "description": null,
          "image": null
        },
        "svg_layer": "Westerland"
      }
    },
    {
      "type": "Feature",
      "id": "copy_text_8049",
      "geometry": {
        "type": "Point",
        "coordinates": [
          -3.363585,
          52.583
        ]
      },
      "properties": {
        "id": "copy_text_8049",
        "name": "Weteringh",
        "category": "settlement",
        "dataset": "westerland",
        "in_gazetteer": false,
        "type": null,
        "region": "Westerland",
        "province": null,
        "estate": null,
        "population": 165,
        "population_estimated": true,
        "size_category": 1,
        "trade": null,
        "source": null,
        "tags": [],
        "notes": [],
        "history": {
          "province_2512": null,
          "province_2276": null,
          "ruler_2515": null,
          "ruler_2512": null,
          "ruler_2276": null
        },
        "wiki": {
          "title": null,
          "url": null,
          "description": null,
          "image": null
        },
        "svg_layer": "Westerland"
      }
    },
    {
      "type": "Feature",
      "id": "copy_text_8050",
      "geometry": {
        "type": "Point",
        "coordinates": [
          -3.82284,
          54.151197
        ]
      },
      "properties": {
        "id": "copy_text_8050",
        "name": "Swartenmeer",
        "category": "settlement",
        "dataset": "westerland",
        "in_gazetteer": false,
        "type": null,
        "region": "Westerland",
        "province": null,
        "estate": null,
        "population": 67,
        "population_estimated": true,
        "size_category": 1,
        "trade": null,
        "source": null,
        "tags": [],
        "notes": [],
        "history": {
          "province_2512": null,
          "province_2276": null,
          "ruler_2515": null,
          "ruler_2512": null,
          "ruler_2276": null
        },
        "wiki": {
          "title": null,
          "url": null,
          "description": null,
          "image": null
        },
        "svg_layer": "Westerland"
      }
    },
    {
      "type": "Feature",
      "id": "copy_text_8051",
      "geometry": {
        "type": "Point",
        "coordinates": [
          -2.996844,
          53.22795
        ]
      },
      "properties": {
        "id": "copy_text_8051",
        "name": "Veldendam",
        "category": "settlement",
        "dataset": "westerland",
        "in_gazetteer": false,
        "type": null,
        "region": "Westerland",
        "province": null,
        "estate": null,
        "population": 119,
        "population_estimated": true,
        "size_category": 1,
        "trade": null,
        "source": null,
        "tags": [],
        "notes": [],
        "history": {
          "province_2512": null,
          "province_2276": null,
          "ruler_2515": null,
          "ruler_2512": null,
          "ruler_2276": null
        },
        "wiki": {
          "title": null,
          "url": null,
          "description": null,
          "image": null
        },
        "svg_layer": "Westerland"
      }
    },
    {
      "type": "Feature",
      "id": "copy_text_8052",
      "geometry": {
        "type": "Point",
        "coordinates": [
          -3.773283,
          52.820396
        ]
      },
      "properties": {
        "id": "copy_text_8052",
        "name": "Polderwoude",
        "category": "settlement",
        "dataset": "westerland",
        "in_gazetteer": false,
        "type": null,
        "region": "Westerland",
        "province": null,
        "estate": null,
        "population": 195,
        "population_estimated": true,
        "size_category": 1,
        "trade": null,
        "source": null,
        "tags": [],
        "notes": [],
        "history": {
          "province_2512": null,
          "province_2276": null,
          "ruler_2515": null,
          "ruler_2512": null,
          "ruler_2276": null
        },
        "wiki": {
          "title": null,
          "url": null,
          "description": null,
          "image": null
        },
        "svg_layer": "Westerland"
      }
    },
    {
      "type": "Feature",
      "id": "copy_text_8053",
      "geometry": {
        "type": "Point",
        "coordinates": [
          -3.413015,
          52.708994
        ]
      },
      "properties": {
        "id": "copy_text_8053",
        "name": "Kruiswaard",
        "category": "settlement",
        "dataset": "westerland",
        "in_gazetteer": false,
        "type": null,
        "region": "Westerland",
        "province": null,
        "estate": null,
        "population": 187,
        "population_estimated": true,
        "size_category": 1,
        "trade": null,
        "source": null,
        "tags": [],
        "notes": [],
        "history": {
          "province_2512": null,
          "province_2276": null,
          "ruler_2515": null,
          "ruler_2512": null,
          "ruler_2276": null
        },
        "wiki": {
          "title": null,
          "url": null,
          "description": null,
          "image": null
        },
        "svg_layer": "Westerland"
      }
    },
    {
      "type": "Feature",
      "id": "copy_text_8054",
      "geometry": {
        "type": "Point",
        "coordinates": [
          -2.223934,
          53.580424
        ]
      },
      "properties": {
        "id": "copy_text_8054",
        "name": "Slangenbroek",
        "category": "settlement",
        "dataset": "westerland",
        "in_gazetteer": false,
        "type": null,
        "region": "Westerland",
        "province": null,
        "estate": null,
        "population": 171,
        "population_estimated": true,
        "size_category": 1,
        "trade": null,
        "source": null,
        "tags": [],
        "notes": [],
        "history": {
          "province_2512": null,
          "province_2276": null,
          "ruler_2515": null,
          "ruler_2512": null,
          "ruler_2276": null
        },
        "wiki": {
          "title": null,
          "url": null,
          "description": null,
          "image": null
        },
        "svg_layer": "Westerland"
      }
    },
    {
      "type": "Feature",
      "id": "copy_text_8055",
      "geometry": {
        "type": "Point",
        "coordinates": [
          -3.651604,
          52.784075
        ]
      },
      "properties": {
        "id": "copy_text_8055",
        "name": "Vlietdam",
        "category": "settlement",
        "dataset": "westerland",
        "in_gazetteer": false,
        "type": null,
        "region": "Westerland",
        "province": null,
        "estate": null,
        "population": 115,
        "population_estimated": true,
        "size_category": 1,
        "trade": null,
        "source": null,
        "tags": [],
        "notes": [],
        "history": {
          "province_2512": null,
          "province_2276": null,
          "ruler_2515": null,
          "ruler_2512": null,
          "ruler_2276": null
        },
        "wiki": {
          "title": null,
          "url": null,
          "description": null,
          "image": null
        },
        "svg_layer": "Westerland"
      }
    },
    {
      "type": "Feature",
      "id": "copy_text_8056",
      "geometry": {
        "type": "Point",
        "coordinates": [
          -3.791634,
          52.537669
        ]
      },
      "properties": {
        "id": "copy_text_8056",
        "name": "Spaarwoude",
        "category": "settlement",
        "dataset": "westerland",
        "in_gazetteer": false,
        "type": null,
        "region": "Westerland",
        "province": null,
        "estate": null,
        "population": 104,
        "population_estimated": true,
        "size_category": 1,
        "trade": null,
        "source": null,
        "tags": [],
        "notes": [],
        "history": {
          "province_2512": null,
          "province_2276": null,
          "ruler_2515": null,
          "ruler_2512": null,
          "ruler_2276": null
        },
        "wiki": {
          "title": null,
          "url": null,
          "description": null,
          "image": null
        },
        "svg_layer": "Westerland"
      }
    },
    {
      "type": "Feature",
      "id": "copy_text_8057",
      "geometry": {
        "type": "Point",
        "coordinates": [
          -3.17489,
          52.111151
        ]
      },
      "properties": {
        "id": "copy_text_8057",
        "name": "Vossenmeer",
        "category": "settlement",
        "dataset": "westerland",
        "in_gazetteer": false,
        "type": null,
        "region": "Westerland",
        "province": null,
        "estate": null,
        "population": 155,
        "population_estimated": true,
        "size_category": 1,
        "trade": null,
        "source": null,
        "tags": [],
        "notes": [],
        "history": {
          "province_2512": null,
          "province_2276": null,
          "ruler_2515": null,
          "ruler_2512": null,
          "ruler_2276": null
        },
        "wiki": {
          "title": null,
          "url": null,
          "description": null,
          "image": null
        },
        "svg_layer": "Westerland"
      }
    },
    {
      "type": "Feature",
      "id": "copy_text_8058",
      "geometry": {
        "type": "Point",
        "coordinates": [
          -3.639341,
          53.056802
        ]
      },
      "properties": {
        "id": "copy_text_8058",
        "name": "Wijkersdijk",
        "category": "settlement",
        "dataset": "westerland",
        "in_gazetteer": false,
        "type": null,
        "region": "Westerland",
        "province": null,
        "estate": null,
        "population": 384,
        "population_estimated": true,
        "size_category": 2,
        "trade": null,
        "source": null,
        "tags": [],
        "notes": [],
        "history": {
          "province_2512": null,
          "province_2276": null,
          "ruler_2515": null,
          "ruler_2512": null,
          "ruler_2276": null
        },
        "wiki": {
          "title": null,
          "url": null,
          "description": null,
          "image": null
        },
        "svg_layer": "Westerland"
      }
    },
    {
      "type": "Feature",
      "id": "copy_text_8059",
      "geometry": {
        "type": "Point",
        "coordinates": [
          -3.439444,
          52.862499
        ]
      },
      "properties": {
        "id": "copy_text_8059",
        "name": "Modderbroek",
        "category": "settlement",
        "dataset": "westerland",
        "in_gazetteer": false,
        "type": null,
        "region": "Westerland",
        "province": null,
        "estate": null,
        "population": 63,
        "population_estimated": true,
        "size_category": 1,
        "trade": null,
        "source": null,
        "tags": [],
        "notes": [],
        "history": {
          "province_2512": null,
          "province_2276": null,
          "ruler_2515": null,
          "ruler_2512": null,
          "ruler_2276": null
        },
        "wiki": {
          "title": null,
          "url": null,
          "description": null,
          "image": null
        },
        "svg_layer": "Westerland"
      }
    },
    {
      "type": "Feature",
      "id": "copy_text_8060",
      "geometry": {
        "type": "Point",
        "coordinates": [
          -3.377519,
          52.930379
        ]
      },
      "properties": {
        "id": "copy_text_8060",
        "name": "Rietwaard",
        "category": "settlement",
        "dataset": "westerland",
        "in_gazetteer": false,
        "type": null,
        "region": "Westerland",
        "province": null,
        "estate": null,
        "population": 153,
        "population_estimated": true,
        "size_category": 1,
        "trade": null,
        "source": null,
        "tags": [],
        "notes": [],
        "history": {
          "province_2512": null,
          "province_2276": null,
          "ruler_2515": null,
          "ruler_2512": null,
          "ruler_2276": null
        },
        "wiki": {
          "title": null,
          "url": null,
          "description": null,
          "image": null
        },
        "svg_layer": "Westerland"
      }
    },
    {
      "type": "Feature",
      "id": "copy_text_8061",
      "geometry": {
        "type": "Point",
        "coordinates": [
          -3.297551,
          52.747081
        ]
      },
      "properties": {
        "id": "copy_text_8061",
        "name": "Zompveen",
        "category": "settlement",
        "dataset": "westerland",
        "in_gazetteer": false,
        "type": null,
        "region": "Westerland",
        "province": null,
        "estate": null,
        "population": 105,
        "population_estimated": true,
        "size_category": 1,
        "trade": null,
        "source": null,
        "tags": [],
        "notes": [],
        "history": {
          "province_2512": null,
          "province_2276": null,
          "ruler_2515": null,
          "ruler_2512": null,
          "ruler_2276": null
        },
        "wiki": {
          "title": null,
          "url": null,
          "description": null,
          "image": null
        },
        "svg_layer": "Westerland"
      }
    },
    {
      "type": "Feature",
      "id": "copy_text_8062",
      "geometry": {
        "type": "Point",
        "coordinates": [
          -3.269373,
          53.046839
        ]
      },
      "properties": {
        "id": "copy_text_8062",
        "name": "Moerwijk",
        "category": "settlement",
        "dataset": "westerland",
        "in_gazetteer": false,
        "type": null,
        "region": "Westerland",
        "province": null,
        "estate": null,
        "population": 118,
        "population_estimated": true,
        "size_category": 1,
        "trade": null,
        "source": null,
        "tags": [],
        "notes": [],
        "history": {
          "province_2512": null,
          "province_2276": null,
          "ruler_2515": null,
          "ruler_2512": null,
          "ruler_2276": null
        },
        "wiki": {
          "title": null,
          "url": null,
          "description": null,
          "image": null
        },
        "svg_layer": "Westerland"
      }
    },
    {
      "type": "Feature",
      "id": "copy_text_8063",
      "geometry": {
        "type": "Point",
        "coordinates": [
          -1.459992,
          55.734749
        ]
      },
      "properties": {
        "id": "copy_text_8063",
        "name": "Weckenfast",
        "category": "settlement",
        "dataset": "westerland",
        "in_gazetteer": false,
        "type": null,
        "region": "Westerland",
        "province": null,
        "estate": null,
        "population": 186,
        "population_estimated": true,
        "size_category": 1,
        "trade": null,
        "source": null,
        "tags": [],
        "notes": [],
        "history": {
          "province_2512": null,
          "province_2276": null,
          "ruler_2515": null,
          "ruler_2512": null,
          "ruler_2276": null
        },
        "wiki": {
          "title": null,
          "url": null,
          "description": null,
          "image": null
        },
        "svg_layer": "Westerland"
      }
    },
    {
      "type": "Feature",
      "id": "copy_text_8064",
      "geometry": {
        "type": "Point",
        "coordinates": [
          -3.81369,
          53.370403
        ]
      },
      "properties": {
        "id": "copy_text_8064",
        "name": "Lehmburg",
        "category": "settlement",
        "dataset": "westerland",
        "in_gazetteer": true,
        "type": null,
        "region": "Westerland",
        "province": "Westerland",
        "estate": null,
        "population": 512,
        "population_estimated": false,
        "size_category": 2,
        "trade": null,
        "source": "Warhammer: The Old World",
        "tags": [],
        "notes": [],
        "history": {
          "province_2512": null,
          "province_2276": null,
          "ruler_2515": null,
          "ruler_2512": null,
          "ruler_2276": null
        },
        "wiki": {
          "title": null,
          "url": null,
          "description": null,
          "image": null
        },
        "svg_layer": "Westerland"
      }
    },
    {
      "type": "Feature",
      "id": "copy_text_8065",
      "geometry": {
        "type": "Point",
        "coordinates": [
          -3.595009,
          52.582075
        ]
      },
      "properties": {
        "id": "copy_text_8065",
        "name": "Frederichsdorp",
        "category": "settlement",
        "dataset": "westerland",
        "in_gazetteer": true,
        "type": null,
        "region": "Westerland",
        "province": "Westerland",
        "estate": null,
        "population": 782,
        "population_estimated": true,
        "size_category": 2,
        "trade": null,
        "source": "Warhammer: The Old World",
        "tags": [],
        "notes": [],
        "history": {
          "province_2512": null,
          "province_2276": null,
          "ruler_2515": null,
          "ruler_2512": null,
          "ruler_2276": null
        },
        "wiki": {
          "title": null,
          "url": null,
          "description": null,
          "image": null
        },
        "svg_layer": "Westerland"
      }
    },
    {
      "type": "Feature",
      "id": "copy_text_8066",
      "geometry": {
        "type": "Point",
        "coordinates": [
          -3.034191,
          53.064884
        ]
      },
      "properties": {
        "id": "copy_text_8066",
        "name": "Rutten",
        "category": "settlement",
        "dataset": "westerland",
        "in_gazetteer": true,
        "type": null,
        "region": "Westerland",
        "province": "Westerland",
        "estate": null,
        "population": 142,
        "population_estimated": true,
        "size_category": 1,
        "trade": null,
        "source": "Warhammer: The Old World",
        "tags": [],
        "notes": [],
        "history": {
          "province_2512": null,
          "province_2276": null,
          "ruler_2515": null,
          "ruler_2512": null,
          "ruler_2276": null
        },
        "wiki": {
          "title": null,
          "url": null,
          "description": null,
          "image": null
        },
        "svg_layer": "Westerland"
      }
    },
    {
      "type": "Feature",
      "id": "copy_text_8068",
      "geometry": {
        "type": "Point",
        "coordinates": [
          -2.444114,
          52.947606
        ]
      },
      "properties": {
        "id": "copy_text_8068",
        "name": "Stapelhugel",
        "category": "settlement",
        "dataset": "westerland",
        "in_gazetteer": true,
        "type": null,
        "region": "Westerland",
        "province": "Westerland",
        "estate": null,
        "population": 121,
        "population_estimated": true,
        "size_category": 1,
        "trade": null,
        "source": "Warhammer: The Old World",
        "tags": [],
        "notes": [],
        "history": {
          "province_2512": null,
          "province_2276": null,
          "ruler_2515": null,
          "ruler_2512": null,
          "ruler_2276": null
        },
        "wiki": {
          "title": null,
          "url": null,
          "description": null,
          "image": null
        },
        "svg_layer": "Westerland"
      }
    },
    {
      "type": "Feature",
      "id": "copy_text_8069",
      "geometry": {
        "type": "Point",
        "coordinates": [
          -3.095066,
          53.191975
        ]
      },
      "properties": {
        "id": "copy_text_8069",
        "name": "Niddesdorf",
        "category": "settlement",
        "dataset": "westerland",
        "in_gazetteer": true,
        "type": null,
        "region": "Westerland",
        "province": "Westerland",
        "estate": null,
        "population": 194,
        "population_estimated": true,
        "size_category": 1,
        "trade": null,
        "source": "Warhammer: The Old World",
        "tags": [],
        "notes": [],
        "history": {
          "province_2512": null,
          "province_2276": null,
          "ruler_2515": null,
          "ruler_2512": null,
          "ruler_2276": null
        },
        "wiki": {
          "title": null,
          "url": null,
          "description": null,
          "image": null
        },
        "svg_layer": "Westerland"
      }
    },
    {
      "type": "Feature",
      "id": "copy_text_8070",
      "geometry": {
        "type": "Point",
        "coordinates": [
          -2.555233,
          53.420474
        ]
      },
      "properties": {
        "id": "copy_text_8070",
        "name": "Kleibroek aan Zee",
        "category": "settlement",
        "dataset": "westerland",
        "in_gazetteer": false,
        "type": null,
        "region": "Westerland",
        "province": null,
        "estate": null,
        "population": 153,
        "population_estimated": true,
        "size_category": 1,
        "trade": null,
        "source": null,
        "tags": [],
        "notes": [],
        "history": {
          "province_2512": null,
          "province_2276": null,
          "ruler_2515": null,
          "ruler_2512": null,
          "ruler_2276": null
        },
        "wiki": {
          "title": null,
          "url": null,
          "description": null,
          "image": null
        },
        "svg_layer": "Westerland"
      }
    },
    {
      "type": "Feature",
      "id": "copy_text_8071",
      "geometry": {
        "type": "Point",
        "coordinates": [
          -3.829175,
          53.578814
        ]
      },
      "properties": {
        "id": "copy_text_8071",
        "name": "Brakwaterdam",
        "category": "settlement",
        "dataset": "westerland",
        "in_gazetteer": false,
        "type": null,
        "region": "Westerland",
        "province": null,
        "estate": null,
        "population": 139,
        "population_estimated": true,
        "size_category": 1,
        "trade": null,
        "source": null,
        "tags": [],
        "notes": [],
        "history": {
          "province_2512": null,
          "province_2276": null,
          "ruler_2515": null,
          "ruler_2512": null,
          "ruler_2276": null
        },
        "wiki": {
          "title": null,
          "url": null,
          "description": null,
          "image": null
        },
        "svg_layer": "Westerland"
      }
    },
    {
      "type": "Feature",
      "id": "copy_text_8072",
      "geometry": {
        "type": "Point",
        "coordinates": [
          -3.162275,
          53.233346
        ]
      },
      "properties": {
        "id": "copy_text_8072",
        "name": "Verdronkenhoek",
        "category": "settlement",
        "dataset": "westerland",
        "in_gazetteer": false,
        "type": null,
        "region": "Westerland",
        "province": null,
        "estate": null,
        "population": 262,
        "population_estimated": true,
        "size_category": 1,
        "trade": null,
        "source": null,
        "tags": [],
        "notes": [],
        "history": {
          "province_2512": null,
          "province_2276": null,
          "ruler_2515": null,
          "ruler_2512": null,
          "ruler_2276": null
        },
        "wiki": {
          "title": null,
          "url": null,
          "description": null,
          "image": null
        },
        "svg_layer": "Westerland"
      }
    },
    {
      "type": "Feature",
      "id": "copy_text_8073",
      "geometry": {
        "type": "Point",
        "coordinates": [
          -2.259292,
          54.430954
        ]
      },
      "properties": {
        "id": "copy_text_8073",
        "name": "Oud Torenburg",
        "category": "settlement",
        "dataset": "westerland",
        "in_gazetteer": false,
        "type": null,
        "region": "Westerland",
        "province": null,
        "estate": null,
        "population": 91,
        "population_estimated": true,
        "size_category": 1,
        "trade": null,
        "source": null,
        "tags": [],
        "notes": [],
        "history": {
          "province_2512": null,
          "province_2276": null,
          "ruler_2515": null,
          "ruler_2512": null,
          "ruler_2276": null
        },
        "wiki": {
          "title": null,
          "url": null,
          "description": null,
          "image": null
        },
        "svg_layer": "Westerland"
      }
    },
    {
      "type": "Feature",
      "id": "copy_text_8074",
      "geometry": {
        "type": "Point",
        "coordinates": [
          -2.265808,
          54.528449
        ]
      },
      "properties": {
        "id": "copy_text_8074",
        "name": "Hoogkamp",
        "category": "settlement",
        "dataset": "westerland",
        "in_gazetteer": false,
        "type": null,
        "region": "Westerland",
        "province": null,
        "estate": null,
        "population": 107,
        "population_estimated": true,
        "size_category": 1,
        "trade": null,
        "source": null,
        "tags": [],
        "notes": [],
        "history": {
          "province_2512": null,
          "province_2276": null,
          "ruler_2515": null,
          "ruler_2512": null,
          "ruler_2276": null
        },
        "wiki": {
          "title": null,
          "url": null,
          "description": null,
          "image": null
        },
        "svg_layer": "Westerland"
      }
    },
    {
      "type": "Feature",
      "id": "copy_text_8075",
      "geometry": {
        "type": "Point",
        "coordinates": [
          -2.408148,
          54.862222
        ]
      },
      "properties": {
        "id": "copy_text_8075",
        "name": "Zwartweteren",
        "category": "settlement",
        "dataset": "westerland",
        "in_gazetteer": false,
        "type": null,
        "region": "Westerland",
        "province": null,
        "estate": null,
        "population": 155,
        "population_estimated": true,
        "size_category": 1,
        "trade": null,
        "source": null,
        "tags": [],
        "notes": [],
        "history": {
          "province_2512": null,
          "province_2276": null,
          "ruler_2515": null,
          "ruler_2512": null,
          "ruler_2276": null
        },
        "wiki": {
          "title": null,
          "url": null,
          "description": null,
          "image": null
        },
        "svg_layer": "Westerland"
      }
    },
    {
      "type": "Feature",
      "id": "copy_text_8076",
      "geometry": {
        "type": "Point",
        "coordinates": [
          -1.943535,
          54.366089
        ]
      },
      "properties": {
        "id": "copy_text_8076",
        "name": "Heidestein",
        "category": "settlement",
        "dataset": "westerland",
        "in_gazetteer": false,
        "type": null,
        "region": "Westerland",
        "province": null,
        "estate": null,
        "population": 199,
        "population_estimated": true,
        "size_category": 1,
        "trade": null,
        "source": null,
        "tags": [],
        "notes": [],
        "history": {
          "province_2512": null,
          "province_2276": null,
          "ruler_2515": null,
          "ruler_2512": null,
          "ruler_2276": null
        },
        "wiki": {
          "title": null,
          "url": null,
          "description": null,
          "image": null
        },
        "svg_layer": "Westerland"
      }
    },
    {
      "type": "Feature",
      "id": "copy_text_8077",
      "geometry": {
        "type": "Point",
        "coordinates": [
          -2.266922,
          53.55967
        ]
      },
      "properties": {
        "id": "copy_text_8077",
        "name": "Gelderham",
        "category": "settlement",
        "dataset": "westerland",
        "in_gazetteer": false,
        "type": null,
        "region": "Westerland",
        "province": null,
        "estate": null,
        "population": 162,
        "population_estimated": true,
        "size_category": 1,
        "trade": null,
        "source": null,
        "tags": [],
        "notes": [],
        "history": {
          "province_2512": null,
          "province_2276": null,
          "ruler_2515": null,
          "ruler_2512": null,
          "ruler_2276": null
        },
        "wiki": {
          "title": null,
          "url": null,
          "description": null,
          "image": null
        },
        "svg_layer": "Westerland"
      }
    },
    {
      "type": "Feature",
      "id": "copy_text_8078",
      "geometry": {
        "type": "Point",
        "coordinates": [
          -2.389201,
          54.073836
        ]
      },
      "properties": {
        "id": "copy_text_8078",
        "name": "Hogedam",
        "category": "settlement",
        "dataset": "westerland",
        "in_gazetteer": false,
        "type": null,
        "region": "Westerland",
        "province": null,
        "estate": null,
        "population": 122,
        "population_estimated": true,
        "size_category": 1,
        "trade": null,
        "source": null,
        "tags": [],
        "notes": [],
        "history": {
          "province_2512": null,
          "province_2276": null,
          "ruler_2515": null,
          "ruler_2512": null,
          "ruler_2276": null
        },
        "wiki": {
          "title": null,
          "url": null,
          "description": null,
          "image": null
        },
        "svg_layer": "Westerland"
      }
    },
    {
      "type": "Feature",
      "id": "copy_text_8079",
      "geometry": {
        "type": "Point",
        "coordinates": [
          -2.161514,
          55.41771
        ]
      },
      "properties": {
        "id": "copy_text_8079",
        "name": "Middenveld",
        "category": "settlement",
        "dataset": "westerland",
        "in_gazetteer": false,
        "type": null,
        "region": "Westerland",
        "province": null,
        "estate": null,
        "population": 154,
        "population_estimated": true,
        "size_category": 1,
        "trade": null,
        "source": null,
        "tags": [],
        "notes": [],
        "history": {
          "province_2512": null,
          "province_2276": null,
          "ruler_2515": null,
          "ruler_2512": null,
          "ruler_2276": null
        },
        "wiki": {
          "title": null,
          "url": null,
          "description": null,
          "image": null
        },
        "svg_layer": "Westerland"
      }
    },
    {
      "type": "Feature",
      "id": "copy_text_8080",
      "geometry": {
        "type": "Point",
        "coordinates": [
          -3.587101,
          55.315453
        ]
      },
      "properties": {
        "id": "copy_text_8080",
        "name": "Kromdijk aan Zee",
        "category": "settlement",
        "dataset": "westerland",
        "in_gazetteer": false,
        "type": null,
        "region": "Westerland",
        "province": null,
        "estate": null,
        "population": 202,
        "population_estimated": true,
        "size_category": 1,
        "trade": null,
        "source": null,
        "tags": [],
        "notes": [],
        "history": {
          "province_2512": null,
          "province_2276": null,
          "ruler_2515": null,
          "ruler_2512": null,
          "ruler_2276": null
        },
        "wiki": {
          "title": null,
          "url": null,
          "description": null,
          "image": null
        },
        "svg_layer": "Westerland"
      }
    },
    {
      "type": "Feature",
      "id": "copy_text_8081",
      "geometry": {
        "type": "Point",
        "coordinates": [
          -3.705539,
          55.356484
        ]
      },
      "properties": {
        "id": "copy_text_8081",
        "name": "Driftstrand",
        "category": "settlement",
        "dataset": "westerland",
        "in_gazetteer": false,
        "type": null,
        "region": "Westerland",
        "province": null,
        "estate": null,
        "population": 209,
        "population_estimated": true,
        "size_category": 1,
        "trade": null,
        "source": null,
        "tags": [],
        "notes": [],
        "history": {
          "province_2512": null,
          "province_2276": null,
          "ruler_2515": null,
          "ruler_2512": null,
          "ruler_2276": null
        },
        "wiki": {
          "title": null,
          "url": null,
          "description": null,
          "image": null
        },
        "svg_layer": "Westerland"
      }
    },
    {
      "type": "Feature",
      "id": "copy_text_8082",
      "geometry": {
        "type": "Point",
        "coordinates": [
          -3.812591,
          55.77771
        ]
      },
      "properties": {
        "id": "copy_text_8082",
        "name": "Noordwindhaven",
        "category": "settlement",
        "dataset": "westerland",
        "in_gazetteer": false,
        "type": null,
        "region": "Westerland",
        "province": null,
        "estate": null,
        "population": 176,
        "population_estimated": true,
        "size_category": 1,
        "trade": null,
        "source": null,
        "tags": [],
        "notes": [],
        "history": {
          "province_2512": null,
          "province_2276": null,
          "ruler_2515": null,
          "ruler_2512": null,
          "ruler_2276": null
        },
        "wiki": {
          "title": null,
          "url": null,
          "description": null,
          "image": null
        },
        "svg_layer": "Westerland"
      }
    },
    {
      "type": "Feature",
      "id": "copy_text_8083",
      "geometry": {
        "type": "Point",
        "coordinates": [
          -3.768761,
          55.651465
        ]
      },
      "properties": {
        "id": "copy_text_8083",
        "name": "Kaap Tuinder",
        "category": "settlement",
        "dataset": "westerland",
        "in_gazetteer": false,
        "type": null,
        "region": "Westerland",
        "province": null,
        "estate": null,
        "population": 121,
        "population_estimated": true,
        "size_category": 1,
        "trade": null,
        "source": null,
        "tags": [],
        "notes": [],
        "history": {
          "province_2512": null,
          "province_2276": null,
          "ruler_2515": null,
          "ruler_2512": null,
          "ruler_2276": null
        },
        "wiki": {
          "title": null,
          "url": null,
          "description": null,
          "image": null
        },
        "svg_layer": "Westerland"
      }
    },
    {
      "type": "Feature",
      "id": "copy_text_8084",
      "geometry": {
        "type": "Point",
        "coordinates": [
          -3.402868,
          55.036745
        ]
      },
      "properties": {
        "id": "copy_text_8084",
        "name": "Zeemond",
        "category": "settlement",
        "dataset": "westerland",
        "in_gazetteer": false,
        "type": null,
        "region": "Westerland",
        "province": null,
        "estate": null,
        "population": 85,
        "population_estimated": true,
        "size_category": 1,
        "trade": null,
        "source": null,
        "tags": [],
        "notes": [],
        "history": {
          "province_2512": null,
          "province_2276": null,
          "ruler_2515": null,
          "ruler_2512": null,
          "ruler_2276": null
        },
        "wiki": {
          "title": null,
          "url": null,
          "description": null,
          "image": null
        },
        "svg_layer": "Westerland"
      }
    },
    {
      "type": "Feature",
      "id": "copy_text_8085",
      "geometry": {
        "type": "Point",
        "coordinates": [
          -2.461527,
          57.105623
        ]
      },
      "properties": {
        "id": "copy_text_8085",
        "name": "Laagvliet Haven",
        "category": "settlement",
        "dataset": "westerland",
        "in_gazetteer": false,
        "type": null,
        "region": "Westerland",
        "province": null,
        "estate": null,
        "population": 96,
        "population_estimated": true,
        "size_category": 1,
        "trade": null,
        "source": null,
        "tags": [],
        "notes": [],
        "history": {
          "province_2512": null,
          "province_2276": null,
          "ruler_2515": null,
          "ruler_2512": null,
          "ruler_2276": null
        },
        "wiki": {
          "title": null,
          "url": null,
          "description": null,
          "image": null
        },
        "svg_layer": "Westerland"
      }
    },
    {
      "type": "Feature",
      "id": "copy_text_8086",
      "geometry": {
        "type": "Point",
        "coordinates": [
          -2.962816,
          53.108566
        ]
      },
      "properties": {
        "id": "copy_text_8086",
        "name": "Rijpendijk",
        "category": "settlement",
        "dataset": "westerland",
        "in_gazetteer": false,
        "type": null,
        "region": "Westerland",
        "province": null,
        "estate": null,
        "population": 410,
        "population_estimated": true,
        "size_category": 2,
        "trade": null,
        "source": null,
        "tags": [],
        "notes": [],
        "history": {
          "province_2512": null,
          "province_2276": null,
          "ruler_2515": null,
          "ruler_2512": null,
          "ruler_2276": null
        },
        "wiki": {
          "title": null,
          "url": null,
          "description": null,
          "image": null
        },
        "svg_layer": "Westerland"
      }
    },
    {
      "type": "Feature",
      "id": "copy_text_8087",
      "geometry": {
        "type": "Point",
        "coordinates": [
          -2.491729,
          55.689386
        ]
      },
      "properties": {
        "id": "copy_text_8087",
        "name": "Brugwalde",
        "category": "settlement",
        "dataset": "westerland",
        "in_gazetteer": false,
        "type": null,
        "region": "Westerland",
        "province": null,
        "estate": null,
        "population": 160,
        "population_estimated": true,
        "size_category": 1,
        "trade": null,
        "source": null,
        "tags": [],
        "notes": [],
        "history": {
          "province_2512": null,
          "province_2276": null,
          "ruler_2515": null,
          "ruler_2512": null,
          "ruler_2276": null
        },
        "wiki": {
          "title": null,
          "url": null,
          "description": null,
          "image": null
        },
        "svg_layer": "Westerland"
      }
    },
    {
      "type": "Feature",
      "id": "copy_text_8088",
      "geometry": {
        "type": "Point",
        "coordinates": [
          -2.332689,
          56.268832
        ]
      },
      "properties": {
        "id": "copy_text_8088",
        "name": "Dreumelholt",
        "category": "settlement",
        "dataset": "westerland",
        "in_gazetteer": false,
        "type": null,
        "region": "Westerland",
        "province": null,
        "estate": null,
        "population": 81,
        "population_estimated": true,
        "size_category": 1,
        "trade": null,
        "source": null,
        "tags": [],
        "notes": [],
        "history": {
          "province_2512": null,
          "province_2276": null,
          "ruler_2515": null,
          "ruler_2512": null,
          "ruler_2276": null
        },
        "wiki": {
          "title": null,
          "url": null,
          "description": null,
          "image": null
        },
        "svg_layer": "Westerland"
      }
    },
    {
      "type": "Feature",
      "id": "copy_text_8089",
      "geometry": {
        "type": "Point",
        "coordinates": [
          -2.374236,
          56.479286
        ]
      },
      "properties": {
        "id": "copy_text_8089",
        "name": "Grootveen",
        "category": "settlement",
        "dataset": "westerland",
        "in_gazetteer": false,
        "type": null,
        "region": "Westerland",
        "province": null,
        "estate": null,
        "population": 68,
        "population_estimated": true,
        "size_category": 1,
        "trade": null,
        "source": null,
        "tags": [],
        "notes": [],
        "history": {
          "province_2512": null,
          "province_2276": null,
          "ruler_2515": null,
          "ruler_2512": null,
          "ruler_2276": null
        },
        "wiki": {
          "title": null,
          "url": null,
          "description": null,
          "image": null
        },
        "svg_layer": "Westerland"
      }
    },
    {
      "type": "Feature",
      "id": "copy_text_8090",
      "geometry": {
        "type": "Point",
        "coordinates": [
          -2.36624,
          56.539422
        ]
      },
      "properties": {
        "id": "copy_text_8090",
        "name": "Peelwijk",
        "category": "settlement",
        "dataset": "westerland",
        "in_gazetteer": false,
        "type": null,
        "region": "Westerland",
        "province": null,
        "estate": null,
        "population": 298,
        "population_estimated": true,
        "size_category": 1,
        "trade": null,
        "source": null,
        "tags": [],
        "notes": [],
        "history": {
          "province_2512": null,
          "province_2276": null,
          "ruler_2515": null,
          "ruler_2512": null,
          "ruler_2276": null
        },
        "wiki": {
          "title": null,
          "url": null,
          "description": null,
          "image": null
        },
        "svg_layer": "Westerland"
      }
    },
    {
      "type": "Feature",
      "id": "copy_text_8091",
      "geometry": {
        "type": "Point",
        "coordinates": [
          -3.416995,
          54.471053
        ]
      },
      "properties": {
        "id": "copy_text_8091",
        "name": "Vloedwijk",
        "category": "settlement",
        "dataset": "westerland",
        "in_gazetteer": false,
        "type": null,
        "region": "Westerland",
        "province": null,
        "estate": null,
        "population": 119,
        "population_estimated": true,
        "size_category": 1,
        "trade": null,
        "source": null,
        "tags": [],
        "notes": [],
        "history": {
          "province_2512": null,
          "province_2276": null,
          "ruler_2515": null,
          "ruler_2512": null,
          "ruler_2276": null
        },
        "wiki": {
          "title": null,
          "url": null,
          "description": null,
          "image": null
        },
        "svg_layer": "Westerland"
      }
    },
    {
      "type": "Feature",
      "id": "copy_text_8092",
      "geometry": {
        "type": "Point",
        "coordinates": [
          -3.508173,
          54.051344
        ]
      },
      "properties": {
        "id": "copy_text_8092",
        "name": "Middelplaat",
        "category": "settlement",
        "dataset": "westerland",
        "in_gazetteer": false,
        "type": null,
        "region": "Westerland",
        "province": null,
        "estate": null,
        "population": 66,
        "population_estimated": true,
        "size_category": 1,
        "trade": null,
        "source": null,
        "tags": [],
        "notes": [],
        "history": {
          "province_2512": null,
          "province_2276": null,
          "ruler_2515": null,
          "ruler_2512": null,
          "ruler_2276": null
        },
        "wiki": {
          "title": null,
          "url": null,
          "description": null,
          "image": null
        },
        "svg_layer": "Westerland"
      }
    },
    {
      "type": "Feature",
      "id": "copy_text_8093",
      "geometry": {
        "type": "Point",
        "coordinates": [
          -3.209312,
          54.070448
        ]
      },
      "properties": {
        "id": "copy_text_8093",
        "name": "Oosterplaat",
        "category": "settlement",
        "dataset": "westerland",
        "in_gazetteer": false,
        "type": null,
        "region": "Westerland",
        "province": null,
        "estate": null,
        "population": 451,
        "population_estimated": true,
        "size_category": 2,
        "trade": null,
        "source": null,
        "tags": [],
        "notes": [],
        "history": {
          "province_2512": null,
          "province_2276": null,
          "ruler_2515": null,
          "ruler_2512": null,
          "ruler_2276": null
        },
        "wiki": {
          "title": null,
          "url": null,
          "description": null,
          "image": null
        },
        "svg_layer": "Westerland"
      }
    },
    {
      "type": "Feature",
      "id": "copy_text_8094",
      "geometry": {
        "type": "Point",
        "coordinates": [
          -3.464754,
          54.491893
        ]
      },
      "properties": {
        "id": "copy_text_8094",
        "name": "Zandvoorde",
        "category": "settlement",
        "dataset": "westerland",
        "in_gazetteer": false,
        "type": null,
        "region": "Westerland",
        "province": null,
        "estate": null,
        "population": 98,
        "population_estimated": true,
        "size_category": 1,
        "trade": null,
        "source": null,
        "tags": [],
        "notes": [],
        "history": {
          "province_2512": null,
          "province_2276": null,
          "ruler_2515": null,
          "ruler_2512": null,
          "ruler_2276": null
        },
        "wiki": {
          "title": null,
          "url": null,
          "description": null,
          "image": null
        },
        "svg_layer": "Westerland"
      }
    },
    {
      "type": "Feature",
      "id": "copy_text_8095",
      "geometry": {
        "type": "Point",
        "coordinates": [
          -3.332329,
          56.340348
        ]
      },
      "properties": {
        "id": "copy_text_8095",
        "name": "Noordwijker",
        "category": "settlement",
        "dataset": "westerland",
        "in_gazetteer": false,
        "type": null,
        "region": "Westerland",
        "province": null,
        "estate": null,
        "population": 61,
        "population_estimated": true,
        "size_category": 1,
        "trade": null,
        "source": null,
        "tags": [],
        "notes": [],
        "history": {
          "province_2512": null,
          "province_2276": null,
          "ruler_2515": null,
          "ruler_2512": null,
          "ruler_2276": null
        },
        "wiki": {
          "title": null,
          "url": null,
          "description": null,
          "image": null
        },
        "svg_layer": "Westerland"
      }
    },
    {
      "type": "Feature",
      "id": "copy_text_8096",
      "geometry": {
        "type": "Point",
        "coordinates": [
          -2.291886,
          54.960667
        ]
      },
      "properties": {
        "id": "copy_text_8096",
        "name": "Woltersum",
        "category": "settlement",
        "dataset": "westerland",
        "in_gazetteer": false,
        "type": null,
        "region": "Westerland",
        "province": null,
        "estate": null,
        "population": 75,
        "population_estimated": true,
        "size_category": 1,
        "trade": null,
        "source": null,
        "tags": [],
        "notes": [],
        "history": {
          "province_2512": null,
          "province_2276": null,
          "ruler_2515": null,
          "ruler_2512": null,
          "ruler_2276": null
        },
        "wiki": {
          "title": null,
          "url": null,
          "description": null,
          "image": null
        },
        "svg_layer": "Westerland"
      }
    },
    {
      "type": "Feature",
      "id": "copy_text_8097",
      "geometry": {
        "type": "Point",
        "coordinates": [
          -2.437476,
          54.742857
        ]
      },
      "properties": {
        "id": "copy_text_8097",
        "name": "Heerenwerf",
        "category": "settlement",
        "dataset": "westerland",
        "in_gazetteer": false,
        "type": null,
        "region": "Westerland",
        "province": null,
        "estate": null,
        "population": 341,
        "population_estimated": true,
        "size_category": 2,
        "trade": null,
        "source": null,
        "tags": [],
        "notes": [],
        "history": {
          "province_2512": null,
          "province_2276": null,
          "ruler_2515": null,
          "ruler_2512": null,
          "ruler_2276": null
        },
        "wiki": {
          "title": null,
          "url": null,
          "description": null,
          "image": null
        },
        "svg_layer": "Westerland"
      }
    },
    {
      "type": "Feature",
      "id": "copy_text_8098",
      "geometry": {
        "type": "Point",
        "coordinates": [
          -1.831933,
          53.865415
        ]
      },
      "properties": {
        "id": "copy_text_8098",
        "name": "Zegveld",
        "category": "settlement",
        "dataset": "westerland",
        "in_gazetteer": false,
        "type": null,
        "region": "Westerland",
        "province": null,
        "estate": null,
        "population": 79,
        "population_estimated": true,
        "size_category": 1,
        "trade": null,
        "source": null,
        "tags": [],
        "notes": [],
        "history": {
          "province_2512": null,
          "province_2276": null,
          "ruler_2515": null,
          "ruler_2512": null,
          "ruler_2276": null
        },
        "wiki": {
          "title": null,
          "url": null,
          "description": null,
          "image": null
        },
        "svg_layer": "Westerland"
      }
    },
    {
      "type": "Feature",
      "id": "copy_text_8099",
      "geometry": {
        "type": "Point",
        "coordinates": [
          -2.749079,
          53.701683
        ]
      },
      "properties": {
        "id": "copy_text_8099",
        "name": "Rijpermeer",
        "category": "settlement",
        "dataset": "westerland",
        "in_gazetteer": false,
        "type": null,
        "region": "Westerland",
        "province": null,
        "estate": null,
        "population": 107,
        "population_estimated": true,
        "size_category": 1,
        "trade": null,
        "source": null,
        "tags": [],
        "notes": [],
        "history": {
          "province_2512": null,
          "province_2276": null,
          "ruler_2515": null,
          "ruler_2512": null,
          "ruler_2276": null
        },
        "wiki": {
          "title": null,
          "url": null,
          "description": null,
          "image": null
        },
        "svg_layer": "Westerland"
      }
    },
    {
      "type": "Feature",
      "id": "copy_text_8100",
      "geometry": {
        "type": "Point",
        "coordinates": [
          -2.377352,
          54.025636
        ]
      },
      "properties": {
        "id": "copy_text_8100",
        "name": "Bovenkarspel",
        "category": "settlement",
        "dataset": "westerland",
        "in_gazetteer": false,
        "type": null,
        "region": "Westerland",
        "province": null,
        "estate": null,
        "population": 128,
        "population_estimated": true,
        "size_category": 1,
        "trade": null,
        "source": null,
        "tags": [],
        "notes": [],
        "history": {
          "province_2512": null,
          "province_2276": null,
          "ruler_2515": null,
          "ruler_2512": null,
          "ruler_2276": null
        },
        "wiki": {
          "title": null,
          "url": null,
          "description": null,
          "image": null
        },
        "svg_layer": "Westerland"
      }
    },
    {
      "type": "Feature",
      "id": "copy_text_8101",
      "geometry": {
        "type": "Point",
        "coordinates": [
          -3.682238,
          53.440491
        ]
      },
      "properties": {
        "id": "copy_text_8101",
        "name": "Schoonhoven",
        "category": "settlement",
        "dataset": "westerland",
        "in_gazetteer": false,
        "type": null,
        "region": "Westerland",
        "province": null,
        "estate": null,
        "population": 92,
        "population_estimated": true,
        "size_category": 1,
        "trade": null,
        "source": null,
        "tags": [],
        "notes": [],
        "history": {
          "province_2512": null,
          "province_2276": null,
          "ruler_2515": null,
          "ruler_2512": null,
          "ruler_2276": null
        },
        "wiki": {
          "title": null,
          "url": null,
          "description": null,
          "image": null
        },
        "svg_layer": "Westerland"
      }
    },
    {
      "type": "Feature",
      "id": "copy_text_8102",
      "geometry": {
        "type": "Point",
        "coordinates": [
          -3.582707,
          53.299921
        ]
      },
      "properties": {
        "id": "copy_text_8102",
        "name": "Kreekhuizen",
        "category": "settlement",
        "dataset": "westerland",
        "in_gazetteer": false,
        "type": null,
        "region": "Westerland",
        "province": null,
        "estate": null,
        "population": 176,
        "population_estimated": true,
        "size_category": 1,
        "trade": null,
        "source": null,
        "tags": [],
        "notes": [],
        "history": {
          "province_2512": null,
          "province_2276": null,
          "ruler_2515": null,
          "ruler_2512": null,
          "ruler_2276": null
        },
        "wiki": {
          "title": null,
          "url": null,
          "description": null,
          "image": null
        },
        "svg_layer": "Westerland"
      }
    },
    {
      "type": "Feature",
      "id": "copy_text_8103",
      "geometry": {
        "type": "Point",
        "coordinates": [
          -3.382662,
          53.312692
        ]
      },
      "properties": {
        "id": "copy_text_8103",
        "name": "Buitenkaag",
        "category": "settlement",
        "dataset": "westerland",
        "in_gazetteer": false,
        "type": null,
        "region": "Westerland",
        "province": null,
        "estate": null,
        "population": 119,
        "population_estimated": true,
        "size_category": 1,
        "trade": null,
        "source": null,
        "tags": [],
        "notes": [],
        "history": {
          "province_2512": null,
          "province_2276": null,
          "ruler_2515": null,
          "ruler_2512": null,
          "ruler_2276": null
        },
        "wiki": {
          "title": null,
          "url": null,
          "description": null,
          "image": null
        },
        "svg_layer": "Westerland"
      }
    },
    {
      "type": "Feature",
      "id": "copy_text_8104",
      "geometry": {
        "type": "Point",
        "coordinates": [
          -2.875759,
          52.913257
        ]
      },
      "properties": {
        "id": "copy_text_8104",
        "name": "Fauligmere",
        "category": "settlement",
        "dataset": "westerland",
        "in_gazetteer": true,
        "type": null,
        "region": "Westerland",
        "province": "Westerland",
        "estate": null,
        "population": 245,
        "population_estimated": false,
        "size_category": 1,
        "trade": null,
        "source": "Warhammer Fantasy Roleplay 3e: The Witch's Song",
        "tags": [],
        "notes": [],
        "history": {
          "province_2512": null,
          "province_2276": null,
          "ruler_2515": null,
          "ruler_2512": null,
          "ruler_2276": null
        },
        "wiki": {
          "title": null,
          "url": null,
          "description": null,
          "image": null
        },
        "svg_layer": "Westerland"
      }
    },
    {
      "type": "Feature",
      "id": "copy_text_8105",
      "geometry": {
        "type": "Point",
        "coordinates": [
          -3.342673,
          52.996336
        ]
      },
      "properties": {
        "id": "copy_text_8105",
        "name": "Melick",
        "category": "settlement",
        "dataset": "westerland",
        "in_gazetteer": false,
        "type": null,
        "region": "Westerland",
        "province": null,
        "estate": null,
        "population": 130,
        "population_estimated": true,
        "size_category": 1,
        "trade": null,
        "source": null,
        "tags": [],
        "notes": [],
        "history": {
          "province_2512": null,
          "province_2276": null,
          "ruler_2515": null,
          "ruler_2512": null,
          "ruler_2276": null
        },
        "wiki": {
          "title": null,
          "url": null,
          "description": null,
          "image": null
        },
        "svg_layer": "Westerland"
      }
    },
    {
      "type": "Feature",
      "id": "text575",
      "geometry": {
        "type": "Point",
        "coordinates": [
          -2.940671,
          54.762373
        ]
      },
      "properties": {
        "id": "text575",
        "name": "Nieuw Jutonsryk",
        "category": "settlement",
        "dataset": "westerland",
        "in_gazetteer": false,
        "type": null,
        "region": "Westerland",
        "province": null,
        "estate": null,
        "population": 123,
        "population_estimated": true,
        "size_category": 1,
        "trade": null,
        "source": null,
        "tags": [],
        "notes": [],
        "history": {
          "province_2512": null,
          "province_2276": null,
          "ruler_2515": null,
          "ruler_2512": null,
          "ruler_2276": null
        },
        "wiki": {
          "title": null,
          "url": null,
          "description": null,
          "image": null
        },
        "svg_layer": "Westerland"
      }
    },
    {
      "type": "Feature",
      "id": "text1536",
      "geometry": {
        "type": "Point",
        "coordinates": [
          -3.390438,
          52.595486
        ]
      },
      "properties": {
        "id": "text1536",
        "name": "Didem",
        "category": "settlement",
        "dataset": "westerland",
        "in_gazetteer": true,
        "type": null,
        "region": "Westerland",
        "province": "Westerland",
        "estate": null,
        "population": 68,
        "population_estimated": true,
        "size_category": 1,
        "trade": null,
        "source": "Warhammer: The Old World",
        "tags": [],
        "notes": [],
        "history": {
          "province_2512": null,
          "province_2276": null,
          "ruler_2515": null,
          "ruler_2512": null,
          "ruler_2276": null
        },
        "wiki": {
          "title": null,
          "url": null,
          "description": null,
          "image": null
        },
        "svg_layer": "Westerland"
      }
    },
    {
      "type": "Feature",
      "id": "copy_text_11493",
      "geometry": {
        "type": "Point",
        "coordinates": [
          -2.408033,
          52.877414
        ]
      },
      "properties": {
        "id": "copy_text_11493",
        "name": "Calden",
        "category": "settlement",
        "dataset": "westerland",
        "in_gazetteer": true,
        "type": null,
        "region": "Westerland",
        "province": "Westerland",
        "estate": null,
        "population": 135,
        "population_estimated": true,
        "size_category": 1,
        "trade": null,
        "source": "Warhammer: The Old World",
        "tags": [],
        "notes": [],
        "history": {
          "province_2512": null,
          "province_2276": null,
          "ruler_2515": null,
          "ruler_2512": null,
          "ruler_2276": null
        },
        "wiki": {
          "title": null,
          "url": null,
          "description": null,
          "image": null
        },
        "svg_layer": "Westerland"
      }
    }
  ]
}