{
  "type": "FeatureCollection",
  "name": "settlements_kislev",
  "schema_version": 2,
  "features": [
    {
      "type": "Feature",
      "id": "copy_text_13516",
      "geometry": {
        "type": "Point",
        "coordinates": [
          5.98387,
          57.163043
        ]
      },
      "properties": {
        "id": "copy_text_13516",
        "name": "Erengrad",
        "category": "settlement",
        "dataset": "kislev",
        "in_gazetteer": true,
        "type": null,
        "region": "Kislev",
        "province": null,
        "estate": null,
        "population": 34512,
        "population_estimated": false,
        "size_category": 5,
        "trade": "Trade, Government, Boatbuilding, Fishing",
        "source": "Warhammer Fantasy Roleplay 2e: Realm of the Ice Queen",
        "tags": [],
        "notes": [
          "Independent Kislevite kingdom and the land’s major port."
        ],
        "history": {
          "province_2512": null,
          "province_2276": null,
          "ruler_2515": null,
          "ruler_2512": null,
          "ruler_2276": null
        },
        "wiki": {
          "title": "Erengrad",
          "url": "https://warhammerfantasy.fandom.com/wiki/Erengrad",
          "description": "Erengrad, originally called Norvard, is the primary trading port of the northern nation of Kislev. Erengrad is second only to the independent mercantile city-state of Marienburg as a trading port for the northern Old World, and sits at the mouth of the River Lynsk. It is the Kislevite city most likely to be visited and populated by other Old Worlders.",
          "image": "https://static.wikia.nocookie.net/warhammerfb/images/7/7c/City-of-erengrad.jpg/revision/latest?cb=20140809165141"
        },
        "svg_layer": "Kislev"
      }
    },
    {
      "type": "Feature",
      "id": "copy_text_13517",
      "geometry": {
        "type": "Point",
        "coordinates": [
          10.39648,
          55.095963
        ]
      },
      "properties": {
        "id": "copy_text_13517",
        "name": "Kislev",
        "category": "settlement",
        "dataset": "kislev",
        "in_gazetteer": true,
        "type": null,
        "region": "Kislev",
        "province": null,
        "estate": null,
        "population": 40482,
        "population_estimated": false,
        "size_category": 5,
        "trade": "Trade, Government",
        "source": "Warhammer Fantasy Roleplay 2e: Realm of the Ice Queen",
        "tags": [],
        "notes": [
          "Capital city of Imperial Kislev"
        ],
        "history": {
          "province_2512": null,
          "province_2276": null,
          "ruler_2515": null,
          "ruler_2512": null,
          "ruler_2276": null
        },
        "wiki": {
          "title": "Kislev",
          "url": "https://warhammerfantasy.fandom.com/wiki/Kislev_(City)",
          "description": "Kislev, also sometimes called Kislev City, originally known as the Imperial trading town of Pelzburg, and later as the Ungol settlement of Dorogo, is the capital city of the Tzardom of Kislev.",
          "image": "https://static.wikia.nocookie.net/warhammerfb/images/e/e7/Total-War-Warhammer-3-Kislev-City.jpg/revision/latest/scale-to-width-down/1000?cb=20241113074106"
        },
        "svg_layer": "Kislev"
      }
    },
    {
      "type": "Feature",
      "id": "copy_text_13518",
      "geometry": {
        "type": "Point",
        "coordinates": [
          9.449599,
          57.638685
        ]
      },
      "properties": {
        "id": "copy_text_13518",
        "name": "Bolgasgrad",
        "category": "settlement",
        "dataset": "kislev",
        "in_gazetteer": true,
        "type": null,
        "region": "Kislev",
        "province": null,
        "estate": null,
        "population": 3348,
        "population_estimated": false,
        "size_category": 4,
        "trade": "Agriculture, Trade",
        "source": "Warhammer Fantasy Roleplay 2e: Realm of the Ice Queen",
        "tags": [],
        "notes": [
          "Recently proclaimed independent princedom"
        ],
        "history": {
          "province_2512": null,
          "province_2276": null,
          "ruler_2515": null,
          "ruler_2512": null,
          "ruler_2276": null
        },
        "wiki": {
          "title": "Bolgasgrad",
          "url": "https://warhammerfantasy.fandom.com/wiki/Bolgasgrad",
          "description": "Bolgasgrad is a fairly large stanitsa, dominated by Gospodars and proud of its rota of winged lancers. Its boyars have a tradition of strong-minded independence from the central authorities, as well as a history of being replaced with appointees from Kislev.",
          "image": "https://static.wikia.nocookie.net/warhammerfb/images/7/7d/Bolgasgrad.png/revision/latest?cb=20180830145901"
        },
        "svg_layer": "Kislev"
      }
    },
    {
      "type": "Feature",
      "id": "copy_text_13519",
      "geometry": {
        "type": "Point",
        "coordinates": [
          10.62228,
          59.22816
        ]
      },
      "properties": {
        "id": "copy_text_13519",
        "name": "Praag",
        "category": "settlement",
        "dataset": "kislev",
        "in_gazetteer": true,
        "type": null,
        "region": "Kislev",
        "province": null,
        "estate": null,
        "population": 26012,
        "population_estimated": false,
        "size_category": 5,
        "trade": "Trade, Government",
        "source": "Warhammer Fantasy Roleplay 2e: Realm of the Ice Queen",
        "tags": [],
        "notes": [
          "Independent Kislevite kingdom, bridge over North Lynsk"
        ],
        "history": {
          "province_2512": null,
          "province_2276": null,
          "ruler_2515": null,
          "ruler_2512": null,
          "ruler_2276": null
        },
        "wiki": {
          "title": "Praag",
          "url": "https://warhammerfantasy.fandom.com/wiki/Praag",
          "description": "Praag, also known as the \"Cursed City\", is the largest and most heavily fortified city of northern Kislev, earning itself the title of \"Bastion of the North\". Though rebuilt by the stubborn Kislevites of mostly ethnic Ungol origins who call it home again and again, Praag can never shake off the legacy of its endless sieges and the destruction left behind by the constant assaults of the Norscans and other forces of Chaos.",
          "image": "https://static.wikia.nocookie.net/warhammerfb/images/e/ec/Map_City_Praag.jpg/revision/latest/scale-to-width-down/1000?cb=20130829165723"
        },
        "svg_layer": "Kislev"
      }
    },
    {
      "type": "Feature",
      "id": "copy_text_13520",
      "geometry": {
        "type": "Point",
        "coordinates": [
          12.741393,
          54.184167
        ]
      },
      "properties": {
        "id": "copy_text_13520",
        "name": "Jakova",
        "category": "settlement",
        "dataset": "kislev",
        "in_gazetteer": false,
        "type": null,
        "region": "Kislev",
        "province": null,
        "estate": null,
        "population": 174,
        "population_estimated": true,
        "size_category": 1,
        "trade": null,
        "source": null,
        "tags": [],
        "notes": [],
        "history": {
          "province_2512": null,
          "province_2276": null,
          "ruler_2515": null,
          "ruler_2512": null,
          "ruler_2276": null
        },
        "wiki": {
          "title": null,
          "url": null,
          "description": null,
          "image": null
        },
        "svg_layer": "Kislev"
      }
    },
    {
      "type": "Feature",
      "id": "copy_text_13521",
      "geometry": {
        "type": "Point",
        "coordinates": [
          7.836768,
          54.161401
        ]
      },
      "properties": {
        "id": "copy_text_13521",
        "name": "Zavstra",
        "category": "settlement",
        "dataset": "kislev",
        "in_gazetteer": true,
        "type": null,
        "region": "Kislev",
        "province": null,
        "estate": null,
        "population": 4623,
        "population_estimated": false,
        "size_category": 4,
        "trade": null,
        "source": "Warhammer Fantasy Roleplay 2e: Realm of the Ice Queen",
        "tags": [],
        "notes": [],
        "history": {
          "province_2512": null,
          "province_2276": null,
          "ruler_2515": null,
          "ruler_2512": null,
          "ruler_2276": null
        },
        "wiki": {
          "title": null,
          "url": "https://warhammerfantasy.fandom.com/wiki/Zavstra",
          "description": null,
          "image": null
        },
        "svg_layer": "Kislev"
      }
    },
    {
      "type": "Feature",
      "id": "copy_text_13522",
      "geometry": {
        "type": "Point",
        "coordinates": [
          11.216129,
          55.633884
        ]
      },
      "properties": {
        "id": "copy_text_13522",
        "name": "Mirka",
        "category": "settlement",
        "dataset": "kislev",
        "in_gazetteer": true,
        "type": null,
        "region": "Kislev",
        "province": null,
        "estate": null,
        "population": 97,
        "population_estimated": true,
        "size_category": 1,
        "trade": null,
        "source": "Warhammer Fantasy Roleplay 2e: Realm of the Ice Queen",
        "tags": [],
        "notes": [],
        "history": {
          "province_2512": null,
          "province_2276": null,
          "ruler_2515": null,
          "ruler_2512": null,
          "ruler_2276": null
        },
        "wiki": {
          "title": null,
          "url": null,
          "description": null,
          "image": null
        },
        "svg_layer": "Kislev"
      }
    },
    {
      "type": "Feature",
      "id": "copy_text_13523",
      "geometry": {
        "type": "Point",
        "coordinates": [
          11.012705,
          55.270854
        ]
      },
      "properties": {
        "id": "copy_text_13523",
        "name": "Gerslev",
        "category": "settlement",
        "dataset": "kislev",
        "in_gazetteer": true,
        "type": null,
        "region": "Kislev",
        "province": null,
        "estate": null,
        "population": 7127,
        "population_estimated": false,
        "size_category": 4,
        "trade": null,
        "source": "Warhammer Fantasy Roleplay 2e: Realm of the Ice Queen",
        "tags": [],
        "notes": [],
        "history": {
          "province_2512": null,
          "province_2276": null,
          "ruler_2515": null,
          "ruler_2512": null,
          "ruler_2276": null
        },
        "wiki": {
          "title": null,
          "url": "https://warhammerfantasy.fandom.com/wiki/Gerslev",
          "description": null,
          "image": null
        },
        "svg_layer": "Kislev"
      }
    },
    {
      "type": "Feature",
      "id": "copy_text_13524",
      "geometry": {
        "type": "Point",
        "coordinates": [
          10.268755,
          56.388468
        ]
      },
      "properties": {
        "id": "copy_text_13524",
        "name": "Belava",
        "category": "settlement",
        "dataset": "kislev",
        "in_gazetteer": true,
        "type": null,
        "region": "Kislev",
        "province": null,
        "estate": null,
        "population": 90,
        "population_estimated": true,
        "size_category": 1,
        "trade": null,
        "source": "Warhammer Fantasy Roleplay 2e: Realm of the Ice Queen",
        "tags": [],
        "notes": [],
        "history": {
          "province_2512": null,
          "province_2276": null,
          "ruler_2515": null,
          "ruler_2512": null,
          "ruler_2276": null
        },
        "wiki": {
          "title": null,
          "url": null,
          "description": null,
          "image": null
        },
        "svg_layer": "Kislev"
      }
    },
    {
      "type": "Feature",
      "id": "copy_text_13525",
      "geometry": {
        "type": "Point",
        "coordinates": [
          11.451078,
          56.003371
        ]
      },
      "properties": {
        "id": "copy_text_13525",
        "name": "Kyrnoka",
        "category": "settlement",
        "dataset": "kislev",
        "in_gazetteer": true,
        "type": null,
        "region": "Kislev",
        "province": null,
        "estate": null,
        "population": 318,
        "population_estimated": true,
        "size_category": 2,
        "trade": null,
        "source": "Warhammer: The Old World",
        "tags": [],
        "notes": [],
        "history": {
          "province_2512": null,
          "province_2276": null,
          "ruler_2515": null,
          "ruler_2512": null,
          "ruler_2276": null
        },
        "wiki": {
          "title": null,
          "url": null,
          "description": null,
          "image": null
        },
        "svg_layer": "Kislev"
      }
    },
    {
      "type": "Feature",
      "id": "copy_text_13526",
      "geometry": {
        "type": "Point",
        "coordinates": [
          11.610242,
          55.994263
        ]
      },
      "properties": {
        "id": "copy_text_13526",
        "name": "Igerov",
        "category": "settlement",
        "dataset": "kislev",
        "in_gazetteer": true,
        "type": null,
        "region": "Kislev",
        "province": null,
        "estate": null,
        "population": 222,
        "population_estimated": true,
        "size_category": 1,
        "trade": null,
        "source": "Total War: Warhammer",
        "tags": [],
        "notes": [],
        "history": {
          "province_2512": null,
          "province_2276": null,
          "ruler_2515": null,
          "ruler_2512": null,
          "ruler_2276": null
        },
        "wiki": {
          "title": null,
          "url": null,
          "description": null,
          "image": null
        },
        "svg_layer": "Kislev"
      }
    },
    {
      "type": "Feature",
      "id": "copy_text_13527",
      "geometry": {
        "type": "Point",
        "coordinates": [
          11.946694,
          55.387971
        ]
      },
      "properties": {
        "id": "copy_text_13527",
        "name": "Resov",
        "category": "settlement",
        "dataset": "kislev",
        "in_gazetteer": true,
        "type": null,
        "region": "Kislev",
        "province": null,
        "estate": null,
        "population": 2814,
        "population_estimated": false,
        "size_category": 3,
        "trade": null,
        "source": "Warhammer Fantasy Roleplay 2e: Realm of the Ice Queen",
        "tags": [],
        "notes": [],
        "history": {
          "province_2512": null,
          "province_2276": null,
          "ruler_2515": null,
          "ruler_2512": null,
          "ruler_2276": null
        },
        "wiki": {
          "title": null,
          "url": "https://warhammerfantasy.fandom.com/wiki/Resov",
          "description": null,
          "image": null
        },
        "svg_layer": "Kislev"
      }
    },
    {
      "type": "Feature",
      "id": "copy_text_13528",
      "geometry": {
        "type": "Point",
        "coordinates": [
          11.524812,
          55.038959
        ]
      },
      "properties": {
        "id": "copy_text_13528",
        "name": "Smonya",
        "category": "settlement",
        "dataset": "kislev",
        "in_gazetteer": true,
        "type": null,
        "region": "Kislev",
        "province": null,
        "estate": null,
        "population": 83,
        "population_estimated": true,
        "size_category": 1,
        "trade": null,
        "source": "Warhammer Fantasy Roleplay 2e: Realm of the Ice Queen",
        "tags": [],
        "notes": [],
        "history": {
          "province_2512": null,
          "province_2276": null,
          "ruler_2515": null,
          "ruler_2512": null,
          "ruler_2276": null
        },
        "wiki": {
          "title": null,
          "url": null,
          "description": null,
          "image": null
        },
        "svg_layer": "Kislev"
      }
    },
    {
      "type": "Feature",
      "id": "copy_text_13529",
      "geometry": {
        "type": "Point",
        "coordinates": [
          11.883852,
          54.686201
        ]
      },
      "properties": {
        "id": "copy_text_13529",
        "name": "Volchara",
        "category": "settlement",
        "dataset": "kislev",
        "in_gazetteer": true,
        "type": null,
        "region": "Kislev",
        "province": null,
        "estate": null,
        "population": 94,
        "population_estimated": true,
        "size_category": 1,
        "trade": null,
        "source": "Warhammer Fantasy Roleplay 2e: Realm of the Ice Queen",
        "tags": [],
        "notes": [],
        "history": {
          "province_2512": null,
          "province_2276": null,
          "ruler_2515": null,
          "ruler_2512": null,
          "ruler_2276": null
        },
        "wiki": {
          "title": null,
          "url": null,
          "description": null,
          "image": null
        },
        "svg_layer": "Kislev"
      }
    },
    {
      "type": "Feature",
      "id": "copy_text_13530",
      "geometry": {
        "type": "Point",
        "coordinates": [
          11.544439,
          54.292707
        ]
      },
      "properties": {
        "id": "copy_text_13530",
        "name": "Vitevo",
        "category": "settlement",
        "dataset": "kislev",
        "in_gazetteer": true,
        "type": null,
        "region": "Kislev",
        "province": null,
        "estate": null,
        "population": 3118,
        "population_estimated": false,
        "size_category": 4,
        "trade": null,
        "source": "Warhammer Fantasy Roleplay 2e: Realm of the Ice Queen",
        "tags": [],
        "notes": [],
        "history": {
          "province_2512": null,
          "province_2276": null,
          "ruler_2515": null,
          "ruler_2512": null,
          "ruler_2276": null
        },
        "wiki": {
          "title": null,
          "url": "https://warhammerfantasy.fandom.com/wiki/Vitevo",
          "description": null,
          "image": null
        },
        "svg_layer": "Kislev"
      }
    },
    {
      "type": "Feature",
      "id": "copy_text_13531",
      "geometry": {
        "type": "Point",
        "coordinates": [
          12.706733,
          54.542136
        ]
      },
      "properties": {
        "id": "copy_text_13531",
        "name": "Kalinora",
        "category": "settlement",
        "dataset": "kislev",
        "in_gazetteer": true,
        "type": null,
        "region": "Kislev",
        "province": null,
        "estate": null,
        "population": 368,
        "population_estimated": true,
        "size_category": 2,
        "trade": null,
        "source": "Warhammer Fantasy Roleplay 2e: Realm of the Ice Queen",
        "tags": [],
        "notes": [],
        "history": {
          "province_2512": null,
          "province_2276": null,
          "ruler_2515": null,
          "ruler_2512": null,
          "ruler_2276": null
        },
        "wiki": {
          "title": null,
          "url": null,
          "description": null,
          "image": null
        },
        "svg_layer": "Kislev"
      }
    },
    {
      "type": "Feature",
      "id": "copy_text_13532",
      "geometry": {
        "type": "Point",
        "coordinates": [
          10.293563,
          54.585401
        ]
      },
      "properties": {
        "id": "copy_text_13532",
        "name": "Resvynhaf",
        "category": "settlement",
        "dataset": "kislev",
        "in_gazetteer": true,
        "type": null,
        "region": "Kislev",
        "province": null,
        "estate": null,
        "population": 75,
        "population_estimated": true,
        "size_category": 1,
        "trade": null,
        "source": "Warhammer Fantasy Roleplay 2e: Realm of the Ice Queen",
        "tags": [],
        "notes": [],
        "history": {
          "province_2512": null,
          "province_2276": null,
          "ruler_2515": null,
          "ruler_2512": null,
          "ruler_2276": null
        },
        "wiki": {
          "title": null,
          "url": null,
          "description": null,
          "image": null
        },
        "svg_layer": "Kislev"
      }
    },
    {
      "type": "Feature",
      "id": "copy_text_13533",
      "geometry": {
        "type": "Point",
        "coordinates": [
          9.15299,
          54.909147
        ]
      },
      "properties": {
        "id": "copy_text_13533",
        "name": "Irinasgrad",
        "category": "settlement",
        "dataset": "kislev",
        "in_gazetteer": true,
        "type": null,
        "region": "Kislev",
        "province": null,
        "estate": null,
        "population": 6337,
        "population_estimated": false,
        "size_category": 4,
        "trade": null,
        "source": "Warhammer: The Old World",
        "tags": [],
        "notes": [],
        "history": {
          "province_2512": null,
          "province_2276": null,
          "ruler_2515": null,
          "ruler_2512": null,
          "ruler_2276": null
        },
        "wiki": {
          "title": null,
          "url": null,
          "description": null,
          "image": null
        },
        "svg_layer": "Kislev"
      }
    },
    {
      "type": "Feature",
      "id": "copy_text_13534",
      "geometry": {
        "type": "Point",
        "coordinates": [
          9.026395,
          55.314739
        ]
      },
      "properties": {
        "id": "copy_text_13534",
        "name": "Svatinevo",
        "category": "settlement",
        "dataset": "kislev",
        "in_gazetteer": false,
        "type": null,
        "region": "Kislev",
        "province": null,
        "estate": null,
        "population": 370,
        "population_estimated": true,
        "size_category": 2,
        "trade": null,
        "source": null,
        "tags": [],
        "notes": [],
        "history": {
          "province_2512": null,
          "province_2276": null,
          "ruler_2515": null,
          "ruler_2512": null,
          "ruler_2276": null
        },
        "wiki": {
          "title": null,
          "url": null,
          "description": null,
          "image": null
        },
        "svg_layer": "Kislev"
      }
    },
    {
      "type": "Feature",
      "id": "copy_text_13535",
      "geometry": {
        "type": "Point",
        "coordinates": [
          9.770511,
          55.444884
        ]
      },
      "properties": {
        "id": "copy_text_13535",
        "name": "Sava",
        "category": "settlement",
        "dataset": "kislev",
        "in_gazetteer": false,
        "type": null,
        "region": "Kislev",
        "province": null,
        "estate": null,
        "population": 294,
        "population_estimated": true,
        "size_category": 1,
        "trade": null,
        "source": null,
        "tags": [],
        "notes": [],
        "history": {
          "province_2512": null,
          "province_2276": null,
          "ruler_2515": null,
          "ruler_2512": null,
          "ruler_2276": null
        },
        "wiki": {
          "title": null,
          "url": null,
          "description": null,
          "image": null
        },
        "svg_layer": "Kislev"
      }
    },
    {
      "type": "Feature",
      "id": "copy_text_13536",
      "geometry": {
        "type": "Point",
        "coordinates": [
          9.615126,
          55.731425
        ]
      },
      "properties": {
        "id": "copy_text_13536",
        "name": "Inkodevna",
        "category": "settlement",
        "dataset": "kislev",
        "in_gazetteer": false,
        "type": null,
        "region": "Kislev",
        "province": null,
        "estate": null,
        "population": 160,
        "population_estimated": true,
        "size_category": 1,
        "trade": null,
        "source": null,
        "tags": [],
        "notes": [],
        "history": {
          "province_2512": null,
          "province_2276": null,
          "ruler_2515": null,
          "ruler_2512": null,
          "ruler_2276": null
        },
        "wiki": {
          "title": null,
          "url": null,
          "description": null,
          "image": null
        },
        "svg_layer": "Kislev"
      }
    },
    {
      "type": "Feature",
      "id": "copy_text_13537",
      "geometry": {
        "type": "Point",
        "coordinates": [
          8.287107,
          54.913143
        ]
      },
      "properties": {
        "id": "copy_text_13537",
        "name": "Ptorsk",
        "category": "settlement",
        "dataset": "kislev",
        "in_gazetteer": true,
        "type": null,
        "region": "Kislev",
        "province": null,
        "estate": null,
        "population": 124,
        "population_estimated": true,
        "size_category": 1,
        "trade": null,
        "source": "Warhammer Fantasy Roleplay 2e: Realm of the Ice Queen",
        "tags": [],
        "notes": [],
        "history": {
          "province_2512": null,
          "province_2276": null,
          "ruler_2515": null,
          "ruler_2512": null,
          "ruler_2276": null
        },
        "wiki": {
          "title": null,
          "url": null,
          "description": null,
          "image": null
        },
        "svg_layer": "Kislev"
      }
    },
    {
      "type": "Feature",
      "id": "copy_text_13538",
      "geometry": {
        "type": "Point",
        "coordinates": [
          8.333616,
          55.554753
        ]
      },
      "properties": {
        "id": "copy_text_13538",
        "name": "Kamysh",
        "category": "settlement",
        "dataset": "kislev",
        "in_gazetteer": true,
        "type": null,
        "region": "Kislev",
        "province": null,
        "estate": null,
        "population": 130,
        "population_estimated": true,
        "size_category": 1,
        "trade": null,
        "source": "Warhammer Fantasy Roleplay 2e: Realm of the Ice Queen",
        "tags": [],
        "notes": [],
        "history": {
          "province_2512": null,
          "province_2276": null,
          "ruler_2515": null,
          "ruler_2512": null,
          "ruler_2276": null
        },
        "wiki": {
          "title": null,
          "url": null,
          "description": null,
          "image": null
        },
        "svg_layer": "Kislev"
      }
    },
    {
      "type": "Feature",
      "id": "copy_text_13539",
      "geometry": {
        "type": "Point",
        "coordinates": [
          9.340922,
          56.528725
        ]
      },
      "properties": {
        "id": "copy_text_13539",
        "name": "Zhanyka",
        "category": "settlement",
        "dataset": "kislev",
        "in_gazetteer": true,
        "type": null,
        "region": "Kislev",
        "province": null,
        "estate": null,
        "population": 86,
        "population_estimated": true,
        "size_category": 1,
        "trade": null,
        "source": "Warhammer: The Old World",
        "tags": [],
        "notes": [],
        "history": {
          "province_2512": null,
          "province_2276": null,
          "ruler_2515": null,
          "ruler_2512": null,
          "ruler_2276": null
        },
        "wiki": {
          "title": null,
          "url": null,
          "description": null,
          "image": null
        },
        "svg_layer": "Kislev"
      }
    },
    {
      "type": "Feature",
      "id": "copy_text_13540",
      "geometry": {
        "type": "Point",
        "coordinates": [
          10.458938,
          57.468343
        ]
      },
      "properties": {
        "id": "copy_text_13540",
        "name": "Baiyn",
        "category": "settlement",
        "dataset": "kislev",
        "in_gazetteer": true,
        "type": null,
        "region": "Kislev",
        "province": null,
        "estate": null,
        "population": 233,
        "population_estimated": true,
        "size_category": 1,
        "trade": null,
        "source": "Warhammer: The Old World",
        "tags": [],
        "notes": [],
        "history": {
          "province_2512": null,
          "province_2276": null,
          "ruler_2515": null,
          "ruler_2512": null,
          "ruler_2276": null
        },
        "wiki": {
          "title": null,
          "url": null,
          "description": null,
          "image": null
        },
        "svg_layer": "Kislev"
      }
    },
    {
      "type": "Feature",
      "id": "copy_text_13541",
      "geometry": {
        "type": "Point",
        "coordinates": [
          8.220778,
          57.161071
        ]
      },
      "properties": {
        "id": "copy_text_13541",
        "name": "Choika",
        "category": "settlement",
        "dataset": "kislev",
        "in_gazetteer": true,
        "type": null,
        "region": "Kislev",
        "province": null,
        "estate": null,
        "population": 302,
        "population_estimated": true,
        "size_category": 2,
        "trade": null,
        "source": "Warahmmer Fantasy (6th Edition): Storm of Chaos",
        "tags": [],
        "notes": [],
        "history": {
          "province_2512": null,
          "province_2276": null,
          "ruler_2515": null,
          "ruler_2512": null,
          "ruler_2276": null
        },
        "wiki": {
          "title": null,
          "url": null,
          "description": null,
          "image": null
        },
        "svg_layer": "Kislev"
      }
    },
    {
      "type": "Feature",
      "id": "copy_text_13542",
      "geometry": {
        "type": "Point",
        "coordinates": [
          8.082903,
          57.283504
        ]
      },
      "properties": {
        "id": "copy_text_13542",
        "name": "Zhedevka",
        "category": "settlement",
        "dataset": "kislev",
        "in_gazetteer": true,
        "type": null,
        "region": "Kislev",
        "province": null,
        "estate": null,
        "population": 409,
        "population_estimated": true,
        "size_category": 2,
        "trade": null,
        "source": "Warahmmer Fantasy (6th Edition): Storm of Chaos",
        "tags": [],
        "notes": [],
        "history": {
          "province_2512": null,
          "province_2276": null,
          "ruler_2515": null,
          "ruler_2512": null,
          "ruler_2276": null
        },
        "wiki": {
          "title": null,
          "url": null,
          "description": null,
          "image": null
        },
        "svg_layer": "Kislev"
      }
    },
    {
      "type": "Feature",
      "id": "copy_text_13543",
      "geometry": {
        "type": "Point",
        "coordinates": [
          7.852316,
          56.474755
        ]
      },
      "properties": {
        "id": "copy_text_13543",
        "name": "Gorovny",
        "category": "settlement",
        "dataset": "kislev",
        "in_gazetteer": false,
        "type": null,
        "region": "Kislev",
        "province": null,
        "estate": null,
        "population": 129,
        "population_estimated": true,
        "size_category": 1,
        "trade": null,
        "source": null,
        "tags": [],
        "notes": [],
        "history": {
          "province_2512": null,
          "province_2276": null,
          "ruler_2515": null,
          "ruler_2512": null,
          "ruler_2276": null
        },
        "wiki": {
          "title": null,
          "url": null,
          "description": null,
          "image": null
        },
        "svg_layer": "Kislev"
      }
    },
    {
      "type": "Feature",
      "id": "copy_text_13544",
      "geometry": {
        "type": "Point",
        "coordinates": [
          7.986116,
          56.137795
        ]
      },
      "properties": {
        "id": "copy_text_13544",
        "name": "Chzovich",
        "category": "settlement",
        "dataset": "kislev",
        "in_gazetteer": true,
        "type": null,
        "region": "Kislev",
        "province": null,
        "estate": null,
        "population": 333,
        "population_estimated": true,
        "size_category": 2,
        "trade": null,
        "source": "Warhammer Fantasy Roleplay 2e: Realm of the Ice Queen",
        "tags": [],
        "notes": [],
        "history": {
          "province_2512": null,
          "province_2276": null,
          "ruler_2515": null,
          "ruler_2512": null,
          "ruler_2276": null
        },
        "wiki": {
          "title": null,
          "url": null,
          "description": null,
          "image": null
        },
        "svg_layer": "Kislev"
      }
    },
    {
      "type": "Feature",
      "id": "copy_text_13545",
      "geometry": {
        "type": "Point",
        "coordinates": [
          6.64108,
          56.860476
        ]
      },
      "properties": {
        "id": "copy_text_13545",
        "name": "Krakjunov",
        "category": "settlement",
        "dataset": "kislev",
        "in_gazetteer": true,
        "type": null,
        "region": "Kislev",
        "province": null,
        "estate": null,
        "population": 155,
        "population_estimated": true,
        "size_category": 1,
        "trade": null,
        "source": "Warahmmer Fantasy (6th Edition): Storm of Chaos",
        "tags": [],
        "notes": [],
        "history": {
          "province_2512": null,
          "province_2276": null,
          "ruler_2515": null,
          "ruler_2512": null,
          "ruler_2276": null
        },
        "wiki": {
          "title": null,
          "url": null,
          "description": null,
          "image": null
        },
        "svg_layer": "Kislev"
      }
    },
    {
      "type": "Feature",
      "id": "copy_text_13546",
      "geometry": {
        "type": "Point",
        "coordinates": [
          6.220459,
          56.803875
        ]
      },
      "properties": {
        "id": "copy_text_13546",
        "name": "Milkavala",
        "category": "settlement",
        "dataset": "kislev",
        "in_gazetteer": true,
        "type": null,
        "region": "Kislev",
        "province": null,
        "estate": null,
        "population": 4665,
        "population_estimated": false,
        "size_category": 4,
        "trade": null,
        "source": "Warhammer Fantasy Roleplay 2e: Realm of the Ice Queen",
        "tags": [],
        "notes": [],
        "history": {
          "province_2512": null,
          "province_2276": null,
          "ruler_2515": null,
          "ruler_2512": null,
          "ruler_2276": null
        },
        "wiki": {
          "title": null,
          "url": "https://warhammerfantasy.fandom.com/wiki/Milkavala",
          "description": null,
          "image": null
        },
        "svg_layer": "Kislev"
      }
    },
    {
      "type": "Feature",
      "id": "copy_text_13547",
      "geometry": {
        "type": "Point",
        "coordinates": [
          7.376266,
          57.084301
        ]
      },
      "properties": {
        "id": "copy_text_13547",
        "name": "Vitzy",
        "category": "settlement",
        "dataset": "kislev",
        "in_gazetteer": true,
        "type": null,
        "region": "Kislev",
        "province": null,
        "estate": null,
        "population": 181,
        "population_estimated": true,
        "size_category": 1,
        "trade": null,
        "source": "Warhammer: The Old World",
        "tags": [],
        "notes": [],
        "history": {
          "province_2512": null,
          "province_2276": null,
          "ruler_2515": null,
          "ruler_2512": null,
          "ruler_2276": null
        },
        "wiki": {
          "title": null,
          "url": null,
          "description": null,
          "image": null
        },
        "svg_layer": "Kislev"
      }
    },
    {
      "type": "Feature",
      "id": "copy_text_13548",
      "geometry": {
        "type": "Point",
        "coordinates": [
          8.004382,
          58.16107
        ]
      },
      "properties": {
        "id": "copy_text_13548",
        "name": "Goranitch",
        "category": "settlement",
        "dataset": "kislev",
        "in_gazetteer": false,
        "type": null,
        "region": "Kislev",
        "province": null,
        "estate": null,
        "population": 208,
        "population_estimated": true,
        "size_category": 1,
        "trade": null,
        "source": null,
        "tags": [],
        "notes": [],
        "history": {
          "province_2512": null,
          "province_2276": null,
          "ruler_2515": null,
          "ruler_2512": null,
          "ruler_2276": null
        },
        "wiki": {
          "title": null,
          "url": null,
          "description": null,
          "image": null
        },
        "svg_layer": "Kislev"
      }
    },
    {
      "type": "Feature",
      "id": "copy_text_13549",
      "geometry": {
        "type": "Point",
        "coordinates": [
          8.529741,
          58.095075
        ]
      },
      "properties": {
        "id": "copy_text_13549",
        "name": "Dagnyper",
        "category": "settlement",
        "dataset": "kislev",
        "in_gazetteer": true,
        "type": null,
        "region": "Kislev",
        "province": null,
        "estate": null,
        "population": 83,
        "population_estimated": true,
        "size_category": 1,
        "trade": null,
        "source": "Warhammer Fantasy Roleplay 2e: Realm of the Ice Queen",
        "tags": [],
        "notes": [],
        "history": {
          "province_2512": null,
          "province_2276": null,
          "ruler_2515": null,
          "ruler_2512": null,
          "ruler_2276": null
        },
        "wiki": {
          "title": null,
          "url": null,
          "description": null,
          "image": null
        },
        "svg_layer": "Kislev"
      }
    },
    {
      "type": "Feature",
      "id": "copy_text_13550",
      "geometry": {
        "type": "Point",
        "coordinates": [
          8.936423,
          57.914455
        ]
      },
      "properties": {
        "id": "copy_text_13550",
        "name": "Krasicyno",
        "category": "settlement",
        "dataset": "kislev",
        "in_gazetteer": true,
        "type": null,
        "region": "Kislev",
        "province": null,
        "estate": null,
        "population": 1377,
        "population_estimated": false,
        "size_category": 3,
        "trade": null,
        "source": "Warhammer Fantasy Roleplay 2e: Realm of the Ice Queen",
        "tags": [],
        "notes": [],
        "history": {
          "province_2512": null,
          "province_2276": null,
          "ruler_2515": null,
          "ruler_2512": null,
          "ruler_2276": null
        },
        "wiki": {
          "title": null,
          "url": "https://warhammerfantasy.fandom.com/wiki/Krasicyno",
          "description": null,
          "image": null
        },
        "svg_layer": "Kislev"
      }
    },
    {
      "type": "Feature",
      "id": "copy_text_13551",
      "geometry": {
        "type": "Point",
        "coordinates": [
          10.252579,
          58.199368
        ]
      },
      "properties": {
        "id": "copy_text_13551",
        "name": "Yvegka",
        "category": "settlement",
        "dataset": "kislev",
        "in_gazetteer": true,
        "type": null,
        "region": "Kislev",
        "province": null,
        "estate": null,
        "population": 241,
        "population_estimated": true,
        "size_category": 1,
        "trade": null,
        "source": "Warhammer Fantasy Roleplay 2e: Realm of the Ice Queen",
        "tags": [],
        "notes": [],
        "history": {
          "province_2512": null,
          "province_2276": null,
          "ruler_2515": null,
          "ruler_2512": null,
          "ruler_2276": null
        },
        "wiki": {
          "title": null,
          "url": null,
          "description": null,
          "image": null
        },
        "svg_layer": "Kislev"
      }
    },
    {
      "type": "Feature",
      "id": "copy_text_13552",
      "geometry": {
        "type": "Point",
        "coordinates": [
          9.937762,
          58.576653
        ]
      },
      "properties": {
        "id": "copy_text_13552",
        "name": "Gutaidra",
        "category": "settlement",
        "dataset": "kislev",
        "in_gazetteer": false,
        "type": null,
        "region": "Kislev",
        "province": null,
        "estate": null,
        "population": 111,
        "population_estimated": true,
        "size_category": 1,
        "trade": null,
        "source": null,
        "tags": [],
        "notes": [],
        "history": {
          "province_2512": null,
          "province_2276": null,
          "ruler_2515": null,
          "ruler_2512": null,
          "ruler_2276": null
        },
        "wiki": {
          "title": null,
          "url": null,
          "description": null,
          "image": null
        },
        "svg_layer": "Kislev"
      }
    },
    {
      "type": "Feature",
      "id": "copy_text_13553",
      "geometry": {
        "type": "Point",
        "coordinates": [
          11.017238,
          59.238124
        ]
      },
      "properties": {
        "id": "copy_text_13553",
        "name": "Uskovic",
        "category": "settlement",
        "dataset": "kislev",
        "in_gazetteer": true,
        "type": null,
        "region": "Kislev",
        "province": null,
        "estate": null,
        "population": 118,
        "population_estimated": true,
        "size_category": 1,
        "trade": null,
        "source": "Warhammer Fantasy Roleplay 2e: Realm of the Ice Queen",
        "tags": [],
        "notes": [],
        "history": {
          "province_2512": null,
          "province_2276": null,
          "ruler_2515": null,
          "ruler_2512": null,
          "ruler_2276": null
        },
        "wiki": {
          "title": null,
          "url": null,
          "description": null,
          "image": null
        },
        "svg_layer": "Kislev"
      }
    },
    {
      "type": "Feature",
      "id": "copy_text_13554",
      "geometry": {
        "type": "Point",
        "coordinates": [
          11.568217,
          58.911218
        ]
      },
      "properties": {
        "id": "copy_text_13554",
        "name": "Chaglev",
        "category": "settlement",
        "dataset": "kislev",
        "in_gazetteer": true,
        "type": null,
        "region": "Kislev",
        "province": null,
        "estate": null,
        "population": 265,
        "population_estimated": true,
        "size_category": 1,
        "trade": null,
        "source": "Warhammer Fantasy Roleplay 2e: Realm of the Ice Queen",
        "tags": [],
        "notes": [],
        "history": {
          "province_2512": null,
          "province_2276": null,
          "ruler_2515": null,
          "ruler_2512": null,
          "ruler_2276": null
        },
        "wiki": {
          "title": null,
          "url": null,
          "description": null,
          "image": null
        },
        "svg_layer": "Kislev"
      }
    },
    {
      "type": "Feature",
      "id": "copy_text_13555",
      "geometry": {
        "type": "Point",
        "coordinates": [
          13.461735,
          57.892868
        ]
      },
      "properties": {
        "id": "copy_text_13555",
        "name": "Plesk",
        "category": "settlement",
        "dataset": "kislev",
        "in_gazetteer": true,
        "type": null,
        "region": "Kislev",
        "province": null,
        "estate": null,
        "population": 84,
        "population_estimated": true,
        "size_category": 1,
        "trade": null,
        "source": "Total War: Warhammer",
        "tags": [],
        "notes": [],
        "history": {
          "province_2512": null,
          "province_2276": null,
          "ruler_2515": null,
          "ruler_2512": null,
          "ruler_2276": null
        },
        "wiki": {
          "title": null,
          "url": null,
          "description": null,
          "image": null
        },
        "svg_layer": "Kislev"
      }
    },
    {
      "type": "Feature",
      "id": "copy_text_13556",
      "geometry": {
        "type": "Point",
        "coordinates": [
          13.076955,
          57.551467
        ]
      },
      "properties": {
        "id": "copy_text_13556",
        "name": "Zhidyrna",
        "category": "settlement",
        "dataset": "kislev",
        "in_gazetteer": true,
        "type": null,
        "region": "Kislev",
        "province": null,
        "estate": null,
        "population": 3812,
        "population_estimated": false,
        "size_category": 4,
        "trade": null,
        "source": "Warhammer Fantasy Roleplay 2e: Realm of the Ice Queen",
        "tags": [],
        "notes": [],
        "history": {
          "province_2512": null,
          "province_2276": null,
          "ruler_2515": null,
          "ruler_2512": null,
          "ruler_2276": null
        },
        "wiki": {
          "title": null,
          "url": null,
          "description": null,
          "image": null
        },
        "svg_layer": "Kislev"
      }
    },
    {
      "type": "Feature",
      "id": "copy_text_13557",
      "geometry": {
        "type": "Point",
        "coordinates": [
          8.016282,
          54.106177
        ]
      },
      "properties": {
        "id": "copy_text_13557",
        "name": "Medok",
        "category": "settlement",
        "dataset": "kislev",
        "in_gazetteer": false,
        "type": null,
        "region": "Kislev",
        "province": null,
        "estate": null,
        "population": 281,
        "population_estimated": true,
        "size_category": 1,
        "trade": null,
        "source": null,
        "tags": [],
        "notes": [],
        "history": {
          "province_2512": null,
          "province_2276": null,
          "ruler_2515": null,
          "ruler_2512": null,
          "ruler_2276": null
        },
        "wiki": {
          "title": null,
          "url": null,
          "description": null,
          "image": null
        },
        "svg_layer": "Kislev"
      }
    },
    {
      "type": "Feature",
      "id": "copy_text_13558",
      "geometry": {
        "type": "Point",
        "coordinates": [
          13.104368,
          56.658811
        ]
      },
      "properties": {
        "id": "copy_text_13558",
        "name": "Deghov",
        "category": "settlement",
        "dataset": "kislev",
        "in_gazetteer": true,
        "type": null,
        "region": "Kislev",
        "province": null,
        "estate": null,
        "population": 106,
        "population_estimated": true,
        "size_category": 1,
        "trade": null,
        "source": "Warhammer Fantasy Roleplay 2e: Realm of the Ice Queen",
        "tags": [],
        "notes": [],
        "history": {
          "province_2512": null,
          "province_2276": null,
          "ruler_2515": null,
          "ruler_2512": null,
          "ruler_2276": null
        },
        "wiki": {
          "title": null,
          "url": null,
          "description": null,
          "image": null
        },
        "svg_layer": "Kislev"
      }
    },
    {
      "type": "Feature",
      "id": "copy_text_13559",
      "geometry": {
        "type": "Point",
        "coordinates": [
          12.16001,
          58.299759
        ]
      },
      "properties": {
        "id": "copy_text_13559",
        "name": "Sanyza",
        "category": "settlement",
        "dataset": "kislev",
        "in_gazetteer": false,
        "type": null,
        "region": "Kislev",
        "province": null,
        "estate": null,
        "population": 85,
        "population_estimated": true,
        "size_category": 1,
        "trade": null,
        "source": null,
        "tags": [],
        "notes": [],
        "history": {
          "province_2512": null,
          "province_2276": null,
          "ruler_2515": null,
          "ruler_2512": null,
          "ruler_2276": null
        },
        "wiki": {
          "title": null,
          "url": null,
          "description": null,
          "image": null
        },
        "svg_layer": "Kislev"
      }
    },
    {
      "type": "Feature",
      "id": "copy_text_13560",
      "geometry": {
        "type": "Point",
        "coordinates": [
          13.66437,
          58.954719
        ]
      },
      "properties": {
        "id": "copy_text_13560",
        "name": "Moraveny",
        "category": "settlement",
        "dataset": "kislev",
        "in_gazetteer": true,
        "type": null,
        "region": "Kislev",
        "province": null,
        "estate": null,
        "population": 1558,
        "population_estimated": false,
        "size_category": 3,
        "trade": null,
        "source": "Warhammer: The Old World",
        "tags": [],
        "notes": [],
        "history": {
          "province_2512": null,
          "province_2276": null,
          "ruler_2515": null,
          "ruler_2512": null,
          "ruler_2276": null
        },
        "wiki": {
          "title": null,
          "url": null,
          "description": null,
          "image": null
        },
        "svg_layer": "Kislev"
      }
    },
    {
      "type": "Feature",
      "id": "copy_text_13561",
      "geometry": {
        "type": "Point",
        "coordinates": [
          14.575175,
          59.352607
        ]
      },
      "properties": {
        "id": "copy_text_13561",
        "name": "Novchozy",
        "category": "settlement",
        "dataset": "kislev",
        "in_gazetteer": true,
        "type": null,
        "region": "Kislev",
        "province": null,
        "estate": null,
        "population": 2101,
        "population_estimated": false,
        "size_category": 3,
        "trade": null,
        "source": "Warhammer: The Old World",
        "tags": [],
        "notes": [],
        "history": {
          "province_2512": null,
          "province_2276": null,
          "ruler_2515": null,
          "ruler_2512": null,
          "ruler_2276": null
        },
        "wiki": {
          "title": null,
          "url": null,
          "description": null,
          "image": null
        },
        "svg_layer": "Kislev"
      }
    },
    {
      "type": "Feature",
      "id": "copy_text_13562",
      "geometry": {
        "type": "Point",
        "coordinates": [
          13.259115,
          60.176219
        ]
      },
      "properties": {
        "id": "copy_text_13562",
        "name": "Sepukzy",
        "category": "settlement",
        "dataset": "kislev",
        "in_gazetteer": true,
        "type": null,
        "region": "Kislev",
        "province": null,
        "estate": null,
        "population": 1277,
        "population_estimated": false,
        "size_category": 3,
        "trade": null,
        "source": "Warhammer Fantasy Roleplay 2e: Realm of the Ice Queen",
        "tags": [],
        "notes": [],
        "history": {
          "province_2512": null,
          "province_2276": null,
          "ruler_2515": null,
          "ruler_2512": null,
          "ruler_2276": null
        },
        "wiki": {
          "title": null,
          "url": "https://warhammerfantasy.fandom.com/wiki/Sepukzy",
          "description": null,
          "image": null
        },
        "svg_layer": "Kislev"
      }
    },
    {
      "type": "Feature",
      "id": "copy_text_13563",
      "geometry": {
        "type": "Point",
        "coordinates": [
          11.782196,
          59.799534
        ]
      },
      "properties": {
        "id": "copy_text_13563",
        "name": "Ramaejk",
        "category": "settlement",
        "dataset": "kislev",
        "in_gazetteer": true,
        "type": null,
        "region": "Kislev",
        "province": null,
        "estate": null,
        "population": 1472,
        "population_estimated": false,
        "size_category": 3,
        "trade": null,
        "source": "Warhammer Fantasy Roleplay 2e: Realm of the Ice Queen",
        "tags": [],
        "notes": [],
        "history": {
          "province_2512": null,
          "province_2276": null,
          "ruler_2515": null,
          "ruler_2512": null,
          "ruler_2276": null
        },
        "wiki": {
          "title": null,
          "url": "https://warhammerfantasy.fandom.com/wiki/Ramaejk",
          "description": null,
          "image": null
        },
        "svg_layer": "Kislev"
      }
    },
    {
      "type": "Feature",
      "id": "copy_text_13564",
      "geometry": {
        "type": "Point",
        "coordinates": [
          12.396307,
          59.509732
        ]
      },
      "properties": {
        "id": "copy_text_13564",
        "name": "Volksgrad",
        "category": "settlement",
        "dataset": "kislev",
        "in_gazetteer": true,
        "type": null,
        "region": "Kislev",
        "province": null,
        "estate": null,
        "population": 4855,
        "population_estimated": false,
        "size_category": 4,
        "trade": null,
        "source": "Warhammer Fantasy Roleplay 2e: Realm of the Ice Queen",
        "tags": [],
        "notes": [],
        "history": {
          "province_2512": null,
          "province_2276": null,
          "ruler_2515": null,
          "ruler_2512": null,
          "ruler_2276": null
        },
        "wiki": {
          "title": null,
          "url": "https://warhammerfantasy.fandom.com/wiki/Volksgrad",
          "description": null,
          "image": null
        },
        "svg_layer": "Kislev"
      }
    },
    {
      "type": "Feature",
      "id": "copy_text_13565",
      "geometry": {
        "type": "Point",
        "coordinates": [
          12.211993,
          60.225838
        ]
      },
      "properties": {
        "id": "copy_text_13565",
        "name": "Yetchitch",
        "category": "settlement",
        "dataset": "kislev",
        "in_gazetteer": true,
        "type": null,
        "region": "Kislev",
        "province": null,
        "estate": null,
        "population": 1983,
        "population_estimated": false,
        "size_category": 3,
        "trade": null,
        "source": "Warhammer: The Old World",
        "tags": [],
        "notes": [],
        "history": {
          "province_2512": null,
          "province_2276": null,
          "ruler_2515": null,
          "ruler_2512": null,
          "ruler_2276": null
        },
        "wiki": {
          "title": null,
          "url": null,
          "description": null,
          "image": null
        },
        "svg_layer": "Kislev"
      }
    },
    {
      "type": "Feature",
      "id": "copy_text_13566",
      "geometry": {
        "type": "Point",
        "coordinates": [
          10.565992,
          59.433912
        ]
      },
      "properties": {
        "id": "copy_text_13566",
        "name": "Kacirk",
        "category": "settlement",
        "dataset": "kislev",
        "in_gazetteer": true,
        "type": null,
        "region": "Kislev",
        "province": null,
        "estate": null,
        "population": 82,
        "population_estimated": true,
        "size_category": 1,
        "trade": null,
        "source": "Warhammer Fantasy Roleplay 2e: Realm of the Ice Queen",
        "tags": [],
        "notes": [],
        "history": {
          "province_2512": null,
          "province_2276": null,
          "ruler_2515": null,
          "ruler_2512": null,
          "ruler_2276": null
        },
        "wiki": {
          "title": null,
          "url": null,
          "description": null,
          "image": null
        },
        "svg_layer": "Kislev"
      }
    },
    {
      "type": "Feature",
      "id": "copy_text_13567",
      "geometry": {
        "type": "Point",
        "coordinates": [
          9.678874,
          60.460494
        ]
      },
      "properties": {
        "id": "copy_text_13567",
        "name": "Svedora",
        "category": "settlement",
        "dataset": "kislev",
        "in_gazetteer": true,
        "type": null,
        "region": "Kislev",
        "province": null,
        "estate": null,
        "population": 1847,
        "population_estimated": false,
        "size_category": 3,
        "trade": null,
        "source": "Warhammer: The Old World",
        "tags": [],
        "notes": [],
        "history": {
          "province_2512": null,
          "province_2276": null,
          "ruler_2515": null,
          "ruler_2512": null,
          "ruler_2276": null
        },
        "wiki": {
          "title": null,
          "url": null,
          "description": null,
          "image": null
        },
        "svg_layer": "Kislev"
      }
    },
    {
      "type": "Feature",
      "id": "copy_text_13568",
      "geometry": {
        "type": "Point",
        "coordinates": [
          9.086832,
          60.483117
        ]
      },
      "properties": {
        "id": "copy_text_13568",
        "name": "Zvenilev",
        "category": "settlement",
        "dataset": "kislev",
        "in_gazetteer": true,
        "type": null,
        "region": "Kislev",
        "province": null,
        "estate": null,
        "population": 2916,
        "population_estimated": false,
        "size_category": 3,
        "trade": null,
        "source": "Warhammer Fantasy Roleplay 2e: Realm of the Ice Queen",
        "tags": [],
        "notes": [],
        "history": {
          "province_2512": null,
          "province_2276": null,
          "ruler_2515": null,
          "ruler_2512": null,
          "ruler_2276": null
        },
        "wiki": {
          "title": null,
          "url": "https://warhammerfantasy.fandom.com/wiki/Zvenilev",
          "description": null,
          "image": null
        },
        "svg_layer": "Kislev"
      }
    },
    {
      "type": "Feature",
      "id": "copy_text_13569",
      "geometry": {
        "type": "Point",
        "coordinates": [
          9.867019,
          61.115818
        ]
      },
      "properties": {
        "id": "copy_text_13569",
        "name": "Kzarla",
        "category": "settlement",
        "dataset": "kislev",
        "in_gazetteer": true,
        "type": null,
        "region": "Kislev",
        "province": null,
        "estate": null,
        "population": 185,
        "population_estimated": true,
        "size_category": 1,
        "trade": null,
        "source": "Warhammer Fantasy Roleplay 2e: Realm of the Ice Queen",
        "tags": [],
        "notes": [],
        "history": {
          "province_2512": null,
          "province_2276": null,
          "ruler_2515": null,
          "ruler_2512": null,
          "ruler_2276": null
        },
        "wiki": {
          "title": null,
          "url": null,
          "description": null,
          "image": null
        },
        "svg_layer": "Kislev"
      }
    },
    {
      "type": "Feature",
      "id": "copy_text_13571",
      "geometry": {
        "type": "Point",
        "coordinates": [
          7.282746,
          60.725089
        ]
      },
      "properties": {
        "id": "copy_text_13571",
        "name": "Dhazhyn",
        "category": "settlement",
        "dataset": "kislev",
        "in_gazetteer": true,
        "type": null,
        "region": "Kislev",
        "province": null,
        "estate": null,
        "population": 296,
        "population_estimated": true,
        "size_category": 1,
        "trade": null,
        "source": "Warhammer: The Old World",
        "tags": [],
        "notes": [],
        "history": {
          "province_2512": null,
          "province_2276": null,
          "ruler_2515": null,
          "ruler_2512": null,
          "ruler_2276": null
        },
        "wiki": {
          "title": null,
          "url": null,
          "description": null,
          "image": null
        },
        "svg_layer": "Kislev"
      }
    },
    {
      "type": "Feature",
      "id": "copy_text_13572",
      "geometry": {
        "type": "Point",
        "coordinates": [
          6.79642,
          60.492321
        ]
      },
      "properties": {
        "id": "copy_text_13572",
        "name": "Leblya",
        "category": "settlement",
        "dataset": "kislev",
        "in_gazetteer": true,
        "type": null,
        "region": "Kislev",
        "province": null,
        "estate": null,
        "population": 2985,
        "population_estimated": false,
        "size_category": 3,
        "trade": null,
        "source": "Warhammer: The Old World",
        "tags": [],
        "notes": [],
        "history": {
          "province_2512": null,
          "province_2276": null,
          "ruler_2515": null,
          "ruler_2512": null,
          "ruler_2276": null
        },
        "wiki": {
          "title": null,
          "url": "https://warhammerfantasy.fandom.com/wiki/Leblya",
          "description": null,
          "image": null
        },
        "svg_layer": "Kislev"
      }
    },
    {
      "type": "Feature",
      "id": "copy_text_13573",
      "geometry": {
        "type": "Point",
        "coordinates": [
          7.043995,
          59.663804
        ]
      },
      "properties": {
        "id": "copy_text_13573",
        "name": "Zoishenk",
        "category": "settlement",
        "dataset": "kislev",
        "in_gazetteer": true,
        "type": null,
        "region": "Kislev",
        "province": null,
        "estate": null,
        "population": 4652,
        "population_estimated": false,
        "size_category": 4,
        "trade": null,
        "source": "Warhammer Fantasy Roleplay 2e: Realm of the Ice Queen",
        "tags": [],
        "notes": [],
        "history": {
          "province_2512": null,
          "province_2276": null,
          "ruler_2515": null,
          "ruler_2512": null,
          "ruler_2276": null
        },
        "wiki": {
          "title": null,
          "url": "https://warhammerfantasy.fandom.com/wiki/Zoishenk",
          "description": null,
          "image": null
        },
        "svg_layer": "Kislev"
      }
    },
    {
      "type": "Feature",
      "id": "copy_text_13574",
      "geometry": {
        "type": "Point",
        "coordinates": [
          6.070928,
          58.463499
        ]
      },
      "properties": {
        "id": "copy_text_13574",
        "name": "Pradeshynya",
        "category": "settlement",
        "dataset": "kislev",
        "in_gazetteer": true,
        "type": null,
        "region": "Kislev",
        "province": null,
        "estate": null,
        "population": 3412,
        "population_estimated": false,
        "size_category": 4,
        "trade": null,
        "source": "Warhammer Fantasy Roleplay 2e: Realm of the Ice Queen",
        "tags": [],
        "notes": [],
        "history": {
          "province_2512": null,
          "province_2276": null,
          "ruler_2515": null,
          "ruler_2512": null,
          "ruler_2276": null
        },
        "wiki": {
          "title": null,
          "url": null,
          "description": null,
          "image": null
        },
        "svg_layer": "Kislev"
      }
    },
    {
      "type": "Feature",
      "id": "copy_text_13575",
      "geometry": {
        "type": "Point",
        "coordinates": [
          5.884131,
          59.122058
        ]
      },
      "properties": {
        "id": "copy_text_13575",
        "name": "Ungalya",
        "category": "settlement",
        "dataset": "kislev",
        "in_gazetteer": true,
        "type": null,
        "region": "Kislev",
        "province": null,
        "estate": null,
        "population": 226,
        "population_estimated": true,
        "size_category": 1,
        "trade": null,
        "source": "Warhammer: The Old World",
        "tags": [],
        "notes": [],
        "history": {
          "province_2512": null,
          "province_2276": null,
          "ruler_2515": null,
          "ruler_2512": null,
          "ruler_2276": null
        },
        "wiki": {
          "title": null,
          "url": null,
          "description": null,
          "image": null
        },
        "svg_layer": "Kislev"
      }
    },
    {
      "type": "Feature",
      "id": "copy_text_13576",
      "geometry": {
        "type": "Point",
        "coordinates": [
          4.523695,
          58.077707
        ]
      },
      "properties": {
        "id": "copy_text_13576",
        "name": "Chebokov",
        "category": "settlement",
        "dataset": "kislev",
        "in_gazetteer": true,
        "type": null,
        "region": "Kislev",
        "province": null,
        "estate": null,
        "population": 2971,
        "population_estimated": false,
        "size_category": 3,
        "trade": null,
        "source": "Warhammer: The Old World",
        "tags": [],
        "notes": [],
        "history": {
          "province_2512": null,
          "province_2276": null,
          "ruler_2515": null,
          "ruler_2512": null,
          "ruler_2276": null
        },
        "wiki": {
          "title": null,
          "url": null,
          "description": null,
          "image": null
        },
        "svg_layer": "Kislev"
      }
    },
    {
      "type": "Feature",
      "id": "copy_text_13577",
      "geometry": {
        "type": "Point",
        "coordinates": [
          9.800445,
          59.189211
        ]
      },
      "properties": {
        "id": "copy_text_13577",
        "name": "Dushyka",
        "category": "settlement",
        "dataset": "kislev",
        "in_gazetteer": true,
        "type": null,
        "region": "Kislev",
        "province": null,
        "estate": null,
        "population": 195,
        "population_estimated": true,
        "size_category": 1,
        "trade": null,
        "source": "Total War: Warhammer",
        "tags": [],
        "notes": [],
        "history": {
          "province_2512": null,
          "province_2276": null,
          "ruler_2515": null,
          "ruler_2512": null,
          "ruler_2276": null
        },
        "wiki": {
          "title": null,
          "url": null,
          "description": null,
          "image": null
        },
        "svg_layer": "Kislev"
      }
    },
    {
      "type": "Feature",
      "id": "copy_text_13578",
      "geometry": {
        "type": "Point",
        "coordinates": [
          8.865506,
          59.705598
        ]
      },
      "properties": {
        "id": "copy_text_13578",
        "name": "Iaryn",
        "category": "settlement",
        "dataset": "kislev",
        "in_gazetteer": true,
        "type": null,
        "region": "Kislev",
        "province": null,
        "estate": null,
        "population": 352,
        "population_estimated": true,
        "size_category": 2,
        "trade": null,
        "source": "Warhammer Fantasy Roleplay 2e: Realm of the Ice Queen",
        "tags": [],
        "notes": [],
        "history": {
          "province_2512": null,
          "province_2276": null,
          "ruler_2515": null,
          "ruler_2512": null,
          "ruler_2276": null
        },
        "wiki": {
          "title": null,
          "url": null,
          "description": null,
          "image": null
        },
        "svg_layer": "Kislev"
      }
    },
    {
      "type": "Feature",
      "id": "copy_text_13579",
      "geometry": {
        "type": "Point",
        "coordinates": [
          6.505662,
          56.288768
        ]
      },
      "properties": {
        "id": "copy_text_13579",
        "name": "Emsk",
        "category": "settlement",
        "dataset": "kislev",
        "in_gazetteer": true,
        "type": null,
        "region": "Kislev",
        "province": null,
        "estate": null,
        "population": 5844,
        "population_estimated": false,
        "size_category": 4,
        "trade": null,
        "source": "Warhammer: The Old World",
        "tags": [],
        "notes": [],
        "history": {
          "province_2512": null,
          "province_2276": null,
          "ruler_2515": null,
          "ruler_2512": null,
          "ruler_2276": null
        },
        "wiki": {
          "title": null,
          "url": null,
          "description": null,
          "image": null
        },
        "svg_layer": "Kislev"
      }
    },
    {
      "type": "Feature",
      "id": "copy_text_13580",
      "geometry": {
        "type": "Point",
        "coordinates": [
          6.58065,
          55.998703
        ]
      },
      "properties": {
        "id": "copy_text_13580",
        "name": "Zauberstedt",
        "category": "settlement",
        "dataset": "kislev",
        "in_gazetteer": false,
        "type": null,
        "region": "Kislev",
        "province": null,
        "estate": null,
        "population": 163,
        "population_estimated": true,
        "size_category": 1,
        "trade": null,
        "source": null,
        "tags": [],
        "notes": [],
        "history": {
          "province_2512": null,
          "province_2276": null,
          "ruler_2515": null,
          "ruler_2512": null,
          "ruler_2276": null
        },
        "wiki": {
          "title": null,
          "url": null,
          "description": null,
          "image": null
        },
        "svg_layer": "Kislev"
      }
    },
    {
      "type": "Feature",
      "id": "copy_text_13581",
      "geometry": {
        "type": "Point",
        "coordinates": [
          6.633737,
          55.83833
        ]
      },
      "properties": {
        "id": "copy_text_13581",
        "name": "Miskau",
        "category": "settlement",
        "dataset": "kislev",
        "in_gazetteer": false,
        "type": null,
        "region": "Kislev",
        "province": null,
        "estate": null,
        "population": 110,
        "population_estimated": true,
        "size_category": 1,
        "trade": null,
        "source": null,
        "tags": [],
        "notes": [],
        "history": {
          "province_2512": null,
          "province_2276": null,
          "ruler_2515": null,
          "ruler_2512": null,
          "ruler_2276": null
        },
        "wiki": {
          "title": null,
          "url": null,
          "description": null,
          "image": null
        },
        "svg_layer": "Kislev"
      }
    },
    {
      "type": "Feature",
      "id": "copy_text_13582",
      "geometry": {
        "type": "Point",
        "coordinates": [
          5.968188,
          56.771886
        ]
      },
      "properties": {
        "id": "copy_text_13582",
        "name": "Pemnitz",
        "category": "settlement",
        "dataset": "kislev",
        "in_gazetteer": false,
        "type": null,
        "region": "Kislev",
        "province": null,
        "estate": null,
        "population": 592,
        "population_estimated": true,
        "size_category": 2,
        "trade": null,
        "source": null,
        "tags": [],
        "notes": [],
        "history": {
          "province_2512": null,
          "province_2276": null,
          "ruler_2515": null,
          "ruler_2512": null,
          "ruler_2276": null
        },
        "wiki": {
          "title": null,
          "url": null,
          "description": null,
          "image": null
        },
        "svg_layer": "Kislev"
      }
    },
    {
      "type": "Feature",
      "id": "copy_text_13583",
      "geometry": {
        "type": "Point",
        "coordinates": [
          6.916504,
          55.702631
        ]
      },
      "properties": {
        "id": "copy_text_13583",
        "name": "Tarnovetz",
        "category": "settlement",
        "dataset": "kislev",
        "in_gazetteer": false,
        "type": null,
        "region": "Kislev",
        "province": null,
        "estate": null,
        "population": 78,
        "population_estimated": true,
        "size_category": 1,
        "trade": null,
        "source": null,
        "tags": [],
        "notes": [],
        "history": {
          "province_2512": null,
          "province_2276": null,
          "ruler_2515": null,
          "ruler_2512": null,
          "ruler_2276": null
        },
        "wiki": {
          "title": null,
          "url": null,
          "description": null,
          "image": null
        },
        "svg_layer": "Kislev"
      }
    },
    {
      "type": "Feature",
      "id": "copy_text_13584",
      "geometry": {
        "type": "Point",
        "coordinates": [
          5.819105,
          56.914899
        ]
      },
      "properties": {
        "id": "copy_text_13584",
        "name": "Vilenska",
        "category": "settlement",
        "dataset": "kislev",
        "in_gazetteer": false,
        "type": null,
        "region": "Kislev",
        "province": null,
        "estate": null,
        "population": 340,
        "population_estimated": true,
        "size_category": 2,
        "trade": null,
        "source": null,
        "tags": [],
        "notes": [],
        "history": {
          "province_2512": null,
          "province_2276": null,
          "ruler_2515": null,
          "ruler_2512": null,
          "ruler_2276": null
        },
        "wiki": {
          "title": null,
          "url": null,
          "description": null,
          "image": null
        },
        "svg_layer": "Kislev"
      }
    },
    {
      "type": "Feature",
      "id": "copy_text_13585",
      "geometry": {
        "type": "Point",
        "coordinates": [
          6.112219,
          56.495512
        ]
      },
      "properties": {
        "id": "copy_text_13585",
        "name": "Kernoau",
        "category": "settlement",
        "dataset": "kislev",
        "in_gazetteer": false,
        "type": null,
        "region": "Kislev",
        "province": null,
        "estate": null,
        "population": 266,
        "population_estimated": true,
        "size_category": 1,
        "trade": null,
        "source": null,
        "tags": [],
        "notes": [],
        "history": {
          "province_2512": null,
          "province_2276": null,
          "ruler_2515": null,
          "ruler_2512": null,
          "ruler_2276": null
        },
        "wiki": {
          "title": null,
          "url": null,
          "description": null,
          "image": null
        },
        "svg_layer": "Kislev"
      }
    },
    {
      "type": "Feature",
      "id": "copy_text_13586",
      "geometry": {
        "type": "Point",
        "coordinates": [
          10.191361,
          56.705669
        ]
      },
      "properties": {
        "id": "copy_text_13586",
        "name": "Vdovya",
        "category": "settlement",
        "dataset": "kislev",
        "in_gazetteer": true,
        "type": null,
        "region": "Kislev",
        "province": null,
        "estate": null,
        "population": 101,
        "population_estimated": true,
        "size_category": 1,
        "trade": null,
        "source": "Warhammer Fantasy Roleplay 2e: Realm of the Ice Queen",
        "tags": [],
        "notes": [],
        "history": {
          "province_2512": null,
          "province_2276": null,
          "ruler_2515": null,
          "ruler_2512": null,
          "ruler_2276": null
        },
        "wiki": {
          "title": null,
          "url": null,
          "description": null,
          "image": null
        },
        "svg_layer": "Kislev"
      }
    },
    {
      "type": "Feature",
      "id": "copy_text_13587",
      "geometry": {
        "type": "Point",
        "coordinates": [
          10.523995,
          55.67847
        ]
      },
      "properties": {
        "id": "copy_text_13587",
        "name": "Ardkha",
        "category": "settlement",
        "dataset": "kislev",
        "in_gazetteer": true,
        "type": null,
        "region": "Kislev",
        "province": null,
        "estate": null,
        "population": 113,
        "population_estimated": true,
        "size_category": 1,
        "trade": null,
        "source": "Warhammer Fantasy Roleplay 2e: Realm of the Ice Queen",
        "tags": [],
        "notes": [],
        "history": {
          "province_2512": null,
          "province_2276": null,
          "ruler_2515": null,
          "ruler_2512": null,
          "ruler_2276": null
        },
        "wiki": {
          "title": null,
          "url": null,
          "description": null,
          "image": null
        },
        "svg_layer": "Kislev"
      }
    },
    {
      "type": "Feature",
      "id": "copy_text_13588",
      "geometry": {
        "type": "Point",
        "coordinates": [
          8.113216,
          54.470678
        ]
      },
      "properties": {
        "id": "copy_text_13588",
        "name": "Slavyanaska",
        "category": "settlement",
        "dataset": "kislev",
        "in_gazetteer": true,
        "type": null,
        "region": "Kislev",
        "province": null,
        "estate": null,
        "population": 341,
        "population_estimated": true,
        "size_category": 2,
        "trade": null,
        "source": "Warhammer: The Old World",
        "tags": [],
        "notes": [],
        "history": {
          "province_2512": null,
          "province_2276": null,
          "ruler_2515": null,
          "ruler_2512": null,
          "ruler_2276": null
        },
        "wiki": {
          "title": null,
          "url": null,
          "description": null,
          "image": null
        },
        "svg_layer": "Kislev"
      }
    },
    {
      "type": "Feature",
      "id": "copy_text_13589",
      "geometry": {
        "type": "Point",
        "coordinates": [
          12.415701,
          54.535968
        ]
      },
      "properties": {
        "id": "copy_text_13589",
        "name": "Chernigov",
        "category": "settlement",
        "dataset": "kislev",
        "in_gazetteer": true,
        "type": null,
        "region": "Kislev",
        "province": null,
        "estate": null,
        "population": 115,
        "population_estimated": true,
        "size_category": 1,
        "trade": null,
        "source": "Warhammer: The Old World",
        "tags": [],
        "notes": [],
        "history": {
          "province_2512": null,
          "province_2276": null,
          "ruler_2515": null,
          "ruler_2512": null,
          "ruler_2276": null
        },
        "wiki": {
          "title": null,
          "url": null,
          "description": null,
          "image": null
        },
        "svg_layer": "Kislev"
      }
    },
    {
      "type": "Feature",
      "id": "copy_text_13590",
      "geometry": {
        "type": "Point",
        "coordinates": [
          4.922279,
          58.9698
        ]
      },
      "properties": {
        "id": "copy_text_13590",
        "name": "Maja Uvemny",
        "category": "settlement",
        "dataset": "kislev",
        "in_gazetteer": true,
        "type": null,
        "region": "Kislev",
        "province": null,
        "estate": null,
        "population": 2446,
        "population_estimated": false,
        "size_category": 3,
        "trade": null,
        "source": "Warhammer: The Old World",
        "tags": [],
        "notes": [],
        "history": {
          "province_2512": null,
          "province_2276": null,
          "ruler_2515": null,
          "ruler_2512": null,
          "ruler_2276": null
        },
        "wiki": {
          "title": null,
          "url": null,
          "description": null,
          "image": null
        },
        "svg_layer": "Kislev"
      }
    },
    {
      "type": "Feature",
      "id": "copy_text_13591",
      "geometry": {
        "type": "Point",
        "coordinates": [
          10.625159,
          55.146079
        ]
      },
      "properties": {
        "id": "copy_text_13591",
        "name": "Bilohirya",
        "category": "settlement",
        "dataset": "kislev",
        "in_gazetteer": false,
        "type": null,
        "region": "Kislev",
        "province": null,
        "estate": null,
        "population": 228,
        "population_estimated": true,
        "size_category": 1,
        "trade": null,
        "source": null,
        "tags": [],
        "notes": [],
        "history": {
          "province_2512": null,
          "province_2276": null,
          "ruler_2515": null,
          "ruler_2512": null,
          "ruler_2276": null
        },
        "wiki": {
          "title": null,
          "url": null,
          "description": null,
          "image": null
        },
        "svg_layer": "Kislev"
      }
    },
    {
      "type": "Feature",
      "id": "copy_text_13592",
      "geometry": {
        "type": "Point",
        "coordinates": [
          10.148537,
          55.257366
        ]
      },
      "properties": {
        "id": "copy_text_13592",
        "name": "Chornobrik",
        "category": "settlement",
        "dataset": "kislev",
        "in_gazetteer": false,
        "type": null,
        "region": "Kislev",
        "province": null,
        "estate": null,
        "population": 85,
        "population_estimated": true,
        "size_category": 1,
        "trade": null,
        "source": null,
        "tags": [],
        "notes": [],
        "history": {
          "province_2512": null,
          "province_2276": null,
          "ruler_2515": null,
          "ruler_2512": null,
          "ruler_2276": null
        },
        "wiki": {
          "title": null,
          "url": null,
          "description": null,
          "image": null
        },
        "svg_layer": "Kislev"
      }
    },
    {
      "type": "Feature",
      "id": "copy_text_13593",
      "geometry": {
        "type": "Point",
        "coordinates": [
          11.163356,
          54.219287
        ]
      },
      "properties": {
        "id": "copy_text_13593",
        "name": "Novodazh",
        "category": "settlement",
        "dataset": "kislev",
        "in_gazetteer": false,
        "type": null,
        "region": "Kislev",
        "province": null,
        "estate": null,
        "population": 70,
        "population_estimated": true,
        "size_category": 1,
        "trade": null,
        "source": null,
        "tags": [],
        "notes": [],
        "history": {
          "province_2512": null,
          "province_2276": null,
          "ruler_2515": null,
          "ruler_2512": null,
          "ruler_2276": null
        },
        "wiki": {
          "title": null,
          "url": null,
          "description": null,
          "image": null
        },
        "svg_layer": "Kislev"
      }
    },
    {
      "type": "Feature",
      "id": "copy_text_13594",
      "geometry": {
        "type": "Point",
        "coordinates": [
          11.694571,
          54.908796
        ]
      },
      "properties": {
        "id": "copy_text_13594",
        "name": "Starouhun",
        "category": "settlement",
        "dataset": "kislev",
        "in_gazetteer": false,
        "type": null,
        "region": "Kislev",
        "province": null,
        "estate": null,
        "population": 210,
        "population_estimated": true,
        "size_category": 1,
        "trade": null,
        "source": null,
        "tags": [],
        "notes": [],
        "history": {
          "province_2512": null,
          "province_2276": null,
          "ruler_2515": null,
          "ruler_2512": null,
          "ruler_2276": null
        },
        "wiki": {
          "title": null,
          "url": null,
          "description": null,
          "image": null
        },
        "svg_layer": "Kislev"
      }
    },
    {
      "type": "Feature",
      "id": "copy_text_13595",
      "geometry": {
        "type": "Point",
        "coordinates": [
          10.426756,
          55.007425
        ]
      },
      "properties": {
        "id": "copy_text_13595",
        "name": "Vedmezha",
        "category": "settlement",
        "dataset": "kislev",
        "in_gazetteer": false,
        "type": null,
        "region": "Kislev",
        "province": null,
        "estate": null,
        "population": 576,
        "population_estimated": true,
        "size_category": 2,
        "trade": null,
        "source": null,
        "tags": [],
        "notes": [],
        "history": {
          "province_2512": null,
          "province_2276": null,
          "ruler_2515": null,
          "ruler_2512": null,
          "ruler_2276": null
        },
        "wiki": {
          "title": null,
          "url": null,
          "description": null,
          "image": null
        },
        "svg_layer": "Kislev"
      }
    },
    {
      "type": "Feature",
      "id": "copy_text_13596",
      "geometry": {
        "type": "Point",
        "coordinates": [
          10.317985,
          55.151662
        ]
      },
      "properties": {
        "id": "copy_text_13596",
        "name": "Zelenyavka",
        "category": "settlement",
        "dataset": "kislev",
        "in_gazetteer": false,
        "type": null,
        "region": "Kislev",
        "province": null,
        "estate": null,
        "population": 119,
        "population_estimated": true,
        "size_category": 1,
        "trade": null,
        "source": null,
        "tags": [],
        "notes": [],
        "history": {
          "province_2512": null,
          "province_2276": null,
          "ruler_2515": null,
          "ruler_2512": null,
          "ruler_2276": null
        },
        "wiki": {
          "title": null,
          "url": null,
          "description": null,
          "image": null
        },
        "svg_layer": "Kislev"
      }
    },
    {
      "type": "Feature",
      "id": "copy_text_13597",
      "geometry": {
        "type": "Point",
        "coordinates": [
          10.532379,
          55.12131
        ]
      },
      "properties": {
        "id": "copy_text_13597",
        "name": "Kamyabirsk",
        "category": "settlement",
        "dataset": "kislev",
        "in_gazetteer": false,
        "type": null,
        "region": "Kislev",
        "province": null,
        "estate": null,
        "population": 91,
        "population_estimated": true,
        "size_category": 1,
        "trade": null,
        "source": null,
        "tags": [],
        "notes": [],
        "history": {
          "province_2512": null,
          "province_2276": null,
          "ruler_2515": null,
          "ruler_2512": null,
          "ruler_2276": null
        },
        "wiki": {
          "title": null,
          "url": null,
          "description": null,
          "image": null
        },
        "svg_layer": "Kislev"
      }
    },
    {
      "type": "Feature",
      "id": "copy_text_13598",
      "geometry": {
        "type": "Point",
        "coordinates": [
          10.283089,
          55.036614
        ]
      },
      "properties": {
        "id": "copy_text_13598",
        "name": "Solntsehrad",
        "category": "settlement",
        "dataset": "kislev",
        "in_gazetteer": false,
        "type": null,
        "region": "Kislev",
        "province": null,
        "estate": null,
        "population": 139,
        "population_estimated": true,
        "size_category": 1,
        "trade": null,
        "source": null,
        "tags": [],
        "notes": [],
        "history": {
          "province_2512": null,
          "province_2276": null,
          "ruler_2515": null,
          "ruler_2512": null,
          "ruler_2276": null
        },
        "wiki": {
          "title": null,
          "url": null,
          "description": null,
          "image": null
        },
        "svg_layer": "Kislev"
      }
    },
    {
      "type": "Feature",
      "id": "copy_text_13599",
      "geometry": {
        "type": "Point",
        "coordinates": [
          9.669636,
          55.421563
        ]
      },
      "properties": {
        "id": "copy_text_13599",
        "name": "Torovytsia",
        "category": "settlement",
        "dataset": "kislev",
        "in_gazetteer": false,
        "type": null,
        "region": "Kislev",
        "province": null,
        "estate": null,
        "population": 72,
        "population_estimated": true,
        "size_category": 1,
        "trade": null,
        "source": null,
        "tags": [],
        "notes": [],
        "history": {
          "province_2512": null,
          "province_2276": null,
          "ruler_2515": null,
          "ruler_2512": null,
          "ruler_2276": null
        },
        "wiki": {
          "title": null,
          "url": null,
          "description": null,
          "image": null
        },
        "svg_layer": "Kislev"
      }
    },
    {
      "type": "Feature",
      "id": "copy_text_13600",
      "geometry": {
        "type": "Point",
        "coordinates": [
          9.140261,
          54.955476
        ]
      },
      "properties": {
        "id": "copy_text_13600",
        "name": "Ursyniv",
        "category": "settlement",
        "dataset": "kislev",
        "in_gazetteer": false,
        "type": null,
        "region": "Kislev",
        "province": null,
        "estate": null,
        "population": 218,
        "population_estimated": true,
        "size_category": 1,
        "trade": null,
        "source": null,
        "tags": [],
        "notes": [],
        "history": {
          "province_2512": null,
          "province_2276": null,
          "ruler_2515": null,
          "ruler_2512": null,
          "ruler_2276": null
        },
        "wiki": {
          "title": null,
          "url": null,
          "description": null,
          "image": null
        },
        "svg_layer": "Kislev"
      }
    },
    {
      "type": "Feature",
      "id": "copy_text_13601",
      "geometry": {
        "type": "Point",
        "coordinates": [
          12.223227,
          55.386455
        ]
      },
      "properties": {
        "id": "copy_text_13601",
        "name": "Ropivka",
        "category": "settlement",
        "dataset": "kislev",
        "in_gazetteer": false,
        "type": null,
        "region": "Kislev",
        "province": null,
        "estate": null,
        "population": 103,
        "population_estimated": true,
        "size_category": 1,
        "trade": null,
        "source": null,
        "tags": [],
        "notes": [],
        "history": {
          "province_2512": null,
          "province_2276": null,
          "ruler_2515": null,
          "ruler_2512": null,
          "ruler_2276": null
        },
        "wiki": {
          "title": null,
          "url": null,
          "description": null,
          "image": null
        },
        "svg_layer": "Kislev"
      }
    },
    {
      "type": "Feature",
      "id": "copy_text_13602",
      "geometry": {
        "type": "Point",
        "coordinates": [
          11.420406,
          55.541671
        ]
      },
      "properties": {
        "id": "copy_text_13602",
        "name": "Dibrova",
        "category": "settlement",
        "dataset": "kislev",
        "in_gazetteer": false,
        "type": null,
        "region": "Kislev",
        "province": null,
        "estate": null,
        "population": 168,
        "population_estimated": true,
        "size_category": 1,
        "trade": null,
        "source": null,
        "tags": [],
        "notes": [],
        "history": {
          "province_2512": null,
          "province_2276": null,
          "ruler_2515": null,
          "ruler_2512": null,
          "ruler_2276": null
        },
        "wiki": {
          "title": null,
          "url": null,
          "description": null,
          "image": null
        },
        "svg_layer": "Kislev"
      }
    },
    {
      "type": "Feature",
      "id": "copy_text_13603",
      "geometry": {
        "type": "Point",
        "coordinates": [
          11.115199,
          55.591663
        ]
      },
      "properties": {
        "id": "copy_text_13603",
        "name": "Poltorya",
        "category": "settlement",
        "dataset": "kislev",
        "in_gazetteer": false,
        "type": null,
        "region": "Kislev",
        "province": null,
        "estate": null,
        "population": 283,
        "population_estimated": true,
        "size_category": 1,
        "trade": null,
        "source": null,
        "tags": [],
        "notes": [],
        "history": {
          "province_2512": null,
          "province_2276": null,
          "ruler_2515": null,
          "ruler_2512": null,
          "ruler_2276": null
        },
        "wiki": {
          "title": null,
          "url": null,
          "description": null,
          "image": null
        },
        "svg_layer": "Kislev"
      }
    },
    {
      "type": "Feature",
      "id": "copy_text_13604",
      "geometry": {
        "type": "Point",
        "coordinates": [
          11.424101,
          55.210353
        ]
      },
      "properties": {
        "id": "copy_text_13604",
        "name": "Medya",
        "category": "settlement",
        "dataset": "kislev",
        "in_gazetteer": false,
        "type": null,
        "region": "Kislev",
        "province": null,
        "estate": null,
        "population": 125,
        "population_estimated": true,
        "size_category": 1,
        "trade": null,
        "source": null,
        "tags": [],
        "notes": [],
        "history": {
          "province_2512": null,
          "province_2276": null,
          "ruler_2515": null,
          "ruler_2512": null,
          "ruler_2276": null
        },
        "wiki": {
          "title": null,
          "url": null,
          "description": null,
          "image": null
        },
        "svg_layer": "Kislev"
      }
    },
    {
      "type": "Feature",
      "id": "copy_text_13605",
      "geometry": {
        "type": "Point",
        "coordinates": [
          11.41763,
          55.789175
        ]
      },
      "properties": {
        "id": "copy_text_13605",
        "name": "Zoryany",
        "category": "settlement",
        "dataset": "kislev",
        "in_gazetteer": false,
        "type": null,
        "region": "Kislev",
        "province": null,
        "estate": null,
        "population": 129,
        "population_estimated": true,
        "size_category": 1,
        "trade": null,
        "source": null,
        "tags": [],
        "notes": [],
        "history": {
          "province_2512": null,
          "province_2276": null,
          "ruler_2515": null,
          "ruler_2512": null,
          "ruler_2276": null
        },
        "wiki": {
          "title": null,
          "url": null,
          "description": null,
          "image": null
        },
        "svg_layer": "Kislev"
      }
    },
    {
      "type": "Feature",
      "id": "copy_text_13606",
      "geometry": {
        "type": "Point",
        "coordinates": [
          11.825137,
          54.740419
        ]
      },
      "properties": {
        "id": "copy_text_13606",
        "name": "Lysychansk",
        "category": "settlement",
        "dataset": "kislev",
        "in_gazetteer": false,
        "type": null,
        "region": "Kislev",
        "province": null,
        "estate": null,
        "population": 91,
        "population_estimated": true,
        "size_category": 1,
        "trade": null,
        "source": null,
        "tags": [],
        "notes": [],
        "history": {
          "province_2512": null,
          "province_2276": null,
          "ruler_2515": null,
          "ruler_2512": null,
          "ruler_2276": null
        },
        "wiki": {
          "title": null,
          "url": null,
          "description": null,
          "image": null
        },
        "svg_layer": "Kislev"
      }
    },
    {
      "type": "Feature",
      "id": "copy_text_13607",
      "geometry": {
        "type": "Point",
        "coordinates": [
          9.265987,
          55.05121
        ]
      },
      "properties": {
        "id": "copy_text_13607",
        "name": "Borshchiv",
        "category": "settlement",
        "dataset": "kislev",
        "in_gazetteer": false,
        "type": null,
        "region": "Kislev",
        "province": null,
        "estate": null,
        "population": 254,
        "population_estimated": true,
        "size_category": 1,
        "trade": null,
        "source": null,
        "tags": [],
        "notes": [],
        "history": {
          "province_2512": null,
          "province_2276": null,
          "ruler_2515": null,
          "ruler_2512": null,
          "ruler_2276": null
        },
        "wiki": {
          "title": null,
          "url": null,
          "description": null,
          "image": null
        },
        "svg_layer": "Kislev"
      }
    },
    {
      "type": "Feature",
      "id": "copy_text_13608",
      "geometry": {
        "type": "Point",
        "coordinates": [
          8.867112,
          54.882408
        ]
      },
      "properties": {
        "id": "copy_text_13608",
        "name": "Krasnoluh",
        "category": "settlement",
        "dataset": "kislev",
        "in_gazetteer": false,
        "type": null,
        "region": "Kislev",
        "province": null,
        "estate": null,
        "population": 116,
        "population_estimated": true,
        "size_category": 1,
        "trade": null,
        "source": null,
        "tags": [],
        "notes": [],
        "history": {
          "province_2512": null,
          "province_2276": null,
          "ruler_2515": null,
          "ruler_2512": null,
          "ruler_2276": null
        },
        "wiki": {
          "title": null,
          "url": null,
          "description": null,
          "image": null
        },
        "svg_layer": "Kislev"
      }
    },
    {
      "type": "Feature",
      "id": "copy_text_13609",
      "geometry": {
        "type": "Point",
        "coordinates": [
          8.230685,
          54.763551
        ]
      },
      "properties": {
        "id": "copy_text_13609",
        "name": "Horodenka",
        "category": "settlement",
        "dataset": "kislev",
        "in_gazetteer": false,
        "type": null,
        "region": "Kislev",
        "province": null,
        "estate": null,
        "population": 271,
        "population_estimated": true,
        "size_category": 1,
        "trade": null,
        "source": null,
        "tags": [],
        "notes": [],
        "history": {
          "province_2512": null,
          "province_2276": null,
          "ruler_2515": null,
          "ruler_2512": null,
          "ruler_2276": null
        },
        "wiki": {
          "title": null,
          "url": null,
          "description": null,
          "image": null
        },
        "svg_layer": "Kislev"
      }
    },
    {
      "type": "Feature",
      "id": "copy_text_13610",
      "geometry": {
        "type": "Point",
        "coordinates": [
          8.169833,
          54.688762
        ]
      },
      "properties": {
        "id": "copy_text_13610",
        "name": "Vovchansk",
        "category": "settlement",
        "dataset": "kislev",
        "in_gazetteer": false,
        "type": null,
        "region": "Kislev",
        "province": null,
        "estate": null,
        "population": 120,
        "population_estimated": true,
        "size_category": 1,
        "trade": null,
        "source": null,
        "tags": [],
        "notes": [],
        "history": {
          "province_2512": null,
          "province_2276": null,
          "ruler_2515": null,
          "ruler_2512": null,
          "ruler_2276": null
        },
        "wiki": {
          "title": null,
          "url": null,
          "description": null,
          "image": null
        },
        "svg_layer": "Kislev"
      }
    },
    {
      "type": "Feature",
      "id": "copy_text_13611",
      "geometry": {
        "type": "Point",
        "coordinates": [
          8.540792,
          54.90161
        ]
      },
      "properties": {
        "id": "copy_text_13611",
        "name": "Slobidka",
        "category": "settlement",
        "dataset": "kislev",
        "in_gazetteer": false,
        "type": null,
        "region": "Kislev",
        "province": null,
        "estate": null,
        "population": 97,
        "population_estimated": true,
        "size_category": 1,
        "trade": null,
        "source": null,
        "tags": [],
        "notes": [],
        "history": {
          "province_2512": null,
          "province_2276": null,
          "ruler_2515": null,
          "ruler_2512": null,
          "ruler_2276": null
        },
        "wiki": {
          "title": null,
          "url": null,
          "description": null,
          "image": null
        },
        "svg_layer": "Kislev"
      }
    },
    {
      "type": "Feature",
      "id": "copy_text_13612",
      "geometry": {
        "type": "Point",
        "coordinates": [
          8.385719,
          55.290206
        ]
      },
      "properties": {
        "id": "copy_text_13612",
        "name": "Dazhpolya",
        "category": "settlement",
        "dataset": "kislev",
        "in_gazetteer": false,
        "type": null,
        "region": "Kislev",
        "province": null,
        "estate": null,
        "population": 147,
        "population_estimated": true,
        "size_category": 1,
        "trade": null,
        "source": null,
        "tags": [],
        "notes": [],
        "history": {
          "province_2512": null,
          "province_2276": null,
          "ruler_2515": null,
          "ruler_2512": null,
          "ruler_2276": null
        },
        "wiki": {
          "title": null,
          "url": null,
          "description": null,
          "image": null
        },
        "svg_layer": "Kislev"
      }
    },
    {
      "type": "Feature",
      "id": "copy_text_13613",
      "geometry": {
        "type": "Point",
        "coordinates": [
          8.363169,
          55.071167
        ]
      },
      "properties": {
        "id": "copy_text_13613",
        "name": "Berehove",
        "category": "settlement",
        "dataset": "kislev",
        "in_gazetteer": false,
        "type": null,
        "region": "Kislev",
        "province": null,
        "estate": null,
        "population": 207,
        "population_estimated": true,
        "size_category": 1,
        "trade": null,
        "source": null,
        "tags": [],
        "notes": [],
        "history": {
          "province_2512": null,
          "province_2276": null,
          "ruler_2515": null,
          "ruler_2512": null,
          "ruler_2276": null
        },
        "wiki": {
          "title": null,
          "url": null,
          "description": null,
          "image": null
        },
        "svg_layer": "Kislev"
      }
    },
    {
      "type": "Feature",
      "id": "copy_text_13614",
      "geometry": {
        "type": "Point",
        "coordinates": [
          8.310462,
          55.270137
        ]
      },
      "properties": {
        "id": "copy_text_13614",
        "name": "Kropyvne",
        "category": "settlement",
        "dataset": "kislev",
        "in_gazetteer": false,
        "type": null,
        "region": "Kislev",
        "province": null,
        "estate": null,
        "population": 110,
        "population_estimated": true,
        "size_category": 1,
        "trade": null,
        "source": null,
        "tags": [],
        "notes": [],
        "history": {
          "province_2512": null,
          "province_2276": null,
          "ruler_2515": null,
          "ruler_2512": null,
          "ruler_2276": null
        },
        "wiki": {
          "title": null,
          "url": null,
          "description": null,
          "image": null
        },
        "svg_layer": "Kislev"
      }
    },
    {
      "type": "Feature",
      "id": "copy_text_13615",
      "geometry": {
        "type": "Point",
        "coordinates": [
          9.207412,
          55.025762
        ]
      },
      "properties": {
        "id": "copy_text_13615",
        "name": "Nadirska",
        "category": "settlement",
        "dataset": "kislev",
        "in_gazetteer": false,
        "type": null,
        "region": "Kislev",
        "province": null,
        "estate": null,
        "population": 195,
        "population_estimated": true,
        "size_category": 1,
        "trade": null,
        "source": null,
        "tags": [],
        "notes": [],
        "history": {
          "province_2512": null,
          "province_2276": null,
          "ruler_2515": null,
          "ruler_2512": null,
          "ruler_2276": null
        },
        "wiki": {
          "title": null,
          "url": null,
          "description": null,
          "image": null
        },
        "svg_layer": "Kislev"
      }
    },
    {
      "type": "Feature",
      "id": "copy_text_13616",
      "geometry": {
        "type": "Point",
        "coordinates": [
          10.942676,
          55.258565
        ]
      },
      "properties": {
        "id": "copy_text_13616",
        "name": "Ursivka",
        "category": "settlement",
        "dataset": "kislev",
        "in_gazetteer": false,
        "type": null,
        "region": "Kislev",
        "province": null,
        "estate": null,
        "population": 782,
        "population_estimated": true,
        "size_category": 2,
        "trade": null,
        "source": null,
        "tags": [],
        "notes": [],
        "history": {
          "province_2512": null,
          "province_2276": null,
          "ruler_2515": null,
          "ruler_2512": null,
          "ruler_2276": null
        },
        "wiki": {
          "title": null,
          "url": null,
          "description": null,
          "image": null
        },
        "svg_layer": "Kislev"
      }
    },
    {
      "type": "Feature",
      "id": "copy_text_13617",
      "geometry": {
        "type": "Point",
        "coordinates": [
          10.474649,
          55.147903
        ]
      },
      "properties": {
        "id": "copy_text_13617",
        "name": "Stepova",
        "category": "settlement",
        "dataset": "kislev",
        "in_gazetteer": false,
        "type": null,
        "region": "Kislev",
        "province": null,
        "estate": null,
        "population": 114,
        "population_estimated": true,
        "size_category": 1,
        "trade": null,
        "source": null,
        "tags": [],
        "notes": [],
        "history": {
          "province_2512": null,
          "province_2276": null,
          "ruler_2515": null,
          "ruler_2512": null,
          "ruler_2276": null
        },
        "wiki": {
          "title": null,
          "url": null,
          "description": null,
          "image": null
        },
        "svg_layer": "Kislev"
      }
    },
    {
      "type": "Feature",
      "id": "copy_text_13618",
      "geometry": {
        "type": "Point",
        "coordinates": [
          10.483492,
          55.267485
        ]
      },
      "properties": {
        "id": "copy_text_13618",
        "name": "Hromivka",
        "category": "settlement",
        "dataset": "kislev",
        "in_gazetteer": false,
        "type": null,
        "region": "Kislev",
        "province": null,
        "estate": null,
        "population": 146,
        "population_estimated": true,
        "size_category": 1,
        "trade": null,
        "source": null,
        "tags": [],
        "notes": [],
        "history": {
          "province_2512": null,
          "province_2276": null,
          "ruler_2515": null,
          "ruler_2512": null,
          "ruler_2276": null
        },
        "wiki": {
          "title": null,
          "url": null,
          "description": null,
          "image": null
        },
        "svg_layer": "Kislev"
      }
    },
    {
      "type": "Feature",
      "id": "copy_text_13619",
      "geometry": {
        "type": "Point",
        "coordinates": [
          10.442722,
          53.993064
        ]
      },
      "properties": {
        "id": "copy_text_13619",
        "name": "Velykyi Bor",
        "category": "settlement",
        "dataset": "kislev",
        "in_gazetteer": false,
        "type": null,
        "region": "Kislev",
        "province": null,
        "estate": null,
        "population": 150,
        "population_estimated": true,
        "size_category": 1,
        "trade": null,
        "source": null,
        "tags": [],
        "notes": [],
        "history": {
          "province_2512": null,
          "province_2276": null,
          "ruler_2515": null,
          "ruler_2512": null,
          "ruler_2276": null
        },
        "wiki": {
          "title": null,
          "url": null,
          "description": null,
          "image": null
        },
        "svg_layer": "Kislev"
      }
    },
    {
      "type": "Feature",
      "id": "copy_text_13620",
      "geometry": {
        "type": "Point",
        "coordinates": [
          9.224941,
          54.051444
        ]
      },
      "properties": {
        "id": "copy_text_13620",
        "name": "Malyi Luh",
        "category": "settlement",
        "dataset": "kislev",
        "in_gazetteer": false,
        "type": null,
        "region": "Kislev",
        "province": null,
        "estate": null,
        "population": 160,
        "population_estimated": true,
        "size_category": 1,
        "trade": null,
        "source": null,
        "tags": [],
        "notes": [],
        "history": {
          "province_2512": null,
          "province_2276": null,
          "ruler_2515": null,
          "ruler_2512": null,
          "ruler_2276": null
        },
        "wiki": {
          "title": null,
          "url": null,
          "description": null,
          "image": null
        },
        "svg_layer": "Kislev"
      }
    },
    {
      "type": "Feature",
      "id": "copy_text_13621",
      "geometry": {
        "type": "Point",
        "coordinates": [
          9.578414,
          54.12077
        ]
      },
      "properties": {
        "id": "copy_text_13621",
        "name": "Zymohir",
        "category": "settlement",
        "dataset": "kislev",
        "in_gazetteer": false,
        "type": null,
        "region": "Kislev",
        "province": null,
        "estate": null,
        "population": 87,
        "population_estimated": true,
        "size_category": 1,
        "trade": null,
        "source": null,
        "tags": [],
        "notes": [],
        "history": {
          "province_2512": null,
          "province_2276": null,
          "ruler_2515": null,
          "ruler_2512": null,
          "ruler_2276": null
        },
        "wiki": {
          "title": null,
          "url": null,
          "description": null,
          "image": null
        },
        "svg_layer": "Kislev"
      }
    },
    {
      "type": "Feature",
      "id": "copy_text_13622",
      "geometry": {
        "type": "Point",
        "coordinates": [
          9.056184,
          53.885424
        ]
      },
      "properties": {
        "id": "copy_text_13622",
        "name": "Medvediv",
        "category": "settlement",
        "dataset": "kislev",
        "in_gazetteer": false,
        "type": null,
        "region": "Kislev",
        "province": null,
        "estate": null,
        "population": 171,
        "population_estimated": true,
        "size_category": 1,
        "trade": null,
        "source": null,
        "tags": [],
        "notes": [],
        "history": {
          "province_2512": null,
          "province_2276": null,
          "ruler_2515": null,
          "ruler_2512": null,
          "ruler_2276": null
        },
        "wiki": {
          "title": null,
          "url": null,
          "description": null,
          "image": null
        },
        "svg_layer": "Kislev"
      }
    },
    {
      "type": "Feature",
      "id": "copy_text_13623",
      "geometry": {
        "type": "Point",
        "coordinates": [
          9.053903,
          53.827045
        ]
      },
      "properties": {
        "id": "copy_text_13623",
        "name": "Bilovody",
        "category": "settlement",
        "dataset": "kislev",
        "in_gazetteer": false,
        "type": null,
        "region": "Kislev",
        "province": null,
        "estate": null,
        "population": 281,
        "population_estimated": true,
        "size_category": 1,
        "trade": null,
        "source": null,
        "tags": [],
        "notes": [],
        "history": {
          "province_2512": null,
          "province_2276": null,
          "ruler_2515": null,
          "ruler_2512": null,
          "ruler_2276": null
        },
        "wiki": {
          "title": null,
          "url": null,
          "description": null,
          "image": null
        },
        "svg_layer": "Kislev"
      }
    },
    {
      "type": "Feature",
      "id": "copy_text_13624",
      "geometry": {
        "type": "Point",
        "coordinates": [
          10.264841,
          53.907317
        ]
      },
      "properties": {
        "id": "copy_text_13624",
        "name": "Chervograd",
        "category": "settlement",
        "dataset": "kislev",
        "in_gazetteer": false,
        "type": null,
        "region": "Kislev",
        "province": null,
        "estate": null,
        "population": 158,
        "population_estimated": true,
        "size_category": 1,
        "trade": null,
        "source": null,
        "tags": [],
        "notes": [],
        "history": {
          "province_2512": null,
          "province_2276": null,
          "ruler_2515": null,
          "ruler_2512": null,
          "ruler_2276": null
        },
        "wiki": {
          "title": null,
          "url": null,
          "description": null,
          "image": null
        },
        "svg_layer": "Kislev"
      }
    },
    {
      "type": "Feature",
      "id": "copy_text_13625",
      "geometry": {
        "type": "Point",
        "coordinates": [
          12.690755,
          54.419234
        ]
      },
      "properties": {
        "id": "copy_text_13625",
        "name": "Prybernya",
        "category": "settlement",
        "dataset": "kislev",
        "in_gazetteer": false,
        "type": null,
        "region": "Kislev",
        "province": null,
        "estate": null,
        "population": 244,
        "population_estimated": true,
        "size_category": 1,
        "trade": null,
        "source": null,
        "tags": [],
        "notes": [],
        "history": {
          "province_2512": null,
          "province_2276": null,
          "ruler_2515": null,
          "ruler_2512": null,
          "ruler_2276": null
        },
        "wiki": {
          "title": null,
          "url": null,
          "description": null,
          "image": null
        },
        "svg_layer": "Kislev"
      }
    },
    {
      "type": "Feature",
      "id": "copy_text_13626",
      "geometry": {
        "type": "Point",
        "coordinates": [
          12.575786,
          54.975876
        ]
      },
      "properties": {
        "id": "copy_text_13626",
        "name": "Ursunivka",
        "category": "settlement",
        "dataset": "kislev",
        "in_gazetteer": false,
        "type": null,
        "region": "Kislev",
        "province": null,
        "estate": null,
        "population": 134,
        "population_estimated": true,
        "size_category": 1,
        "trade": null,
        "source": null,
        "tags": [],
        "notes": [],
        "history": {
          "province_2512": null,
          "province_2276": null,
          "ruler_2515": null,
          "ruler_2512": null,
          "ruler_2276": null
        },
        "wiki": {
          "title": null,
          "url": null,
          "description": null,
          "image": null
        },
        "svg_layer": "Kislev"
      }
    },
    {
      "type": "Feature",
      "id": "copy_text_13627",
      "geometry": {
        "type": "Point",
        "coordinates": [
          9.920097,
          55.408368
        ]
      },
      "properties": {
        "id": "copy_text_13627",
        "name": "Veselivka",
        "category": "settlement",
        "dataset": "kislev",
        "in_gazetteer": false,
        "type": null,
        "region": "Kislev",
        "province": null,
        "estate": null,
        "population": 135,
        "population_estimated": true,
        "size_category": 1,
        "trade": null,
        "source": null,
        "tags": [],
        "notes": [],
        "history": {
          "province_2512": null,
          "province_2276": null,
          "ruler_2515": null,
          "ruler_2512": null,
          "ruler_2276": null
        },
        "wiki": {
          "title": null,
          "url": null,
          "description": null,
          "image": null
        },
        "svg_layer": "Kislev"
      }
    },
    {
      "type": "Feature",
      "id": "copy_text_13628",
      "geometry": {
        "type": "Point",
        "coordinates": [
          10.398722,
          55.208844
        ]
      },
      "properties": {
        "id": "copy_text_13628",
        "name": "Zlatohor",
        "category": "settlement",
        "dataset": "kislev",
        "in_gazetteer": false,
        "type": null,
        "region": "Kislev",
        "province": null,
        "estate": null,
        "population": 76,
        "population_estimated": true,
        "size_category": 1,
        "trade": null,
        "source": null,
        "tags": [],
        "notes": [],
        "history": {
          "province_2512": null,
          "province_2276": null,
          "ruler_2515": null,
          "ruler_2512": null,
          "ruler_2276": null
        },
        "wiki": {
          "title": null,
          "url": null,
          "description": null,
          "image": null
        },
        "svg_layer": "Kislev"
      }
    },
    {
      "type": "Feature",
      "id": "copy_text_13629",
      "geometry": {
        "type": "Point",
        "coordinates": [
          8.926365,
          55.213445
        ]
      },
      "properties": {
        "id": "copy_text_13629",
        "name": "Kalinivka",
        "category": "settlement",
        "dataset": "kislev",
        "in_gazetteer": false,
        "type": null,
        "region": "Kislev",
        "province": null,
        "estate": null,
        "population": 182,
        "population_estimated": true,
        "size_category": 1,
        "trade": null,
        "source": null,
        "tags": [],
        "notes": [],
        "history": {
          "province_2512": null,
          "province_2276": null,
          "ruler_2515": null,
          "ruler_2512": null,
          "ruler_2276": null
        },
        "wiki": {
          "title": null,
          "url": null,
          "description": null,
          "image": null
        },
        "svg_layer": "Kislev"
      }
    },
    {
      "type": "Feature",
      "id": "copy_text_13630",
      "geometry": {
        "type": "Point",
        "coordinates": [
          9.354928,
          56.111181
        ]
      },
      "properties": {
        "id": "copy_text_13630",
        "name": "Torhrad",
        "category": "settlement",
        "dataset": "kislev",
        "in_gazetteer": false,
        "type": null,
        "region": "Kislev",
        "province": null,
        "estate": null,
        "population": 118,
        "population_estimated": true,
        "size_category": 1,
        "trade": null,
        "source": null,
        "tags": [],
        "notes": [],
        "history": {
          "province_2512": null,
          "province_2276": null,
          "ruler_2515": null,
          "ruler_2512": null,
          "ruler_2276": null
        },
        "wiki": {
          "title": null,
          "url": null,
          "description": null,
          "image": null
        },
        "svg_layer": "Kislev"
      }
    },
    {
      "type": "Feature",
      "id": "copy_text_13631",
      "geometry": {
        "type": "Point",
        "coordinates": [
          9.400538,
          54.87242
        ]
      },
      "properties": {
        "id": "copy_text_13631",
        "name": "Dazhychi",
        "category": "settlement",
        "dataset": "kislev",
        "in_gazetteer": false,
        "type": null,
        "region": "Kislev",
        "province": null,
        "estate": null,
        "population": 113,
        "population_estimated": true,
        "size_category": 1,
        "trade": null,
        "source": null,
        "tags": [],
        "notes": [],
        "history": {
          "province_2512": null,
          "province_2276": null,
          "ruler_2515": null,
          "ruler_2512": null,
          "ruler_2276": null
        },
        "wiki": {
          "title": null,
          "url": null,
          "description": null,
          "image": null
        },
        "svg_layer": "Kislev"
      }
    },
    {
      "type": "Feature",
      "id": "copy_text_13632",
      "geometry": {
        "type": "Point",
        "coordinates": [
          9.83155,
          54.848703
        ]
      },
      "properties": {
        "id": "copy_text_13632",
        "name": "Vedmezhe",
        "category": "settlement",
        "dataset": "kislev",
        "in_gazetteer": false,
        "type": null,
        "region": "Kislev",
        "province": null,
        "estate": null,
        "population": 286,
        "population_estimated": true,
        "size_category": 1,
        "trade": null,
        "source": null,
        "tags": [],
        "notes": [],
        "history": {
          "province_2512": null,
          "province_2276": null,
          "ruler_2515": null,
          "ruler_2512": null,
          "ruler_2276": null
        },
        "wiki": {
          "title": null,
          "url": null,
          "description": null,
          "image": null
        },
        "svg_layer": "Kislev"
      }
    },
    {
      "type": "Feature",
      "id": "copy_text_13633",
      "geometry": {
        "type": "Point",
        "coordinates": [
          8.460977,
          54.584166
        ]
      },
      "properties": {
        "id": "copy_text_13633",
        "name": "Zelenopil",
        "category": "settlement",
        "dataset": "kislev",
        "in_gazetteer": false,
        "type": null,
        "region": "Kislev",
        "province": null,
        "estate": null,
        "population": 556,
        "population_estimated": true,
        "size_category": 2,
        "trade": null,
        "source": null,
        "tags": [],
        "notes": [],
        "history": {
          "province_2512": null,
          "province_2276": null,
          "ruler_2515": null,
          "ruler_2512": null,
          "ruler_2276": null
        },
        "wiki": {
          "title": null,
          "url": null,
          "description": null,
          "image": null
        },
        "svg_layer": "Kislev"
      }
    },
    {
      "type": "Feature",
      "id": "copy_text_13634",
      "geometry": {
        "type": "Point",
        "coordinates": [
          8.263989,
          54.807045
        ]
      },
      "properties": {
        "id": "copy_text_13634",
        "name": "Horodysche",
        "category": "settlement",
        "dataset": "kislev",
        "in_gazetteer": false,
        "type": null,
        "region": "Kislev",
        "province": null,
        "estate": null,
        "population": 286,
        "population_estimated": true,
        "size_category": 1,
        "trade": null,
        "source": null,
        "tags": [],
        "notes": [],
        "history": {
          "province_2512": null,
          "province_2276": null,
          "ruler_2515": null,
          "ruler_2512": null,
          "ruler_2276": null
        },
        "wiki": {
          "title": null,
          "url": null,
          "description": null,
          "image": null
        },
        "svg_layer": "Kislev"
      }
    },
    {
      "type": "Feature",
      "id": "copy_text_13635",
      "geometry": {
        "type": "Point",
        "coordinates": [
          12.257988,
          53.909141
        ]
      },
      "properties": {
        "id": "copy_text_13635",
        "name": "Solodke",
        "category": "settlement",
        "dataset": "kislev",
        "in_gazetteer": false,
        "type": null,
        "region": "Kislev",
        "province": null,
        "estate": null,
        "population": 177,
        "population_estimated": true,
        "size_category": 1,
        "trade": null,
        "source": null,
        "tags": [],
        "notes": [],
        "history": {
          "province_2512": null,
          "province_2276": null,
          "ruler_2515": null,
          "ruler_2512": null,
          "ruler_2276": null
        },
        "wiki": {
          "title": null,
          "url": null,
          "description": null,
          "image": null
        },
        "svg_layer": "Kislev"
      }
    },
    {
      "type": "Feature",
      "id": "copy_text_13636",
      "geometry": {
        "type": "Point",
        "coordinates": [
          12.451831,
          53.845287
        ]
      },
      "properties": {
        "id": "copy_text_13636",
        "name": "Medunytsia",
        "category": "settlement",
        "dataset": "kislev",
        "in_gazetteer": false,
        "type": null,
        "region": "Kislev",
        "province": null,
        "estate": null,
        "population": 214,
        "population_estimated": true,
        "size_category": 1,
        "trade": null,
        "source": null,
        "tags": [],
        "notes": [],
        "history": {
          "province_2512": null,
          "province_2276": null,
          "ruler_2515": null,
          "ruler_2512": null,
          "ruler_2276": null
        },
        "wiki": {
          "title": null,
          "url": null,
          "description": null,
          "image": null
        },
        "svg_layer": "Kislev"
      }
    },
    {
      "type": "Feature",
      "id": "copy_text_13637",
      "geometry": {
        "type": "Point",
        "coordinates": [
          12.584098,
          53.774136
        ]
      },
      "properties": {
        "id": "copy_text_13637",
        "name": "Krasnodar",
        "category": "settlement",
        "dataset": "kislev",
        "in_gazetteer": false,
        "type": null,
        "region": "Kislev",
        "province": null,
        "estate": null,
        "population": 110,
        "population_estimated": true,
        "size_category": 1,
        "trade": null,
        "source": null,
        "tags": [],
        "notes": [],
        "history": {
          "province_2512": null,
          "province_2276": null,
          "ruler_2515": null,
          "ruler_2512": null,
          "ruler_2276": null
        },
        "wiki": {
          "title": null,
          "url": null,
          "description": null,
          "image": null
        },
        "svg_layer": "Kislev"
      }
    },
    {
      "type": "Feature",
      "id": "copy_text_13638",
      "geometry": {
        "type": "Point",
        "coordinates": [
          12.346928,
          53.812449
        ]
      },
      "properties": {
        "id": "copy_text_13638",
        "name": "Zymivnyk",
        "category": "settlement",
        "dataset": "kislev",
        "in_gazetteer": false,
        "type": null,
        "region": "Kislev",
        "province": null,
        "estate": null,
        "population": 782,
        "population_estimated": true,
        "size_category": 2,
        "trade": null,
        "source": null,
        "tags": [],
        "notes": [],
        "history": {
          "province_2512": null,
          "province_2276": null,
          "ruler_2515": null,
          "ruler_2512": null,
          "ruler_2276": null
        },
        "wiki": {
          "title": null,
          "url": null,
          "description": null,
          "image": null
        },
        "svg_layer": "Kislev"
      }
    },
    {
      "type": "Feature",
      "id": "copy_text_13639",
      "geometry": {
        "type": "Point",
        "coordinates": [
          12.844073,
          53.589872
        ]
      },
      "properties": {
        "id": "copy_text_13639",
        "name": "Stepanivka",
        "category": "settlement",
        "dataset": "kislev",
        "in_gazetteer": false,
        "type": null,
        "region": "Kislev",
        "province": null,
        "estate": null,
        "population": 100,
        "population_estimated": true,
        "size_category": 1,
        "trade": null,
        "source": null,
        "tags": [],
        "notes": [],
        "history": {
          "province_2512": null,
          "province_2276": null,
          "ruler_2515": null,
          "ruler_2512": null,
          "ruler_2276": null
        },
        "wiki": {
          "title": null,
          "url": null,
          "description": null,
          "image": null
        },
        "svg_layer": "Kislev"
      }
    },
    {
      "type": "Feature",
      "id": "copy_text_13640",
      "geometry": {
        "type": "Point",
        "coordinates": [
          12.739171,
          53.546088
        ]
      },
      "properties": {
        "id": "copy_text_13640",
        "name": "Bilokryn",
        "category": "settlement",
        "dataset": "kislev",
        "in_gazetteer": false,
        "type": null,
        "region": "Kislev",
        "province": null,
        "estate": null,
        "population": 129,
        "population_estimated": true,
        "size_category": 1,
        "trade": null,
        "source": null,
        "tags": [],
        "notes": [],
        "history": {
          "province_2512": null,
          "province_2276": null,
          "ruler_2515": null,
          "ruler_2512": null,
          "ruler_2276": null
        },
        "wiki": {
          "title": null,
          "url": null,
          "description": null,
          "image": null
        },
        "svg_layer": "Kislev"
      }
    },
    {
      "type": "Feature",
      "id": "copy_text_13641",
      "geometry": {
        "type": "Point",
        "coordinates": [
          8.704424,
          55.143564
        ]
      },
      "properties": {
        "id": "copy_text_13641",
        "name": "Chornoluh",
        "category": "settlement",
        "dataset": "kislev",
        "in_gazetteer": false,
        "type": null,
        "region": "Kislev",
        "province": null,
        "estate": null,
        "population": 96,
        "population_estimated": true,
        "size_category": 1,
        "trade": null,
        "source": null,
        "tags": [],
        "notes": [],
        "history": {
          "province_2512": null,
          "province_2276": null,
          "ruler_2515": null,
          "ruler_2512": null,
          "ruler_2276": null
        },
        "wiki": {
          "title": null,
          "url": null,
          "description": null,
          "image": null
        },
        "svg_layer": "Kislev"
      }
    },
    {
      "type": "Feature",
      "id": "copy_text_13642",
      "geometry": {
        "type": "Point",
        "coordinates": [
          9.220695,
          55.609473
        ]
      },
      "properties": {
        "id": "copy_text_13642",
        "name": "Vovnyev",
        "category": "settlement",
        "dataset": "kislev",
        "in_gazetteer": false,
        "type": null,
        "region": "Kislev",
        "province": null,
        "estate": null,
        "population": 304,
        "population_estimated": true,
        "size_category": 2,
        "trade": null,
        "source": null,
        "tags": [],
        "notes": [],
        "history": {
          "province_2512": null,
          "province_2276": null,
          "ruler_2515": null,
          "ruler_2512": null,
          "ruler_2276": null
        },
        "wiki": {
          "title": null,
          "url": null,
          "description": null,
          "image": null
        },
        "svg_layer": "Kislev"
      }
    },
    {
      "type": "Feature",
      "id": "copy_text_13643",
      "geometry": {
        "type": "Point",
        "coordinates": [
          9.897684,
          55.551093
        ]
      },
      "properties": {
        "id": "copy_text_13643",
        "name": "Medvezhyn",
        "category": "settlement",
        "dataset": "kislev",
        "in_gazetteer": false,
        "type": null,
        "region": "Kislev",
        "province": null,
        "estate": null,
        "population": 171,
        "population_estimated": true,
        "size_category": 1,
        "trade": null,
        "source": null,
        "tags": [],
        "notes": [],
        "history": {
          "province_2512": null,
          "province_2276": null,
          "ruler_2515": null,
          "ruler_2512": null,
          "ruler_2276": null
        },
        "wiki": {
          "title": null,
          "url": null,
          "description": null,
          "image": null
        },
        "svg_layer": "Kislev"
      }
    },
    {
      "type": "Feature",
      "id": "copy_text_13644",
      "geometry": {
        "type": "Point",
        "coordinates": [
          10.675331,
          54.916206
        ]
      },
      "properties": {
        "id": "copy_text_13644",
        "name": "Kamyanytsia",
        "category": "settlement",
        "dataset": "kislev",
        "in_gazetteer": false,
        "type": null,
        "region": "Kislev",
        "province": null,
        "estate": null,
        "population": 72,
        "population_estimated": true,
        "size_category": 1,
        "trade": null,
        "source": null,
        "tags": [],
        "notes": [],
        "history": {
          "province_2512": null,
          "province_2276": null,
          "ruler_2515": null,
          "ruler_2512": null,
          "ruler_2276": null
        },
        "wiki": {
          "title": null,
          "url": null,
          "description": null,
          "image": null
        },
        "svg_layer": "Kislev"
      }
    },
    {
      "type": "Feature",
      "id": "copy_text_13645",
      "geometry": {
        "type": "Point",
        "coordinates": [
          10.267123,
          55.366829
        ]
      },
      "properties": {
        "id": "copy_text_13645",
        "name": "Zlatopol",
        "category": "settlement",
        "dataset": "kislev",
        "in_gazetteer": false,
        "type": null,
        "region": "Kislev",
        "province": null,
        "estate": null,
        "population": 192,
        "population_estimated": true,
        "size_category": 1,
        "trade": null,
        "source": null,
        "tags": [],
        "notes": [],
        "history": {
          "province_2512": null,
          "province_2276": null,
          "ruler_2515": null,
          "ruler_2512": null,
          "ruler_2276": null
        },
        "wiki": {
          "title": null,
          "url": null,
          "description": null,
          "image": null
        },
        "svg_layer": "Kislev"
      }
    },
    {
      "type": "Feature",
      "id": "copy_text_13646",
      "geometry": {
        "type": "Point",
        "coordinates": [
          11.081214,
          55.447652
        ]
      },
      "properties": {
        "id": "copy_text_13646",
        "name": "Velyka Dolyna",
        "category": "settlement",
        "dataset": "kislev",
        "in_gazetteer": false,
        "type": null,
        "region": "Kislev",
        "province": null,
        "estate": null,
        "population": 97,
        "population_estimated": true,
        "size_category": 1,
        "trade": null,
        "source": null,
        "tags": [],
        "notes": [],
        "history": {
          "province_2512": null,
          "province_2276": null,
          "ruler_2515": null,
          "ruler_2512": null,
          "ruler_2276": null
        },
        "wiki": {
          "title": null,
          "url": null,
          "description": null,
          "image": null
        },
        "svg_layer": "Kislev"
      }
    },
    {
      "type": "Feature",
      "id": "copy_text_13647",
      "geometry": {
        "type": "Point",
        "coordinates": [
          9.500325,
          55.154242
        ]
      },
      "properties": {
        "id": "copy_text_13647",
        "name": "Malrika",
        "category": "settlement",
        "dataset": "kislev",
        "in_gazetteer": false,
        "type": null,
        "region": "Kislev",
        "province": null,
        "estate": null,
        "population": 126,
        "population_estimated": true,
        "size_category": 1,
        "trade": null,
        "source": null,
        "tags": [],
        "notes": [],
        "history": {
          "province_2512": null,
          "province_2276": null,
          "ruler_2515": null,
          "ruler_2512": null,
          "ruler_2276": null
        },
        "wiki": {
          "title": null,
          "url": null,
          "description": null,
          "image": null
        },
        "svg_layer": "Kislev"
      }
    },
    {
      "type": "Feature",
      "id": "copy_text_13648",
      "geometry": {
        "type": "Point",
        "coordinates": [
          11.310122,
          54.21309
        ]
      },
      "properties": {
        "id": "copy_text_13648",
        "name": "Vedmezivka",
        "category": "settlement",
        "dataset": "kislev",
        "in_gazetteer": false,
        "type": null,
        "region": "Kislev",
        "province": null,
        "estate": null,
        "population": 180,
        "population_estimated": true,
        "size_category": 1,
        "trade": null,
        "source": null,
        "tags": [],
        "notes": [],
        "history": {
          "province_2512": null,
          "province_2276": null,
          "ruler_2515": null,
          "ruler_2512": null,
          "ruler_2276": null
        },
        "wiki": {
          "title": null,
          "url": null,
          "description": null,
          "image": null
        },
        "svg_layer": "Kislev"
      }
    },
    {
      "type": "Feature",
      "id": "copy_text_13649",
      "geometry": {
        "type": "Point",
        "coordinates": [
          11.097223,
          54.604234
        ]
      },
      "properties": {
        "id": "copy_text_13649",
        "name": "Stepohir",
        "category": "settlement",
        "dataset": "kislev",
        "in_gazetteer": false,
        "type": null,
        "region": "Kislev",
        "province": null,
        "estate": null,
        "population": 149,
        "population_estimated": true,
        "size_category": 1,
        "trade": null,
        "source": null,
        "tags": [],
        "notes": [],
        "history": {
          "province_2512": null,
          "province_2276": null,
          "ruler_2515": null,
          "ruler_2512": null,
          "ruler_2276": null
        },
        "wiki": {
          "title": null,
          "url": null,
          "description": null,
          "image": null
        },
        "svg_layer": "Kislev"
      }
    },
    {
      "type": "Feature",
      "id": "copy_text_13650",
      "geometry": {
        "type": "Point",
        "coordinates": [
          12.415346,
          54.031375
        ]
      },
      "properties": {
        "id": "copy_text_13650",
        "name": "Ungrad",
        "category": "settlement",
        "dataset": "kislev",
        "in_gazetteer": false,
        "type": null,
        "region": "Kislev",
        "province": null,
        "estate": null,
        "population": 274,
        "population_estimated": true,
        "size_category": 1,
        "trade": null,
        "source": null,
        "tags": [],
        "notes": [],
        "history": {
          "province_2512": null,
          "province_2276": null,
          "ruler_2515": null,
          "ruler_2512": null,
          "ruler_2276": null
        },
        "wiki": {
          "title": null,
          "url": null,
          "description": null,
          "image": null
        },
        "svg_layer": "Kislev"
      }
    },
    {
      "type": "Feature",
      "id": "copy_text_13651",
      "geometry": {
        "type": "Point",
        "coordinates": [
          12.125721,
          54.206516
        ]
      },
      "properties": {
        "id": "copy_text_13651",
        "name": "Zeleny Yar",
        "category": "settlement",
        "dataset": "kislev",
        "in_gazetteer": false,
        "type": null,
        "region": "Kislev",
        "province": null,
        "estate": null,
        "population": 80,
        "population_estimated": true,
        "size_category": 1,
        "trade": null,
        "source": null,
        "tags": [],
        "notes": [],
        "history": {
          "province_2512": null,
          "province_2276": null,
          "ruler_2515": null,
          "ruler_2512": null,
          "ruler_2276": null
        },
        "wiki": {
          "title": null,
          "url": null,
          "description": null,
          "image": null
        },
        "svg_layer": "Kislev"
      }
    },
    {
      "type": "Feature",
      "id": "copy_text_13652",
      "geometry": {
        "type": "Point",
        "coordinates": [
          7.948839,
          54.313735
        ]
      },
      "properties": {
        "id": "copy_text_13652",
        "name": "Bilozirka",
        "category": "settlement",
        "dataset": "kislev",
        "in_gazetteer": false,
        "type": null,
        "region": "Kislev",
        "province": null,
        "estate": null,
        "population": 148,
        "population_estimated": true,
        "size_category": 1,
        "trade": null,
        "source": null,
        "tags": [],
        "notes": [],
        "history": {
          "province_2512": null,
          "province_2276": null,
          "ruler_2515": null,
          "ruler_2512": null,
          "ruler_2276": null
        },
        "wiki": {
          "title": null,
          "url": null,
          "description": null,
          "image": null
        },
        "svg_layer": "Kislev"
      }
    },
    {
      "type": "Feature",
      "id": "copy_text_13653",
      "geometry": {
        "type": "Point",
        "coordinates": [
          7.904518,
          54.221721
        ]
      },
      "properties": {
        "id": "copy_text_13653",
        "name": "Chornytsia",
        "category": "settlement",
        "dataset": "kislev",
        "in_gazetteer": false,
        "type": null,
        "region": "Kislev",
        "province": null,
        "estate": null,
        "population": 124,
        "population_estimated": true,
        "size_category": 1,
        "trade": null,
        "source": null,
        "tags": [],
        "notes": [],
        "history": {
          "province_2512": null,
          "province_2276": null,
          "ruler_2515": null,
          "ruler_2512": null,
          "ruler_2276": null
        },
        "wiki": {
          "title": null,
          "url": null,
          "description": null,
          "image": null
        },
        "svg_layer": "Kislev"
      }
    },
    {
      "type": "Feature",
      "id": "copy_text_13654",
      "geometry": {
        "type": "Point",
        "coordinates": [
          8.384799,
          54.882519
        ]
      },
      "properties": {
        "id": "copy_text_13654",
        "name": "Bilovostok",
        "category": "settlement",
        "dataset": "kislev",
        "in_gazetteer": false,
        "type": null,
        "region": "Kislev",
        "province": null,
        "estate": null,
        "population": 91,
        "population_estimated": true,
        "size_category": 1,
        "trade": null,
        "source": null,
        "tags": [],
        "notes": [],
        "history": {
          "province_2512": null,
          "province_2276": null,
          "ruler_2515": null,
          "ruler_2512": null,
          "ruler_2276": null
        },
        "wiki": {
          "title": null,
          "url": null,
          "description": null,
          "image": null
        },
        "svg_layer": "Kislev"
      }
    },
    {
      "type": "Feature",
      "id": "copy_text_13655",
      "geometry": {
        "type": "Point",
        "coordinates": [
          7.218109,
          55.299328
        ]
      },
      "properties": {
        "id": "copy_text_13655",
        "name": "Zelenivka",
        "category": "settlement",
        "dataset": "kislev",
        "in_gazetteer": false,
        "type": null,
        "region": "Kislev",
        "province": null,
        "estate": null,
        "population": 229,
        "population_estimated": true,
        "size_category": 1,
        "trade": null,
        "source": null,
        "tags": [],
        "notes": [],
        "history": {
          "province_2512": null,
          "province_2276": null,
          "ruler_2515": null,
          "ruler_2512": null,
          "ruler_2276": null
        },
        "wiki": {
          "title": null,
          "url": null,
          "description": null,
          "image": null
        },
        "svg_layer": "Kislev"
      }
    },
    {
      "type": "Feature",
      "id": "copy_text_13656",
      "geometry": {
        "type": "Point",
        "coordinates": [
          8.23774,
          54.980815
        ]
      },
      "properties": {
        "id": "copy_text_13656",
        "name": "Kamyanka",
        "category": "settlement",
        "dataset": "kislev",
        "in_gazetteer": false,
        "type": null,
        "region": "Kislev",
        "province": null,
        "estate": null,
        "population": 228,
        "population_estimated": true,
        "size_category": 1,
        "trade": null,
        "source": null,
        "tags": [],
        "notes": [],
        "history": {
          "province_2512": null,
          "province_2276": null,
          "ruler_2515": null,
          "ruler_2512": null,
          "ruler_2276": null
        },
        "wiki": {
          "title": null,
          "url": null,
          "description": null,
          "image": null
        },
        "svg_layer": "Kislev"
      }
    },
    {
      "type": "Feature",
      "id": "copy_text_13657",
      "geometry": {
        "type": "Point",
        "coordinates": [
          13.402794,
          54.250303
        ]
      },
      "properties": {
        "id": "copy_text_13657",
        "name": "Novoselytsia",
        "category": "settlement",
        "dataset": "kislev",
        "in_gazetteer": false,
        "type": null,
        "region": "Kislev",
        "province": null,
        "estate": null,
        "population": 86,
        "population_estimated": true,
        "size_category": 1,
        "trade": null,
        "source": null,
        "tags": [],
        "notes": [],
        "history": {
          "province_2512": null,
          "province_2276": null,
          "ruler_2515": null,
          "ruler_2512": null,
          "ruler_2276": null
        },
        "wiki": {
          "title": null,
          "url": null,
          "description": null,
          "image": null
        },
        "svg_layer": "Kislev"
      }
    },
    {
      "type": "Feature",
      "id": "copy_text_13658",
      "geometry": {
        "type": "Point",
        "coordinates": [
          12.526995,
          54.733233
        ]
      },
      "properties": {
        "id": "copy_text_13658",
        "name": "Starodubiv",
        "category": "settlement",
        "dataset": "kislev",
        "in_gazetteer": false,
        "type": null,
        "region": "Kislev",
        "province": null,
        "estate": null,
        "population": 163,
        "population_estimated": true,
        "size_category": 1,
        "trade": null,
        "source": null,
        "tags": [],
        "notes": [],
        "history": {
          "province_2512": null,
          "province_2276": null,
          "ruler_2515": null,
          "ruler_2512": null,
          "ruler_2276": null
        },
        "wiki": {
          "title": null,
          "url": null,
          "description": null,
          "image": null
        },
        "svg_layer": "Kislev"
      }
    },
    {
      "type": "Feature",
      "id": "copy_text_13659",
      "geometry": {
        "type": "Point",
        "coordinates": [
          11.52289,
          55.079332
        ]
      },
      "properties": {
        "id": "copy_text_13659",
        "name": "Berenovgorosk",
        "category": "settlement",
        "dataset": "kislev",
        "in_gazetteer": false,
        "type": null,
        "region": "Kislev",
        "province": null,
        "estate": null,
        "population": 87,
        "population_estimated": true,
        "size_category": 1,
        "trade": null,
        "source": null,
        "tags": [],
        "notes": [],
        "history": {
          "province_2512": null,
          "province_2276": null,
          "ruler_2515": null,
          "ruler_2512": null,
          "ruler_2276": null
        },
        "wiki": {
          "title": null,
          "url": null,
          "description": null,
          "image": null
        },
        "svg_layer": "Kislev"
      }
    },
    {
      "type": "Feature",
      "id": "copy_text_13660",
      "geometry": {
        "type": "Point",
        "coordinates": [
          12.554453,
          54.854509
        ]
      },
      "properties": {
        "id": "copy_text_13660",
        "name": "Veselnov",
        "category": "settlement",
        "dataset": "kislev",
        "in_gazetteer": false,
        "type": null,
        "region": "Kislev",
        "province": null,
        "estate": null,
        "population": 174,
        "population_estimated": true,
        "size_category": 1,
        "trade": null,
        "source": null,
        "tags": [],
        "notes": [],
        "history": {
          "province_2512": null,
          "province_2276": null,
          "ruler_2515": null,
          "ruler_2512": null,
          "ruler_2276": null
        },
        "wiki": {
          "title": null,
          "url": null,
          "description": null,
          "image": null
        },
        "svg_layer": "Kislev"
      }
    },
    {
      "type": "Feature",
      "id": "copy_text_13661",
      "geometry": {
        "type": "Point",
        "coordinates": [
          11.281939,
          54.894313
        ]
      },
      "properties": {
        "id": "copy_text_13661",
        "name": "Krasnopil",
        "category": "settlement",
        "dataset": "kislev",
        "in_gazetteer": false,
        "type": null,
        "region": "Kislev",
        "province": null,
        "estate": null,
        "population": 181,
        "population_estimated": true,
        "size_category": 1,
        "trade": null,
        "source": null,
        "tags": [],
        "notes": [],
        "history": {
          "province_2512": null,
          "province_2276": null,
          "ruler_2515": null,
          "ruler_2512": null,
          "ruler_2276": null
        },
        "wiki": {
          "title": null,
          "url": null,
          "description": null,
          "image": null
        },
        "svg_layer": "Kislev"
      }
    },
    {
      "type": "Feature",
      "id": "copy_text_13662",
      "geometry": {
        "type": "Point",
        "coordinates": [
          9.642269,
          55.987122
        ]
      },
      "properties": {
        "id": "copy_text_13662",
        "name": "Horodovska",
        "category": "settlement",
        "dataset": "kislev",
        "in_gazetteer": false,
        "type": null,
        "region": "Kislev",
        "province": null,
        "estate": null,
        "population": 112,
        "population_estimated": true,
        "size_category": 1,
        "trade": null,
        "source": null,
        "tags": [],
        "notes": [],
        "history": {
          "province_2512": null,
          "province_2276": null,
          "ruler_2515": null,
          "ruler_2512": null,
          "ruler_2276": null
        },
        "wiki": {
          "title": null,
          "url": null,
          "description": null,
          "image": null
        },
        "svg_layer": "Kislev"
      }
    },
    {
      "type": "Feature",
      "id": "copy_text_13663",
      "geometry": {
        "type": "Point",
        "coordinates": [
          11.995733,
          55.032966
        ]
      },
      "properties": {
        "id": "copy_text_13663",
        "name": "Zoryagrad",
        "category": "settlement",
        "dataset": "kislev",
        "in_gazetteer": false,
        "type": null,
        "region": "Kislev",
        "province": null,
        "estate": null,
        "population": 225,
        "population_estimated": true,
        "size_category": 1,
        "trade": null,
        "source": null,
        "tags": [],
        "notes": [],
        "history": {
          "province_2512": null,
          "province_2276": null,
          "ruler_2515": null,
          "ruler_2512": null,
          "ruler_2276": null
        },
        "wiki": {
          "title": null,
          "url": null,
          "description": null,
          "image": null
        },
        "svg_layer": "Kislev"
      }
    },
    {
      "type": "Feature",
      "id": "copy_text_13664",
      "geometry": {
        "type": "Point",
        "coordinates": [
          12.150806,
          54.857824
        ]
      },
      "properties": {
        "id": "copy_text_13664",
        "name": "Vovkiv",
        "category": "settlement",
        "dataset": "kislev",
        "in_gazetteer": false,
        "type": null,
        "region": "Kislev",
        "province": null,
        "estate": null,
        "population": 89,
        "population_estimated": true,
        "size_category": 1,
        "trade": null,
        "source": null,
        "tags": [],
        "notes": [],
        "history": {
          "province_2512": null,
          "province_2276": null,
          "ruler_2515": null,
          "ruler_2512": null,
          "ruler_2276": null
        },
        "wiki": {
          "title": null,
          "url": null,
          "description": null,
          "image": null
        },
        "svg_layer": "Kislev"
      }
    },
    {
      "type": "Feature",
      "id": "copy_text_13665",
      "geometry": {
        "type": "Point",
        "coordinates": [
          12.271673,
          55.140607
        ]
      },
      "properties": {
        "id": "copy_text_13665",
        "name": "Medova",
        "category": "settlement",
        "dataset": "kislev",
        "in_gazetteer": false,
        "type": null,
        "region": "Kislev",
        "province": null,
        "estate": null,
        "population": 135,
        "population_estimated": true,
        "size_category": 1,
        "trade": null,
        "source": null,
        "tags": [],
        "notes": [],
        "history": {
          "province_2512": null,
          "province_2276": null,
          "ruler_2515": null,
          "ruler_2512": null,
          "ruler_2276": null
        },
        "wiki": {
          "title": null,
          "url": null,
          "description": null,
          "image": null
        },
        "svg_layer": "Kislev"
      }
    },
    {
      "type": "Feature",
      "id": "copy_text_13666",
      "geometry": {
        "type": "Point",
        "coordinates": [
          10.143976,
          54.640723
        ]
      },
      "properties": {
        "id": "copy_text_13666",
        "name": "Dolyna",
        "category": "settlement",
        "dataset": "kislev",
        "in_gazetteer": false,
        "type": null,
        "region": "Kislev",
        "province": null,
        "estate": null,
        "population": 77,
        "population_estimated": true,
        "size_category": 1,
        "trade": null,
        "source": null,
        "tags": [],
        "notes": [],
        "history": {
          "province_2512": null,
          "province_2276": null,
          "ruler_2515": null,
          "ruler_2512": null,
          "ruler_2276": null
        },
        "wiki": {
          "title": null,
          "url": null,
          "description": null,
          "image": null
        },
        "svg_layer": "Kislev"
      }
    },
    {
      "type": "Feature",
      "id": "copy_text_13667",
      "geometry": {
        "type": "Point",
        "coordinates": [
          10.075561,
          54.691805
        ]
      },
      "properties": {
        "id": "copy_text_13667",
        "name": "Velykyi Yar",
        "category": "settlement",
        "dataset": "kislev",
        "in_gazetteer": false,
        "type": null,
        "region": "Kislev",
        "province": null,
        "estate": null,
        "population": 105,
        "population_estimated": true,
        "size_category": 1,
        "trade": null,
        "source": null,
        "tags": [],
        "notes": [],
        "history": {
          "province_2512": null,
          "province_2276": null,
          "ruler_2515": null,
          "ruler_2512": null,
          "ruler_2276": null
        },
        "wiki": {
          "title": null,
          "url": null,
          "description": null,
          "image": null
        },
        "svg_layer": "Kislev"
      }
    },
    {
      "type": "Feature",
      "id": "copy_text_13668",
      "geometry": {
        "type": "Point",
        "coordinates": [
          8.627451,
          54.367065
        ]
      },
      "properties": {
        "id": "copy_text_13668",
        "name": "Mala Rika",
        "category": "settlement",
        "dataset": "kislev",
        "in_gazetteer": false,
        "type": null,
        "region": "Kislev",
        "province": null,
        "estate": null,
        "population": 134,
        "population_estimated": true,
        "size_category": 1,
        "trade": null,
        "source": null,
        "tags": [],
        "notes": [],
        "history": {
          "province_2512": null,
          "province_2276": null,
          "ruler_2515": null,
          "ruler_2512": null,
          "ruler_2276": null
        },
        "wiki": {
          "title": null,
          "url": null,
          "description": null,
          "image": null
        },
        "svg_layer": "Kislev"
      }
    },
    {
      "type": "Feature",
      "id": "copy_text_13669",
      "geometry": {
        "type": "Point",
        "coordinates": [
          11.892582,
          56.162486
        ]
      },
      "properties": {
        "id": "copy_text_13669",
        "name": "Kalynivka",
        "category": "settlement",
        "dataset": "kislev",
        "in_gazetteer": false,
        "type": null,
        "region": "Kislev",
        "province": null,
        "estate": null,
        "population": 166,
        "population_estimated": true,
        "size_category": 1,
        "trade": null,
        "source": null,
        "tags": [],
        "notes": [],
        "history": {
          "province_2512": null,
          "province_2276": null,
          "ruler_2515": null,
          "ruler_2512": null,
          "ruler_2276": null
        },
        "wiki": {
          "title": null,
          "url": null,
          "description": null,
          "image": null
        },
        "svg_layer": "Kislev"
      }
    },
    {
      "type": "Feature",
      "id": "copy_text_13670",
      "geometry": {
        "type": "Point",
        "coordinates": [
          11.874868,
          56.454167
        ]
      },
      "properties": {
        "id": "copy_text_13670",
        "name": "Lysychiv",
        "category": "settlement",
        "dataset": "kislev",
        "in_gazetteer": false,
        "type": null,
        "region": "Kislev",
        "province": null,
        "estate": null,
        "population": 405,
        "population_estimated": true,
        "size_category": 2,
        "trade": null,
        "source": null,
        "tags": [],
        "notes": [],
        "history": {
          "province_2512": null,
          "province_2276": null,
          "ruler_2515": null,
          "ruler_2512": null,
          "ruler_2276": null
        },
        "wiki": {
          "title": null,
          "url": null,
          "description": null,
          "image": null
        },
        "svg_layer": "Kislev"
      }
    },
    {
      "type": "Feature",
      "id": "copy_text_13671",
      "geometry": {
        "type": "Point",
        "coordinates": [
          10.741464,
          56.43045
        ]
      },
      "properties": {
        "id": "copy_text_13671",
        "name": "Prylisne",
        "category": "settlement",
        "dataset": "kislev",
        "in_gazetteer": false,
        "type": null,
        "region": "Kislev",
        "province": null,
        "estate": null,
        "population": 95,
        "population_estimated": true,
        "size_category": 1,
        "trade": null,
        "source": null,
        "tags": [],
        "notes": [],
        "history": {
          "province_2512": null,
          "province_2276": null,
          "ruler_2515": null,
          "ruler_2512": null,
          "ruler_2276": null
        },
        "wiki": {
          "title": null,
          "url": null,
          "description": null,
          "image": null
        },
        "svg_layer": "Kislev"
      }
    },
    {
      "type": "Feature",
      "id": "copy_text_13672",
      "geometry": {
        "type": "Point",
        "coordinates": [
          9.471232,
          55.816542
        ]
      },
      "properties": {
        "id": "copy_text_13672",
        "name": "Ozeriany",
        "category": "settlement",
        "dataset": "kislev",
        "in_gazetteer": false,
        "type": null,
        "region": "Kislev",
        "province": null,
        "estate": null,
        "population": 227,
        "population_estimated": true,
        "size_category": 1,
        "trade": null,
        "source": null,
        "tags": [],
        "notes": [],
        "history": {
          "province_2512": null,
          "province_2276": null,
          "ruler_2515": null,
          "ruler_2512": null,
          "ruler_2276": null
        },
        "wiki": {
          "title": null,
          "url": null,
          "description": null,
          "image": null
        },
        "svg_layer": "Kislev"
      }
    },
    {
      "type": "Feature",
      "id": "copy_text_13673",
      "geometry": {
        "type": "Point",
        "coordinates": [
          10.273964,
          54.965465
        ]
      },
      "properties": {
        "id": "copy_text_13673",
        "name": "Dubrivka",
        "category": "settlement",
        "dataset": "kislev",
        "in_gazetteer": false,
        "type": null,
        "region": "Kislev",
        "province": null,
        "estate": null,
        "population": 107,
        "population_estimated": true,
        "size_category": 1,
        "trade": null,
        "source": null,
        "tags": [],
        "notes": [],
        "history": {
          "province_2512": null,
          "province_2276": null,
          "ruler_2515": null,
          "ruler_2512": null,
          "ruler_2276": null
        },
        "wiki": {
          "title": null,
          "url": null,
          "description": null,
          "image": null
        },
        "svg_layer": "Kislev"
      }
    },
    {
      "type": "Feature",
      "id": "copy_text_13674",
      "geometry": {
        "type": "Point",
        "coordinates": [
          10.621266,
          56.448675
        ]
      },
      "properties": {
        "id": "copy_text_13674",
        "name": "Sosnivka",
        "category": "settlement",
        "dataset": "kislev",
        "in_gazetteer": false,
        "type": null,
        "region": "Kislev",
        "province": null,
        "estate": null,
        "population": 135,
        "population_estimated": true,
        "size_category": 1,
        "trade": null,
        "source": null,
        "tags": [],
        "notes": [],
        "history": {
          "province_2512": null,
          "province_2276": null,
          "ruler_2515": null,
          "ruler_2512": null,
          "ruler_2276": null
        },
        "wiki": {
          "title": null,
          "url": null,
          "description": null,
          "image": null
        },
        "svg_layer": "Kislev"
      }
    },
    {
      "type": "Feature",
      "id": "copy_text_13675",
      "geometry": {
        "type": "Point",
        "coordinates": [
          11.754001,
          57.039797
        ]
      },
      "properties": {
        "id": "copy_text_13675",
        "name": "Verkhivka",
        "category": "settlement",
        "dataset": "kislev",
        "in_gazetteer": false,
        "type": null,
        "region": "Kislev",
        "province": null,
        "estate": null,
        "population": 140,
        "population_estimated": true,
        "size_category": 1,
        "trade": null,
        "source": null,
        "tags": [],
        "notes": [],
        "history": {
          "province_2512": null,
          "province_2276": null,
          "ruler_2515": null,
          "ruler_2512": null,
          "ruler_2276": null
        },
        "wiki": {
          "title": null,
          "url": null,
          "description": null,
          "image": null
        },
        "svg_layer": "Kislev"
      }
    },
    {
      "type": "Feature",
      "id": "copy_text_13676",
      "geometry": {
        "type": "Point",
        "coordinates": [
          11.361759,
          55.348586
        ]
      },
      "properties": {
        "id": "copy_text_13676",
        "name": "Nyzhne Pole",
        "category": "settlement",
        "dataset": "kislev",
        "in_gazetteer": false,
        "type": null,
        "region": "Kislev",
        "province": null,
        "estate": null,
        "population": 90,
        "population_estimated": true,
        "size_category": 1,
        "trade": null,
        "source": null,
        "tags": [],
        "notes": [],
        "history": {
          "province_2512": null,
          "province_2276": null,
          "ruler_2515": null,
          "ruler_2512": null,
          "ruler_2276": null
        },
        "wiki": {
          "title": null,
          "url": null,
          "description": null,
          "image": null
        },
        "svg_layer": "Kislev"
      }
    },
    {
      "type": "Feature",
      "id": "copy_text_13677",
      "geometry": {
        "type": "Point",
        "coordinates": [
          10.048196,
          55.640488
        ]
      },
      "properties": {
        "id": "copy_text_13677",
        "name": "Stepanov",
        "category": "settlement",
        "dataset": "kislev",
        "in_gazetteer": false,
        "type": null,
        "region": "Kislev",
        "province": null,
        "estate": null,
        "population": 222,
        "population_estimated": true,
        "size_category": 1,
        "trade": null,
        "source": null,
        "tags": [],
        "notes": [],
        "history": {
          "province_2512": null,
          "province_2276": null,
          "ruler_2515": null,
          "ruler_2512": null,
          "ruler_2276": null
        },
        "wiki": {
          "title": null,
          "url": null,
          "description": null,
          "image": null
        },
        "svg_layer": "Kislev"
      }
    },
    {
      "type": "Feature",
      "id": "copy_text_13678",
      "geometry": {
        "type": "Point",
        "coordinates": [
          7.941017,
          54.249143
        ]
      },
      "properties": {
        "id": "copy_text_13678",
        "name": "Hlyniany",
        "category": "settlement",
        "dataset": "kislev",
        "in_gazetteer": false,
        "type": null,
        "region": "Kislev",
        "province": null,
        "estate": null,
        "population": 110,
        "population_estimated": true,
        "size_category": 1,
        "trade": null,
        "source": null,
        "tags": [],
        "notes": [],
        "history": {
          "province_2512": null,
          "province_2276": null,
          "ruler_2515": null,
          "ruler_2512": null,
          "ruler_2276": null
        },
        "wiki": {
          "title": null,
          "url": null,
          "description": null,
          "image": null
        },
        "svg_layer": "Kislev"
      }
    },
    {
      "type": "Feature",
      "id": "copy_text_13679",
      "geometry": {
        "type": "Point",
        "coordinates": [
          11.016065,
          55.305447
        ]
      },
      "properties": {
        "id": "copy_text_13679",
        "name": "Mostove",
        "category": "settlement",
        "dataset": "kislev",
        "in_gazetteer": false,
        "type": null,
        "region": "Kislev",
        "province": null,
        "estate": null,
        "population": 225,
        "population_estimated": true,
        "size_category": 1,
        "trade": null,
        "source": null,
        "tags": [],
        "notes": [],
        "history": {
          "province_2512": null,
          "province_2276": null,
          "ruler_2515": null,
          "ruler_2512": null,
          "ruler_2276": null
        },
        "wiki": {
          "title": null,
          "url": null,
          "description": null,
          "image": null
        },
        "svg_layer": "Kislev"
      }
    },
    {
      "type": "Feature",
      "id": "copy_text_13680",
      "geometry": {
        "type": "Point",
        "coordinates": [
          9.41878,
          55.582108
        ]
      },
      "properties": {
        "id": "copy_text_13680",
        "name": "Kvitneve",
        "category": "settlement",
        "dataset": "kislev",
        "in_gazetteer": false,
        "type": null,
        "region": "Kislev",
        "province": null,
        "estate": null,
        "population": 379,
        "population_estimated": true,
        "size_category": 2,
        "trade": null,
        "source": null,
        "tags": [],
        "notes": [],
        "history": {
          "province_2512": null,
          "province_2276": null,
          "ruler_2515": null,
          "ruler_2512": null,
          "ruler_2276": null
        },
        "wiki": {
          "title": null,
          "url": null,
          "description": null,
          "image": null
        },
        "svg_layer": "Kislev"
      }
    },
    {
      "type": "Feature",
      "id": "copy_text_13681",
      "geometry": {
        "type": "Point",
        "coordinates": [
          9.157495,
          55.487239
        ]
      },
      "properties": {
        "id": "copy_text_13681",
        "name": "Tykhe",
        "category": "settlement",
        "dataset": "kislev",
        "in_gazetteer": false,
        "type": null,
        "region": "Kislev",
        "province": null,
        "estate": null,
        "population": 118,
        "population_estimated": true,
        "size_category": 1,
        "trade": null,
        "source": null,
        "tags": [],
        "notes": [],
        "history": {
          "province_2512": null,
          "province_2276": null,
          "ruler_2515": null,
          "ruler_2512": null,
          "ruler_2276": null
        },
        "wiki": {
          "title": null,
          "url": null,
          "description": null,
          "image": null
        },
        "svg_layer": "Kislev"
      }
    },
    {
      "type": "Feature",
      "id": "copy_text_13682",
      "geometry": {
        "type": "Point",
        "coordinates": [
          12.814428,
          53.99124
        ]
      },
      "properties": {
        "id": "copy_text_13682",
        "name": "Berezivka",
        "category": "settlement",
        "dataset": "kislev",
        "in_gazetteer": false,
        "type": null,
        "region": "Kislev",
        "province": null,
        "estate": null,
        "population": 253,
        "population_estimated": true,
        "size_category": 1,
        "trade": null,
        "source": null,
        "tags": [],
        "notes": [],
        "history": {
          "province_2512": null,
          "province_2276": null,
          "ruler_2515": null,
          "ruler_2512": null,
          "ruler_2276": null
        },
        "wiki": {
          "title": null,
          "url": null,
          "description": null,
          "image": null
        },
        "svg_layer": "Kislev"
      }
    },
    {
      "type": "Feature",
      "id": "copy_text_13683",
      "geometry": {
        "type": "Point",
        "coordinates": [
          7.157855,
          56.121283
        ]
      },
      "properties": {
        "id": "copy_text_13683",
        "name": "Luhanske",
        "category": "settlement",
        "dataset": "kislev",
        "in_gazetteer": false,
        "type": null,
        "region": "Kislev",
        "province": null,
        "estate": null,
        "population": 208,
        "population_estimated": true,
        "size_category": 1,
        "trade": null,
        "source": null,
        "tags": [],
        "notes": [],
        "history": {
          "province_2512": null,
          "province_2276": null,
          "ruler_2515": null,
          "ruler_2512": null,
          "ruler_2276": null
        },
        "wiki": {
          "title": null,
          "url": null,
          "description": null,
          "image": null
        },
        "svg_layer": "Kislev"
      }
    },
    {
      "type": "Feature",
      "id": "copy_text_13684",
      "geometry": {
        "type": "Point",
        "coordinates": [
          7.390061,
          55.944546
        ]
      },
      "properties": {
        "id": "copy_text_13684",
        "name": "Chervonosad",
        "category": "settlement",
        "dataset": "kislev",
        "in_gazetteer": false,
        "type": null,
        "region": "Kislev",
        "province": null,
        "estate": null,
        "population": 94,
        "population_estimated": true,
        "size_category": 1,
        "trade": null,
        "source": null,
        "tags": [],
        "notes": [],
        "history": {
          "province_2512": null,
          "province_2276": null,
          "ruler_2515": null,
          "ruler_2512": null,
          "ruler_2276": null
        },
        "wiki": {
          "title": null,
          "url": null,
          "description": null,
          "image": null
        },
        "svg_layer": "Kislev"
      }
    },
    {
      "type": "Feature",
      "id": "copy_text_13685",
      "geometry": {
        "type": "Point",
        "coordinates": [
          8.763954,
          56.414122
        ]
      },
      "properties": {
        "id": "copy_text_13685",
        "name": "Krynychky",
        "category": "settlement",
        "dataset": "kislev",
        "in_gazetteer": false,
        "type": null,
        "region": "Kislev",
        "province": null,
        "estate": null,
        "population": 362,
        "population_estimated": true,
        "size_category": 2,
        "trade": null,
        "source": null,
        "tags": [],
        "notes": [],
        "history": {
          "province_2512": null,
          "province_2276": null,
          "ruler_2515": null,
          "ruler_2512": null,
          "ruler_2276": null
        },
        "wiki": {
          "title": null,
          "url": null,
          "description": null,
          "image": null
        },
        "svg_layer": "Kislev"
      }
    },
    {
      "type": "Feature",
      "id": "copy_text_13686",
      "geometry": {
        "type": "Point",
        "coordinates": [
          7.010306,
          55.363385
        ]
      },
      "properties": {
        "id": "copy_text_13686",
        "name": "Poliske",
        "category": "settlement",
        "dataset": "kislev",
        "in_gazetteer": false,
        "type": null,
        "region": "Kislev",
        "province": null,
        "estate": null,
        "population": 65,
        "population_estimated": true,
        "size_category": 1,
        "trade": null,
        "source": null,
        "tags": [],
        "notes": [],
        "history": {
          "province_2512": null,
          "province_2276": null,
          "ruler_2515": null,
          "ruler_2512": null,
          "ruler_2276": null
        },
        "wiki": {
          "title": null,
          "url": null,
          "description": null,
          "image": null
        },
        "svg_layer": "Kislev"
      }
    },
    {
      "type": "Feature",
      "id": "copy_text_13687",
      "geometry": {
        "type": "Point",
        "coordinates": [
          12.364185,
          53.760677
        ]
      },
      "properties": {
        "id": "copy_text_13687",
        "name": "Zahradne",
        "category": "settlement",
        "dataset": "kislev",
        "in_gazetteer": false,
        "type": null,
        "region": "Kislev",
        "province": null,
        "estate": null,
        "population": 579,
        "population_estimated": true,
        "size_category": 2,
        "trade": null,
        "source": null,
        "tags": [],
        "notes": [],
        "history": {
          "province_2512": null,
          "province_2276": null,
          "ruler_2515": null,
          "ruler_2512": null,
          "ruler_2276": null
        },
        "wiki": {
          "title": null,
          "url": null,
          "description": null,
          "image": null
        },
        "svg_layer": "Kislev"
      }
    },
    {
      "type": "Feature",
      "id": "copy_text_13688",
      "geometry": {
        "type": "Point",
        "coordinates": [
          10.249446,
          53.815666
        ]
      },
      "properties": {
        "id": "copy_text_13688",
        "name": "Mykhailivka",
        "category": "settlement",
        "dataset": "kislev",
        "in_gazetteer": false,
        "type": null,
        "region": "Kislev",
        "province": null,
        "estate": null,
        "population": 132,
        "population_estimated": true,
        "size_category": 1,
        "trade": null,
        "source": null,
        "tags": [],
        "notes": [],
        "history": {
          "province_2512": null,
          "province_2276": null,
          "ruler_2515": null,
          "ruler_2512": null,
          "ruler_2276": null
        },
        "wiki": {
          "title": null,
          "url": null,
          "description": null,
          "image": null
        },
        "svg_layer": "Kislev"
      }
    },
    {
      "type": "Feature",
      "id": "copy_text_13689",
      "geometry": {
        "type": "Point",
        "coordinates": [
          13.466144,
          54.508734
        ]
      },
      "properties": {
        "id": "copy_text_13689",
        "name": "Rudneve",
        "category": "settlement",
        "dataset": "kislev",
        "in_gazetteer": false,
        "type": null,
        "region": "Kislev",
        "province": null,
        "estate": null,
        "population": 153,
        "population_estimated": true,
        "size_category": 1,
        "trade": null,
        "source": null,
        "tags": [],
        "notes": [],
        "history": {
          "province_2512": null,
          "province_2276": null,
          "ruler_2515": null,
          "ruler_2512": null,
          "ruler_2276": null
        },
        "wiki": {
          "title": null,
          "url": null,
          "description": null,
          "image": null
        },
        "svg_layer": "Kislev"
      }
    },
    {
      "type": "Feature",
      "id": "copy_text_13690",
      "geometry": {
        "type": "Point",
        "coordinates": [
          12.300274,
          55.824574
        ]
      },
      "properties": {
        "id": "copy_text_13690",
        "name": "Slobanyy",
        "category": "settlement",
        "dataset": "kislev",
        "in_gazetteer": false,
        "type": null,
        "region": "Kislev",
        "province": null,
        "estate": null,
        "population": 125,
        "population_estimated": true,
        "size_category": 1,
        "trade": null,
        "source": null,
        "tags": [],
        "notes": [],
        "history": {
          "province_2512": null,
          "province_2276": null,
          "ruler_2515": null,
          "ruler_2512": null,
          "ruler_2276": null
        },
        "wiki": {
          "title": null,
          "url": null,
          "description": null,
          "image": null
        },
        "svg_layer": "Kislev"
      }
    },
    {
      "type": "Feature",
      "id": "copy_text_13691",
      "geometry": {
        "type": "Point",
        "coordinates": [
          10.234599,
          53.877905
        ]
      },
      "properties": {
        "id": "copy_text_13691",
        "name": "Vyshneve",
        "category": "settlement",
        "dataset": "kislev",
        "in_gazetteer": false,
        "type": null,
        "region": "Kislev",
        "province": null,
        "estate": null,
        "population": 85,
        "population_estimated": true,
        "size_category": 1,
        "trade": null,
        "source": null,
        "tags": [],
        "notes": [],
        "history": {
          "province_2512": null,
          "province_2276": null,
          "ruler_2515": null,
          "ruler_2512": null,
          "ruler_2276": null
        },
        "wiki": {
          "title": null,
          "url": null,
          "description": null,
          "image": null
        },
        "svg_layer": "Kislev"
      }
    },
    {
      "type": "Feature",
      "id": "copy_text_13692",
      "geometry": {
        "type": "Point",
        "coordinates": [
          9.204179,
          54.04045
        ]
      },
      "properties": {
        "id": "copy_text_13692",
        "name": "Tereshky",
        "category": "settlement",
        "dataset": "kislev",
        "in_gazetteer": false,
        "type": null,
        "region": "Kislev",
        "province": null,
        "estate": null,
        "population": 188,
        "population_estimated": true,
        "size_category": 1,
        "trade": null,
        "source": null,
        "tags": [],
        "notes": [],
        "history": {
          "province_2512": null,
          "province_2276": null,
          "ruler_2515": null,
          "ruler_2512": null,
          "ruler_2276": null
        },
        "wiki": {
          "title": null,
          "url": null,
          "description": null,
          "image": null
        },
        "svg_layer": "Kislev"
      }
    },
    {
      "type": "Feature",
      "id": "copy_text_13693",
      "geometry": {
        "type": "Point",
        "coordinates": [
          8.684937,
          54.854464
        ]
      },
      "properties": {
        "id": "copy_text_13693",
        "name": "Yabluniv",
        "category": "settlement",
        "dataset": "kislev",
        "in_gazetteer": false,
        "type": null,
        "region": "Kislev",
        "province": null,
        "estate": null,
        "population": 251,
        "population_estimated": true,
        "size_category": 1,
        "trade": null,
        "source": null,
        "tags": [],
        "notes": [],
        "history": {
          "province_2512": null,
          "province_2276": null,
          "ruler_2515": null,
          "ruler_2512": null,
          "ruler_2276": null
        },
        "wiki": {
          "title": null,
          "url": null,
          "description": null,
          "image": null
        },
        "svg_layer": "Kislev"
      }
    },
    {
      "type": "Feature",
      "id": "copy_text_13694",
      "geometry": {
        "type": "Point",
        "coordinates": [
          10.252634,
          55.200609
        ]
      },
      "properties": {
        "id": "copy_text_13694",
        "name": "Savyntsi",
        "category": "settlement",
        "dataset": "kislev",
        "in_gazetteer": false,
        "type": null,
        "region": "Kislev",
        "province": null,
        "estate": null,
        "population": 152,
        "population_estimated": true,
        "size_category": 1,
        "trade": null,
        "source": null,
        "tags": [],
        "notes": [],
        "history": {
          "province_2512": null,
          "province_2276": null,
          "ruler_2515": null,
          "ruler_2512": null,
          "ruler_2276": null
        },
        "wiki": {
          "title": null,
          "url": null,
          "description": null,
          "image": null
        },
        "svg_layer": "Kislev"
      }
    },
    {
      "type": "Feature",
      "id": "copy_text_13695",
      "geometry": {
        "type": "Point",
        "coordinates": [
          10.19106,
          55.22664
        ]
      },
      "properties": {
        "id": "copy_text_13695",
        "name": "Ostriv",
        "category": "settlement",
        "dataset": "kislev",
        "in_gazetteer": false,
        "type": null,
        "region": "Kislev",
        "province": null,
        "estate": null,
        "population": 133,
        "population_estimated": true,
        "size_category": 1,
        "trade": null,
        "source": null,
        "tags": [],
        "notes": [],
        "history": {
          "province_2512": null,
          "province_2276": null,
          "ruler_2515": null,
          "ruler_2512": null,
          "ruler_2276": null
        },
        "wiki": {
          "title": null,
          "url": null,
          "description": null,
          "image": null
        },
        "svg_layer": "Kislev"
      }
    },
    {
      "type": "Feature",
      "id": "copy_text_13696",
      "geometry": {
        "type": "Point",
        "coordinates": [
          12.122138,
          55.219055
        ]
      },
      "properties": {
        "id": "copy_text_13696",
        "name": "Zelenyi Hai",
        "category": "settlement",
        "dataset": "kislev",
        "in_gazetteer": false,
        "type": null,
        "region": "Kislev",
        "province": null,
        "estate": null,
        "population": 179,
        "population_estimated": true,
        "size_category": 1,
        "trade": null,
        "source": null,
        "tags": [],
        "notes": [],
        "history": {
          "province_2512": null,
          "province_2276": null,
          "ruler_2515": null,
          "ruler_2512": null,
          "ruler_2276": null
        },
        "wiki": {
          "title": null,
          "url": null,
          "description": null,
          "image": null
        },
        "svg_layer": "Kislev"
      }
    },
    {
      "type": "Feature",
      "id": "copy_text_13697",
      "geometry": {
        "type": "Point",
        "coordinates": [
          6.802831,
          56.814031
        ]
      },
      "properties": {
        "id": "copy_text_13697",
        "name": "Kamyshany",
        "category": "settlement",
        "dataset": "kislev",
        "in_gazetteer": false,
        "type": null,
        "region": "Kislev",
        "province": null,
        "estate": null,
        "population": 224,
        "population_estimated": true,
        "size_category": 1,
        "trade": null,
        "source": null,
        "tags": [],
        "notes": [],
        "history": {
          "province_2512": null,
          "province_2276": null,
          "ruler_2515": null,
          "ruler_2512": null,
          "ruler_2276": null
        },
        "wiki": {
          "title": null,
          "url": null,
          "description": null,
          "image": null
        },
        "svg_layer": "Kislev"
      }
    },
    {
      "type": "Feature",
      "id": "copy_text_13698",
      "geometry": {
        "type": "Point",
        "coordinates": [
          7.303791,
          56.922397
        ]
      },
      "properties": {
        "id": "copy_text_13698",
        "name": "Verbivka",
        "category": "settlement",
        "dataset": "kislev",
        "in_gazetteer": false,
        "type": null,
        "region": "Kislev",
        "province": null,
        "estate": null,
        "population": 89,
        "population_estimated": true,
        "size_category": 1,
        "trade": null,
        "source": null,
        "tags": [],
        "notes": [],
        "history": {
          "province_2512": null,
          "province_2276": null,
          "ruler_2515": null,
          "ruler_2512": null,
          "ruler_2276": null
        },
        "wiki": {
          "title": null,
          "url": null,
          "description": null,
          "image": null
        },
        "svg_layer": "Kislev"
      }
    },
    {
      "type": "Feature",
      "id": "copy_text_13699",
      "geometry": {
        "type": "Point",
        "coordinates": [
          7.998799,
          57.032695
        ]
      },
      "properties": {
        "id": "copy_text_13699",
        "name": "Nadvirne",
        "category": "settlement",
        "dataset": "kislev",
        "in_gazetteer": false,
        "type": null,
        "region": "Kislev",
        "province": null,
        "estate": null,
        "population": 115,
        "population_estimated": true,
        "size_category": 1,
        "trade": null,
        "source": null,
        "tags": [],
        "notes": [],
        "history": {
          "province_2512": null,
          "province_2276": null,
          "ruler_2515": null,
          "ruler_2512": null,
          "ruler_2276": null
        },
        "wiki": {
          "title": null,
          "url": null,
          "description": null,
          "image": null
        },
        "svg_layer": "Kislev"
      }
    },
    {
      "type": "Feature",
      "id": "copy_text_13700",
      "geometry": {
        "type": "Point",
        "coordinates": [
          7.094962,
          56.294534
        ]
      },
      "properties": {
        "id": "copy_text_13700",
        "name": "Horokhiv",
        "category": "settlement",
        "dataset": "kislev",
        "in_gazetteer": false,
        "type": null,
        "region": "Kislev",
        "province": null,
        "estate": null,
        "population": 207,
        "population_estimated": true,
        "size_category": 1,
        "trade": null,
        "source": null,
        "tags": [],
        "notes": [],
        "history": {
          "province_2512": null,
          "province_2276": null,
          "ruler_2515": null,
          "ruler_2512": null,
          "ruler_2276": null
        },
        "wiki": {
          "title": null,
          "url": null,
          "description": null,
          "image": null
        },
        "svg_layer": "Kislev"
      }
    },
    {
      "type": "Feature",
      "id": "copy_text_13701",
      "geometry": {
        "type": "Point",
        "coordinates": [
          7.150836,
          56.719615
        ]
      },
      "properties": {
        "id": "copy_text_13701",
        "name": "Beledahirya",
        "category": "settlement",
        "dataset": "kislev",
        "in_gazetteer": false,
        "type": null,
        "region": "Kislev",
        "province": null,
        "estate": null,
        "population": 64,
        "population_estimated": true,
        "size_category": 1,
        "trade": null,
        "source": null,
        "tags": [],
        "notes": [],
        "history": {
          "province_2512": null,
          "province_2276": null,
          "ruler_2515": null,
          "ruler_2512": null,
          "ruler_2276": null
        },
        "wiki": {
          "title": null,
          "url": null,
          "description": null,
          "image": null
        },
        "svg_layer": "Kislev"
      }
    },
    {
      "type": "Feature",
      "id": "copy_text_13702",
      "geometry": {
        "type": "Point",
        "coordinates": [
          6.825865,
          56.659412
        ]
      },
      "properties": {
        "id": "copy_text_13702",
        "name": "Chornychi",
        "category": "settlement",
        "dataset": "kislev",
        "in_gazetteer": false,
        "type": null,
        "region": "Kislev",
        "province": null,
        "estate": null,
        "population": 98,
        "population_estimated": true,
        "size_category": 1,
        "trade": null,
        "source": null,
        "tags": [],
        "notes": [],
        "history": {
          "province_2512": null,
          "province_2276": null,
          "ruler_2515": null,
          "ruler_2512": null,
          "ruler_2276": null
        },
        "wiki": {
          "title": null,
          "url": null,
          "description": null,
          "image": null
        },
        "svg_layer": "Kislev"
      }
    },
    {
      "type": "Feature",
      "id": "copy_text_13703",
      "geometry": {
        "type": "Point",
        "coordinates": [
          7.785951,
          56.544474
        ]
      },
      "properties": {
        "id": "copy_text_13703",
        "name": "Zelenodol",
        "category": "settlement",
        "dataset": "kislev",
        "in_gazetteer": false,
        "type": null,
        "region": "Kislev",
        "province": null,
        "estate": null,
        "population": 143,
        "population_estimated": true,
        "size_category": 1,
        "trade": null,
        "source": null,
        "tags": [],
        "notes": [],
        "history": {
          "province_2512": null,
          "province_2276": null,
          "ruler_2515": null,
          "ruler_2512": null,
          "ruler_2276": null
        },
        "wiki": {
          "title": null,
          "url": null,
          "description": null,
          "image": null
        },
        "svg_layer": "Kislev"
      }
    },
    {
      "type": "Feature",
      "id": "copy_text_13704",
      "geometry": {
        "type": "Point",
        "coordinates": [
          6.071554,
          57.131818
        ]
      },
      "properties": {
        "id": "copy_text_13704",
        "name": "Lukashivka",
        "category": "settlement",
        "dataset": "kislev",
        "in_gazetteer": false,
        "type": null,
        "region": "Kislev",
        "province": null,
        "estate": null,
        "population": 197,
        "population_estimated": true,
        "size_category": 1,
        "trade": null,
        "source": null,
        "tags": [],
        "notes": [],
        "history": {
          "province_2512": null,
          "province_2276": null,
          "ruler_2515": null,
          "ruler_2512": null,
          "ruler_2276": null
        },
        "wiki": {
          "title": null,
          "url": null,
          "description": null,
          "image": null
        },
        "svg_layer": "Kislev"
      }
    },
    {
      "type": "Feature",
      "id": "copy_text_13705",
      "geometry": {
        "type": "Point",
        "coordinates": [
          6.203682,
          57.166904
        ]
      },
      "properties": {
        "id": "copy_text_13705",
        "name": "Medvyn",
        "category": "settlement",
        "dataset": "kislev",
        "in_gazetteer": false,
        "type": null,
        "region": "Kislev",
        "province": null,
        "estate": null,
        "population": 91,
        "population_estimated": true,
        "size_category": 1,
        "trade": null,
        "source": null,
        "tags": [],
        "notes": [],
        "history": {
          "province_2512": null,
          "province_2276": null,
          "ruler_2515": null,
          "ruler_2512": null,
          "ruler_2276": null
        },
        "wiki": {
          "title": null,
          "url": null,
          "description": null,
          "image": null
        },
        "svg_layer": "Kislev"
      }
    },
    {
      "type": "Feature",
      "id": "copy_text_13706",
      "geometry": {
        "type": "Point",
        "coordinates": [
          5.922457,
          57.216339
        ]
      },
      "properties": {
        "id": "copy_text_13706",
        "name": "Volytsia",
        "category": "settlement",
        "dataset": "kislev",
        "in_gazetteer": false,
        "type": null,
        "region": "Kislev",
        "province": null,
        "estate": null,
        "population": 258,
        "population_estimated": true,
        "size_category": 1,
        "trade": null,
        "source": null,
        "tags": [],
        "notes": [],
        "history": {
          "province_2512": null,
          "province_2276": null,
          "ruler_2515": null,
          "ruler_2512": null,
          "ruler_2276": null
        },
        "wiki": {
          "title": null,
          "url": null,
          "description": null,
          "image": null
        },
        "svg_layer": "Kislev"
      }
    },
    {
      "type": "Feature",
      "id": "copy_text_13707",
      "geometry": {
        "type": "Point",
        "coordinates": [
          6.009058,
          57.250937
        ]
      },
      "properties": {
        "id": "copy_text_13707",
        "name": "Vysoke",
        "category": "settlement",
        "dataset": "kislev",
        "in_gazetteer": false,
        "type": null,
        "region": "Kislev",
        "province": null,
        "estate": null,
        "population": 420,
        "population_estimated": true,
        "size_category": 2,
        "trade": null,
        "source": null,
        "tags": [],
        "notes": [],
        "history": {
          "province_2512": null,
          "province_2276": null,
          "ruler_2515": null,
          "ruler_2512": null,
          "ruler_2276": null
        },
        "wiki": {
          "title": null,
          "url": null,
          "description": null,
          "image": null
        },
        "svg_layer": "Kislev"
      }
    },
    {
      "type": "Feature",
      "id": "copy_text_13708",
      "geometry": {
        "type": "Point",
        "coordinates": [
          6.25861,
          56.98313
        ]
      },
      "properties": {
        "id": "copy_text_13708",
        "name": "Zarichne",
        "category": "settlement",
        "dataset": "kislev",
        "in_gazetteer": false,
        "type": null,
        "region": "Kislev",
        "province": null,
        "estate": null,
        "population": 102,
        "population_estimated": true,
        "size_category": 1,
        "trade": null,
        "source": null,
        "tags": [],
        "notes": [],
        "history": {
          "province_2512": null,
          "province_2276": null,
          "ruler_2515": null,
          "ruler_2512": null,
          "ruler_2276": null
        },
        "wiki": {
          "title": null,
          "url": null,
          "description": null,
          "image": null
        },
        "svg_layer": "Kislev"
      }
    },
    {
      "type": "Feature",
      "id": "copy_text_13709",
      "geometry": {
        "type": "Point",
        "coordinates": [
          6.14172,
          57.104563
        ]
      },
      "properties": {
        "id": "copy_text_13709",
        "name": "Berezanka",
        "category": "settlement",
        "dataset": "kislev",
        "in_gazetteer": false,
        "type": null,
        "region": "Kislev",
        "province": null,
        "estate": null,
        "population": 118,
        "population_estimated": true,
        "size_category": 1,
        "trade": null,
        "source": null,
        "tags": [],
        "notes": [],
        "history": {
          "province_2512": null,
          "province_2276": null,
          "ruler_2515": null,
          "ruler_2512": null,
          "ruler_2276": null
        },
        "wiki": {
          "title": null,
          "url": null,
          "description": null,
          "image": null
        },
        "svg_layer": "Kislev"
      }
    },
    {
      "type": "Feature",
      "id": "copy_text_13710",
      "geometry": {
        "type": "Point",
        "coordinates": [
          6.115021,
          57.042533
        ]
      },
      "properties": {
        "id": "copy_text_13710",
        "name": "Myrove",
        "category": "settlement",
        "dataset": "kislev",
        "in_gazetteer": false,
        "type": null,
        "region": "Kislev",
        "province": null,
        "estate": null,
        "population": 99,
        "population_estimated": true,
        "size_category": 1,
        "trade": null,
        "source": null,
        "tags": [],
        "notes": [],
        "history": {
          "province_2512": null,
          "province_2276": null,
          "ruler_2515": null,
          "ruler_2512": null,
          "ruler_2276": null
        },
        "wiki": {
          "title": null,
          "url": null,
          "description": null,
          "image": null
        },
        "svg_layer": "Kislev"
      }
    },
    {
      "type": "Feature",
      "id": "copy_text_13711",
      "geometry": {
        "type": "Point",
        "coordinates": [
          7.472383,
          56.697723
        ]
      },
      "properties": {
        "id": "copy_text_13711",
        "name": "Zahorody",
        "category": "settlement",
        "dataset": "kislev",
        "in_gazetteer": false,
        "type": null,
        "region": "Kislev",
        "province": null,
        "estate": null,
        "population": 185,
        "population_estimated": true,
        "size_category": 1,
        "trade": null,
        "source": null,
        "tags": [],
        "notes": [],
        "history": {
          "province_2512": null,
          "province_2276": null,
          "ruler_2515": null,
          "ruler_2512": null,
          "ruler_2276": null
        },
        "wiki": {
          "title": null,
          "url": null,
          "description": null,
          "image": null
        },
        "svg_layer": "Kislev"
      }
    },
    {
      "type": "Feature",
      "id": "copy_text_13712",
      "geometry": {
        "type": "Point",
        "coordinates": [
          7.242055,
          56.855533
        ]
      },
      "properties": {
        "id": "copy_text_13712",
        "name": "Poliany",
        "category": "settlement",
        "dataset": "kislev",
        "in_gazetteer": false,
        "type": null,
        "region": "Kislev",
        "province": null,
        "estate": null,
        "population": 173,
        "population_estimated": true,
        "size_category": 1,
        "trade": null,
        "source": null,
        "tags": [],
        "notes": [],
        "history": {
          "province_2512": null,
          "province_2276": null,
          "ruler_2515": null,
          "ruler_2512": null,
          "ruler_2276": null
        },
        "wiki": {
          "title": null,
          "url": null,
          "description": null,
          "image": null
        },
        "svg_layer": "Kislev"
      }
    },
    {
      "type": "Feature",
      "id": "copy_text_13713",
      "geometry": {
        "type": "Point",
        "coordinates": [
          7.823578,
          57.053479
        ]
      },
      "properties": {
        "id": "copy_text_13713",
        "name": "Horyany",
        "category": "settlement",
        "dataset": "kislev",
        "in_gazetteer": false,
        "type": null,
        "region": "Kislev",
        "province": null,
        "estate": null,
        "population": 123,
        "population_estimated": true,
        "size_category": 1,
        "trade": null,
        "source": null,
        "tags": [],
        "notes": [],
        "history": {
          "province_2512": null,
          "province_2276": null,
          "ruler_2515": null,
          "ruler_2512": null,
          "ruler_2276": null
        },
        "wiki": {
          "title": null,
          "url": null,
          "description": null,
          "image": null
        },
        "svg_layer": "Kislev"
      }
    },
    {
      "type": "Feature",
      "id": "copy_text_13714",
      "geometry": {
        "type": "Point",
        "coordinates": [
          5.927652,
          57.146008
        ]
      },
      "properties": {
        "id": "copy_text_13714",
        "name": "Druzhne",
        "category": "settlement",
        "dataset": "kislev",
        "in_gazetteer": false,
        "type": null,
        "region": "Kislev",
        "province": null,
        "estate": null,
        "population": 782,
        "population_estimated": true,
        "size_category": 2,
        "trade": null,
        "source": null,
        "tags": [],
        "notes": [],
        "history": {
          "province_2512": null,
          "province_2276": null,
          "ruler_2515": null,
          "ruler_2512": null,
          "ruler_2276": null
        },
        "wiki": {
          "title": null,
          "url": null,
          "description": null,
          "image": null
        },
        "svg_layer": "Kislev"
      }
    },
    {
      "type": "Feature",
      "id": "copy_text_13715",
      "geometry": {
        "type": "Point",
        "coordinates": [
          5.856659,
          57.266933
        ]
      },
      "properties": {
        "id": "copy_text_13715",
        "name": "Korshiv",
        "category": "settlement",
        "dataset": "kislev",
        "in_gazetteer": false,
        "type": null,
        "region": "Kislev",
        "province": null,
        "estate": null,
        "population": 94,
        "population_estimated": true,
        "size_category": 1,
        "trade": null,
        "source": null,
        "tags": [],
        "notes": [],
        "history": {
          "province_2512": null,
          "province_2276": null,
          "ruler_2515": null,
          "ruler_2512": null,
          "ruler_2276": null
        },
        "wiki": {
          "title": null,
          "url": null,
          "description": null,
          "image": null
        },
        "svg_layer": "Kislev"
      }
    },
    {
      "type": "Feature",
      "id": "copy_text_13716",
      "geometry": {
        "type": "Point",
        "coordinates": [
          5.825147,
          57.43827
        ]
      },
      "properties": {
        "id": "copy_text_13716",
        "name": "Olenivka",
        "category": "settlement",
        "dataset": "kislev",
        "in_gazetteer": false,
        "type": null,
        "region": "Kislev",
        "province": null,
        "estate": null,
        "population": 336,
        "population_estimated": true,
        "size_category": 2,
        "trade": null,
        "source": null,
        "tags": [],
        "notes": [],
        "history": {
          "province_2512": null,
          "province_2276": null,
          "ruler_2515": null,
          "ruler_2512": null,
          "ruler_2276": null
        },
        "wiki": {
          "title": null,
          "url": null,
          "description": null,
          "image": null
        },
        "svg_layer": "Kislev"
      }
    },
    {
      "type": "Feature",
      "id": "copy_text_13717",
      "geometry": {
        "type": "Point",
        "coordinates": [
          5.76029,
          57.308092
        ]
      },
      "properties": {
        "id": "copy_text_13717",
        "name": "Pryberezne",
        "category": "settlement",
        "dataset": "kislev",
        "in_gazetteer": false,
        "type": null,
        "region": "Kislev",
        "province": null,
        "estate": null,
        "population": 195,
        "population_estimated": true,
        "size_category": 1,
        "trade": null,
        "source": null,
        "tags": [],
        "notes": [],
        "history": {
          "province_2512": null,
          "province_2276": null,
          "ruler_2515": null,
          "ruler_2512": null,
          "ruler_2276": null
        },
        "wiki": {
          "title": null,
          "url": null,
          "description": null,
          "image": null
        },
        "svg_layer": "Kislev"
      }
    },
    {
      "type": "Feature",
      "id": "copy_text_13718",
      "geometry": {
        "type": "Point",
        "coordinates": [
          6.114354,
          57.403762
        ]
      },
      "properties": {
        "id": "copy_text_13718",
        "name": "Yasne",
        "category": "settlement",
        "dataset": "kislev",
        "in_gazetteer": false,
        "type": null,
        "region": "Kislev",
        "province": null,
        "estate": null,
        "population": 157,
        "population_estimated": true,
        "size_category": 1,
        "trade": null,
        "source": null,
        "tags": [],
        "notes": [],
        "history": {
          "province_2512": null,
          "province_2276": null,
          "ruler_2515": null,
          "ruler_2512": null,
          "ruler_2276": null
        },
        "wiki": {
          "title": null,
          "url": null,
          "description": null,
          "image": null
        },
        "svg_layer": "Kislev"
      }
    },
    {
      "type": "Feature",
      "id": "copy_text_13719",
      "geometry": {
        "type": "Point",
        "coordinates": [
          5.492196,
          57.469127
        ]
      },
      "properties": {
        "id": "copy_text_13719",
        "name": "Zahradivka",
        "category": "settlement",
        "dataset": "kislev",
        "in_gazetteer": false,
        "type": null,
        "region": "Kislev",
        "province": null,
        "estate": null,
        "population": 85,
        "population_estimated": true,
        "size_category": 1,
        "trade": null,
        "source": null,
        "tags": [],
        "notes": [],
        "history": {
          "province_2512": null,
          "province_2276": null,
          "ruler_2515": null,
          "ruler_2512": null,
          "ruler_2276": null
        },
        "wiki": {
          "title": null,
          "url": null,
          "description": null,
          "image": null
        },
        "svg_layer": "Kislev"
      }
    },
    {
      "type": "Feature",
      "id": "copy_text_13720",
      "geometry": {
        "type": "Point",
        "coordinates": [
          5.508298,
          57.434437
        ]
      },
      "properties": {
        "id": "copy_text_13720",
        "name": "Vodyane",
        "category": "settlement",
        "dataset": "kislev",
        "in_gazetteer": false,
        "type": null,
        "region": "Kislev",
        "province": null,
        "estate": null,
        "population": 79,
        "population_estimated": true,
        "size_category": 1,
        "trade": null,
        "source": null,
        "tags": [],
        "notes": [],
        "history": {
          "province_2512": null,
          "province_2276": null,
          "ruler_2515": null,
          "ruler_2512": null,
          "ruler_2276": null
        },
        "wiki": {
          "title": null,
          "url": null,
          "description": null,
          "image": null
        },
        "svg_layer": "Kislev"
      }
    },
    {
      "type": "Feature",
      "id": "copy_text_13721",
      "geometry": {
        "type": "Point",
        "coordinates": [
          5.462491,
          57.580885
        ]
      },
      "properties": {
        "id": "copy_text_13721",
        "name": "Lisnyky",
        "category": "settlement",
        "dataset": "kislev",
        "in_gazetteer": false,
        "type": null,
        "region": "Kislev",
        "province": null,
        "estate": null,
        "population": 212,
        "population_estimated": true,
        "size_category": 1,
        "trade": null,
        "source": null,
        "tags": [],
        "notes": [],
        "history": {
          "province_2512": null,
          "province_2276": null,
          "ruler_2515": null,
          "ruler_2512": null,
          "ruler_2276": null
        },
        "wiki": {
          "title": null,
          "url": null,
          "description": null,
          "image": null
        },
        "svg_layer": "Kislev"
      }
    },
    {
      "type": "Feature",
      "id": "copy_text_13722",
      "geometry": {
        "type": "Point",
        "coordinates": [
          9.315444,
          55.096992
        ]
      },
      "properties": {
        "id": "copy_text_13722",
        "name": "Rokytne",
        "category": "settlement",
        "dataset": "kislev",
        "in_gazetteer": false,
        "type": null,
        "region": "Kislev",
        "province": null,
        "estate": null,
        "population": 101,
        "population_estimated": true,
        "size_category": 1,
        "trade": null,
        "source": null,
        "tags": [],
        "notes": [],
        "history": {
          "province_2512": null,
          "province_2276": null,
          "ruler_2515": null,
          "ruler_2512": null,
          "ruler_2276": null
        },
        "wiki": {
          "title": null,
          "url": null,
          "description": null,
          "image": null
        },
        "svg_layer": "Kislev"
      }
    },
    {
      "type": "Feature",
      "id": "copy_text_13723",
      "geometry": {
        "type": "Point",
        "coordinates": [
          7.643225,
          56.773538
        ]
      },
      "properties": {
        "id": "copy_text_13723",
        "name": "Zaparizka",
        "category": "settlement",
        "dataset": "kislev",
        "in_gazetteer": false,
        "type": null,
        "region": "Kislev",
        "province": null,
        "estate": null,
        "population": 252,
        "population_estimated": true,
        "size_category": 1,
        "trade": null,
        "source": null,
        "tags": [],
        "notes": [],
        "history": {
          "province_2512": null,
          "province_2276": null,
          "ruler_2515": null,
          "ruler_2512": null,
          "ruler_2276": null
        },
        "wiki": {
          "title": null,
          "url": null,
          "description": null,
          "image": null
        },
        "svg_layer": "Kislev"
      }
    },
    {
      "type": "Feature",
      "id": "copy_text_13724",
      "geometry": {
        "type": "Point",
        "coordinates": [
          8.515707,
          57.142875
        ]
      },
      "properties": {
        "id": "copy_text_13724",
        "name": "Ternivka",
        "category": "settlement",
        "dataset": "kislev",
        "in_gazetteer": false,
        "type": null,
        "region": "Kislev",
        "province": null,
        "estate": null,
        "population": 117,
        "population_estimated": true,
        "size_category": 1,
        "trade": null,
        "source": null,
        "tags": [],
        "notes": [],
        "history": {
          "province_2512": null,
          "province_2276": null,
          "ruler_2515": null,
          "ruler_2512": null,
          "ruler_2276": null
        },
        "wiki": {
          "title": null,
          "url": null,
          "description": null,
          "image": null
        },
        "svg_layer": "Kislev"
      }
    },
    {
      "type": "Feature",
      "id": "copy_text_13725",
      "geometry": {
        "type": "Point",
        "coordinates": [
          8.634488,
          57.137505
        ]
      },
      "properties": {
        "id": "copy_text_13725",
        "name": "Zhytniv",
        "category": "settlement",
        "dataset": "kislev",
        "in_gazetteer": false,
        "type": null,
        "region": "Kislev",
        "province": null,
        "estate": null,
        "population": 81,
        "population_estimated": true,
        "size_category": 1,
        "trade": null,
        "source": null,
        "tags": [],
        "notes": [],
        "history": {
          "province_2512": null,
          "province_2276": null,
          "ruler_2515": null,
          "ruler_2512": null,
          "ruler_2276": null
        },
        "wiki": {
          "title": null,
          "url": null,
          "description": null,
          "image": null
        },
        "svg_layer": "Kislev"
      }
    },
    {
      "type": "Feature",
      "id": "copy_text_13726",
      "geometry": {
        "type": "Point",
        "coordinates": [
          8.20328,
          57.203992
        ]
      },
      "properties": {
        "id": "copy_text_13726",
        "name": "Kryve",
        "category": "settlement",
        "dataset": "kislev",
        "in_gazetteer": false,
        "type": null,
        "region": "Kislev",
        "province": null,
        "estate": null,
        "population": 281,
        "population_estimated": true,
        "size_category": 1,
        "trade": null,
        "source": null,
        "tags": [],
        "notes": [],
        "history": {
          "province_2512": null,
          "province_2276": null,
          "ruler_2515": null,
          "ruler_2512": null,
          "ruler_2276": null
        },
        "wiki": {
          "title": null,
          "url": null,
          "description": null,
          "image": null
        },
        "svg_layer": "Kislev"
      }
    },
    {
      "type": "Feature",
      "id": "copy_text_13727",
      "geometry": {
        "type": "Point",
        "coordinates": [
          5.671083,
          57.301022
        ]
      },
      "properties": {
        "id": "copy_text_13727",
        "name": "Solone",
        "category": "settlement",
        "dataset": "kislev",
        "in_gazetteer": false,
        "type": null,
        "region": "Kislev",
        "province": null,
        "estate": null,
        "population": 87,
        "population_estimated": true,
        "size_category": 1,
        "trade": null,
        "source": null,
        "tags": [],
        "notes": [],
        "history": {
          "province_2512": null,
          "province_2276": null,
          "ruler_2515": null,
          "ruler_2512": null,
          "ruler_2276": null
        },
        "wiki": {
          "title": null,
          "url": null,
          "description": null,
          "image": null
        },
        "svg_layer": "Kislev"
      }
    },
    {
      "type": "Feature",
      "id": "copy_text_13728",
      "geometry": {
        "type": "Point",
        "coordinates": [
          6.101635,
          57.085586
        ]
      },
      "properties": {
        "id": "copy_text_13728",
        "name": "Vyshhorod",
        "category": "settlement",
        "dataset": "kislev",
        "in_gazetteer": false,
        "type": null,
        "region": "Kislev",
        "province": null,
        "estate": null,
        "population": 130,
        "population_estimated": true,
        "size_category": 1,
        "trade": null,
        "source": null,
        "tags": [],
        "notes": [],
        "history": {
          "province_2512": null,
          "province_2276": null,
          "ruler_2515": null,
          "ruler_2512": null,
          "ruler_2276": null
        },
        "wiki": {
          "title": null,
          "url": null,
          "description": null,
          "image": null
        },
        "svg_layer": "Kislev"
      }
    },
    {
      "type": "Feature",
      "id": "copy_text_13729",
      "geometry": {
        "type": "Point",
        "coordinates": [
          8.100658,
          56.614714
        ]
      },
      "properties": {
        "id": "copy_text_13729",
        "name": "Kamianets",
        "category": "settlement",
        "dataset": "kislev",
        "in_gazetteer": false,
        "type": null,
        "region": "Kislev",
        "province": null,
        "estate": null,
        "population": 180,
        "population_estimated": true,
        "size_category": 1,
        "trade": null,
        "source": null,
        "tags": [],
        "notes": [],
        "history": {
          "province_2512": null,
          "province_2276": null,
          "ruler_2515": null,
          "ruler_2512": null,
          "ruler_2276": null
        },
        "wiki": {
          "title": null,
          "url": null,
          "description": null,
          "image": null
        },
        "svg_layer": "Kislev"
      }
    },
    {
      "type": "Feature",
      "id": "copy_text_13730",
      "geometry": {
        "type": "Point",
        "coordinates": [
          6.528262,
          56.969557
        ]
      },
      "properties": {
        "id": "copy_text_13730",
        "name": "Lypivka",
        "category": "settlement",
        "dataset": "kislev",
        "in_gazetteer": false,
        "type": null,
        "region": "Kislev",
        "province": null,
        "estate": null,
        "population": 93,
        "population_estimated": true,
        "size_category": 1,
        "trade": null,
        "source": null,
        "tags": [],
        "notes": [],
        "history": {
          "province_2512": null,
          "province_2276": null,
          "ruler_2515": null,
          "ruler_2512": null,
          "ruler_2276": null
        },
        "wiki": {
          "title": null,
          "url": null,
          "description": null,
          "image": null
        },
        "svg_layer": "Kislev"
      }
    },
    {
      "type": "Feature",
      "id": "copy_text_13731",
      "geometry": {
        "type": "Point",
        "coordinates": [
          6.469642,
          56.999583
        ]
      },
      "properties": {
        "id": "copy_text_13731",
        "name": "Zorivka",
        "category": "settlement",
        "dataset": "kislev",
        "in_gazetteer": false,
        "type": null,
        "region": "Kislev",
        "province": null,
        "estate": null,
        "population": 119,
        "population_estimated": true,
        "size_category": 1,
        "trade": null,
        "source": null,
        "tags": [],
        "notes": [],
        "history": {
          "province_2512": null,
          "province_2276": null,
          "ruler_2515": null,
          "ruler_2512": null,
          "ruler_2276": null
        },
        "wiki": {
          "title": null,
          "url": null,
          "description": null,
          "image": null
        },
        "svg_layer": "Kislev"
      }
    },
    {
      "type": "Feature",
      "id": "copy_text_13732",
      "geometry": {
        "type": "Point",
        "coordinates": [
          6.951449,
          59.228987
        ]
      },
      "properties": {
        "id": "copy_text_13732",
        "name": "Medvezhgrad",
        "category": "settlement",
        "dataset": "kislev",
        "in_gazetteer": false,
        "type": null,
        "region": "Kislev",
        "province": null,
        "estate": null,
        "population": 240,
        "population_estimated": true,
        "size_category": 1,
        "trade": null,
        "source": null,
        "tags": [],
        "notes": [],
        "history": {
          "province_2512": null,
          "province_2276": null,
          "ruler_2515": null,
          "ruler_2512": null,
          "ruler_2276": null
        },
        "wiki": {
          "title": null,
          "url": null,
          "description": null,
          "image": null
        },
        "svg_layer": "Kislev"
      }
    },
    {
      "type": "Feature",
      "id": "copy_text_13733",
      "geometry": {
        "type": "Point",
        "coordinates": [
          10.526452,
          58.933072
        ]
      },
      "properties": {
        "id": "copy_text_13733",
        "name": "Novoursunsk",
        "category": "settlement",
        "dataset": "kislev",
        "in_gazetteer": false,
        "type": null,
        "region": "Kislev",
        "province": null,
        "estate": null,
        "population": 277,
        "population_estimated": true,
        "size_category": 1,
        "trade": null,
        "source": null,
        "tags": [],
        "notes": [],
        "history": {
          "province_2512": null,
          "province_2276": null,
          "ruler_2515": null,
          "ruler_2512": null,
          "ruler_2276": null
        },
        "wiki": {
          "title": null,
          "url": null,
          "description": null,
          "image": null
        },
        "svg_layer": "Kislev"
      }
    },
    {
      "type": "Feature",
      "id": "copy_text_13734",
      "geometry": {
        "type": "Point",
        "coordinates": [
          6.414675,
          57.049564
        ]
      },
      "properties": {
        "id": "copy_text_13734",
        "name": "Starotorov",
        "category": "settlement",
        "dataset": "kislev",
        "in_gazetteer": false,
        "type": null,
        "region": "Kislev",
        "province": null,
        "estate": null,
        "population": 404,
        "population_estimated": true,
        "size_category": 2,
        "trade": null,
        "source": null,
        "tags": [],
        "notes": [],
        "history": {
          "province_2512": null,
          "province_2276": null,
          "ruler_2515": null,
          "ruler_2512": null,
          "ruler_2276": null
        },
        "wiki": {
          "title": null,
          "url": null,
          "description": null,
          "image": null
        },
        "svg_layer": "Kislev"
      }
    },
    {
      "type": "Feature",
      "id": "copy_text_13735",
      "geometry": {
        "type": "Point",
        "coordinates": [
          7.085841,
          59.759962
        ]
      },
      "properties": {
        "id": "copy_text_13735",
        "name": "Dazhgorod",
        "category": "settlement",
        "dataset": "kislev",
        "in_gazetteer": false,
        "type": null,
        "region": "Kislev",
        "province": null,
        "estate": null,
        "population": 270,
        "population_estimated": true,
        "size_category": 1,
        "trade": null,
        "source": null,
        "tags": [],
        "notes": [],
        "history": {
          "province_2512": null,
          "province_2276": null,
          "ruler_2515": null,
          "ruler_2512": null,
          "ruler_2276": null
        },
        "wiki": {
          "title": null,
          "url": null,
          "description": null,
          "image": null
        },
        "svg_layer": "Kislev"
      }
    },
    {
      "type": "Feature",
      "id": "copy_text_13736",
      "geometry": {
        "type": "Point",
        "coordinates": [
          5.313099,
          58.865196
        ]
      },
      "properties": {
        "id": "copy_text_13736",
        "name": "Ungolskaya",
        "category": "settlement",
        "dataset": "kislev",
        "in_gazetteer": false,
        "type": null,
        "region": "Kislev",
        "province": null,
        "estate": null,
        "population": 508,
        "population_estimated": true,
        "size_category": 2,
        "trade": null,
        "source": null,
        "tags": [],
        "notes": [],
        "history": {
          "province_2512": null,
          "province_2276": null,
          "ruler_2515": null,
          "ruler_2512": null,
          "ruler_2276": null
        },
        "wiki": {
          "title": null,
          "url": null,
          "description": null,
          "image": null
        },
        "svg_layer": "Kislev"
      }
    },
    {
      "type": "Feature",
      "id": "copy_text_13737",
      "geometry": {
        "type": "Point",
        "coordinates": [
          11.286773,
          60.742365
        ]
      },
      "properties": {
        "id": "copy_text_13737",
        "name": "Zimny Bor",
        "category": "settlement",
        "dataset": "kislev",
        "in_gazetteer": false,
        "type": null,
        "region": "Kislev",
        "province": null,
        "estate": null,
        "population": 242,
        "population_estimated": true,
        "size_category": 1,
        "trade": null,
        "source": null,
        "tags": [],
        "notes": [],
        "history": {
          "province_2512": null,
          "province_2276": null,
          "ruler_2515": null,
          "ruler_2512": null,
          "ruler_2276": null
        },
        "wiki": {
          "title": null,
          "url": null,
          "description": null,
          "image": null
        },
        "svg_layer": "Kislev"
      }
    },
    {
      "type": "Feature",
      "id": "copy_text_13738",
      "geometry": {
        "type": "Point",
        "coordinates": [
          9.462356,
          61.566682
        ]
      },
      "properties": {
        "id": "copy_text_13738",
        "name": "Krasnoozero",
        "category": "settlement",
        "dataset": "kislev",
        "in_gazetteer": false,
        "type": null,
        "region": "Kislev",
        "province": null,
        "estate": null,
        "population": 754,
        "population_estimated": true,
        "size_category": 2,
        "trade": null,
        "source": null,
        "tags": [],
        "notes": [],
        "history": {
          "province_2512": null,
          "province_2276": null,
          "ruler_2515": null,
          "ruler_2512": null,
          "ruler_2276": null
        },
        "wiki": {
          "title": null,
          "url": null,
          "description": null,
          "image": null
        },
        "svg_layer": "Kislev"
      }
    },
    {
      "type": "Feature",
      "id": "copy_text_13739",
      "geometry": {
        "type": "Point",
        "coordinates": [
          4.730969,
          59.569557
        ]
      },
      "properties": {
        "id": "copy_text_13739",
        "name": "Belogorsk",
        "category": "settlement",
        "dataset": "kislev",
        "in_gazetteer": false,
        "type": null,
        "region": "Kislev",
        "province": null,
        "estate": null,
        "population": 124,
        "population_estimated": true,
        "size_category": 1,
        "trade": null,
        "source": null,
        "tags": [],
        "notes": [],
        "history": {
          "province_2512": null,
          "province_2276": null,
          "ruler_2515": null,
          "ruler_2512": null,
          "ruler_2276": null
        },
        "wiki": {
          "title": null,
          "url": null,
          "description": null,
          "image": null
        },
        "svg_layer": "Kislev"
      }
    },
    {
      "type": "Feature",
      "id": "copy_text_13740",
      "geometry": {
        "type": "Point",
        "coordinates": [
          10.301328,
          58.357919
        ]
      },
      "properties": {
        "id": "copy_text_13740",
        "name": "Chernolesk",
        "category": "settlement",
        "dataset": "kislev",
        "in_gazetteer": false,
        "type": null,
        "region": "Kislev",
        "province": null,
        "estate": null,
        "population": 185,
        "population_estimated": true,
        "size_category": 1,
        "trade": null,
        "source": null,
        "tags": [],
        "notes": [],
        "history": {
          "province_2512": null,
          "province_2276": null,
          "ruler_2515": null,
          "ruler_2512": null,
          "ruler_2276": null
        },
        "wiki": {
          "title": null,
          "url": null,
          "description": null,
          "image": null
        },
        "svg_layer": "Kislev"
      }
    },
    {
      "type": "Feature",
      "id": "copy_text_13741",
      "geometry": {
        "type": "Point",
        "coordinates": [
          6.132274,
          58.193086
        ]
      },
      "properties": {
        "id": "copy_text_13741",
        "name": "Solntsevo",
        "category": "settlement",
        "dataset": "kislev",
        "in_gazetteer": false,
        "type": null,
        "region": "Kislev",
        "province": null,
        "estate": null,
        "population": 113,
        "population_estimated": true,
        "size_category": 1,
        "trade": null,
        "source": null,
        "tags": [],
        "notes": [],
        "history": {
          "province_2512": null,
          "province_2276": null,
          "ruler_2515": null,
          "ruler_2512": null,
          "ruler_2276": null
        },
        "wiki": {
          "title": null,
          "url": null,
          "description": null,
          "image": null
        },
        "svg_layer": "Kislev"
      }
    },
    {
      "type": "Feature",
      "id": "copy_text_13742",
      "geometry": {
        "type": "Point",
        "coordinates": [
          6.777826,
          58.215228
        ]
      },
      "properties": {
        "id": "copy_text_13742",
        "name": "Zlatorechye",
        "category": "settlement",
        "dataset": "kislev",
        "in_gazetteer": false,
        "type": null,
        "region": "Kislev",
        "province": null,
        "estate": null,
        "population": 224,
        "population_estimated": true,
        "size_category": 1,
        "trade": null,
        "source": null,
        "tags": [],
        "notes": [],
        "history": {
          "province_2512": null,
          "province_2276": null,
          "ruler_2515": null,
          "ruler_2512": null,
          "ruler_2276": null
        },
        "wiki": {
          "title": null,
          "url": null,
          "description": null,
          "image": null
        },
        "svg_layer": "Kislev"
      }
    },
    {
      "type": "Feature",
      "id": "copy_text_13743",
      "geometry": {
        "type": "Point",
        "coordinates": [
          6.640229,
          59.088373
        ]
      },
      "properties": {
        "id": "copy_text_13743",
        "name": "Zelenograd",
        "category": "settlement",
        "dataset": "kislev",
        "in_gazetteer": false,
        "type": null,
        "region": "Kislev",
        "province": null,
        "estate": null,
        "population": 116,
        "population_estimated": true,
        "size_category": 1,
        "trade": null,
        "source": null,
        "tags": [],
        "notes": [],
        "history": {
          "province_2512": null,
          "province_2276": null,
          "ruler_2515": null,
          "ruler_2512": null,
          "ruler_2276": null
        },
        "wiki": {
          "title": null,
          "url": null,
          "description": null,
          "image": null
        },
        "svg_layer": "Kislev"
      }
    },
    {
      "type": "Feature",
      "id": "copy_text_13744",
      "geometry": {
        "type": "Point",
        "coordinates": [
          6.919198,
          59.672761
        ]
      },
      "properties": {
        "id": "copy_text_13744",
        "name": "Kamenetsky",
        "category": "settlement",
        "dataset": "kislev",
        "in_gazetteer": false,
        "type": null,
        "region": "Kislev",
        "province": null,
        "estate": null,
        "population": 72,
        "population_estimated": true,
        "size_category": 1,
        "trade": null,
        "source": null,
        "tags": [],
        "notes": [],
        "history": {
          "province_2512": null,
          "province_2276": null,
          "ruler_2515": null,
          "ruler_2512": null,
          "ruler_2276": null
        },
        "wiki": {
          "title": null,
          "url": null,
          "description": null,
          "image": null
        },
        "svg_layer": "Kislev"
      }
    },
    {
      "type": "Feature",
      "id": "copy_text_13745",
      "geometry": {
        "type": "Point",
        "coordinates": [
          5.922793,
          57.635461
        ]
      },
      "properties": {
        "id": "copy_text_13745",
        "name": "Borovsk",
        "category": "settlement",
        "dataset": "kislev",
        "in_gazetteer": false,
        "type": null,
        "region": "Kislev",
        "province": null,
        "estate": null,
        "population": 73,
        "population_estimated": true,
        "size_category": 1,
        "trade": null,
        "source": null,
        "tags": [],
        "notes": [],
        "history": {
          "province_2512": null,
          "province_2276": null,
          "ruler_2515": null,
          "ruler_2512": null,
          "ruler_2276": null
        },
        "wiki": {
          "title": null,
          "url": null,
          "description": null,
          "image": null
        },
        "svg_layer": "Kislev"
      }
    },
    {
      "type": "Feature",
      "id": "copy_text_13746",
      "geometry": {
        "type": "Point",
        "coordinates": [
          6.524123,
          56.935297
        ]
      },
      "properties": {
        "id": "copy_text_13746",
        "name": "Nizhniy",
        "category": "settlement",
        "dataset": "kislev",
        "in_gazetteer": false,
        "type": null,
        "region": "Kislev",
        "province": null,
        "estate": null,
        "population": 142,
        "population_estimated": true,
        "size_category": 1,
        "trade": null,
        "source": null,
        "tags": [],
        "notes": [],
        "history": {
          "province_2512": null,
          "province_2276": null,
          "ruler_2515": null,
          "ruler_2512": null,
          "ruler_2276": null
        },
        "wiki": {
          "title": null,
          "url": null,
          "description": null,
          "image": null
        },
        "svg_layer": "Kislev"
      }
    },
    {
      "type": "Feature",
      "id": "copy_text_13747",
      "geometry": {
        "type": "Point",
        "coordinates": [
          7.931877,
          57.168795
        ]
      },
      "properties": {
        "id": "copy_text_13747",
        "name": "Vyshnevo",
        "category": "settlement",
        "dataset": "kislev",
        "in_gazetteer": false,
        "type": null,
        "region": "Kislev",
        "province": null,
        "estate": null,
        "population": 512,
        "population_estimated": true,
        "size_category": 2,
        "trade": null,
        "source": null,
        "tags": [],
        "notes": [],
        "history": {
          "province_2512": null,
          "province_2276": null,
          "ruler_2515": null,
          "ruler_2512": null,
          "ruler_2276": null
        },
        "wiki": {
          "title": null,
          "url": null,
          "description": null,
          "image": null
        },
        "svg_layer": "Kislev"
      }
    },
    {
      "type": "Feature",
      "id": "copy_text_13748",
      "geometry": {
        "type": "Point",
        "coordinates": [
          6.637003,
          58.149224
        ]
      },
      "properties": {
        "id": "copy_text_13748",
        "name": "Torogorsk",
        "category": "settlement",
        "dataset": "kislev",
        "in_gazetteer": false,
        "type": null,
        "region": "Kislev",
        "province": null,
        "estate": null,
        "population": 151,
        "population_estimated": true,
        "size_category": 1,
        "trade": null,
        "source": null,
        "tags": [],
        "notes": [],
        "history": {
          "province_2512": null,
          "province_2276": null,
          "ruler_2515": null,
          "ruler_2512": null,
          "ruler_2276": null
        },
        "wiki": {
          "title": null,
          "url": null,
          "description": null,
          "image": null
        },
        "svg_layer": "Kislev"
      }
    },
    {
      "type": "Feature",
      "id": "copy_text_13749",
      "geometry": {
        "type": "Point",
        "coordinates": [
          5.240534,
          58.756832
        ]
      },
      "properties": {
        "id": "copy_text_13749",
        "name": "Beloretsk",
        "category": "settlement",
        "dataset": "kislev",
        "in_gazetteer": false,
        "type": null,
        "region": "Kislev",
        "province": null,
        "estate": null,
        "population": 165,
        "population_estimated": true,
        "size_category": 1,
        "trade": null,
        "source": null,
        "tags": [],
        "notes": [],
        "history": {
          "province_2512": null,
          "province_2276": null,
          "ruler_2515": null,
          "ruler_2512": null,
          "ruler_2276": null
        },
        "wiki": {
          "title": null,
          "url": null,
          "description": null,
          "image": null
        },
        "svg_layer": "Kislev"
      }
    },
    {
      "type": "Feature",
      "id": "copy_text_13750",
      "geometry": {
        "type": "Point",
        "coordinates": [
          10.701555,
          59.298392
        ]
      },
      "properties": {
        "id": "copy_text_13750",
        "name": "Chernogorod",
        "category": "settlement",
        "dataset": "kislev",
        "in_gazetteer": false,
        "type": null,
        "region": "Kislev",
        "province": null,
        "estate": null,
        "population": 100,
        "population_estimated": true,
        "size_category": 1,
        "trade": null,
        "source": null,
        "tags": [],
        "notes": [],
        "history": {
          "province_2512": null,
          "province_2276": null,
          "ruler_2515": null,
          "ruler_2512": null,
          "ruler_2276": null
        },
        "wiki": {
          "title": null,
          "url": null,
          "description": null,
          "image": null
        },
        "svg_layer": "Kislev"
      }
    },
    {
      "type": "Feature",
      "id": "copy_text_13751",
      "geometry": {
        "type": "Point",
        "coordinates": [
          9.749221,
          59.583748
        ]
      },
      "properties": {
        "id": "copy_text_13751",
        "name": "Solntsegorsk",
        "category": "settlement",
        "dataset": "kislev",
        "in_gazetteer": false,
        "type": null,
        "region": "Kislev",
        "province": null,
        "estate": null,
        "population": 125,
        "population_estimated": true,
        "size_category": 1,
        "trade": null,
        "source": null,
        "tags": [],
        "notes": [],
        "history": {
          "province_2512": null,
          "province_2276": null,
          "ruler_2515": null,
          "ruler_2512": null,
          "ruler_2276": null
        },
        "wiki": {
          "title": null,
          "url": null,
          "description": null,
          "image": null
        },
        "svg_layer": "Kislev"
      }
    },
    {
      "type": "Feature",
      "id": "copy_text_13752",
      "geometry": {
        "type": "Point",
        "coordinates": [
          8.638853,
          60.717768
        ]
      },
      "properties": {
        "id": "copy_text_13752",
        "name": "Zimovka",
        "category": "settlement",
        "dataset": "kislev",
        "in_gazetteer": false,
        "type": null,
        "region": "Kislev",
        "province": null,
        "estate": null,
        "population": 124,
        "population_estimated": true,
        "size_category": 1,
        "trade": null,
        "source": null,
        "tags": [],
        "notes": [],
        "history": {
          "province_2512": null,
          "province_2276": null,
          "ruler_2515": null,
          "ruler_2512": null,
          "ruler_2276": null
        },
        "wiki": {
          "title": null,
          "url": null,
          "description": null,
          "image": null
        },
        "svg_layer": "Kislev"
      }
    },
    {
      "type": "Feature",
      "id": "copy_text_13753",
      "geometry": {
        "type": "Point",
        "coordinates": [
          10.561093,
          59.140905
        ]
      },
      "properties": {
        "id": "copy_text_13753",
        "name": "Krasnoyar",
        "category": "settlement",
        "dataset": "kislev",
        "in_gazetteer": false,
        "type": null,
        "region": "Kislev",
        "province": null,
        "estate": null,
        "population": 112,
        "population_estimated": true,
        "size_category": 1,
        "trade": null,
        "source": null,
        "tags": [],
        "notes": [],
        "history": {
          "province_2512": null,
          "province_2276": null,
          "ruler_2515": null,
          "ruler_2512": null,
          "ruler_2276": null
        },
        "wiki": {
          "title": null,
          "url": null,
          "description": null,
          "image": null
        },
        "svg_layer": "Kislev"
      }
    },
    {
      "type": "Feature",
      "id": "copy_text_13754",
      "geometry": {
        "type": "Point",
        "coordinates": [
          10.638221,
          59.180101
        ]
      },
      "properties": {
        "id": "copy_text_13754",
        "name": "Dazhrad",
        "category": "settlement",
        "dataset": "kislev",
        "in_gazetteer": false,
        "type": null,
        "region": "Kislev",
        "province": null,
        "estate": null,
        "population": 150,
        "population_estimated": true,
        "size_category": 1,
        "trade": null,
        "source": null,
        "tags": [],
        "notes": [],
        "history": {
          "province_2512": null,
          "province_2276": null,
          "ruler_2515": null,
          "ruler_2512": null,
          "ruler_2276": null
        },
        "wiki": {
          "title": null,
          "url": null,
          "description": null,
          "image": null
        },
        "svg_layer": "Kislev"
      }
    },
    {
      "type": "Feature",
      "id": "copy_text_13755",
      "geometry": {
        "type": "Point",
        "coordinates": [
          10.700846,
          59.608016
        ]
      },
      "properties": {
        "id": "copy_text_13755",
        "name": "Belograd",
        "category": "settlement",
        "dataset": "kislev",
        "in_gazetteer": false,
        "type": null,
        "region": "Kislev",
        "province": null,
        "estate": null,
        "population": 101,
        "population_estimated": true,
        "size_category": 1,
        "trade": null,
        "source": null,
        "tags": [],
        "notes": [],
        "history": {
          "province_2512": null,
          "province_2276": null,
          "ruler_2515": null,
          "ruler_2512": null,
          "ruler_2276": null
        },
        "wiki": {
          "title": null,
          "url": null,
          "description": null,
          "image": null
        },
        "svg_layer": "Kislev"
      }
    },
    {
      "type": "Feature",
      "id": "copy_text_13756",
      "geometry": {
        "type": "Point",
        "coordinates": [
          10.161228,
          58.8194
        ]
      },
      "properties": {
        "id": "copy_text_13756",
        "name": "Zeleny Dol",
        "category": "settlement",
        "dataset": "kislev",
        "in_gazetteer": false,
        "type": null,
        "region": "Kislev",
        "province": null,
        "estate": null,
        "population": 132,
        "population_estimated": true,
        "size_category": 1,
        "trade": null,
        "source": null,
        "tags": [],
        "notes": [],
        "history": {
          "province_2512": null,
          "province_2276": null,
          "ruler_2515": null,
          "ruler_2512": null,
          "ruler_2276": null
        },
        "wiki": {
          "title": null,
          "url": null,
          "description": null,
          "image": null
        },
        "svg_layer": "Kislev"
      }
    },
    {
      "type": "Feature",
      "id": "copy_text_13757",
      "geometry": {
        "type": "Point",
        "coordinates": [
          11.050548,
          60.048162
        ]
      },
      "properties": {
        "id": "copy_text_13757",
        "name": "Belolug",
        "category": "settlement",
        "dataset": "kislev",
        "in_gazetteer": false,
        "type": null,
        "region": "Kislev",
        "province": null,
        "estate": null,
        "population": 149,
        "population_estimated": true,
        "size_category": 1,
        "trade": null,
        "source": null,
        "tags": [],
        "notes": [],
        "history": {
          "province_2512": null,
          "province_2276": null,
          "ruler_2515": null,
          "ruler_2512": null,
          "ruler_2276": null
        },
        "wiki": {
          "title": null,
          "url": null,
          "description": null,
          "image": null
        },
        "svg_layer": "Kislev"
      }
    },
    {
      "type": "Feature",
      "id": "copy_text_13758",
      "geometry": {
        "type": "Point",
        "coordinates": [
          12.237384,
          59.924317
        ]
      },
      "properties": {
        "id": "copy_text_13758",
        "name": "Chernorechensk",
        "category": "settlement",
        "dataset": "kislev",
        "in_gazetteer": false,
        "type": null,
        "region": "Kislev",
        "province": null,
        "estate": null,
        "population": 70,
        "population_estimated": true,
        "size_category": 1,
        "trade": null,
        "source": null,
        "tags": [],
        "notes": [],
        "history": {
          "province_2512": null,
          "province_2276": null,
          "ruler_2515": null,
          "ruler_2512": null,
          "ruler_2276": null
        },
        "wiki": {
          "title": null,
          "url": null,
          "description": null,
          "image": null
        },
        "svg_layer": "Kislev"
      }
    },
    {
      "type": "Feature",
      "id": "copy_text_13759",
      "geometry": {
        "type": "Point",
        "coordinates": [
          10.509885,
          59.232467
        ]
      },
      "properties": {
        "id": "copy_text_13759",
        "name": "Solntsedar",
        "category": "settlement",
        "dataset": "kislev",
        "in_gazetteer": false,
        "type": null,
        "region": "Kislev",
        "province": null,
        "estate": null,
        "population": 134,
        "population_estimated": true,
        "size_category": 1,
        "trade": null,
        "source": null,
        "tags": [],
        "notes": [],
        "history": {
          "province_2512": null,
          "province_2276": null,
          "ruler_2515": null,
          "ruler_2512": null,
          "ruler_2276": null
        },
        "wiki": {
          "title": null,
          "url": null,
          "description": null,
          "image": null
        },
        "svg_layer": "Kislev"
      }
    },
    {
      "type": "Feature",
      "id": "copy_text_13760",
      "geometry": {
        "type": "Point",
        "coordinates": [
          13.368589,
          60.327349
        ]
      },
      "properties": {
        "id": "copy_text_13760",
        "name": "Zimnegorsk",
        "category": "settlement",
        "dataset": "kislev",
        "in_gazetteer": false,
        "type": null,
        "region": "Kislev",
        "province": null,
        "estate": null,
        "population": 64,
        "population_estimated": true,
        "size_category": 1,
        "trade": null,
        "source": null,
        "tags": [],
        "notes": [],
        "history": {
          "province_2512": null,
          "province_2276": null,
          "ruler_2515": null,
          "ruler_2512": null,
          "ruler_2276": null
        },
        "wiki": {
          "title": null,
          "url": null,
          "description": null,
          "image": null
        },
        "svg_layer": "Kislev"
      }
    },
    {
      "type": "Feature",
      "id": "copy_text_13761",
      "geometry": {
        "type": "Point",
        "coordinates": [
          12.408503,
          60.004431
        ]
      },
      "properties": {
        "id": "copy_text_13761",
        "name": "Krasnobor",
        "category": "settlement",
        "dataset": "kislev",
        "in_gazetteer": false,
        "type": null,
        "region": "Kislev",
        "province": null,
        "estate": null,
        "population": 184,
        "population_estimated": true,
        "size_category": 1,
        "trade": null,
        "source": null,
        "tags": [],
        "notes": [],
        "history": {
          "province_2512": null,
          "province_2276": null,
          "ruler_2515": null,
          "ruler_2512": null,
          "ruler_2276": null
        },
        "wiki": {
          "title": null,
          "url": null,
          "description": null,
          "image": null
        },
        "svg_layer": "Kislev"
      }
    },
    {
      "type": "Feature",
      "id": "copy_text_13762",
      "geometry": {
        "type": "Point",
        "coordinates": [
          11.764421,
          61.078225
        ]
      },
      "properties": {
        "id": "copy_text_13762",
        "name": "Beloyar",
        "category": "settlement",
        "dataset": "kislev",
        "in_gazetteer": false,
        "type": null,
        "region": "Kislev",
        "province": null,
        "estate": null,
        "population": 176,
        "population_estimated": true,
        "size_category": 1,
        "trade": null,
        "source": null,
        "tags": [],
        "notes": [],
        "history": {
          "province_2512": null,
          "province_2276": null,
          "ruler_2515": null,
          "ruler_2512": null,
          "ruler_2276": null
        },
        "wiki": {
          "title": null,
          "url": null,
          "description": null,
          "image": null
        },
        "svg_layer": "Kislev"
      }
    },
    {
      "type": "Feature",
      "id": "copy_text_13763",
      "geometry": {
        "type": "Point",
        "coordinates": [
          14.148515,
          60.05369
        ]
      },
      "properties": {
        "id": "copy_text_13763",
        "name": "Chernopolye",
        "category": "settlement",
        "dataset": "kislev",
        "in_gazetteer": false,
        "type": null,
        "region": "Kislev",
        "province": null,
        "estate": null,
        "population": 239,
        "population_estimated": true,
        "size_category": 1,
        "trade": null,
        "source": null,
        "tags": [],
        "notes": [],
        "history": {
          "province_2512": null,
          "province_2276": null,
          "ruler_2515": null,
          "ruler_2512": null,
          "ruler_2276": null
        },
        "wiki": {
          "title": null,
          "url": null,
          "description": null,
          "image": null
        },
        "svg_layer": "Kislev"
      }
    },
    {
      "type": "Feature",
      "id": "copy_text_13764",
      "geometry": {
        "type": "Point",
        "coordinates": [
          10.57727,
          58.79486
        ]
      },
      "properties": {
        "id": "copy_text_13764",
        "name": "Kamenny",
        "category": "settlement",
        "dataset": "kislev",
        "in_gazetteer": false,
        "type": null,
        "region": "Kislev",
        "province": null,
        "estate": null,
        "population": 198,
        "population_estimated": true,
        "size_category": 1,
        "trade": null,
        "source": null,
        "tags": [],
        "notes": [],
        "history": {
          "province_2512": null,
          "province_2276": null,
          "ruler_2515": null,
          "ruler_2512": null,
          "ruler_2276": null
        },
        "wiki": {
          "title": null,
          "url": null,
          "description": null,
          "image": null
        },
        "svg_layer": "Kislev"
      }
    },
    {
      "type": "Feature",
      "id": "copy_text_13765",
      "geometry": {
        "type": "Point",
        "coordinates": [
          10.623225,
          59.272001
        ]
      },
      "properties": {
        "id": "copy_text_13765",
        "name": "Krasnograd",
        "category": "settlement",
        "dataset": "kislev",
        "in_gazetteer": false,
        "type": null,
        "region": "Kislev",
        "province": null,
        "estate": null,
        "population": 93,
        "population_estimated": true,
        "size_category": 1,
        "trade": null,
        "source": null,
        "tags": [],
        "notes": [],
        "history": {
          "province_2512": null,
          "province_2276": null,
          "ruler_2515": null,
          "ruler_2512": null,
          "ruler_2276": null
        },
        "wiki": {
          "title": null,
          "url": null,
          "description": null,
          "image": null
        },
        "svg_layer": "Kislev"
      }
    },
    {
      "type": "Feature",
      "id": "copy_text_13766",
      "geometry": {
        "type": "Point",
        "coordinates": [
          6.759714,
          55.724938
        ]
      },
      "properties": {
        "id": "copy_text_13766",
        "name": "Irjisara",
        "category": "settlement",
        "dataset": "kislev",
        "in_gazetteer": true,
        "type": null,
        "region": "Kislev",
        "province": null,
        "estate": null,
        "population": 370,
        "population_estimated": true,
        "size_category": 2,
        "trade": null,
        "source": "Warhammer Fantasy Roleplay 2e: Realm of the Ice Queen",
        "tags": [],
        "notes": [],
        "history": {
          "province_2512": null,
          "province_2276": null,
          "ruler_2515": null,
          "ruler_2512": null,
          "ruler_2276": null
        },
        "wiki": {
          "title": null,
          "url": null,
          "description": null,
          "image": null
        },
        "svg_layer": "Kislev"
      }
    },
    {
      "type": "Feature",
      "id": "copy_text_13767",
      "geometry": {
        "type": "Point",
        "coordinates": [
          12.495369,
          59.55086
        ]
      },
      "properties": {
        "id": "copy_text_13767",
        "name": "Novoborovo",
        "category": "settlement",
        "dataset": "kislev",
        "in_gazetteer": false,
        "type": null,
        "region": "Kislev",
        "province": null,
        "estate": null,
        "population": 239,
        "population_estimated": true,
        "size_category": 1,
        "trade": null,
        "source": null,
        "tags": [],
        "notes": [],
        "history": {
          "province_2512": null,
          "province_2276": null,
          "ruler_2515": null,
          "ruler_2512": null,
          "ruler_2276": null
        },
        "wiki": {
          "title": null,
          "url": null,
          "description": null,
          "image": null
        },
        "svg_layer": "Kislev"
      }
    },
    {
      "type": "Feature",
      "id": "copy_text_13768",
      "geometry": {
        "type": "Point",
        "coordinates": [
          12.082372,
          59.835684
        ]
      },
      "properties": {
        "id": "copy_text_13768",
        "name": "Starorechensk",
        "category": "settlement",
        "dataset": "kislev",
        "in_gazetteer": false,
        "type": null,
        "region": "Kislev",
        "province": null,
        "estate": null,
        "population": 157,
        "population_estimated": true,
        "size_category": 1,
        "trade": null,
        "source": null,
        "tags": [],
        "notes": [],
        "history": {
          "province_2512": null,
          "province_2276": null,
          "ruler_2515": null,
          "ruler_2512": null,
          "ruler_2276": null
        },
        "wiki": {
          "title": null,
          "url": null,
          "description": null,
          "image": null
        },
        "svg_layer": "Kislev"
      }
    },
    {
      "type": "Feature",
      "id": "copy_text_13769",
      "geometry": {
        "type": "Point",
        "coordinates": [
          10.250896,
          59.597032
        ]
      },
      "properties": {
        "id": "copy_text_13769",
        "name": "Belogorad",
        "category": "settlement",
        "dataset": "kislev",
        "in_gazetteer": false,
        "type": null,
        "region": "Kislev",
        "province": null,
        "estate": null,
        "population": 94,
        "population_estimated": true,
        "size_category": 1,
        "trade": null,
        "source": null,
        "tags": [],
        "notes": [],
        "history": {
          "province_2512": null,
          "province_2276": null,
          "ruler_2515": null,
          "ruler_2512": null,
          "ruler_2276": null
        },
        "wiki": {
          "title": null,
          "url": null,
          "description": null,
          "image": null
        },
        "svg_layer": "Kislev"
      }
    },
    {
      "type": "Feature",
      "id": "copy_text_13770",
      "geometry": {
        "type": "Point",
        "coordinates": [
          8.820373,
          60.770592
        ]
      },
      "properties": {
        "id": "copy_text_13770",
        "name": "Arsenkovo",
        "category": "settlement",
        "dataset": "kislev",
        "in_gazetteer": false,
        "type": null,
        "region": "Kislev",
        "province": null,
        "estate": null,
        "population": 196,
        "population_estimated": true,
        "size_category": 1,
        "trade": null,
        "source": null,
        "tags": [],
        "notes": [],
        "history": {
          "province_2512": null,
          "province_2276": null,
          "ruler_2515": null,
          "ruler_2512": null,
          "ruler_2276": null
        },
        "wiki": {
          "title": null,
          "url": null,
          "description": null,
          "image": null
        },
        "svg_layer": "Kislev"
      }
    },
    {
      "type": "Feature",
      "id": "copy_text_13771",
      "geometry": {
        "type": "Point",
        "coordinates": [
          5.415481,
          58.937447
        ]
      },
      "properties": {
        "id": "copy_text_13771",
        "name": "Demyanskoye",
        "category": "settlement",
        "dataset": "kislev",
        "in_gazetteer": false,
        "type": null,
        "region": "Kislev",
        "province": null,
        "estate": null,
        "population": 70,
        "population_estimated": true,
        "size_category": 1,
        "trade": null,
        "source": null,
        "tags": [],
        "notes": [],
        "history": {
          "province_2512": null,
          "province_2276": null,
          "ruler_2515": null,
          "ruler_2512": null,
          "ruler_2276": null
        },
        "wiki": {
          "title": null,
          "url": null,
          "description": null,
          "image": null
        },
        "svg_layer": "Kislev"
      }
    },
    {
      "type": "Feature",
      "id": "copy_text_13772",
      "geometry": {
        "type": "Point",
        "coordinates": [
          4.936554,
          58.925836
        ]
      },
      "properties": {
        "id": "copy_text_13772",
        "name": "Ilyashevo",
        "category": "settlement",
        "dataset": "kislev",
        "in_gazetteer": false,
        "type": null,
        "region": "Kislev",
        "province": null,
        "estate": null,
        "population": 231,
        "population_estimated": true,
        "size_category": 1,
        "trade": null,
        "source": null,
        "tags": [],
        "notes": [],
        "history": {
          "province_2512": null,
          "province_2276": null,
          "ruler_2515": null,
          "ruler_2512": null,
          "ruler_2276": null
        },
        "wiki": {
          "title": null,
          "url": null,
          "description": null,
          "image": null
        },
        "svg_layer": "Kislev"
      }
    },
    {
      "type": "Feature",
      "id": "copy_text_13773",
      "geometry": {
        "type": "Point",
        "coordinates": [
          4.479397,
          59.372191
        ]
      },
      "properties": {
        "id": "copy_text_13773",
        "name": "Spasskoye",
        "category": "settlement",
        "dataset": "kislev",
        "in_gazetteer": false,
        "type": null,
        "region": "Kislev",
        "province": null,
        "estate": null,
        "population": 100,
        "population_estimated": true,
        "size_category": 1,
        "trade": null,
        "source": null,
        "tags": [],
        "notes": [],
        "history": {
          "province_2512": null,
          "province_2276": null,
          "ruler_2515": null,
          "ruler_2512": null,
          "ruler_2276": null
        },
        "wiki": {
          "title": null,
          "url": null,
          "description": null,
          "image": null
        },
        "svg_layer": "Kislev"
      }
    },
    {
      "type": "Feature",
      "id": "copy_text_13774",
      "geometry": {
        "type": "Point",
        "coordinates": [
          6.438641,
          58.746523
        ]
      },
      "properties": {
        "id": "copy_text_13774",
        "name": "Karpovsk",
        "category": "settlement",
        "dataset": "kislev",
        "in_gazetteer": false,
        "type": null,
        "region": "Kislev",
        "province": null,
        "estate": null,
        "population": 160,
        "population_estimated": true,
        "size_category": 1,
        "trade": null,
        "source": null,
        "tags": [],
        "notes": [],
        "history": {
          "province_2512": null,
          "province_2276": null,
          "ruler_2515": null,
          "ruler_2512": null,
          "ruler_2276": null
        },
        "wiki": {
          "title": null,
          "url": null,
          "description": null,
          "image": null
        },
        "svg_layer": "Kislev"
      }
    },
    {
      "type": "Feature",
      "id": "copy_text_13775",
      "geometry": {
        "type": "Point",
        "coordinates": [
          5.919402,
          58.489805
        ]
      },
      "properties": {
        "id": "copy_text_13775",
        "name": "Kasparovka",
        "category": "settlement",
        "dataset": "kislev",
        "in_gazetteer": false,
        "type": null,
        "region": "Kislev",
        "province": null,
        "estate": null,
        "population": 191,
        "population_estimated": true,
        "size_category": 1,
        "trade": null,
        "source": null,
        "tags": [],
        "notes": [],
        "history": {
          "province_2512": null,
          "province_2276": null,
          "ruler_2515": null,
          "ruler_2512": null,
          "ruler_2276": null
        },
        "wiki": {
          "title": null,
          "url": null,
          "description": null,
          "image": null
        },
        "svg_layer": "Kislev"
      }
    },
    {
      "type": "Feature",
      "id": "copy_text_13776",
      "geometry": {
        "type": "Point",
        "coordinates": [
          5.406614,
          58.755552
        ]
      },
      "properties": {
        "id": "copy_text_13776",
        "name": "Botvinniki",
        "category": "settlement",
        "dataset": "kislev",
        "in_gazetteer": false,
        "type": null,
        "region": "Kislev",
        "province": null,
        "estate": null,
        "population": 136,
        "population_estimated": true,
        "size_category": 1,
        "trade": null,
        "source": null,
        "tags": [],
        "notes": [],
        "history": {
          "province_2512": null,
          "province_2276": null,
          "ruler_2515": null,
          "ruler_2512": null,
          "ruler_2276": null
        },
        "wiki": {
          "title": null,
          "url": null,
          "description": null,
          "image": null
        },
        "svg_layer": "Kislev"
      }
    },
    {
      "type": "Feature",
      "id": "copy_text_13777",
      "geometry": {
        "type": "Point",
        "coordinates": [
          5.666231,
          58.607198
        ]
      },
      "properties": {
        "id": "copy_text_13777",
        "name": "Talgrad",
        "category": "settlement",
        "dataset": "kislev",
        "in_gazetteer": false,
        "type": null,
        "region": "Kislev",
        "province": null,
        "estate": null,
        "population": 149,
        "population_estimated": true,
        "size_category": 1,
        "trade": null,
        "source": null,
        "tags": [],
        "notes": [],
        "history": {
          "province_2512": null,
          "province_2276": null,
          "ruler_2515": null,
          "ruler_2512": null,
          "ruler_2276": null
        },
        "wiki": {
          "title": null,
          "url": null,
          "description": null,
          "image": null
        },
        "svg_layer": "Kislev"
      }
    },
    {
      "type": "Feature",
      "id": "copy_text_13778",
      "geometry": {
        "type": "Point",
        "coordinates": [
          6.904668,
          59.483133
        ]
      },
      "properties": {
        "id": "copy_text_13778",
        "name": "Petrosyansk",
        "category": "settlement",
        "dataset": "kislev",
        "in_gazetteer": false,
        "type": null,
        "region": "Kislev",
        "province": null,
        "estate": null,
        "population": 77,
        "population_estimated": true,
        "size_category": 1,
        "trade": null,
        "source": null,
        "tags": [],
        "notes": [],
        "history": {
          "province_2512": null,
          "province_2276": null,
          "ruler_2515": null,
          "ruler_2512": null,
          "ruler_2276": null
        },
        "wiki": {
          "title": null,
          "url": null,
          "description": null,
          "image": null
        },
        "svg_layer": "Kislev"
      }
    },
    {
      "type": "Feature",
      "id": "copy_text_13779",
      "geometry": {
        "type": "Point",
        "coordinates": [
          7.048197,
          59.730783
        ]
      },
      "properties": {
        "id": "copy_text_13779",
        "name": "Nekrasovo",
        "category": "settlement",
        "dataset": "kislev",
        "in_gazetteer": false,
        "type": null,
        "region": "Kislev",
        "province": null,
        "estate": null,
        "population": 137,
        "population_estimated": true,
        "size_category": 1,
        "trade": null,
        "source": null,
        "tags": [],
        "notes": [],
        "history": {
          "province_2512": null,
          "province_2276": null,
          "ruler_2515": null,
          "ruler_2512": null,
          "ruler_2276": null
        },
        "wiki": {
          "title": null,
          "url": null,
          "description": null,
          "image": null
        },
        "svg_layer": "Kislev"
      }
    },
    {
      "type": "Feature",
      "id": "copy_text_13780",
      "geometry": {
        "type": "Point",
        "coordinates": [
          11.129542,
          60.219745
        ]
      },
      "properties": {
        "id": "copy_text_13780",
        "name": "Fateyevo",
        "category": "settlement",
        "dataset": "kislev",
        "in_gazetteer": false,
        "type": null,
        "region": "Kislev",
        "province": null,
        "estate": null,
        "population": 249,
        "population_estimated": true,
        "size_category": 1,
        "trade": null,
        "source": null,
        "tags": [],
        "notes": [],
        "history": {
          "province_2512": null,
          "province_2276": null,
          "ruler_2515": null,
          "ruler_2512": null,
          "ruler_2276": null
        },
        "wiki": {
          "title": null,
          "url": null,
          "description": null,
          "image": null
        },
        "svg_layer": "Kislev"
      }
    },
    {
      "type": "Feature",
      "id": "copy_text_13781",
      "geometry": {
        "type": "Point",
        "coordinates": [
          11.177918,
          60.436472
        ]
      },
      "properties": {
        "id": "copy_text_13781",
        "name": "Vasilyevskoye",
        "category": "settlement",
        "dataset": "kislev",
        "in_gazetteer": false,
        "type": null,
        "region": "Kislev",
        "province": null,
        "estate": null,
        "population": 103,
        "population_estimated": true,
        "size_category": 1,
        "trade": null,
        "source": null,
        "tags": [],
        "notes": [],
        "history": {
          "province_2512": null,
          "province_2276": null,
          "ruler_2515": null,
          "ruler_2512": null,
          "ruler_2276": null
        },
        "wiki": {
          "title": null,
          "url": null,
          "description": null,
          "image": null
        },
        "svg_layer": "Kislev"
      }
    },
    {
      "type": "Feature",
      "id": "copy_text_13782",
      "geometry": {
        "type": "Point",
        "coordinates": [
          10.73608,
          59.917877
        ]
      },
      "properties": {
        "id": "copy_text_13782",
        "name": "Onufriyevo",
        "category": "settlement",
        "dataset": "kislev",
        "in_gazetteer": false,
        "type": null,
        "region": "Kislev",
        "province": null,
        "estate": null,
        "population": 154,
        "population_estimated": true,
        "size_category": 1,
        "trade": null,
        "source": null,
        "tags": [],
        "notes": [],
        "history": {
          "province_2512": null,
          "province_2276": null,
          "ruler_2515": null,
          "ruler_2512": null,
          "ruler_2276": null
        },
        "wiki": {
          "title": null,
          "url": null,
          "description": null,
          "image": null
        },
        "svg_layer": "Kislev"
      }
    },
    {
      "type": "Feature",
      "id": "copy_text_13783",
      "geometry": {
        "type": "Point",
        "coordinates": [
          10.952164,
          59.308978
        ]
      },
      "properties": {
        "id": "copy_text_13783",
        "name": "Rybinskoye",
        "category": "settlement",
        "dataset": "kislev",
        "in_gazetteer": false,
        "type": null,
        "region": "Kislev",
        "province": null,
        "estate": null,
        "population": 93,
        "population_estimated": true,
        "size_category": 1,
        "trade": null,
        "source": null,
        "tags": [],
        "notes": [],
        "history": {
          "province_2512": null,
          "province_2276": null,
          "ruler_2515": null,
          "ruler_2512": null,
          "ruler_2276": null
        },
        "wiki": {
          "title": null,
          "url": null,
          "description": null,
          "image": null
        },
        "svg_layer": "Kislev"
      }
    },
    {
      "type": "Feature",
      "id": "copy_text_13784",
      "geometry": {
        "type": "Point",
        "coordinates": [
          11.886249,
          56.061936
        ]
      },
      "properties": {
        "id": "copy_text_13784",
        "name": "Olkhovka",
        "category": "settlement",
        "dataset": "kislev",
        "in_gazetteer": false,
        "type": null,
        "region": "Kislev",
        "province": null,
        "estate": null,
        "population": 103,
        "population_estimated": true,
        "size_category": 1,
        "trade": null,
        "source": null,
        "tags": [],
        "notes": [],
        "history": {
          "province_2512": null,
          "province_2276": null,
          "ruler_2515": null,
          "ruler_2512": null,
          "ruler_2276": null
        },
        "wiki": {
          "title": null,
          "url": null,
          "description": null,
          "image": null
        },
        "svg_layer": "Kislev"
      }
    },
    {
      "type": "Feature",
      "id": "copy_text_13785",
      "geometry": {
        "type": "Point",
        "coordinates": [
          12.436511,
          54.75063
        ]
      },
      "properties": {
        "id": "copy_text_13785",
        "name": "Rucheyok",
        "category": "settlement",
        "dataset": "kislev",
        "in_gazetteer": false,
        "type": null,
        "region": "Kislev",
        "province": null,
        "estate": null,
        "population": 297,
        "population_estimated": true,
        "size_category": 1,
        "trade": null,
        "source": null,
        "tags": [],
        "notes": [],
        "history": {
          "province_2512": null,
          "province_2276": null,
          "ruler_2515": null,
          "ruler_2512": null,
          "ruler_2276": null
        },
        "wiki": {
          "title": null,
          "url": null,
          "description": null,
          "image": null
        },
        "svg_layer": "Kislev"
      }
    },
    {
      "type": "Feature",
      "id": "copy_text_13786",
      "geometry": {
        "type": "Point",
        "coordinates": [
          12.060788,
          54.680969
        ]
      },
      "properties": {
        "id": "copy_text_13786",
        "name": "Topolevo",
        "category": "settlement",
        "dataset": "kislev",
        "in_gazetteer": false,
        "type": null,
        "region": "Kislev",
        "province": null,
        "estate": null,
        "population": 97,
        "population_estimated": true,
        "size_category": 1,
        "trade": null,
        "source": null,
        "tags": [],
        "notes": [],
        "history": {
          "province_2512": null,
          "province_2276": null,
          "ruler_2515": null,
          "ruler_2512": null,
          "ruler_2276": null
        },
        "wiki": {
          "title": null,
          "url": null,
          "description": null,
          "image": null
        },
        "svg_layer": "Kislev"
      }
    },
    {
      "type": "Feature",
      "id": "copy_text_13787",
      "geometry": {
        "type": "Point",
        "coordinates": [
          12.68898,
          54.27586
        ]
      },
      "properties": {
        "id": "copy_text_13787",
        "name": "Krutoyar",
        "category": "settlement",
        "dataset": "kislev",
        "in_gazetteer": false,
        "type": null,
        "region": "Kislev",
        "province": null,
        "estate": null,
        "population": 96,
        "population_estimated": true,
        "size_category": 1,
        "trade": null,
        "source": null,
        "tags": [],
        "notes": [],
        "history": {
          "province_2512": null,
          "province_2276": null,
          "ruler_2515": null,
          "ruler_2512": null,
          "ruler_2276": null
        },
        "wiki": {
          "title": null,
          "url": null,
          "description": null,
          "image": null
        },
        "svg_layer": "Kislev"
      }
    },
    {
      "type": "Feature",
      "id": "copy_text_13788",
      "geometry": {
        "type": "Point",
        "coordinates": [
          14.495124,
          59.972513
        ]
      },
      "properties": {
        "id": "copy_text_13788",
        "name": "Akbulak",
        "category": "settlement",
        "dataset": "kislev",
        "in_gazetteer": false,
        "type": null,
        "region": "Kislev",
        "province": null,
        "estate": null,
        "population": 95,
        "population_estimated": true,
        "size_category": 1,
        "trade": null,
        "source": null,
        "tags": [],
        "notes": [],
        "history": {
          "province_2512": null,
          "province_2276": null,
          "ruler_2515": null,
          "ruler_2512": null,
          "ruler_2276": null
        },
        "wiki": {
          "title": null,
          "url": null,
          "description": null,
          "image": null
        },
        "svg_layer": "Kislev"
      }
    },
    {
      "type": "Feature",
      "id": "copy_text_13789",
      "geometry": {
        "type": "Point",
        "coordinates": [
          14.845179,
          59.941499
        ]
      },
      "properties": {
        "id": "copy_text_13789",
        "name": "Karasu",
        "category": "settlement",
        "dataset": "kislev",
        "in_gazetteer": false,
        "type": null,
        "region": "Kislev",
        "province": null,
        "estate": null,
        "population": 212,
        "population_estimated": true,
        "size_category": 1,
        "trade": null,
        "source": null,
        "tags": [],
        "notes": [],
        "history": {
          "province_2512": null,
          "province_2276": null,
          "ruler_2515": null,
          "ruler_2512": null,
          "ruler_2276": null
        },
        "wiki": {
          "title": null,
          "url": null,
          "description": null,
          "image": null
        },
        "svg_layer": "Kislev"
      }
    },
    {
      "type": "Feature",
      "id": "copy_text_13790",
      "geometry": {
        "type": "Point",
        "coordinates": [
          12.417966,
          60.609336
        ]
      },
      "properties": {
        "id": "copy_text_13790",
        "name": "Kyzylorda",
        "category": "settlement",
        "dataset": "kislev",
        "in_gazetteer": false,
        "type": null,
        "region": "Kislev",
        "province": null,
        "estate": null,
        "population": 126,
        "population_estimated": true,
        "size_category": 1,
        "trade": null,
        "source": null,
        "tags": [],
        "notes": [],
        "history": {
          "province_2512": null,
          "province_2276": null,
          "ruler_2515": null,
          "ruler_2512": null,
          "ruler_2276": null
        },
        "wiki": {
          "title": null,
          "url": null,
          "description": null,
          "image": null
        },
        "svg_layer": "Kislev"
      }
    },
    {
      "type": "Feature",
      "id": "copy_text_13791",
      "geometry": {
        "type": "Point",
        "coordinates": [
          12.916245,
          60.675129
        ]
      },
      "properties": {
        "id": "copy_text_13791",
        "name": "Karaganda",
        "category": "settlement",
        "dataset": "kislev",
        "in_gazetteer": false,
        "type": null,
        "region": "Kislev",
        "province": null,
        "estate": null,
        "population": 210,
        "population_estimated": true,
        "size_category": 1,
        "trade": null,
        "source": null,
        "tags": [],
        "notes": [],
        "history": {
          "province_2512": null,
          "province_2276": null,
          "ruler_2515": null,
          "ruler_2512": null,
          "ruler_2276": null
        },
        "wiki": {
          "title": null,
          "url": null,
          "description": null,
          "image": null
        },
        "svg_layer": "Kislev"
      }
    },
    {
      "type": "Feature",
      "id": "copy_text_13792",
      "geometry": {
        "type": "Point",
        "coordinates": [
          15.494709,
          59.968187
        ]
      },
      "properties": {
        "id": "copy_text_13792",
        "name": "Aksu",
        "category": "settlement",
        "dataset": "kislev",
        "in_gazetteer": false,
        "type": null,
        "region": "Kislev",
        "province": null,
        "estate": null,
        "population": 195,
        "population_estimated": true,
        "size_category": 1,
        "trade": null,
        "source": null,
        "tags": [],
        "notes": [],
        "history": {
          "province_2512": null,
          "province_2276": null,
          "ruler_2515": null,
          "ruler_2512": null,
          "ruler_2276": null
        },
        "wiki": {
          "title": null,
          "url": null,
          "description": null,
          "image": null
        },
        "svg_layer": "Kislev"
      }
    },
    {
      "type": "Feature",
      "id": "copy_text_13793",
      "geometry": {
        "type": "Point",
        "coordinates": [
          12.2422,
          60.844124
        ]
      },
      "properties": {
        "id": "copy_text_13793",
        "name": "Zhetysu",
        "category": "settlement",
        "dataset": "kislev",
        "in_gazetteer": false,
        "type": null,
        "region": "Kislev",
        "province": null,
        "estate": null,
        "population": 278,
        "population_estimated": true,
        "size_category": 1,
        "trade": null,
        "source": null,
        "tags": [],
        "notes": [],
        "history": {
          "province_2512": null,
          "province_2276": null,
          "ruler_2515": null,
          "ruler_2512": null,
          "ruler_2276": null
        },
        "wiki": {
          "title": null,
          "url": null,
          "description": null,
          "image": null
        },
        "svg_layer": "Kislev"
      }
    },
    {
      "type": "Feature",
      "id": "copy_text_13794",
      "geometry": {
        "type": "Point",
        "coordinates": [
          12.766278,
          59.043231
        ]
      },
      "properties": {
        "id": "copy_text_13794",
        "name": "Temirtau",
        "category": "settlement",
        "dataset": "kislev",
        "in_gazetteer": false,
        "type": null,
        "region": "Kislev",
        "province": null,
        "estate": null,
        "population": 74,
        "population_estimated": true,
        "size_category": 1,
        "trade": null,
        "source": null,
        "tags": [],
        "notes": [],
        "history": {
          "province_2512": null,
          "province_2276": null,
          "ruler_2515": null,
          "ruler_2512": null,
          "ruler_2276": null
        },
        "wiki": {
          "title": null,
          "url": null,
          "description": null,
          "image": null
        },
        "svg_layer": "Kislev"
      }
    },
    {
      "type": "Feature",
      "id": "copy_text_13795",
      "geometry": {
        "type": "Point",
        "coordinates": [
          10.818319,
          60.920236
        ]
      },
      "properties": {
        "id": "copy_text_13795",
        "name": "Sarybulak",
        "category": "settlement",
        "dataset": "kislev",
        "in_gazetteer": false,
        "type": null,
        "region": "Kislev",
        "province": null,
        "estate": null,
        "population": 74,
        "population_estimated": true,
        "size_category": 1,
        "trade": null,
        "source": null,
        "tags": [],
        "notes": [],
        "history": {
          "province_2512": null,
          "province_2276": null,
          "ruler_2515": null,
          "ruler_2512": null,
          "ruler_2276": null
        },
        "wiki": {
          "title": null,
          "url": null,
          "description": null,
          "image": null
        },
        "svg_layer": "Kislev"
      }
    },
    {
      "type": "Feature",
      "id": "copy_text_13796",
      "geometry": {
        "type": "Point",
        "coordinates": [
          13.123463,
          57.158486
        ]
      },
      "properties": {
        "id": "copy_text_13796",
        "name": "Akorda",
        "category": "settlement",
        "dataset": "kislev",
        "in_gazetteer": false,
        "type": null,
        "region": "Kislev",
        "province": null,
        "estate": null,
        "population": 146,
        "population_estimated": true,
        "size_category": 1,
        "trade": null,
        "source": null,
        "tags": [],
        "notes": [],
        "history": {
          "province_2512": null,
          "province_2276": null,
          "ruler_2515": null,
          "ruler_2512": null,
          "ruler_2276": null
        },
        "wiki": {
          "title": null,
          "url": null,
          "description": null,
          "image": null
        },
        "svg_layer": "Kislev"
      }
    },
    {
      "type": "Feature",
      "id": "copy_text_13797",
      "geometry": {
        "type": "Point",
        "coordinates": [
          13.191986,
          57.079794
        ]
      },
      "properties": {
        "id": "copy_text_13797",
        "name": "Kokchetau",
        "category": "settlement",
        "dataset": "kislev",
        "in_gazetteer": false,
        "type": null,
        "region": "Kislev",
        "province": null,
        "estate": null,
        "population": 257,
        "population_estimated": true,
        "size_category": 1,
        "trade": null,
        "source": null,
        "tags": [],
        "notes": [],
        "history": {
          "province_2512": null,
          "province_2276": null,
          "ruler_2515": null,
          "ruler_2512": null,
          "ruler_2276": null
        },
        "wiki": {
          "title": null,
          "url": null,
          "description": null,
          "image": null
        },
        "svg_layer": "Kislev"
      }
    },
    {
      "type": "Feature",
      "id": "copy_text_13798",
      "geometry": {
        "type": "Point",
        "coordinates": [
          13.238755,
          57.361022
        ]
      },
      "properties": {
        "id": "copy_text_13798",
        "name": "Zhanakent",
        "category": "settlement",
        "dataset": "kislev",
        "in_gazetteer": false,
        "type": null,
        "region": "Kislev",
        "province": null,
        "estate": null,
        "population": 305,
        "population_estimated": true,
        "size_category": 2,
        "trade": null,
        "source": null,
        "tags": [],
        "notes": [],
        "history": {
          "province_2512": null,
          "province_2276": null,
          "ruler_2515": null,
          "ruler_2512": null,
          "ruler_2276": null
        },
        "wiki": {
          "title": null,
          "url": null,
          "description": null,
          "image": null
        },
        "svg_layer": "Kislev"
      }
    },
    {
      "type": "Feature",
      "id": "copy_text_13799",
      "geometry": {
        "type": "Point",
        "coordinates": [
          13.312932,
          57.714492
        ]
      },
      "properties": {
        "id": "copy_text_13799",
        "name": "Tasqala",
        "category": "settlement",
        "dataset": "kislev",
        "in_gazetteer": false,
        "type": null,
        "region": "Kislev",
        "province": null,
        "estate": null,
        "population": 117,
        "population_estimated": true,
        "size_category": 1,
        "trade": null,
        "source": null,
        "tags": [],
        "notes": [],
        "history": {
          "province_2512": null,
          "province_2276": null,
          "ruler_2515": null,
          "ruler_2512": null,
          "ruler_2276": null
        },
        "wiki": {
          "title": null,
          "url": null,
          "description": null,
          "image": null
        },
        "svg_layer": "Kislev"
      }
    },
    {
      "type": "Feature",
      "id": "copy_text_13800",
      "geometry": {
        "type": "Point",
        "coordinates": [
          8.538987,
          56.098075
        ]
      },
      "properties": {
        "id": "copy_text_13800",
        "name": "Sigorod",
        "category": "settlement",
        "dataset": "kislev",
        "in_gazetteer": false,
        "type": null,
        "region": "Kislev",
        "province": null,
        "estate": null,
        "population": 282,
        "population_estimated": true,
        "size_category": 1,
        "trade": null,
        "source": null,
        "tags": [],
        "notes": [],
        "history": {
          "province_2512": null,
          "province_2276": null,
          "ruler_2515": null,
          "ruler_2512": null,
          "ruler_2276": null
        },
        "wiki": {
          "title": null,
          "url": null,
          "description": null,
          "image": null
        },
        "svg_layer": "Kislev"
      }
    },
    {
      "type": "Feature",
      "id": "copy_text_13801",
      "geometry": {
        "type": "Point",
        "coordinates": [
          7.895396,
          56.422253
        ]
      },
      "properties": {
        "id": "copy_text_13801",
        "name": "Kozlovsk",
        "category": "settlement",
        "dataset": "kislev",
        "in_gazetteer": false,
        "type": null,
        "region": "Kislev",
        "province": null,
        "estate": null,
        "population": 149,
        "population_estimated": true,
        "size_category": 1,
        "trade": null,
        "source": null,
        "tags": [],
        "notes": [],
        "history": {
          "province_2512": null,
          "province_2276": null,
          "ruler_2515": null,
          "ruler_2512": null,
          "ruler_2276": null
        },
        "wiki": {
          "title": null,
          "url": null,
          "description": null,
          "image": null
        },
        "svg_layer": "Kislev"
      }
    },
    {
      "type": "Feature",
      "id": "copy_text_13802",
      "geometry": {
        "type": "Point",
        "coordinates": [
          8.162216,
          56.321911
        ]
      },
      "properties": {
        "id": "copy_text_13802",
        "name": "Saurinsk",
        "category": "settlement",
        "dataset": "kislev",
        "in_gazetteer": false,
        "type": null,
        "region": "Kislev",
        "province": null,
        "estate": null,
        "population": 342,
        "population_estimated": true,
        "size_category": 2,
        "trade": null,
        "source": null,
        "tags": [],
        "notes": [],
        "history": {
          "province_2512": null,
          "province_2276": null,
          "ruler_2515": null,
          "ruler_2512": null,
          "ruler_2276": null
        },
        "wiki": {
          "title": null,
          "url": null,
          "description": null,
          "image": null
        },
        "svg_layer": "Kislev"
      }
    },
    {
      "type": "Feature",
      "id": "copy_text_13803",
      "geometry": {
        "type": "Point",
        "coordinates": [
          7.854711,
          56.358567
        ]
      },
      "properties": {
        "id": "copy_text_13803",
        "name": "Wladimsk",
        "category": "settlement",
        "dataset": "kislev",
        "in_gazetteer": false,
        "type": null,
        "region": "Kislev",
        "province": null,
        "estate": null,
        "population": 330,
        "population_estimated": true,
        "size_category": 2,
        "trade": null,
        "source": null,
        "tags": [],
        "notes": [],
        "history": {
          "province_2512": null,
          "province_2276": null,
          "ruler_2515": null,
          "ruler_2512": null,
          "ruler_2276": null
        },
        "wiki": {
          "title": null,
          "url": null,
          "description": null,
          "image": null
        },
        "svg_layer": "Kislev"
      }
    },
    {
      "type": "Feature",
      "id": "copy_text_13804",
      "geometry": {
        "type": "Point",
        "coordinates": [
          8.016604,
          56.468113
        ]
      },
      "properties": {
        "id": "copy_text_13804",
        "name": "Marborye",
        "category": "settlement",
        "dataset": "kislev",
        "in_gazetteer": false,
        "type": null,
        "region": "Kislev",
        "province": null,
        "estate": null,
        "population": 201,
        "population_estimated": true,
        "size_category": 1,
        "trade": null,
        "source": null,
        "tags": [],
        "notes": [],
        "history": {
          "province_2512": null,
          "province_2276": null,
          "ruler_2515": null,
          "ruler_2512": null,
          "ruler_2276": null
        },
        "wiki": {
          "title": null,
          "url": null,
          "description": null,
          "image": null
        },
        "svg_layer": "Kislev"
      }
    },
    {
      "type": "Feature",
      "id": "copy_text_13805",
      "geometry": {
        "type": "Point",
        "coordinates": [
          8.365178,
          56.21336
        ]
      },
      "properties": {
        "id": "copy_text_13805",
        "name": "Saminsk",
        "category": "settlement",
        "dataset": "kislev",
        "in_gazetteer": false,
        "type": null,
        "region": "Kislev",
        "province": null,
        "estate": null,
        "population": 327,
        "population_estimated": true,
        "size_category": 2,
        "trade": null,
        "source": null,
        "tags": [],
        "notes": [],
        "history": {
          "province_2512": null,
          "province_2276": null,
          "ruler_2515": null,
          "ruler_2512": null,
          "ruler_2276": null
        },
        "wiki": {
          "title": null,
          "url": null,
          "description": null,
          "image": null
        },
        "svg_layer": "Kislev"
      }
    },
    {
      "type": "Feature",
      "id": "copy_text_13806",
      "geometry": {
        "type": "Point",
        "coordinates": [
          10.578054,
          57.584197
        ]
      },
      "properties": {
        "id": "copy_text_13806",
        "name": "Berezovets",
        "category": "settlement",
        "dataset": "kislev",
        "in_gazetteer": false,
        "type": null,
        "region": "Kislev",
        "province": null,
        "estate": null,
        "population": 82,
        "population_estimated": true,
        "size_category": 1,
        "trade": null,
        "source": null,
        "tags": [],
        "notes": [],
        "history": {
          "province_2512": null,
          "province_2276": null,
          "ruler_2515": null,
          "ruler_2512": null,
          "ruler_2276": null
        },
        "wiki": {
          "title": null,
          "url": null,
          "description": null,
          "image": null
        },
        "svg_layer": "Kislev"
      }
    },
    {
      "type": "Feature",
      "id": "copy_text_13807",
      "geometry": {
        "type": "Point",
        "coordinates": [
          10.034623,
          57.66805
        ]
      },
      "properties": {
        "id": "copy_text_13807",
        "name": "Lesnaya Dolina",
        "category": "settlement",
        "dataset": "kislev",
        "in_gazetteer": false,
        "type": null,
        "region": "Kislev",
        "province": null,
        "estate": null,
        "population": 287,
        "population_estimated": true,
        "size_category": 1,
        "trade": null,
        "source": null,
        "tags": [],
        "notes": [],
        "history": {
          "province_2512": null,
          "province_2276": null,
          "ruler_2515": null,
          "ruler_2512": null,
          "ruler_2276": null
        },
        "wiki": {
          "title": null,
          "url": null,
          "description": null,
          "image": null
        },
        "svg_layer": "Kislev"
      }
    },
    {
      "type": "Feature",
      "id": "copy_text_13808",
      "geometry": {
        "type": "Point",
        "coordinates": [
          9.755654,
          57.579038
        ]
      },
      "properties": {
        "id": "copy_text_13808",
        "name": "Cherny Bor",
        "category": "settlement",
        "dataset": "kislev",
        "in_gazetteer": false,
        "type": null,
        "region": "Kislev",
        "province": null,
        "estate": null,
        "population": 153,
        "population_estimated": true,
        "size_category": 1,
        "trade": null,
        "source": null,
        "tags": [],
        "notes": [],
        "history": {
          "province_2512": null,
          "province_2276": null,
          "ruler_2515": null,
          "ruler_2512": null,
          "ruler_2276": null
        },
        "wiki": {
          "title": null,
          "url": null,
          "description": null,
          "image": null
        },
        "svg_layer": "Kislev"
      }
    },
    {
      "type": "Feature",
      "id": "copy_text_13809",
      "geometry": {
        "type": "Point",
        "coordinates": [
          11.492365,
          57.377793
        ]
      },
      "properties": {
        "id": "copy_text_13809",
        "name": "Sosnovichi",
        "category": "settlement",
        "dataset": "kislev",
        "in_gazetteer": false,
        "type": null,
        "region": "Kislev",
        "province": null,
        "estate": null,
        "population": 140,
        "population_estimated": true,
        "size_category": 1,
        "trade": null,
        "source": null,
        "tags": [],
        "notes": [],
        "history": {
          "province_2512": null,
          "province_2276": null,
          "ruler_2515": null,
          "ruler_2512": null,
          "ruler_2276": null
        },
        "wiki": {
          "title": null,
          "url": null,
          "description": null,
          "image": null
        },
        "svg_layer": "Kislev"
      }
    },
    {
      "type": "Feature",
      "id": "copy_text_13810",
      "geometry": {
        "type": "Point",
        "coordinates": [
          11.431089,
          57.420364
        ]
      },
      "properties": {
        "id": "copy_text_13810",
        "name": "Tikhorechye",
        "category": "settlement",
        "dataset": "kislev",
        "in_gazetteer": false,
        "type": null,
        "region": "Kislev",
        "province": null,
        "estate": null,
        "population": 215,
        "population_estimated": true,
        "size_category": 1,
        "trade": null,
        "source": null,
        "tags": [],
        "notes": [],
        "history": {
          "province_2512": null,
          "province_2276": null,
          "ruler_2515": null,
          "ruler_2512": null,
          "ruler_2276": null
        },
        "wiki": {
          "title": null,
          "url": null,
          "description": null,
          "image": null
        },
        "svg_layer": "Kislev"
      }
    },
    {
      "type": "Feature",
      "id": "copy_text_13811",
      "geometry": {
        "type": "Point",
        "coordinates": [
          10.150727,
          57.706752
        ]
      },
      "properties": {
        "id": "copy_text_13811",
        "name": "Mokry Les",
        "category": "settlement",
        "dataset": "kislev",
        "in_gazetteer": false,
        "type": null,
        "region": "Kislev",
        "province": null,
        "estate": null,
        "population": 229,
        "population_estimated": true,
        "size_category": 1,
        "trade": null,
        "source": null,
        "tags": [],
        "notes": [],
        "history": {
          "province_2512": null,
          "province_2276": null,
          "ruler_2515": null,
          "ruler_2512": null,
          "ruler_2276": null
        },
        "wiki": {
          "title": null,
          "url": null,
          "description": null,
          "image": null
        },
        "svg_layer": "Kislev"
      }
    },
    {
      "type": "Feature",
      "id": "copy_text_13812",
      "geometry": {
        "type": "Point",
        "coordinates": [
          6.111296,
          57.460354
        ]
      },
      "properties": {
        "id": "copy_text_13812",
        "name": "Rogozino",
        "category": "settlement",
        "dataset": "kislev",
        "in_gazetteer": false,
        "type": null,
        "region": "Kislev",
        "province": null,
        "estate": null,
        "population": 400,
        "population_estimated": true,
        "size_category": 2,
        "trade": null,
        "source": null,
        "tags": [],
        "notes": [],
        "history": {
          "province_2512": null,
          "province_2276": null,
          "ruler_2515": null,
          "ruler_2512": null,
          "ruler_2276": null
        },
        "wiki": {
          "title": null,
          "url": null,
          "description": null,
          "image": null
        },
        "svg_layer": "Kislev"
      }
    },
    {
      "type": "Feature",
      "id": "copy_text_13813",
      "geometry": {
        "type": "Point",
        "coordinates": [
          10.328107,
          57.720942
        ]
      },
      "properties": {
        "id": "copy_text_13813",
        "name": "Klenovka",
        "category": "settlement",
        "dataset": "kislev",
        "in_gazetteer": false,
        "type": null,
        "region": "Kislev",
        "province": null,
        "estate": null,
        "population": 116,
        "population_estimated": true,
        "size_category": 1,
        "trade": null,
        "source": null,
        "tags": [],
        "notes": [],
        "history": {
          "province_2512": null,
          "province_2276": null,
          "ruler_2515": null,
          "ruler_2512": null,
          "ruler_2276": null
        },
        "wiki": {
          "title": null,
          "url": null,
          "description": null,
          "image": null
        },
        "svg_layer": "Kislev"
      }
    },
    {
      "type": "Feature",
      "id": "copy_text_13814",
      "geometry": {
        "type": "Point",
        "coordinates": [
          10.284568,
          58.167295
        ]
      },
      "properties": {
        "id": "copy_text_13814",
        "name": "Vereski",
        "category": "settlement",
        "dataset": "kislev",
        "in_gazetteer": false,
        "type": null,
        "region": "Kislev",
        "province": null,
        "estate": null,
        "population": 101,
        "population_estimated": true,
        "size_category": 1,
        "trade": null,
        "source": null,
        "tags": [],
        "notes": [],
        "history": {
          "province_2512": null,
          "province_2276": null,
          "ruler_2515": null,
          "ruler_2512": null,
          "ruler_2276": null
        },
        "wiki": {
          "title": null,
          "url": null,
          "description": null,
          "image": null
        },
        "svg_layer": "Kislev"
      }
    },
    {
      "type": "Feature",
      "id": "copy_text_13815",
      "geometry": {
        "type": "Point",
        "coordinates": [
          9.652601,
          57.601466
        ]
      },
      "properties": {
        "id": "copy_text_13815",
        "name": "Gorodishche",
        "category": "settlement",
        "dataset": "kislev",
        "in_gazetteer": false,
        "type": null,
        "region": "Kislev",
        "province": null,
        "estate": null,
        "population": 85,
        "population_estimated": true,
        "size_category": 1,
        "trade": null,
        "source": null,
        "tags": [],
        "notes": [],
        "history": {
          "province_2512": null,
          "province_2276": null,
          "ruler_2515": null,
          "ruler_2512": null,
          "ruler_2276": null
        },
        "wiki": {
          "title": null,
          "url": null,
          "description": null,
          "image": null
        },
        "svg_layer": "Kislev"
      }
    },
    {
      "type": "Feature",
      "id": "copy_text_13816",
      "geometry": {
        "type": "Point",
        "coordinates": [
          10.287792,
          57.564848
        ]
      },
      "properties": {
        "id": "copy_text_13816",
        "name": "Chernoluzhye",
        "category": "settlement",
        "dataset": "kislev",
        "in_gazetteer": false,
        "type": null,
        "region": "Kislev",
        "province": null,
        "estate": null,
        "population": 98,
        "population_estimated": true,
        "size_category": 1,
        "trade": null,
        "source": null,
        "tags": [],
        "notes": [],
        "history": {
          "province_2512": null,
          "province_2276": null,
          "ruler_2515": null,
          "ruler_2512": null,
          "ruler_2276": null
        },
        "wiki": {
          "title": null,
          "url": null,
          "description": null,
          "image": null
        },
        "svg_layer": "Kislev"
      }
    },
    {
      "type": "Feature",
      "id": "copy_text_13817",
      "geometry": {
        "type": "Point",
        "coordinates": [
          9.192994,
          57.33536
        ]
      },
      "properties": {
        "id": "copy_text_13817",
        "name": "Staraya Dubrava",
        "category": "settlement",
        "dataset": "kislev",
        "in_gazetteer": false,
        "type": null,
        "region": "Kislev",
        "province": null,
        "estate": null,
        "population": 275,
        "population_estimated": true,
        "size_category": 1,
        "trade": null,
        "source": null,
        "tags": [],
        "notes": [],
        "history": {
          "province_2512": null,
          "province_2276": null,
          "ruler_2515": null,
          "ruler_2512": null,
          "ruler_2276": null
        },
        "wiki": {
          "title": null,
          "url": null,
          "description": null,
          "image": null
        },
        "svg_layer": "Kislev"
      }
    },
    {
      "type": "Feature",
      "id": "copy_text_13818",
      "geometry": {
        "type": "Point",
        "coordinates": [
          7.973099,
          55.016783
        ]
      },
      "properties": {
        "id": "copy_text_13818",
        "name": "Beloglinka",
        "category": "settlement",
        "dataset": "kislev",
        "in_gazetteer": false,
        "type": null,
        "region": "Kislev",
        "province": null,
        "estate": null,
        "population": 287,
        "population_estimated": true,
        "size_category": 1,
        "trade": null,
        "source": null,
        "tags": [],
        "notes": [],
        "history": {
          "province_2512": null,
          "province_2276": null,
          "ruler_2515": null,
          "ruler_2512": null,
          "ruler_2276": null
        },
        "wiki": {
          "title": null,
          "url": null,
          "description": null,
          "image": null
        },
        "svg_layer": "Kislev"
      }
    },
    {
      "type": "Feature",
      "id": "copy_text_13819",
      "geometry": {
        "type": "Point",
        "coordinates": [
          7.420683,
          55.241489
        ]
      },
      "properties": {
        "id": "copy_text_13819",
        "name": "Chernovtsy",
        "category": "settlement",
        "dataset": "kislev",
        "in_gazetteer": false,
        "type": null,
        "region": "Kislev",
        "province": null,
        "estate": null,
        "population": 170,
        "population_estimated": true,
        "size_category": 1,
        "trade": null,
        "source": null,
        "tags": [],
        "notes": [],
        "history": {
          "province_2512": null,
          "province_2276": null,
          "ruler_2515": null,
          "ruler_2512": null,
          "ruler_2276": null
        },
        "wiki": {
          "title": null,
          "url": null,
          "description": null,
          "image": null
        },
        "svg_layer": "Kislev"
      }
    },
    {
      "type": "Feature",
      "id": "copy_text_13820",
      "geometry": {
        "type": "Point",
        "coordinates": [
          6.928857,
          55.991
        ]
      },
      "properties": {
        "id": "copy_text_13820",
        "name": "Daryevo",
        "category": "settlement",
        "dataset": "kislev",
        "in_gazetteer": false,
        "type": null,
        "region": "Kislev",
        "province": null,
        "estate": null,
        "population": 131,
        "population_estimated": true,
        "size_category": 1,
        "trade": null,
        "source": null,
        "tags": [],
        "notes": [],
        "history": {
          "province_2512": null,
          "province_2276": null,
          "ruler_2515": null,
          "ruler_2512": null,
          "ruler_2276": null
        },
        "wiki": {
          "title": null,
          "url": null,
          "description": null,
          "image": null
        },
        "svg_layer": "Kislev"
      }
    },
    {
      "type": "Feature",
      "id": "copy_text_13821",
      "geometry": {
        "type": "Point",
        "coordinates": [
          6.996584,
          56.083884
        ]
      },
      "properties": {
        "id": "copy_text_13821",
        "name": "Frolintsy",
        "category": "settlement",
        "dataset": "kislev",
        "in_gazetteer": false,
        "type": null,
        "region": "Kislev",
        "province": null,
        "estate": null,
        "population": 241,
        "population_estimated": true,
        "size_category": 1,
        "trade": null,
        "source": null,
        "tags": [],
        "notes": [],
        "history": {
          "province_2512": null,
          "province_2276": null,
          "ruler_2515": null,
          "ruler_2512": null,
          "ruler_2276": null
        },
        "wiki": {
          "title": null,
          "url": null,
          "description": null,
          "image": null
        },
        "svg_layer": "Kislev"
      }
    },
    {
      "type": "Feature",
      "id": "copy_text_13822",
      "geometry": {
        "type": "Point",
        "coordinates": [
          9.32994,
          55.867157
        ]
      },
      "properties": {
        "id": "copy_text_13822",
        "name": "Gorbatovo",
        "category": "settlement",
        "dataset": "kislev",
        "in_gazetteer": false,
        "type": null,
        "region": "Kislev",
        "province": null,
        "estate": null,
        "population": 236,
        "population_estimated": true,
        "size_category": 1,
        "trade": null,
        "source": null,
        "tags": [],
        "notes": [],
        "history": {
          "province_2512": null,
          "province_2276": null,
          "ruler_2515": null,
          "ruler_2512": null,
          "ruler_2276": null
        },
        "wiki": {
          "title": null,
          "url": null,
          "description": null,
          "image": null
        },
        "svg_layer": "Kislev"
      }
    },
    {
      "type": "Feature",
      "id": "copy_text_13823",
      "geometry": {
        "type": "Point",
        "coordinates": [
          10.22974,
          56.089043
        ]
      },
      "properties": {
        "id": "copy_text_13823",
        "name": "Ilyanovka",
        "category": "settlement",
        "dataset": "kislev",
        "in_gazetteer": false,
        "type": null,
        "region": "Kislev",
        "province": null,
        "estate": null,
        "population": 149,
        "population_estimated": true,
        "size_category": 1,
        "trade": null,
        "source": null,
        "tags": [],
        "notes": [],
        "history": {
          "province_2512": null,
          "province_2276": null,
          "ruler_2515": null,
          "ruler_2512": null,
          "ruler_2276": null
        },
        "wiki": {
          "title": null,
          "url": null,
          "description": null,
          "image": null
        },
        "svg_layer": "Kislev"
      }
    },
    {
      "type": "Feature",
      "id": "copy_text_13824",
      "geometry": {
        "type": "Point",
        "coordinates": [
          10.260379,
          56.193538
        ]
      },
      "properties": {
        "id": "copy_text_13824",
        "name": "Kostenevo",
        "category": "settlement",
        "dataset": "kislev",
        "in_gazetteer": false,
        "type": null,
        "region": "Kislev",
        "province": null,
        "estate": null,
        "population": 177,
        "population_estimated": true,
        "size_category": 1,
        "trade": null,
        "source": null,
        "tags": [],
        "notes": [],
        "history": {
          "province_2512": null,
          "province_2276": null,
          "ruler_2515": null,
          "ruler_2512": null,
          "ruler_2276": null
        },
        "wiki": {
          "title": null,
          "url": null,
          "description": null,
          "image": null
        },
        "svg_layer": "Kislev"
      }
    },
    {
      "type": "Feature",
      "id": "copy_text_13825",
      "geometry": {
        "type": "Point",
        "coordinates": [
          9.373479,
          56.341891
        ]
      },
      "properties": {
        "id": "copy_text_13825",
        "name": "Malygino",
        "category": "settlement",
        "dataset": "kislev",
        "in_gazetteer": false,
        "type": null,
        "region": "Kislev",
        "province": null,
        "estate": null,
        "population": 81,
        "population_estimated": true,
        "size_category": 1,
        "trade": null,
        "source": null,
        "tags": [],
        "notes": [],
        "history": {
          "province_2512": null,
          "province_2276": null,
          "ruler_2515": null,
          "ruler_2512": null,
          "ruler_2276": null
        },
        "wiki": {
          "title": null,
          "url": null,
          "description": null,
          "image": null
        },
        "svg_layer": "Kislev"
      }
    },
    {
      "type": "Feature",
      "id": "copy_text_13826",
      "geometry": {
        "type": "Point",
        "coordinates": [
          8.544629,
          56.504436
        ]
      },
      "properties": {
        "id": "copy_text_13826",
        "name": "Novintsy",
        "category": "settlement",
        "dataset": "kislev",
        "in_gazetteer": false,
        "type": null,
        "region": "Kislev",
        "province": null,
        "estate": null,
        "population": 242,
        "population_estimated": true,
        "size_category": 1,
        "trade": null,
        "source": null,
        "tags": [],
        "notes": [],
        "history": {
          "province_2512": null,
          "province_2276": null,
          "ruler_2515": null,
          "ruler_2512": null,
          "ruler_2276": null
        },
        "wiki": {
          "title": null,
          "url": null,
          "description": null,
          "image": null
        },
        "svg_layer": "Kislev"
      }
    },
    {
      "type": "Feature",
      "id": "copy_text_13827",
      "geometry": {
        "type": "Point",
        "coordinates": [
          7.820596,
          56.864357
        ]
      },
      "properties": {
        "id": "copy_text_13827",
        "name": "Pavlovichi",
        "category": "settlement",
        "dataset": "kislev",
        "in_gazetteer": false,
        "type": null,
        "region": "Kislev",
        "province": null,
        "estate": null,
        "population": 109,
        "population_estimated": true,
        "size_category": 1,
        "trade": null,
        "source": null,
        "tags": [],
        "notes": [],
        "history": {
          "province_2512": null,
          "province_2276": null,
          "ruler_2515": null,
          "ruler_2512": null,
          "ruler_2276": null
        },
        "wiki": {
          "title": null,
          "url": null,
          "description": null,
          "image": null
        },
        "svg_layer": "Kislev"
      }
    },
    {
      "type": "Feature",
      "id": "copy_text_13828",
      "geometry": {
        "type": "Point",
        "coordinates": [
          7.972176,
          56.923699
        ]
      },
      "properties": {
        "id": "copy_text_13828",
        "name": "Rakitino",
        "category": "settlement",
        "dataset": "kislev",
        "in_gazetteer": false,
        "type": null,
        "region": "Kislev",
        "province": null,
        "estate": null,
        "population": 130,
        "population_estimated": true,
        "size_category": 1,
        "trade": null,
        "source": null,
        "tags": [],
        "notes": [],
        "history": {
          "province_2512": null,
          "province_2276": null,
          "ruler_2515": null,
          "ruler_2512": null,
          "ruler_2276": null
        },
        "wiki": {
          "title": null,
          "url": null,
          "description": null,
          "image": null
        },
        "svg_layer": "Kislev"
      }
    },
    {
      "type": "Feature",
      "id": "copy_text_13829",
      "geometry": {
        "type": "Point",
        "coordinates": [
          5.991967,
          57.096563
        ]
      },
      "properties": {
        "id": "copy_text_13829",
        "name": "Selintsy",
        "category": "settlement",
        "dataset": "kislev",
        "in_gazetteer": false,
        "type": null,
        "region": "Kislev",
        "province": null,
        "estate": null,
        "population": 717,
        "population_estimated": true,
        "size_category": 2,
        "trade": null,
        "source": null,
        "tags": [],
        "notes": [],
        "history": {
          "province_2512": null,
          "province_2276": null,
          "ruler_2515": null,
          "ruler_2512": null,
          "ruler_2276": null
        },
        "wiki": {
          "title": null,
          "url": null,
          "description": null,
          "image": null
        },
        "svg_layer": "Kislev"
      }
    },
    {
      "type": "Feature",
      "id": "copy_text_13830",
      "geometry": {
        "type": "Point",
        "coordinates": [
          5.92424,
          56.98949
        ]
      },
      "properties": {
        "id": "copy_text_13830",
        "name": "Tarasovka",
        "category": "settlement",
        "dataset": "kislev",
        "in_gazetteer": false,
        "type": null,
        "region": "Kislev",
        "province": null,
        "estate": null,
        "population": 95,
        "population_estimated": true,
        "size_category": 1,
        "trade": null,
        "source": null,
        "tags": [],
        "notes": [],
        "history": {
          "province_2512": null,
          "province_2276": null,
          "ruler_2515": null,
          "ruler_2512": null,
          "ruler_2276": null
        },
        "wiki": {
          "title": null,
          "url": null,
          "description": null,
          "image": null
        },
        "svg_layer": "Kislev"
      }
    },
    {
      "type": "Feature",
      "id": "copy_text_13831",
      "geometry": {
        "type": "Point",
        "coordinates": [
          5.927466,
          57.039802
        ]
      },
      "properties": {
        "id": "copy_text_13831",
        "name": "Ulyanovo",
        "category": "settlement",
        "dataset": "kislev",
        "in_gazetteer": false,
        "type": null,
        "region": "Kislev",
        "province": null,
        "estate": null,
        "population": 279,
        "population_estimated": true,
        "size_category": 1,
        "trade": null,
        "source": null,
        "tags": [],
        "notes": [],
        "history": {
          "province_2512": null,
          "province_2276": null,
          "ruler_2515": null,
          "ruler_2512": null,
          "ruler_2276": null
        },
        "wiki": {
          "title": null,
          "url": null,
          "description": null,
          "image": null
        },
        "svg_layer": "Kislev"
      }
    },
    {
      "type": "Feature",
      "id": "copy_text_13832",
      "geometry": {
        "type": "Point",
        "coordinates": [
          6.312863,
          56.616669
        ]
      },
      "properties": {
        "id": "copy_text_13832",
        "name": "Veselino",
        "category": "settlement",
        "dataset": "kislev",
        "in_gazetteer": false,
        "type": null,
        "region": "Kislev",
        "province": null,
        "estate": null,
        "population": 152,
        "population_estimated": true,
        "size_category": 1,
        "trade": null,
        "source": null,
        "tags": [],
        "notes": [],
        "history": {
          "province_2512": null,
          "province_2276": null,
          "ruler_2515": null,
          "ruler_2512": null,
          "ruler_2276": null
        },
        "wiki": {
          "title": null,
          "url": null,
          "description": null,
          "image": null
        },
        "svg_layer": "Kislev"
      }
    },
    {
      "type": "Feature",
      "id": "copy_text_13833",
      "geometry": {
        "type": "Point",
        "coordinates": [
          6.399941,
          56.443804
        ]
      },
      "properties": {
        "id": "copy_text_13833",
        "name": "Yarintsy",
        "category": "settlement",
        "dataset": "kislev",
        "in_gazetteer": false,
        "type": null,
        "region": "Kislev",
        "province": null,
        "estate": null,
        "population": 167,
        "population_estimated": true,
        "size_category": 1,
        "trade": null,
        "source": null,
        "tags": [],
        "notes": [],
        "history": {
          "province_2512": null,
          "province_2276": null,
          "ruler_2515": null,
          "ruler_2512": null,
          "ruler_2276": null
        },
        "wiki": {
          "title": null,
          "url": null,
          "description": null,
          "image": null
        },
        "svg_layer": "Kislev"
      }
    },
    {
      "type": "Feature",
      "id": "copy_text_13834",
      "geometry": {
        "type": "Point",
        "coordinates": [
          7.004647,
          55.424675
        ]
      },
      "properties": {
        "id": "copy_text_13834",
        "name": "Zarevino",
        "category": "settlement",
        "dataset": "kislev",
        "in_gazetteer": false,
        "type": null,
        "region": "Kislev",
        "province": null,
        "estate": null,
        "population": 164,
        "population_estimated": true,
        "size_category": 1,
        "trade": null,
        "source": null,
        "tags": [],
        "notes": [],
        "history": {
          "province_2512": null,
          "province_2276": null,
          "ruler_2515": null,
          "ruler_2512": null,
          "ruler_2276": null
        },
        "wiki": {
          "title": null,
          "url": null,
          "description": null,
          "image": null
        },
        "svg_layer": "Kislev"
      }
    },
    {
      "type": "Feature",
      "id": "copy_text_13835",
      "geometry": {
        "type": "Point",
        "coordinates": [
          4.572927,
          58.648479
        ]
      },
      "properties": {
        "id": "copy_text_13835",
        "name": "Belomorsk",
        "category": "settlement",
        "dataset": "kislev",
        "in_gazetteer": false,
        "type": null,
        "region": "Kislev",
        "province": null,
        "estate": null,
        "population": 313,
        "population_estimated": true,
        "size_category": 2,
        "trade": null,
        "source": null,
        "tags": [],
        "notes": [],
        "history": {
          "province_2512": null,
          "province_2276": null,
          "ruler_2515": null,
          "ruler_2512": null,
          "ruler_2276": null
        },
        "wiki": {
          "title": null,
          "url": null,
          "description": null,
          "image": null
        },
        "svg_layer": "Kislev"
      }
    },
    {
      "type": "Feature",
      "id": "copy_text_13836",
      "geometry": {
        "type": "Point",
        "coordinates": [
          4.961549,
          59.099992
        ]
      },
      "properties": {
        "id": "copy_text_13836",
        "name": "Rybatsk",
        "category": "settlement",
        "dataset": "kislev",
        "in_gazetteer": false,
        "type": null,
        "region": "Kislev",
        "province": null,
        "estate": null,
        "population": 105,
        "population_estimated": true,
        "size_category": 1,
        "trade": null,
        "source": null,
        "tags": [],
        "notes": [],
        "history": {
          "province_2512": null,
          "province_2276": null,
          "ruler_2515": null,
          "ruler_2512": null,
          "ruler_2276": null
        },
        "wiki": {
          "title": null,
          "url": null,
          "description": null,
          "image": null
        },
        "svg_layer": "Kislev"
      }
    },
    {
      "type": "Feature",
      "id": "copy_text_13837",
      "geometry": {
        "type": "Point",
        "coordinates": [
          4.795456,
          59.231576
        ]
      },
      "properties": {
        "id": "copy_text_13837",
        "name": "Chernaya Bukhta",
        "category": "settlement",
        "dataset": "kislev",
        "in_gazetteer": false,
        "type": null,
        "region": "Kislev",
        "province": null,
        "estate": null,
        "population": 183,
        "population_estimated": true,
        "size_category": 1,
        "trade": null,
        "source": null,
        "tags": [],
        "notes": [],
        "history": {
          "province_2512": null,
          "province_2276": null,
          "ruler_2515": null,
          "ruler_2512": null,
          "ruler_2276": null
        },
        "wiki": {
          "title": null,
          "url": null,
          "description": null,
          "image": null
        },
        "svg_layer": "Kislev"
      }
    },
    {
      "type": "Feature",
      "id": "copy_text_13838",
      "geometry": {
        "type": "Point",
        "coordinates": [
          4.756755,
          59.271568
        ]
      },
      "properties": {
        "id": "copy_text_13838",
        "name": "Tumanovo",
        "category": "settlement",
        "dataset": "kislev",
        "in_gazetteer": false,
        "type": null,
        "region": "Kislev",
        "province": null,
        "estate": null,
        "population": 139,
        "population_estimated": true,
        "size_category": 1,
        "trade": null,
        "source": null,
        "tags": [],
        "notes": [],
        "history": {
          "province_2512": null,
          "province_2276": null,
          "ruler_2515": null,
          "ruler_2512": null,
          "ruler_2276": null
        },
        "wiki": {
          "title": null,
          "url": null,
          "description": null,
          "image": null
        },
        "svg_layer": "Kislev"
      }
    },
    {
      "type": "Feature",
      "id": "copy_text_13839",
      "geometry": {
        "type": "Point",
        "coordinates": [
          4.580289,
          59.312056
        ]
      },
      "properties": {
        "id": "copy_text_13839",
        "name": "Vetrograd",
        "category": "settlement",
        "dataset": "kislev",
        "in_gazetteer": false,
        "type": null,
        "region": "Kislev",
        "province": null,
        "estate": null,
        "population": 139,
        "population_estimated": true,
        "size_category": 1,
        "trade": null,
        "source": null,
        "tags": [],
        "notes": [],
        "history": {
          "province_2512": null,
          "province_2276": null,
          "ruler_2515": null,
          "ruler_2512": null,
          "ruler_2276": null
        },
        "wiki": {
          "title": null,
          "url": null,
          "description": null,
          "image": null
        },
        "svg_layer": "Kislev"
      }
    },
    {
      "type": "Feature",
      "id": "copy_text_13840",
      "geometry": {
        "type": "Point",
        "coordinates": [
          4.469722,
          58.079572
        ]
      },
      "properties": {
        "id": "copy_text_13840",
        "name": "Neretsk",
        "category": "settlement",
        "dataset": "kislev",
        "in_gazetteer": false,
        "type": null,
        "region": "Kislev",
        "province": null,
        "estate": null,
        "population": 194,
        "population_estimated": true,
        "size_category": 1,
        "trade": null,
        "source": null,
        "tags": [],
        "notes": [],
        "history": {
          "province_2512": null,
          "province_2276": null,
          "ruler_2515": null,
          "ruler_2512": null,
          "ruler_2276": null
        },
        "wiki": {
          "title": null,
          "url": null,
          "description": null,
          "image": null
        },
        "svg_layer": "Kislev"
      }
    },
    {
      "type": "Feature",
      "id": "copy_text_13841",
      "geometry": {
        "type": "Point",
        "coordinates": [
          4.54551,
          58.181485
        ]
      },
      "properties": {
        "id": "copy_text_13841",
        "name": "Yantarovo",
        "category": "settlement",
        "dataset": "kislev",
        "in_gazetteer": false,
        "type": null,
        "region": "Kislev",
        "province": null,
        "estate": null,
        "population": 209,
        "population_estimated": true,
        "size_category": 1,
        "trade": null,
        "source": null,
        "tags": [],
        "notes": [],
        "history": {
          "province_2512": null,
          "province_2276": null,
          "ruler_2515": null,
          "ruler_2512": null,
          "ruler_2276": null
        },
        "wiki": {
          "title": null,
          "url": null,
          "description": null,
          "image": null
        },
        "svg_layer": "Kislev"
      }
    },
    {
      "type": "Feature",
      "id": "copy_text_13842",
      "geometry": {
        "type": "Point",
        "coordinates": [
          5.50659,
          57.402947
        ]
      },
      "properties": {
        "id": "copy_text_13842",
        "name": "Port Velin",
        "category": "settlement",
        "dataset": "kislev",
        "in_gazetteer": false,
        "type": null,
        "region": "Kislev",
        "province": null,
        "estate": null,
        "population": 167,
        "population_estimated": true,
        "size_category": 1,
        "trade": null,
        "source": null,
        "tags": [],
        "notes": [],
        "history": {
          "province_2512": null,
          "province_2276": null,
          "ruler_2515": null,
          "ruler_2512": null,
          "ruler_2276": null
        },
        "wiki": {
          "title": null,
          "url": null,
          "description": null,
          "image": null
        },
        "svg_layer": "Kislev"
      }
    },
    {
      "type": "Feature",
      "id": "copy_text_13843",
      "geometry": {
        "type": "Point",
        "coordinates": [
          10.375676,
          53.854054
        ]
      },
      "properties": {
        "id": "copy_text_13843",
        "name": "Uvarino",
        "category": "settlement",
        "dataset": "kislev",
        "in_gazetteer": false,
        "type": null,
        "region": "Kislev",
        "province": null,
        "estate": null,
        "population": 275,
        "population_estimated": true,
        "size_category": 1,
        "trade": null,
        "source": null,
        "tags": [],
        "notes": [],
        "history": {
          "province_2512": null,
          "province_2276": null,
          "ruler_2515": null,
          "ruler_2512": null,
          "ruler_2276": null
        },
        "wiki": {
          "title": null,
          "url": null,
          "description": null,
          "image": null
        },
        "svg_layer": "Kislev"
      }
    },
    {
      "type": "Feature",
      "id": "copy_text_13844",
      "geometry": {
        "type": "Point",
        "coordinates": [
          10.597776,
          53.824323
        ]
      },
      "properties": {
        "id": "copy_text_13844",
        "name": "Vernesk",
        "category": "settlement",
        "dataset": "kislev",
        "in_gazetteer": false,
        "type": null,
        "region": "Kislev",
        "province": null,
        "estate": null,
        "population": 181,
        "population_estimated": true,
        "size_category": 1,
        "trade": null,
        "source": null,
        "tags": [],
        "notes": [],
        "history": {
          "province_2512": null,
          "province_2276": null,
          "ruler_2515": null,
          "ruler_2512": null,
          "ruler_2276": null
        },
        "wiki": {
          "title": null,
          "url": null,
          "description": null,
          "image": null
        },
        "svg_layer": "Kislev"
      }
    },
    {
      "type": "Feature",
      "id": "copy_text_13845",
      "geometry": {
        "type": "Point",
        "coordinates": [
          10.354903,
          53.957503
        ]
      },
      "properties": {
        "id": "copy_text_13845",
        "name": "Yartsevo",
        "category": "settlement",
        "dataset": "kislev",
        "in_gazetteer": false,
        "type": null,
        "region": "Kislev",
        "province": null,
        "estate": null,
        "population": 95,
        "population_estimated": true,
        "size_category": 1,
        "trade": null,
        "source": null,
        "tags": [],
        "notes": [],
        "history": {
          "province_2512": null,
          "province_2276": null,
          "ruler_2515": null,
          "ruler_2512": null,
          "ruler_2276": null
        },
        "wiki": {
          "title": null,
          "url": null,
          "description": null,
          "image": null
        },
        "svg_layer": "Kislev"
      }
    },
    {
      "type": "Feature",
      "id": "copy_text_13846",
      "geometry": {
        "type": "Point",
        "coordinates": [
          8.976122,
          53.827791
        ]
      },
      "properties": {
        "id": "copy_text_13846",
        "name": "Zorinovo",
        "category": "settlement",
        "dataset": "kislev",
        "in_gazetteer": false,
        "type": null,
        "region": "Kislev",
        "province": null,
        "estate": null,
        "population": 97,
        "population_estimated": true,
        "size_category": 1,
        "trade": null,
        "source": null,
        "tags": [],
        "notes": [],
        "history": {
          "province_2512": null,
          "province_2276": null,
          "ruler_2515": null,
          "ruler_2512": null,
          "ruler_2276": null
        },
        "wiki": {
          "title": null,
          "url": null,
          "description": null,
          "image": null
        },
        "svg_layer": "Kislev"
      }
    },
    {
      "type": "Feature",
      "id": "copy_text_13847",
      "geometry": {
        "type": "Point",
        "coordinates": [
          10.142817,
          53.756819
        ]
      },
      "properties": {
        "id": "copy_text_13847",
        "name": "Belyarov",
        "category": "settlement",
        "dataset": "kislev",
        "in_gazetteer": false,
        "type": null,
        "region": "Kislev",
        "province": null,
        "estate": null,
        "population": 315,
        "population_estimated": true,
        "size_category": 2,
        "trade": null,
        "source": null,
        "tags": [],
        "notes": [],
        "history": {
          "province_2512": null,
          "province_2276": null,
          "ruler_2515": null,
          "ruler_2512": null,
          "ruler_2276": null
        },
        "wiki": {
          "title": null,
          "url": null,
          "description": null,
          "image": null
        },
        "svg_layer": "Kislev"
      }
    },
    {
      "type": "Feature",
      "id": "copy_text_13848",
      "geometry": {
        "type": "Point",
        "coordinates": [
          10.797316,
          53.769591
        ]
      },
      "properties": {
        "id": "copy_text_13848",
        "name": "Chastino",
        "category": "settlement",
        "dataset": "kislev",
        "in_gazetteer": false,
        "type": null,
        "region": "Kislev",
        "province": null,
        "estate": null,
        "population": 108,
        "population_estimated": true,
        "size_category": 1,
        "trade": null,
        "source": null,
        "tags": [],
        "notes": [],
        "history": {
          "province_2512": null,
          "province_2276": null,
          "ruler_2515": null,
          "ruler_2512": null,
          "ruler_2276": null
        },
        "wiki": {
          "title": null,
          "url": null,
          "description": null,
          "image": null
        },
        "svg_layer": "Kislev"
      }
    },
    {
      "type": "Feature",
      "id": "copy_text_13849",
      "geometry": {
        "type": "Point",
        "coordinates": [
          12.25685,
          53.71601
        ]
      },
      "properties": {
        "id": "copy_text_13849",
        "name": "Domarinsk",
        "category": "settlement",
        "dataset": "kislev",
        "in_gazetteer": false,
        "type": null,
        "region": "Kislev",
        "province": null,
        "estate": null,
        "population": 97,
        "population_estimated": true,
        "size_category": 1,
        "trade": null,
        "source": null,
        "tags": [],
        "notes": [],
        "history": {
          "province_2512": null,
          "province_2276": null,
          "ruler_2515": null,
          "ruler_2512": null,
          "ruler_2276": null
        },
        "wiki": {
          "title": null,
          "url": null,
          "description": null,
          "image": null
        },
        "svg_layer": "Kislev"
      }
    },
    {
      "type": "Feature",
      "id": "copy_text_13850",
      "geometry": {
        "type": "Point",
        "coordinates": [
          12.354889,
          53.571645
        ]
      },
      "properties": {
        "id": "copy_text_13850",
        "name": "Klimovo",
        "category": "settlement",
        "dataset": "kislev",
        "in_gazetteer": false,
        "type": null,
        "region": "Kislev",
        "province": null,
        "estate": null,
        "population": 375,
        "population_estimated": true,
        "size_category": 2,
        "trade": null,
        "source": null,
        "tags": [],
        "notes": [],
        "history": {
          "province_2512": null,
          "province_2276": null,
          "ruler_2515": null,
          "ruler_2512": null,
          "ruler_2276": null
        },
        "wiki": {
          "title": null,
          "url": null,
          "description": null,
          "image": null
        },
        "svg_layer": "Kislev"
      }
    },
    {
      "type": "Feature",
      "id": "copy_text_13851",
      "geometry": {
        "type": "Point",
        "coordinates": [
          11.042468,
          53.717595
        ]
      },
      "properties": {
        "id": "copy_text_13851",
        "name": "Turovets",
        "category": "settlement",
        "dataset": "kislev",
        "in_gazetteer": false,
        "type": null,
        "region": "Kislev",
        "province": null,
        "estate": null,
        "population": 339,
        "population_estimated": true,
        "size_category": 2,
        "trade": null,
        "source": null,
        "tags": [],
        "notes": [],
        "history": {
          "province_2512": null,
          "province_2276": null,
          "ruler_2515": null,
          "ruler_2512": null,
          "ruler_2276": null
        },
        "wiki": {
          "title": null,
          "url": null,
          "description": null,
          "image": null
        },
        "svg_layer": "Kislev"
      }
    },
    {
      "type": "Feature",
      "id": "copy_text_13852",
      "geometry": {
        "type": "Point",
        "coordinates": [
          10.598914,
          54.097068
        ]
      },
      "properties": {
        "id": "copy_text_13852",
        "name": "Selgora",
        "category": "settlement",
        "dataset": "kislev",
        "in_gazetteer": false,
        "type": null,
        "region": "Kislev",
        "province": null,
        "estate": null,
        "population": 140,
        "population_estimated": true,
        "size_category": 1,
        "trade": null,
        "source": null,
        "tags": [],
        "notes": [],
        "history": {
          "province_2512": null,
          "province_2276": null,
          "ruler_2515": null,
          "ruler_2512": null,
          "ruler_2276": null
        },
        "wiki": {
          "title": null,
          "url": null,
          "description": null,
          "image": null
        },
        "svg_layer": "Kislev"
      }
    },
    {
      "type": "Feature",
      "id": "copy_text_13853",
      "geometry": {
        "type": "Point",
        "coordinates": [
          8.061873,
          54.027741
        ]
      },
      "properties": {
        "id": "copy_text_13853",
        "name": "Radinovo",
        "category": "settlement",
        "dataset": "kislev",
        "in_gazetteer": false,
        "type": null,
        "region": "Kislev",
        "province": null,
        "estate": null,
        "population": 358,
        "population_estimated": true,
        "size_category": 2,
        "trade": null,
        "source": null,
        "tags": [],
        "notes": [],
        "history": {
          "province_2512": null,
          "province_2276": null,
          "ruler_2515": null,
          "ruler_2512": null,
          "ruler_2276": null
        },
        "wiki": {
          "title": null,
          "url": null,
          "description": null,
          "image": null
        },
        "svg_layer": "Kislev"
      }
    },
    {
      "type": "Feature",
      "id": "copy_text_13854",
      "geometry": {
        "type": "Point",
        "coordinates": [
          8.223976,
          53.884977
        ]
      },
      "properties": {
        "id": "copy_text_13854",
        "name": "Pavshino",
        "category": "settlement",
        "dataset": "kislev",
        "in_gazetteer": false,
        "type": null,
        "region": "Kislev",
        "province": null,
        "estate": null,
        "population": 88,
        "population_estimated": true,
        "size_category": 1,
        "trade": null,
        "source": null,
        "tags": [],
        "notes": [],
        "history": {
          "province_2512": null,
          "province_2276": null,
          "ruler_2515": null,
          "ruler_2512": null,
          "ruler_2276": null
        },
        "wiki": {
          "title": null,
          "url": null,
          "description": null,
          "image": null
        },
        "svg_layer": "Kislev"
      }
    },
    {
      "type": "Feature",
      "id": "copy_text_13855",
      "geometry": {
        "type": "Point",
        "coordinates": [
          8.041011,
          54.442356
        ]
      },
      "properties": {
        "id": "copy_text_13855",
        "name": "Novy Yarinsk",
        "category": "settlement",
        "dataset": "kislev",
        "in_gazetteer": false,
        "type": null,
        "region": "Kislev",
        "province": null,
        "estate": null,
        "population": 363,
        "population_estimated": true,
        "size_category": 2,
        "trade": null,
        "source": null,
        "tags": [],
        "notes": [],
        "history": {
          "province_2512": null,
          "province_2276": null,
          "ruler_2515": null,
          "ruler_2512": null,
          "ruler_2276": null
        },
        "wiki": {
          "title": null,
          "url": null,
          "description": null,
          "image": null
        },
        "svg_layer": "Kislev"
      }
    },
    {
      "type": "Feature",
      "id": "copy_text_13856",
      "geometry": {
        "type": "Point",
        "coordinates": [
          7.668314,
          54.167272
        ]
      },
      "properties": {
        "id": "copy_text_13856",
        "name": "Mirovka",
        "category": "settlement",
        "dataset": "kislev",
        "in_gazetteer": false,
        "type": null,
        "region": "Kislev",
        "province": null,
        "estate": null,
        "population": 77,
        "population_estimated": true,
        "size_category": 1,
        "trade": null,
        "source": null,
        "tags": [],
        "notes": [],
        "history": {
          "province_2512": null,
          "province_2276": null,
          "ruler_2515": null,
          "ruler_2512": null,
          "ruler_2276": null
        },
        "wiki": {
          "title": null,
          "url": null,
          "description": null,
          "image": null
        },
        "svg_layer": "Kislev"
      }
    },
    {
      "type": "Feature",
      "id": "copy_text_13857",
      "geometry": {
        "type": "Point",
        "coordinates": [
          8.173618,
          54.339712
        ]
      },
      "properties": {
        "id": "copy_text_13857",
        "name": "Ladinsk",
        "category": "settlement",
        "dataset": "kislev",
        "in_gazetteer": false,
        "type": null,
        "region": "Kislev",
        "province": null,
        "estate": null,
        "population": 423,
        "population_estimated": true,
        "size_category": 2,
        "trade": null,
        "source": null,
        "tags": [],
        "notes": [],
        "history": {
          "province_2512": null,
          "province_2276": null,
          "ruler_2515": null,
          "ruler_2512": null,
          "ruler_2276": null
        },
        "wiki": {
          "title": null,
          "url": null,
          "description": null,
          "image": null
        },
        "svg_layer": "Kislev"
      }
    },
    {
      "type": "Feature",
      "id": "copy_text_13858",
      "geometry": {
        "type": "Point",
        "coordinates": [
          8.024245,
          54.088859
        ]
      },
      "properties": {
        "id": "copy_text_13858",
        "name": "Karshevo",
        "category": "settlement",
        "dataset": "kislev",
        "in_gazetteer": false,
        "type": null,
        "region": "Kislev",
        "province": null,
        "estate": null,
        "population": 124,
        "population_estimated": true,
        "size_category": 1,
        "trade": null,
        "source": null,
        "tags": [],
        "notes": [],
        "history": {
          "province_2512": null,
          "province_2276": null,
          "ruler_2515": null,
          "ruler_2512": null,
          "ruler_2276": null
        },
        "wiki": {
          "title": null,
          "url": null,
          "description": null,
          "image": null
        },
        "svg_layer": "Kislev"
      }
    },
    {
      "type": "Feature",
      "id": "copy_text_13859",
      "geometry": {
        "type": "Point",
        "coordinates": [
          10.318414,
          57.526008
        ]
      },
      "properties": {
        "id": "copy_text_13859",
        "name": "Ilyarov",
        "category": "settlement",
        "dataset": "kislev",
        "in_gazetteer": false,
        "type": null,
        "region": "Kislev",
        "province": null,
        "estate": null,
        "population": 124,
        "population_estimated": true,
        "size_category": 1,
        "trade": null,
        "source": null,
        "tags": [],
        "notes": [],
        "history": {
          "province_2512": null,
          "province_2276": null,
          "ruler_2515": null,
          "ruler_2512": null,
          "ruler_2276": null
        },
        "wiki": {
          "title": null,
          "url": null,
          "description": null,
          "image": null
        },
        "svg_layer": "Kislev"
      }
    },
    {
      "type": "Feature",
      "id": "copy_text_13860",
      "geometry": {
        "type": "Point",
        "coordinates": [
          10.197547,
          57.594423
        ]
      },
      "properties": {
        "id": "copy_text_13860",
        "name": "Gorlenka",
        "category": "settlement",
        "dataset": "kislev",
        "in_gazetteer": false,
        "type": null,
        "region": "Kislev",
        "province": null,
        "estate": null,
        "population": 89,
        "population_estimated": true,
        "size_category": 1,
        "trade": null,
        "source": null,
        "tags": [],
        "notes": [],
        "history": {
          "province_2512": null,
          "province_2276": null,
          "ruler_2515": null,
          "ruler_2512": null,
          "ruler_2276": null
        },
        "wiki": {
          "title": null,
          "url": null,
          "description": null,
          "image": null
        },
        "svg_layer": "Kislev"
      }
    },
    {
      "type": "Feature",
      "id": "copy_text_13861",
      "geometry": {
        "type": "Point",
        "coordinates": [
          10.129134,
          57.632735
        ]
      },
      "properties": {
        "id": "copy_text_13861",
        "name": "Fedorinsk",
        "category": "settlement",
        "dataset": "kislev",
        "in_gazetteer": false,
        "type": null,
        "region": "Kislev",
        "province": null,
        "estate": null,
        "population": 263,
        "population_estimated": true,
        "size_category": 1,
        "trade": null,
        "source": null,
        "tags": [],
        "notes": [],
        "history": {
          "province_2512": null,
          "province_2276": null,
          "ruler_2515": null,
          "ruler_2512": null,
          "ruler_2276": null
        },
        "wiki": {
          "title": null,
          "url": null,
          "description": null,
          "image": null
        },
        "svg_layer": "Kislev"
      }
    },
    {
      "type": "Feature",
      "id": "copy_text_13862",
      "geometry": {
        "type": "Point",
        "coordinates": [
          9.912489,
          57.604457
        ]
      },
      "properties": {
        "id": "copy_text_13862",
        "name": "Eltsovo",
        "category": "settlement",
        "dataset": "kislev",
        "in_gazetteer": false,
        "type": null,
        "region": "Kislev",
        "province": null,
        "estate": null,
        "population": 98,
        "population_estimated": true,
        "size_category": 1,
        "trade": null,
        "source": null,
        "tags": [],
        "notes": [],
        "history": {
          "province_2512": null,
          "province_2276": null,
          "ruler_2515": null,
          "ruler_2512": null,
          "ruler_2276": null
        },
        "wiki": {
          "title": null,
          "url": null,
          "description": null,
          "image": null
        },
        "svg_layer": "Kislev"
      }
    },
    {
      "type": "Feature",
      "id": "copy_text_13863",
      "geometry": {
        "type": "Point",
        "coordinates": [
          7.833497,
          56.697942
        ]
      },
      "properties": {
        "id": "copy_text_13863",
        "name": "Druzhinovo",
        "category": "settlement",
        "dataset": "kislev",
        "in_gazetteer": false,
        "type": null,
        "region": "Kislev",
        "province": null,
        "estate": null,
        "population": 88,
        "population_estimated": true,
        "size_category": 1,
        "trade": null,
        "source": null,
        "tags": [],
        "notes": [],
        "history": {
          "province_2512": null,
          "province_2276": null,
          "ruler_2515": null,
          "ruler_2512": null,
          "ruler_2276": null
        },
        "wiki": {
          "title": null,
          "url": null,
          "description": null,
          "image": null
        },
        "svg_layer": "Kislev"
      }
    },
    {
      "type": "Feature",
      "id": "copy_text_13864",
      "geometry": {
        "type": "Point",
        "coordinates": [
          8.188441,
          57.107311
        ]
      },
      "properties": {
        "id": "copy_text_13864",
        "name": "Chernovodsk",
        "category": "settlement",
        "dataset": "kislev",
        "in_gazetteer": false,
        "type": null,
        "region": "Kislev",
        "province": null,
        "estate": null,
        "population": 66,
        "population_estimated": true,
        "size_category": 1,
        "trade": null,
        "source": null,
        "tags": [],
        "notes": [],
        "history": {
          "province_2512": null,
          "province_2276": null,
          "ruler_2515": null,
          "ruler_2512": null,
          "ruler_2276": null
        },
        "wiki": {
          "title": null,
          "url": null,
          "description": null,
          "image": null
        },
        "svg_layer": "Kislev"
      }
    },
    {
      "type": "Feature",
      "id": "copy_text_13865",
      "geometry": {
        "type": "Point",
        "coordinates": [
          10.580669,
          59.07309
        ]
      },
      "properties": {
        "id": "copy_text_13865",
        "name": "Belotino",
        "category": "settlement",
        "dataset": "kislev",
        "in_gazetteer": false,
        "type": null,
        "region": "Kislev",
        "province": null,
        "estate": null,
        "population": 80,
        "population_estimated": true,
        "size_category": 1,
        "trade": null,
        "source": null,
        "tags": [],
        "notes": [],
        "history": {
          "province_2512": null,
          "province_2276": null,
          "ruler_2515": null,
          "ruler_2512": null,
          "ruler_2276": null
        },
        "wiki": {
          "title": null,
          "url": null,
          "description": null,
          "image": null
        },
        "svg_layer": "Kislev"
      }
    },
    {
      "type": "Feature",
      "id": "copy_text_13866",
      "geometry": {
        "type": "Point",
        "coordinates": [
          9.181593,
          57.436612
        ]
      },
      "properties": {
        "id": "copy_text_13866",
        "name": "Lynskinsk",
        "category": "settlement",
        "dataset": "kislev",
        "in_gazetteer": false,
        "type": null,
        "region": "Kislev",
        "province": null,
        "estate": null,
        "population": 87,
        "population_estimated": true,
        "size_category": 1,
        "trade": null,
        "source": null,
        "tags": [],
        "notes": [],
        "history": {
          "province_2512": null,
          "province_2276": null,
          "ruler_2515": null,
          "ruler_2512": null,
          "ruler_2276": null
        },
        "wiki": {
          "title": null,
          "url": null,
          "description": null,
          "image": null
        },
        "svg_layer": "Kislev"
      }
    },
    {
      "type": "Feature",
      "id": "copy_text_13867",
      "geometry": {
        "type": "Point",
        "coordinates": [
          11.292826,
          55.292707
        ]
      },
      "properties": {
        "id": "copy_text_13867",
        "name": "Urskoynoye",
        "category": "settlement",
        "dataset": "kislev",
        "in_gazetteer": false,
        "type": null,
        "region": "Kislev",
        "province": null,
        "estate": null,
        "population": 161,
        "population_estimated": true,
        "size_category": 1,
        "trade": null,
        "source": null,
        "tags": [],
        "notes": [],
        "history": {
          "province_2512": null,
          "province_2276": null,
          "ruler_2515": null,
          "ruler_2512": null,
          "ruler_2276": null
        },
        "wiki": {
          "title": null,
          "url": null,
          "description": null,
          "image": null
        },
        "svg_layer": "Kislev"
      }
    },
    {
      "type": "Feature",
      "id": "copy_text_13868",
      "geometry": {
        "type": "Point",
        "coordinates": [
          9.517888,
          58.06999
        ]
      },
      "properties": {
        "id": "copy_text_13868",
        "name": "Chazovsk",
        "category": "settlement",
        "dataset": "kislev",
        "in_gazetteer": true,
        "type": null,
        "region": "Kislev",
        "province": null,
        "estate": null,
        "population": 870,
        "population_estimated": false,
        "size_category": 2,
        "trade": "Agriculture",
        "source": "Strike to Stun Fanzine #5 (unofficial)",
        "tags": [],
        "notes": [
          "Translynsk town"
        ],
        "history": {
          "province_2512": null,
          "province_2276": null,
          "ruler_2515": null,
          "ruler_2512": null,
          "ruler_2276": null
        },
        "wiki": {
          "title": null,
          "url": null,
          "description": null,
          "image": null
        },
        "svg_layer": "Kislev"
      }
    },
    {
      "type": "Feature",
      "id": "copy_text_13869",
      "geometry": {
        "type": "Point",
        "coordinates": [
          8.711407,
          57.987529
        ]
      },
      "properties": {
        "id": "copy_text_13869",
        "name": "Murmagorod",
        "category": "settlement",
        "dataset": "kislev",
        "in_gazetteer": true,
        "type": null,
        "region": "Kislev",
        "province": null,
        "estate": null,
        "population": 390,
        "population_estimated": false,
        "size_category": 2,
        "trade": "Fur, Agriculture",
        "source": "Strike to Stun Fanzine #5 (unofficial)",
        "tags": [],
        "notes": [
          "Translynsk town"
        ],
        "history": {
          "province_2512": null,
          "province_2276": null,
          "ruler_2515": null,
          "ruler_2512": null,
          "ruler_2276": null
        },
        "wiki": {
          "title": null,
          "url": null,
          "description": null,
          "image": null
        },
        "svg_layer": "Kislev"
      }
    },
    {
      "type": "Feature",
      "id": "copy_text_13870",
      "geometry": {
        "type": "Point",
        "coordinates": [
          10.422547,
          55.843408
        ]
      },
      "properties": {
        "id": "copy_text_13870",
        "name": "Enisov",
        "category": "settlement",
        "dataset": "kislev",
        "in_gazetteer": true,
        "type": null,
        "region": "Kislev",
        "province": null,
        "estate": null,
        "population": 677,
        "population_estimated": false,
        "size_category": 2,
        "trade": null,
        "source": "Warhammer Fantasy Roleplay 2e: Realm of the Ice Queen",
        "tags": [],
        "notes": [
          "Isolated settlement, not a part of any Oblast"
        ],
        "history": {
          "province_2512": null,
          "province_2276": null,
          "ruler_2515": "Stepan Krasnyi",
          "ruler_2512": null,
          "ruler_2276": null
        },
        "wiki": {
          "title": null,
          "url": "https://warhammerfantasy.fandom.com/wiki/Enisov",
          "description": null,
          "image": null
        },
        "svg_layer": "Kislev"
      }
    },
    {
      "type": "Feature",
      "id": "copy_text_13871",
      "geometry": {
        "type": "Point",
        "coordinates": [
          7.343109,
          56.875121
        ]
      },
      "properties": {
        "id": "copy_text_13871",
        "name": "Mazhorod",
        "category": "settlement",
        "dataset": "kislev",
        "in_gazetteer": true,
        "type": null,
        "region": "Kislev",
        "province": null,
        "estate": null,
        "population": 94,
        "population_estimated": true,
        "size_category": 1,
        "trade": null,
        "source": "Warahmmer Fantasy (6th Edition): Storm of Chaos",
        "tags": [],
        "notes": [],
        "history": {
          "province_2512": null,
          "province_2276": null,
          "ruler_2515": null,
          "ruler_2512": null,
          "ruler_2276": null
        },
        "wiki": {
          "title": "Mazhorod",
          "url": "https://warhammerfantasy.fandom.com/wiki/Mazhorod",
          "description": "Mazhorod is a fairly practicable ford near Bolgasgrad which allows you to cross the Urskoy river, a large pebble bank placed in a bend of the majestic centuries-old river, which slows its course and lowers the water level. On either side of the ford unfolds an immense open plain, bare, thinly planted with twisted shrubs, gorse and steppe thistles. A high, young mountain range stretches to the west and a maze of rocky hills to the southeast.",
          "image": "https://static.wikia.nocookie.net/warhammerfb/images/7/7c/StormofChaosOpeningMap1.jpg/revision/latest?cb=20230816170625"
        },
        "svg_layer": "Kislev"
      }
    },
    {
      "type": "Feature",
      "id": "copy_text_13872",
      "geometry": {
        "type": "Point",
        "coordinates": [
          8.873686,
          57.179732
        ]
      },
      "properties": {
        "id": "copy_text_13872",
        "name": "Nekoltra",
        "category": "settlement",
        "dataset": "kislev",
        "in_gazetteer": true,
        "type": null,
        "region": "Kislev",
        "province": null,
        "estate": null,
        "population": 278,
        "population_estimated": true,
        "size_category": 1,
        "trade": null,
        "source": "Warhammer Fantasy Roleplay 2e: Realm of the Ice Queen",
        "tags": [],
        "notes": [],
        "history": {
          "province_2512": null,
          "province_2276": null,
          "ruler_2515": null,
          "ruler_2512": null,
          "ruler_2276": null
        },
        "wiki": {
          "title": null,
          "url": null,
          "description": null,
          "image": null
        },
        "svg_layer": "Kislev"
      }
    },
    {
      "type": "Feature",
      "id": "copy_text_13873",
      "geometry": {
        "type": "Point",
        "coordinates": [
          8.379985,
          60.627669
        ]
      },
      "properties": {
        "id": "copy_text_13873",
        "name": "Vitkal",
        "category": "settlement",
        "dataset": "kislev",
        "in_gazetteer": true,
        "type": null,
        "region": "Kislev",
        "province": null,
        "estate": null,
        "population": 109,
        "population_estimated": true,
        "size_category": 1,
        "trade": null,
        "source": "Warhammer Fantasy Roleplay 2e: Realm of the Ice Queen",
        "tags": [],
        "notes": [],
        "history": {
          "province_2512": null,
          "province_2276": null,
          "ruler_2515": null,
          "ruler_2512": null,
          "ruler_2276": null
        },
        "wiki": {
          "title": null,
          "url": null,
          "description": null,
          "image": null
        },
        "svg_layer": "Kislev"
      }
    },
    {
      "type": "Feature",
      "id": "copy_text_13874",
      "geometry": {
        "type": "Point",
        "coordinates": [
          10.833423,
          55.213537
        ]
      },
      "properties": {
        "id": "copy_text_13874",
        "name": "Urszebya",
        "category": "settlement",
        "dataset": "kislev",
        "in_gazetteer": true,
        "type": null,
        "region": "Kislev",
        "province": null,
        "estate": null,
        "population": 114,
        "population_estimated": true,
        "size_category": 1,
        "trade": null,
        "source": "Warahmmer Fantasy (6th Edition): Storm of Chaos",
        "tags": [],
        "notes": [],
        "history": {
          "province_2512": null,
          "province_2276": null,
          "ruler_2515": null,
          "ruler_2512": null,
          "ruler_2276": null
        },
        "wiki": {
          "title": "Urszebya",
          "url": "https://warhammerfantasy.fandom.com/wiki/Urszebya",
          "description": "Urszebya, Ursun's Teeth, is a valley dotted with many standing stones. It is said to be the place where Ursun took a bite out of the world, leaving some of his teeth behind, and it is deeply sacred to all Kislevites. Even those who have never been here—few Kislevites are afforded such an opportunity—know of it and revere it.",
          "image": "https://static.wikia.nocookie.net/warhammerfb/images/7/7c/StormofChaosOpeningMap1.jpg/revision/latest?cb=20230816170625"
        },
        "svg_layer": "Kislev"
      }
    },
    {
      "type": "Feature",
      "id": "copy_text_13875",
      "geometry": {
        "type": "Point",
        "coordinates": [
          11.729399,
          55.465659
        ]
      },
      "properties": {
        "id": "copy_text_13875",
        "name": "Belev",
        "category": "settlement",
        "dataset": "kislev",
        "in_gazetteer": true,
        "type": null,
        "region": "Kislev",
        "province": null,
        "estate": null,
        "population": 740,
        "population_estimated": false,
        "size_category": 2,
        "trade": "Fur, Ore",
        "source": "Strike to Stun Fanzine #5 (unofficial)",
        "tags": [],
        "notes": [
          "Located along the South Urskoy in the foothills."
        ],
        "history": {
          "province_2512": null,
          "province_2276": null,
          "ruler_2515": null,
          "ruler_2512": null,
          "ruler_2276": null
        },
        "wiki": {
          "title": null,
          "url": null,
          "description": null,
          "image": null
        },
        "svg_layer": "Kislev"
      }
    },
    {
      "type": "Feature",
      "id": "copy_text_13876",
      "geometry": {
        "type": "Point",
        "coordinates": [
          11.220888,
          55.670385
        ]
      },
      "properties": {
        "id": "copy_text_13876",
        "name": "Dubna",
        "category": "settlement",
        "dataset": "kislev",
        "in_gazetteer": true,
        "type": null,
        "region": "Kislev",
        "province": null,
        "estate": null,
        "population": 450,
        "population_estimated": false,
        "size_category": 2,
        "trade": "Goats, Agriculture",
        "source": "Strike to Stun Fanzine #5 (unofficial)",
        "tags": [],
        "notes": [],
        "history": {
          "province_2512": null,
          "province_2276": null,
          "ruler_2515": null,
          "ruler_2512": null,
          "ruler_2276": null
        },
        "wiki": {
          "title": null,
          "url": null,
          "description": null,
          "image": null
        },
        "svg_layer": "Kislev"
      }
    },
    {
      "type": "Feature",
      "id": "copy_text_13877",
      "geometry": {
        "type": "Point",
        "coordinates": [
          9.355553,
          57.599644
        ]
      },
      "properties": {
        "id": "copy_text_13877",
        "name": "Jydske",
        "category": "settlement",
        "dataset": "kislev",
        "in_gazetteer": true,
        "type": null,
        "region": "Kislev",
        "province": null,
        "estate": null,
        "population": 550,
        "population_estimated": false,
        "size_category": 2,
        "trade": "Fishing, Agriculture",
        "source": "Strike to Stun Fanzine #5 (unofficial)",
        "tags": [],
        "notes": [
          "Ferry"
        ],
        "history": {
          "province_2512": null,
          "province_2276": null,
          "ruler_2515": null,
          "ruler_2512": null,
          "ruler_2276": null
        },
        "wiki": {
          "title": null,
          "url": null,
          "description": null,
          "image": null
        },
        "svg_layer": "Kislev"
      }
    },
    {
      "type": "Feature",
      "id": "copy_text_13878",
      "geometry": {
        "type": "Point",
        "coordinates": [
          10.375438,
          57.493566
        ]
      },
      "properties": {
        "id": "copy_text_13878",
        "name": "Kobrin",
        "category": "settlement",
        "dataset": "kislev",
        "in_gazetteer": true,
        "type": null,
        "region": "Kislev",
        "province": null,
        "estate": null,
        "population": 560,
        "population_estimated": false,
        "size_category": 2,
        "trade": "Fishing, Pigs, Agriculture",
        "source": "Strike to Stun Fanzine #5 (unofficial)",
        "tags": [],
        "notes": [
          "Ferry"
        ],
        "history": {
          "province_2512": null,
          "province_2276": null,
          "ruler_2515": null,
          "ruler_2512": null,
          "ruler_2276": null
        },
        "wiki": {
          "title": null,
          "url": null,
          "description": null,
          "image": null
        },
        "svg_layer": "Kislev"
      }
    },
    {
      "type": "Feature",
      "id": "copy_text_13879",
      "geometry": {
        "type": "Point",
        "coordinates": [
          10.114924,
          55.298724
        ]
      },
      "properties": {
        "id": "copy_text_13879",
        "name": "Nidzica",
        "category": "settlement",
        "dataset": "kislev",
        "in_gazetteer": true,
        "type": null,
        "region": "Kislev",
        "province": null,
        "estate": null,
        "population": 600,
        "population_estimated": false,
        "size_category": 2,
        "trade": "Agriculture",
        "source": "Strike to Stun Fanzine #5 (unofficial)",
        "tags": [],
        "notes": [
          "Ferry across Urskoy"
        ],
        "history": {
          "province_2512": null,
          "province_2276": null,
          "ruler_2515": null,
          "ruler_2512": null,
          "ruler_2276": null
        },
        "wiki": {
          "title": null,
          "url": null,
          "description": null,
          "image": null
        },
        "svg_layer": "Kislev"
      }
    },
    {
      "type": "Feature",
      "id": "copy_text_13880",
      "geometry": {
        "type": "Point",
        "coordinates": [
          8.263211,
          54.874569
        ]
      },
      "properties": {
        "id": "copy_text_13880",
        "name": "Opolensk",
        "category": "settlement",
        "dataset": "kislev",
        "in_gazetteer": true,
        "type": null,
        "region": "Kislev",
        "province": null,
        "estate": null,
        "population": 800,
        "population_estimated": false,
        "size_category": 2,
        "trade": "Timber, Fur",
        "source": "Strike to Stun Fanzine #5 (unofficial)",
        "tags": [],
        "notes": [
          "Ferry"
        ],
        "history": {
          "province_2512": null,
          "province_2276": null,
          "ruler_2515": null,
          "ruler_2512": null,
          "ruler_2276": null
        },
        "wiki": {
          "title": null,
          "url": null,
          "description": null,
          "image": null
        },
        "svg_layer": "Kislev"
      }
    },
    {
      "type": "Feature",
      "id": "copy_text_13881",
      "geometry": {
        "type": "Point",
        "coordinates": [
          10.107396,
          56.396697
        ]
      },
      "properties": {
        "id": "copy_text_13881",
        "name": "Petragrad",
        "category": "settlement",
        "dataset": "kislev",
        "in_gazetteer": true,
        "type": null,
        "region": "Kislev",
        "province": null,
        "estate": null,
        "population": 780,
        "population_estimated": false,
        "size_category": 2,
        "trade": "Timber, Cattle, Agriculture",
        "source": "Strike to Stun Fanzine #5 (unofficial)",
        "tags": [],
        "notes": [],
        "history": {
          "province_2512": null,
          "province_2276": null,
          "ruler_2515": null,
          "ruler_2512": null,
          "ruler_2276": null
        },
        "wiki": {
          "title": null,
          "url": null,
          "description": null,
          "image": null
        },
        "svg_layer": "Kislev"
      }
    },
    {
      "type": "Feature",
      "id": "copy_text_13882",
      "geometry": {
        "type": "Point",
        "coordinates": [
          10.332195,
          56.867378
        ]
      },
      "properties": {
        "id": "copy_text_13882",
        "name": "Pinsk",
        "category": "settlement",
        "dataset": "kislev",
        "in_gazetteer": true,
        "type": null,
        "region": "Kislev",
        "province": null,
        "estate": null,
        "population": 1600,
        "population_estimated": false,
        "size_category": 3,
        "trade": "Agriculture, Livestock, Cheese",
        "source": "Strike to Stun Fanzine #5 (unofficial)",
        "tags": [],
        "notes": [
          "Famous for its sharp and strongly “aromatic” cheeses"
        ],
        "history": {
          "province_2512": null,
          "province_2276": null,
          "ruler_2515": null,
          "ruler_2512": null,
          "ruler_2276": null
        },
        "wiki": {
          "title": null,
          "url": null,
          "description": null,
          "image": null
        },
        "svg_layer": "Kislev"
      }
    },
    {
      "type": "Feature",
      "id": "copy_text_13883",
      "geometry": {
        "type": "Point",
        "coordinates": [
          17.687137,
          59.757725
        ]
      },
      "properties": {
        "id": "copy_text_13883",
        "name": "Preslav",
        "category": "settlement",
        "dataset": "kislev",
        "in_gazetteer": true,
        "type": null,
        "region": "Kislev",
        "province": null,
        "estate": null,
        "population": 820,
        "population_estimated": false,
        "size_category": 2,
        "trade": "Agriculture, Timber",
        "source": "Strike to Stun Fanzine #5 (unofficial)",
        "tags": [],
        "notes": [
          "Largest town in the Wheatland Colonies"
        ],
        "history": {
          "province_2512": null,
          "province_2276": null,
          "ruler_2515": null,
          "ruler_2512": null,
          "ruler_2276": null
        },
        "wiki": {
          "title": null,
          "url": null,
          "description": null,
          "image": null
        },
        "svg_layer": "Kislev"
      }
    },
    {
      "type": "Feature",
      "id": "copy_text_13884",
      "geometry": {
        "type": "Point",
        "coordinates": [
          10.057917,
          53.662957
        ]
      },
      "properties": {
        "id": "copy_text_13884",
        "name": "Rakhov",
        "category": "settlement",
        "dataset": "kislev",
        "in_gazetteer": true,
        "type": null,
        "region": "Kislev",
        "province": null,
        "estate": null,
        "population": 950,
        "population_estimated": false,
        "size_category": 3,
        "trade": "Agriculture, Timber, Vodka",
        "source": "Strike to Stun Fanzine #5 (unofficial)",
        "tags": [],
        "notes": [
          "Largest settlement in southern Kislev"
        ],
        "history": {
          "province_2512": null,
          "province_2276": null,
          "ruler_2515": null,
          "ruler_2512": null,
          "ruler_2276": null
        },
        "wiki": {
          "title": null,
          "url": null,
          "description": null,
          "image": null
        },
        "svg_layer": "Kislev"
      }
    },
    {
      "type": "Feature",
      "id": "copy_text_13885",
      "geometry": {
        "type": "Point",
        "coordinates": [
          13.130353,
          55.087582
        ]
      },
      "properties": {
        "id": "copy_text_13885",
        "name": "Shatsk",
        "category": "settlement",
        "dataset": "kislev",
        "in_gazetteer": true,
        "type": null,
        "region": "Kislev",
        "province": null,
        "estate": null,
        "population": 525,
        "population_estimated": false,
        "size_category": 2,
        "trade": "Ore, Metalwork",
        "source": "Strike to Stun Fanzine #5 (unofficial)",
        "tags": [],
        "notes": [
          "Located in the foothills of the Worlds Edge Mountains"
        ],
        "history": {
          "province_2512": null,
          "province_2276": null,
          "ruler_2515": null,
          "ruler_2512": null,
          "ruler_2276": null
        },
        "wiki": {
          "title": null,
          "url": null,
          "description": null,
          "image": null
        },
        "svg_layer": "Kislev"
      }
    },
    {
      "type": "Feature",
      "id": "copy_text_13886",
      "geometry": {
        "type": "Point",
        "coordinates": [
          6.784218,
          55.883434
        ]
      },
      "properties": {
        "id": "copy_text_13886",
        "name": "Selkow",
        "category": "settlement",
        "dataset": "kislev",
        "in_gazetteer": true,
        "type": null,
        "region": "Kislev",
        "province": null,
        "estate": null,
        "population": 95,
        "population_estimated": false,
        "size_category": 1,
        "trade": "Agriculture",
        "source": "Strike to Stun Fanzine #5 (unofficial)",
        "tags": [],
        "notes": [
          "Near Shallyan convent of Daikop"
        ],
        "history": {
          "province_2512": null,
          "province_2276": null,
          "ruler_2515": null,
          "ruler_2512": null,
          "ruler_2276": null
        },
        "wiki": {
          "title": null,
          "url": null,
          "description": null,
          "image": null
        },
        "svg_layer": "Kislev"
      }
    },
    {
      "type": "Feature",
      "id": "copy_text_13887",
      "geometry": {
        "type": "Point",
        "coordinates": [
          10.47487,
          58.901189
        ]
      },
      "properties": {
        "id": "copy_text_13887",
        "name": "Starogrod",
        "category": "settlement",
        "dataset": "kislev",
        "in_gazetteer": true,
        "type": null,
        "region": "Kislev",
        "province": null,
        "estate": null,
        "population": 800,
        "population_estimated": false,
        "size_category": 2,
        "trade": "Fishing, Agriculture",
        "source": "Strike to Stun Fanzine #5 (unofficial)",
        "tags": [],
        "notes": [],
        "history": {
          "province_2512": null,
          "province_2276": null,
          "ruler_2515": null,
          "ruler_2512": null,
          "ruler_2276": null
        },
        "wiki": {
          "title": null,
          "url": null,
          "description": null,
          "image": null
        },
        "svg_layer": "Kislev"
      }
    },
    {
      "type": "Feature",
      "id": "copy_text_13888",
      "geometry": {
        "type": "Point",
        "coordinates": [
          7.800332,
          57.007849
        ]
      },
      "properties": {
        "id": "copy_text_13888",
        "name": "Velsk",
        "category": "settlement",
        "dataset": "kislev",
        "in_gazetteer": true,
        "type": null,
        "region": "Kislev",
        "province": null,
        "estate": null,
        "population": 350,
        "population_estimated": false,
        "size_category": 2,
        "trade": "Timber, Fur",
        "source": "Strike to Stun Fanzine #5 (unofficial)",
        "tags": [],
        "notes": [
          "Translynsk town"
        ],
        "history": {
          "province_2512": null,
          "province_2276": null,
          "ruler_2515": null,
          "ruler_2512": null,
          "ruler_2276": null
        },
        "wiki": {
          "title": null,
          "url": null,
          "description": null,
          "image": null
        },
        "svg_layer": "Kislev"
      }
    },
    {
      "type": "Feature",
      "id": "copy_text_13889",
      "geometry": {
        "type": "Point",
        "coordinates": [
          14.195837,
          59.933016
        ]
      },
      "properties": {
        "id": "copy_text_13889",
        "name": "Volkolamsk",
        "category": "settlement",
        "dataset": "kislev",
        "in_gazetteer": true,
        "type": null,
        "region": "Kislev",
        "province": null,
        "estate": null,
        "population": 620,
        "population_estimated": false,
        "size_category": 2,
        "trade": "Agriculture, Ore",
        "source": "Strike to Stun Fanzine #5 (unofficial)",
        "tags": [],
        "notes": [
          "Translynsk town"
        ],
        "history": {
          "province_2512": null,
          "province_2276": null,
          "ruler_2515": null,
          "ruler_2512": null,
          "ruler_2276": null
        },
        "wiki": {
          "title": null,
          "url": null,
          "description": null,
          "image": null
        },
        "svg_layer": "Kislev"
      }
    },
    {
      "type": "Feature",
      "id": "copy_text_13890",
      "geometry": {
        "type": "Point",
        "coordinates": [
          7.774565,
          54.172575
        ]
      },
      "properties": {
        "id": "copy_text_13890",
        "name": "Zwolen",
        "category": "settlement",
        "dataset": "kislev",
        "in_gazetteer": true,
        "type": null,
        "region": "Kislev",
        "province": null,
        "estate": null,
        "population": 4250,
        "population_estimated": false,
        "size_category": 4,
        "trade": "Trade, Timber, Fur",
        "source": "Strike to Stun Fanzine #5 (unofficial)",
        "tags": [],
        "notes": [
          "Near the Imperial border where the Urskoy meets the Talabec, ferry"
        ],
        "history": {
          "province_2512": null,
          "province_2276": null,
          "ruler_2515": null,
          "ruler_2512": null,
          "ruler_2276": null
        },
        "wiki": {
          "title": null,
          "url": null,
          "description": null,
          "image": null
        },
        "svg_layer": "Kislev"
      }
    },
    {
      "type": "Feature",
      "id": "copy_text_13891",
      "geometry": {
        "type": "Point",
        "coordinates": [
          18.985635,
          58.482057
        ]
      },
      "properties": {
        "id": "copy_text_13891",
        "name": "Chernozavtra",
        "category": "settlement",
        "dataset": "kislev",
        "in_gazetteer": true,
        "type": null,
        "region": "Kislev",
        "province": null,
        "estate": null,
        "population": 2171,
        "population_estimated": false,
        "size_category": 3,
        "trade": null,
        "source": "Warhammer Fantasy Roleplay 1e: Something Rotten in Kislev",
        "tags": [],
        "notes": [],
        "history": {
          "province_2512": null,
          "province_2276": null,
          "ruler_2515": null,
          "ruler_2512": null,
          "ruler_2276": null
        },
        "wiki": {
          "title": null,
          "url": null,
          "description": null,
          "image": null
        },
        "svg_layer": "Kislev"
      }
    },
    {
      "type": "Feature",
      "id": "copy_text_13892",
      "geometry": {
        "type": "Point",
        "coordinates": [
          4.870308,
          57.726996
        ]
      },
      "properties": {
        "id": "copy_text_13892",
        "name": "Grovodin",
        "category": "settlement",
        "dataset": "kislev",
        "in_gazetteer": false,
        "type": null,
        "region": "Kislev",
        "province": null,
        "estate": null,
        "population": 99,
        "population_estimated": true,
        "size_category": 1,
        "trade": null,
        "source": null,
        "tags": [],
        "notes": [],
        "history": {
          "province_2512": null,
          "province_2276": null,
          "ruler_2515": null,
          "ruler_2512": null,
          "ruler_2276": null
        },
        "wiki": {
          "title": null,
          "url": null,
          "description": null,
          "image": null
        },
        "svg_layer": "Kislev"
      }
    },
    {
      "type": "Feature",
      "id": "copy_text_13893",
      "geometry": {
        "type": "Point",
        "coordinates": [
          5.167174,
          57.539411
        ]
      },
      "properties": {
        "id": "copy_text_13893",
        "name": "Kromatov",
        "category": "settlement",
        "dataset": "kislev",
        "in_gazetteer": false,
        "type": null,
        "region": "Kislev",
        "province": null,
        "estate": null,
        "population": 386,
        "population_estimated": true,
        "size_category": 2,
        "trade": null,
        "source": null,
        "tags": [],
        "notes": [],
        "history": {
          "province_2512": null,
          "province_2276": null,
          "ruler_2515": null,
          "ruler_2512": null,
          "ruler_2276": null
        },
        "wiki": {
          "title": null,
          "url": null,
          "description": null,
          "image": null
        },
        "svg_layer": "Kislev"
      }
    },
    {
      "type": "Feature",
      "id": "copy_text_13894",
      "geometry": {
        "type": "Point",
        "coordinates": [
          5.227407,
          57.656437
        ]
      },
      "properties": {
        "id": "copy_text_13894",
        "name": "Ursangrad",
        "category": "settlement",
        "dataset": "kislev",
        "in_gazetteer": false,
        "type": null,
        "region": "Kislev",
        "province": null,
        "estate": null,
        "population": 111,
        "population_estimated": true,
        "size_category": 1,
        "trade": null,
        "source": null,
        "tags": [],
        "notes": [],
        "history": {
          "province_2512": null,
          "province_2276": null,
          "ruler_2515": null,
          "ruler_2512": null,
          "ruler_2276": null
        },
        "wiki": {
          "title": null,
          "url": null,
          "description": null,
          "image": null
        },
        "svg_layer": "Kislev"
      }
    },
    {
      "type": "Feature",
      "id": "copy_text_13895",
      "geometry": {
        "type": "Point",
        "coordinates": [
          4.78426,
          57.6986
        ]
      },
      "properties": {
        "id": "copy_text_13895",
        "name": "Mazagrod",
        "category": "settlement",
        "dataset": "kislev",
        "in_gazetteer": false,
        "type": null,
        "region": "Kislev",
        "province": null,
        "estate": null,
        "population": 267,
        "population_estimated": true,
        "size_category": 1,
        "trade": null,
        "source": null,
        "tags": [],
        "notes": [],
        "history": {
          "province_2512": null,
          "province_2276": null,
          "ruler_2515": null,
          "ruler_2512": null,
          "ruler_2276": null
        },
        "wiki": {
          "title": null,
          "url": null,
          "description": null,
          "image": null
        },
        "svg_layer": "Kislev"
      }
    },
    {
      "type": "Feature",
      "id": "copy_text_13896",
      "geometry": {
        "type": "Point",
        "coordinates": [
          5.092957,
          57.777764
        ]
      },
      "properties": {
        "id": "copy_text_13896",
        "name": "Boralov",
        "category": "settlement",
        "dataset": "kislev",
        "in_gazetteer": false,
        "type": null,
        "region": "Kislev",
        "province": null,
        "estate": null,
        "population": 362,
        "population_estimated": true,
        "size_category": 2,
        "trade": null,
        "source": null,
        "tags": [],
        "notes": [],
        "history": {
          "province_2512": null,
          "province_2276": null,
          "ruler_2515": null,
          "ruler_2512": null,
          "ruler_2276": null
        },
        "wiki": {
          "title": null,
          "url": null,
          "description": null,
          "image": null
        },
        "svg_layer": "Kislev"
      }
    },
    {
      "type": "Feature",
      "id": "copy_text_13897",
      "geometry": {
        "type": "Point",
        "coordinates": [
          5.769628,
          57.997189
        ]
      },
      "properties": {
        "id": "copy_text_13897",
        "name": "Krovas",
        "category": "settlement",
        "dataset": "kislev",
        "in_gazetteer": true,
        "type": null,
        "region": "Kislev",
        "province": null,
        "estate": null,
        "population": 420,
        "population_estimated": false,
        "size_category": 2,
        "trade": "Fur, Agriculture",
        "source": "Strike to Stun Fanzine #5 (unofficial)",
        "tags": [],
        "notes": [
          "Translynsk town"
        ],
        "history": {
          "province_2512": null,
          "province_2276": null,
          "ruler_2515": null,
          "ruler_2512": null,
          "ruler_2276": null
        },
        "wiki": {
          "title": null,
          "url": null,
          "description": null,
          "image": null
        },
        "svg_layer": "Kislev"
      }
    },
    {
      "type": "Feature",
      "id": "copy_text_13898",
      "geometry": {
        "type": "Point",
        "coordinates": [
          11.710038,
          59.309417
        ]
      },
      "properties": {
        "id": "copy_text_13898",
        "name": "Izborak",
        "category": "settlement",
        "dataset": "kislev",
        "in_gazetteer": false,
        "type": null,
        "region": "Kislev",
        "province": null,
        "estate": null,
        "population": 77,
        "population_estimated": true,
        "size_category": 1,
        "trade": null,
        "source": null,
        "tags": [],
        "notes": [],
        "history": {
          "province_2512": null,
          "province_2276": null,
          "ruler_2515": null,
          "ruler_2512": null,
          "ruler_2276": null
        },
        "wiki": {
          "title": null,
          "url": null,
          "description": null,
          "image": null
        },
        "svg_layer": "Kislev"
      }
    },
    {
      "type": "Feature",
      "id": "copy_text_13899",
      "geometry": {
        "type": "Point",
        "coordinates": [
          10.263358,
          57.964487
        ]
      },
      "properties": {
        "id": "copy_text_13899",
        "name": "Drutsk",
        "category": "settlement",
        "dataset": "kislev",
        "in_gazetteer": false,
        "type": null,
        "region": "Kislev",
        "province": null,
        "estate": null,
        "population": 467,
        "population_estimated": true,
        "size_category": 2,
        "trade": null,
        "source": null,
        "tags": [],
        "notes": [],
        "history": {
          "province_2512": null,
          "province_2276": null,
          "ruler_2515": null,
          "ruler_2512": null,
          "ruler_2276": null
        },
        "wiki": {
          "title": null,
          "url": null,
          "description": null,
          "image": null
        },
        "svg_layer": "Kislev"
      }
    },
    {
      "type": "Feature",
      "id": "copy_text_13900",
      "geometry": {
        "type": "Point",
        "coordinates": [
          10.284869,
          57.783787
        ]
      },
      "properties": {
        "id": "copy_text_13900",
        "name": "Nereditsa",
        "category": "settlement",
        "dataset": "kislev",
        "in_gazetteer": false,
        "type": null,
        "region": "Kislev",
        "province": null,
        "estate": null,
        "population": 191,
        "population_estimated": true,
        "size_category": 1,
        "trade": null,
        "source": null,
        "tags": [],
        "notes": [],
        "history": {
          "province_2512": null,
          "province_2276": null,
          "ruler_2515": null,
          "ruler_2512": null,
          "ruler_2276": null
        },
        "wiki": {
          "title": null,
          "url": null,
          "description": null,
          "image": null
        },
        "svg_layer": "Kislev"
      }
    },
    {
      "type": "Feature",
      "id": "copy_text_13901",
      "geometry": {
        "type": "Point",
        "coordinates": [
          9.133787,
          57.716237
        ]
      },
      "properties": {
        "id": "copy_text_13901",
        "name": "Amatov",
        "category": "settlement",
        "dataset": "kislev",
        "in_gazetteer": false,
        "type": null,
        "region": "Kislev",
        "province": null,
        "estate": null,
        "population": 278,
        "population_estimated": true,
        "size_category": 1,
        "trade": null,
        "source": null,
        "tags": [],
        "notes": [],
        "history": {
          "province_2512": null,
          "province_2276": null,
          "ruler_2515": null,
          "ruler_2512": null,
          "ruler_2276": null
        },
        "wiki": {
          "title": null,
          "url": null,
          "description": null,
          "image": null
        },
        "svg_layer": "Kislev"
      }
    },
    {
      "type": "Feature",
      "id": "copy_text_13902",
      "geometry": {
        "type": "Point",
        "coordinates": [
          9.117626,
          57.287736
        ]
      },
      "properties": {
        "id": "copy_text_13902",
        "name": "Pomezna",
        "category": "settlement",
        "dataset": "kislev",
        "in_gazetteer": false,
        "type": null,
        "region": "Kislev",
        "province": null,
        "estate": null,
        "population": 229,
        "population_estimated": true,
        "size_category": 1,
        "trade": null,
        "source": null,
        "tags": [],
        "notes": [],
        "history": {
          "province_2512": null,
          "province_2276": null,
          "ruler_2515": null,
          "ruler_2512": null,
          "ruler_2276": null
        },
        "wiki": {
          "title": null,
          "url": null,
          "description": null,
          "image": null
        },
        "svg_layer": "Kislev"
      }
    },
    {
      "type": "Feature",
      "id": "copy_text_13903",
      "geometry": {
        "type": "Point",
        "coordinates": [
          6.247261,
          57.004199
        ]
      },
      "properties": {
        "id": "copy_text_13903",
        "name": "Leszko",
        "category": "settlement",
        "dataset": "kislev",
        "in_gazetteer": true,
        "type": null,
        "region": "Kislev",
        "province": null,
        "estate": null,
        "population": 450,
        "population_estimated": false,
        "size_category": 2,
        "trade": "Timber, Sheep, Agriculture",
        "source": "Strike to Stun Fanzine #5 (unofficial)",
        "tags": [],
        "notes": [
          "Ferry"
        ],
        "history": {
          "province_2512": null,
          "province_2276": null,
          "ruler_2515": null,
          "ruler_2512": null,
          "ruler_2276": null
        },
        "wiki": {
          "title": null,
          "url": null,
          "description": null,
          "image": null
        },
        "svg_layer": "Kislev"
      }
    },
    {
      "type": "Feature",
      "id": "copy_text_13904",
      "geometry": {
        "type": "Point",
        "coordinates": [
          6.14991,
          56.724311
        ]
      },
      "properties": {
        "id": "copy_text_13904",
        "name": "Plovce",
        "category": "settlement",
        "dataset": "kislev",
        "in_gazetteer": false,
        "type": null,
        "region": "Kislev",
        "province": null,
        "estate": null,
        "population": 98,
        "population_estimated": true,
        "size_category": 1,
        "trade": null,
        "source": null,
        "tags": [],
        "notes": [],
        "history": {
          "province_2512": null,
          "province_2276": null,
          "ruler_2515": null,
          "ruler_2512": null,
          "ruler_2276": null
        },
        "wiki": {
          "title": null,
          "url": null,
          "description": null,
          "image": null
        },
        "svg_layer": "Kislev"
      }
    },
    {
      "type": "Feature",
      "id": "copy_text_13905",
      "geometry": {
        "type": "Point",
        "coordinates": [
          6.280727,
          56.848436
        ]
      },
      "properties": {
        "id": "copy_text_13905",
        "name": "Wojtaszyce",
        "category": "settlement",
        "dataset": "kislev",
        "in_gazetteer": false,
        "type": null,
        "region": "Kislev",
        "province": null,
        "estate": null,
        "population": 82,
        "population_estimated": true,
        "size_category": 1,
        "trade": null,
        "source": null,
        "tags": [],
        "notes": [],
        "history": {
          "province_2512": null,
          "province_2276": null,
          "ruler_2515": null,
          "ruler_2512": null,
          "ruler_2276": null
        },
        "wiki": {
          "title": null,
          "url": null,
          "description": null,
          "image": null
        },
        "svg_layer": "Kislev"
      }
    },
    {
      "type": "Feature",
      "id": "copy_text_13906",
      "geometry": {
        "type": "Point",
        "coordinates": [
          6.143825,
          57.013934
        ]
      },
      "properties": {
        "id": "copy_text_13906",
        "name": "Czorna",
        "category": "settlement",
        "dataset": "kislev",
        "in_gazetteer": false,
        "type": null,
        "region": "Kislev",
        "province": null,
        "estate": null,
        "population": 176,
        "population_estimated": true,
        "size_category": 1,
        "trade": null,
        "source": null,
        "tags": [],
        "notes": [],
        "history": {
          "province_2512": null,
          "province_2276": null,
          "ruler_2515": null,
          "ruler_2512": null,
          "ruler_2276": null
        },
        "wiki": {
          "title": null,
          "url": null,
          "description": null,
          "image": null
        },
        "svg_layer": "Kislev"
      }
    },
    {
      "type": "Feature",
      "id": "copy_text_13907",
      "geometry": {
        "type": "Point",
        "coordinates": [
          5.898924,
          56.830184
        ]
      },
      "properties": {
        "id": "copy_text_13907",
        "name": "Rzepin",
        "category": "settlement",
        "dataset": "kislev",
        "in_gazetteer": false,
        "type": null,
        "region": "Kislev",
        "province": null,
        "estate": null,
        "population": 192,
        "population_estimated": true,
        "size_category": 1,
        "trade": null,
        "source": null,
        "tags": [],
        "notes": [],
        "history": {
          "province_2512": null,
          "province_2276": null,
          "ruler_2515": null,
          "ruler_2512": null,
          "ruler_2276": null
        },
        "wiki": {
          "title": null,
          "url": null,
          "description": null,
          "image": null
        },
        "svg_layer": "Kislev"
      }
    },
    {
      "type": "Feature",
      "id": "copy_text_13908",
      "geometry": {
        "type": "Point",
        "coordinates": [
          6.784219,
          56.252154
        ]
      },
      "properties": {
        "id": "copy_text_13908",
        "name": "Brzesc",
        "category": "settlement",
        "dataset": "kislev",
        "in_gazetteer": false,
        "type": null,
        "region": "Kislev",
        "province": null,
        "estate": null,
        "population": 147,
        "population_estimated": true,
        "size_category": 1,
        "trade": null,
        "source": null,
        "tags": [],
        "notes": [],
        "history": {
          "province_2512": null,
          "province_2276": null,
          "ruler_2515": null,
          "ruler_2512": null,
          "ruler_2276": null
        },
        "wiki": {
          "title": null,
          "url": null,
          "description": null,
          "image": null
        },
        "svg_layer": "Kislev"
      }
    },
    {
      "type": "Feature",
      "id": "copy_text_13909",
      "geometry": {
        "type": "Point",
        "coordinates": [
          6.508897,
          56.165755
        ]
      },
      "properties": {
        "id": "copy_text_13909",
        "name": "Lisow",
        "category": "settlement",
        "dataset": "kislev",
        "in_gazetteer": false,
        "type": null,
        "region": "Kislev",
        "province": null,
        "estate": null,
        "population": 189,
        "population_estimated": true,
        "size_category": 1,
        "trade": null,
        "source": null,
        "tags": [],
        "notes": [],
        "history": {
          "province_2512": null,
          "province_2276": null,
          "ruler_2515": null,
          "ruler_2512": null,
          "ruler_2276": null
        },
        "wiki": {
          "title": null,
          "url": null,
          "description": null,
          "image": null
        },
        "svg_layer": "Kislev"
      }
    },
    {
      "type": "Feature",
      "id": "copy_text_13910",
      "geometry": {
        "type": "Point",
        "coordinates": [
          7.149291,
          55.372336
        ]
      },
      "properties": {
        "id": "copy_text_13910",
        "name": "Wizna",
        "category": "settlement",
        "dataset": "kislev",
        "in_gazetteer": false,
        "type": null,
        "region": "Kislev",
        "province": null,
        "estate": null,
        "population": 187,
        "population_estimated": true,
        "size_category": 1,
        "trade": null,
        "source": null,
        "tags": [],
        "notes": [],
        "history": {
          "province_2512": null,
          "province_2276": null,
          "ruler_2515": null,
          "ruler_2512": null,
          "ruler_2276": null
        },
        "wiki": {
          "title": null,
          "url": null,
          "description": null,
          "image": null
        },
        "svg_layer": "Kislev"
      }
    },
    {
      "type": "Feature",
      "id": "copy_text_13911",
      "geometry": {
        "type": "Point",
        "coordinates": [
          8.107284,
          55.15191
        ]
      },
      "properties": {
        "id": "copy_text_13911",
        "name": "Blotno",
        "category": "settlement",
        "dataset": "kislev",
        "in_gazetteer": false,
        "type": null,
        "region": "Kislev",
        "province": null,
        "estate": null,
        "population": 126,
        "population_estimated": true,
        "size_category": 1,
        "trade": null,
        "source": null,
        "tags": [],
        "notes": [],
        "history": {
          "province_2512": null,
          "province_2276": null,
          "ruler_2515": null,
          "ruler_2512": null,
          "ruler_2276": null
        },
        "wiki": {
          "title": null,
          "url": null,
          "description": null,
          "image": null
        },
        "svg_layer": "Kislev"
      }
    },
    {
      "type": "Feature",
      "id": "copy_text_13912",
      "geometry": {
        "type": "Point",
        "coordinates": [
          8.255148,
          55.158161
        ]
      },
      "properties": {
        "id": "copy_text_13912",
        "name": "Zabowo",
        "category": "settlement",
        "dataset": "kislev",
        "in_gazetteer": false,
        "type": null,
        "region": "Kislev",
        "province": null,
        "estate": null,
        "population": 216,
        "population_estimated": true,
        "size_category": 1,
        "trade": null,
        "source": null,
        "tags": [],
        "notes": [],
        "history": {
          "province_2512": null,
          "province_2276": null,
          "ruler_2515": null,
          "ruler_2512": null,
          "ruler_2276": null
        },
        "wiki": {
          "title": null,
          "url": null,
          "description": null,
          "image": null
        },
        "svg_layer": "Kislev"
      }
    },
    {
      "type": "Feature",
      "id": "copy_text_13913",
      "geometry": {
        "type": "Point",
        "coordinates": [
          8.026207,
          54.58193
        ]
      },
      "properties": {
        "id": "copy_text_13913",
        "name": "Ösel",
        "category": "settlement",
        "dataset": "kislev",
        "in_gazetteer": false,
        "type": null,
        "region": "Kislev",
        "province": null,
        "estate": null,
        "population": 245,
        "population_estimated": true,
        "size_category": 1,
        "trade": null,
        "source": null,
        "tags": [],
        "notes": [],
        "history": {
          "province_2512": null,
          "province_2276": null,
          "ruler_2515": null,
          "ruler_2512": null,
          "ruler_2276": null
        },
        "wiki": {
          "title": null,
          "url": null,
          "description": null,
          "image": null
        },
        "svg_layer": "Kislev"
      }
    },
    {
      "type": "Feature",
      "id": "copy_text_13914",
      "geometry": {
        "type": "Point",
        "coordinates": [
          8.560893,
          53.901104
        ]
      },
      "properties": {
        "id": "copy_text_13914",
        "name": "Ryazansk",
        "category": "settlement",
        "dataset": "kislev",
        "in_gazetteer": false,
        "type": null,
        "region": "Kislev",
        "province": null,
        "estate": null,
        "population": 107,
        "population_estimated": true,
        "size_category": 1,
        "trade": null,
        "source": null,
        "tags": [],
        "notes": [],
        "history": {
          "province_2512": null,
          "province_2276": null,
          "ruler_2515": null,
          "ruler_2512": null,
          "ruler_2276": null
        },
        "wiki": {
          "title": null,
          "url": null,
          "description": null,
          "image": null
        },
        "svg_layer": "Kislev"
      }
    },
    {
      "type": "Feature",
      "id": "copy_text_13915",
      "geometry": {
        "type": "Point",
        "coordinates": [
          8.090857,
          54.878887
        ]
      },
      "properties": {
        "id": "copy_text_13915",
        "name": "Kukonosy",
        "category": "settlement",
        "dataset": "kislev",
        "in_gazetteer": false,
        "type": null,
        "region": "Kislev",
        "province": null,
        "estate": null,
        "population": 135,
        "population_estimated": true,
        "size_category": 1,
        "trade": null,
        "source": null,
        "tags": [],
        "notes": [],
        "history": {
          "province_2512": null,
          "province_2276": null,
          "ruler_2515": null,
          "ruler_2512": null,
          "ruler_2276": null
        },
        "wiki": {
          "title": null,
          "url": null,
          "description": null,
          "image": null
        },
        "svg_layer": "Kislev"
      }
    },
    {
      "type": "Feature",
      "id": "copy_text_13916",
      "geometry": {
        "type": "Point",
        "coordinates": [
          11.463202,
          55.018218
        ]
      },
      "properties": {
        "id": "copy_text_13916",
        "name": "Merya",
        "category": "settlement",
        "dataset": "kislev",
        "in_gazetteer": false,
        "type": null,
        "region": "Kislev",
        "province": null,
        "estate": null,
        "population": 89,
        "population_estimated": true,
        "size_category": 1,
        "trade": null,
        "source": null,
        "tags": [],
        "notes": [],
        "history": {
          "province_2512": null,
          "province_2276": null,
          "ruler_2515": null,
          "ruler_2512": null,
          "ruler_2276": null
        },
        "wiki": {
          "title": null,
          "url": null,
          "description": null,
          "image": null
        },
        "svg_layer": "Kislev"
      }
    },
    {
      "type": "Feature",
      "id": "copy_text_13917",
      "geometry": {
        "type": "Point",
        "coordinates": [
          11.085962,
          55.362601
        ]
      },
      "properties": {
        "id": "copy_text_13917",
        "name": "Selkovo",
        "category": "settlement",
        "dataset": "kislev",
        "in_gazetteer": false,
        "type": null,
        "region": "Kislev",
        "province": null,
        "estate": null,
        "population": 129,
        "population_estimated": true,
        "size_category": 1,
        "trade": null,
        "source": null,
        "tags": [],
        "notes": [],
        "history": {
          "province_2512": null,
          "province_2276": null,
          "ruler_2515": null,
          "ruler_2512": null,
          "ruler_2276": null
        },
        "wiki": {
          "title": null,
          "url": null,
          "description": null,
          "image": null
        },
        "svg_layer": "Kislev"
      }
    },
    {
      "type": "Feature",
      "id": "copy_text_13918",
      "geometry": {
        "type": "Point",
        "coordinates": [
          11.607708,
          53.579843
        ]
      },
      "properties": {
        "id": "copy_text_13918",
        "name": "Vitebsk",
        "category": "settlement",
        "dataset": "kislev",
        "in_gazetteer": false,
        "type": null,
        "region": "Kislev",
        "province": null,
        "estate": null,
        "population": 120,
        "population_estimated": true,
        "size_category": 1,
        "trade": null,
        "source": null,
        "tags": [],
        "notes": [],
        "history": {
          "province_2512": null,
          "province_2276": null,
          "ruler_2515": null,
          "ruler_2512": null,
          "ruler_2276": null
        },
        "wiki": {
          "title": null,
          "url": null,
          "description": null,
          "image": null
        },
        "svg_layer": "Kislev"
      }
    },
    {
      "type": "Feature",
      "id": "copy_text_13919",
      "geometry": {
        "type": "Point",
        "coordinates": [
          7.758916,
          55.159704
        ]
      },
      "properties": {
        "id": "copy_text_13919",
        "name": "Polotsk",
        "category": "settlement",
        "dataset": "kislev",
        "in_gazetteer": false,
        "type": null,
        "region": "Kislev",
        "province": null,
        "estate": null,
        "population": 108,
        "population_estimated": true,
        "size_category": 1,
        "trade": null,
        "source": null,
        "tags": [],
        "notes": [],
        "history": {
          "province_2512": null,
          "province_2276": null,
          "ruler_2515": null,
          "ruler_2512": null,
          "ruler_2276": null
        },
        "wiki": {
          "title": null,
          "url": null,
          "description": null,
          "image": null
        },
        "svg_layer": "Kislev"
      }
    },
    {
      "type": "Feature",
      "id": "copy_text_13920",
      "geometry": {
        "type": "Point",
        "coordinates": [
          11.249679,
          55.549987
        ]
      },
      "properties": {
        "id": "copy_text_13920",
        "name": "Murom",
        "category": "settlement",
        "dataset": "kislev",
        "in_gazetteer": false,
        "type": null,
        "region": "Kislev",
        "province": null,
        "estate": null,
        "population": 171,
        "population_estimated": true,
        "size_category": 1,
        "trade": null,
        "source": null,
        "tags": [],
        "notes": [],
        "history": {
          "province_2512": null,
          "province_2276": null,
          "ruler_2515": null,
          "ruler_2512": null,
          "ruler_2276": null
        },
        "wiki": {
          "title": null,
          "url": null,
          "description": null,
          "image": null
        },
        "svg_layer": "Kislev"
      }
    },
    {
      "type": "Feature",
      "id": "copy_text_13921",
      "geometry": {
        "type": "Point",
        "coordinates": [
          11.322821,
          55.77629
        ]
      },
      "properties": {
        "id": "copy_text_13921",
        "name": "Ustyug",
        "category": "settlement",
        "dataset": "kislev",
        "in_gazetteer": false,
        "type": null,
        "region": "Kislev",
        "province": null,
        "estate": null,
        "population": 124,
        "population_estimated": true,
        "size_category": 1,
        "trade": null,
        "source": null,
        "tags": [],
        "notes": [],
        "history": {
          "province_2512": null,
          "province_2276": null,
          "ruler_2515": null,
          "ruler_2512": null,
          "ruler_2276": null
        },
        "wiki": {
          "title": null,
          "url": null,
          "description": null,
          "image": null
        },
        "svg_layer": "Kislev"
      }
    },
    {
      "type": "Feature",
      "id": "copy_text_13922",
      "geometry": {
        "type": "Point",
        "coordinates": [
          10.504292,
          55.452753
        ]
      },
      "properties": {
        "id": "copy_text_13922",
        "name": "Turonov",
        "category": "settlement",
        "dataset": "kislev",
        "in_gazetteer": false,
        "type": null,
        "region": "Kislev",
        "province": null,
        "estate": null,
        "population": 241,
        "population_estimated": true,
        "size_category": 1,
        "trade": null,
        "source": null,
        "tags": [],
        "notes": [],
        "history": {
          "province_2512": null,
          "province_2276": null,
          "ruler_2515": null,
          "ruler_2512": null,
          "ruler_2276": null
        },
        "wiki": {
          "title": null,
          "url": null,
          "description": null,
          "image": null
        },
        "svg_layer": "Kislev"
      }
    },
    {
      "type": "Feature",
      "id": "copy_text_13923",
      "geometry": {
        "type": "Point",
        "coordinates": [
          10.730166,
          55.172235
        ]
      },
      "properties": {
        "id": "copy_text_13923",
        "name": "Suzdal",
        "category": "settlement",
        "dataset": "kislev",
        "in_gazetteer": false,
        "type": null,
        "region": "Kislev",
        "province": null,
        "estate": null,
        "population": 68,
        "population_estimated": true,
        "size_category": 1,
        "trade": null,
        "source": null,
        "tags": [],
        "notes": [],
        "history": {
          "province_2512": null,
          "province_2276": null,
          "ruler_2515": null,
          "ruler_2512": null,
          "ruler_2276": null
        },
        "wiki": {
          "title": null,
          "url": null,
          "description": null,
          "image": null
        },
        "svg_layer": "Kislev"
      }
    },
    {
      "type": "Feature",
      "id": "copy_text_13924",
      "geometry": {
        "type": "Point",
        "coordinates": [
          10.533331,
          54.815136
        ]
      },
      "properties": {
        "id": "copy_text_13924",
        "name": "Perejaslavl",
        "category": "settlement",
        "dataset": "kislev",
        "in_gazetteer": false,
        "type": null,
        "region": "Kislev",
        "province": null,
        "estate": null,
        "population": 76,
        "population_estimated": true,
        "size_category": 1,
        "trade": null,
        "source": null,
        "tags": [],
        "notes": [],
        "history": {
          "province_2512": null,
          "province_2276": null,
          "ruler_2515": null,
          "ruler_2512": null,
          "ruler_2276": null
        },
        "wiki": {
          "title": null,
          "url": null,
          "description": null,
          "image": null
        },
        "svg_layer": "Kislev"
      }
    },
    {
      "type": "Feature",
      "id": "copy_text_13925",
      "geometry": {
        "type": "Point",
        "coordinates": [
          10.282718,
          57.093683
        ]
      },
      "properties": {
        "id": "copy_text_13925",
        "name": "Rasina",
        "category": "settlement",
        "dataset": "kislev",
        "in_gazetteer": false,
        "type": null,
        "region": "Kislev",
        "province": null,
        "estate": null,
        "population": 116,
        "population_estimated": true,
        "size_category": 1,
        "trade": null,
        "source": null,
        "tags": [],
        "notes": [],
        "history": {
          "province_2512": null,
          "province_2276": null,
          "ruler_2515": null,
          "ruler_2512": null,
          "ruler_2276": null
        },
        "wiki": {
          "title": null,
          "url": null,
          "description": null,
          "image": null
        },
        "svg_layer": "Kislev"
      }
    },
    {
      "type": "Feature",
      "id": "copy_text_13926",
      "geometry": {
        "type": "Point",
        "coordinates": [
          10.205277,
          56.429394
        ]
      },
      "properties": {
        "id": "copy_text_13926",
        "name": "Mekhorin",
        "category": "settlement",
        "dataset": "kislev",
        "in_gazetteer": false,
        "type": null,
        "region": "Kislev",
        "province": null,
        "estate": null,
        "population": 259,
        "population_estimated": true,
        "size_category": 1,
        "trade": null,
        "source": null,
        "tags": [],
        "notes": [],
        "history": {
          "province_2512": null,
          "province_2276": null,
          "ruler_2515": null,
          "ruler_2512": null,
          "ruler_2276": null
        },
        "wiki": {
          "title": null,
          "url": null,
          "description": null,
          "image": null
        },
        "svg_layer": "Kislev"
      }
    },
    {
      "type": "Feature",
      "id": "copy_text_13927",
      "geometry": {
        "type": "Point",
        "coordinates": [
          7.413021,
          59.083108
        ]
      },
      "properties": {
        "id": "copy_text_13927",
        "name": "Maysky",
        "category": "settlement",
        "dataset": "kislev",
        "in_gazetteer": false,
        "type": null,
        "region": "Kislev",
        "province": null,
        "estate": null,
        "population": 256,
        "population_estimated": true,
        "size_category": 1,
        "trade": null,
        "source": null,
        "tags": [],
        "notes": [],
        "history": {
          "province_2512": null,
          "province_2276": null,
          "ruler_2515": null,
          "ruler_2512": null,
          "ruler_2276": null
        },
        "wiki": {
          "title": null,
          "url": null,
          "description": null,
          "image": null
        },
        "svg_layer": "Kislev"
      }
    },
    {
      "type": "Feature",
      "id": "copy_text_13928",
      "geometry": {
        "type": "Point",
        "coordinates": [
          8.426236,
          58.864549
        ]
      },
      "properties": {
        "id": "copy_text_13928",
        "name": "Volnoye",
        "category": "settlement",
        "dataset": "kislev",
        "in_gazetteer": false,
        "type": null,
        "region": "Kislev",
        "province": null,
        "estate": null,
        "population": 124,
        "population_estimated": true,
        "size_category": 1,
        "trade": null,
        "source": null,
        "tags": [],
        "notes": [],
        "history": {
          "province_2512": null,
          "province_2276": null,
          "ruler_2515": null,
          "ruler_2512": null,
          "ruler_2276": null
        },
        "wiki": {
          "title": null,
          "url": null,
          "description": null,
          "image": null
        },
        "svg_layer": "Kislev"
      }
    },
    {
      "type": "Feature",
      "id": "copy_text_13929",
      "geometry": {
        "type": "Point",
        "coordinates": [
          9.108165,
          58.997062
        ]
      },
      "properties": {
        "id": "copy_text_13929",
        "name": "Verkhnenazarovskoye",
        "category": "settlement",
        "dataset": "kislev",
        "in_gazetteer": false,
        "type": null,
        "region": "Kislev",
        "province": null,
        "estate": null,
        "population": 132,
        "population_estimated": true,
        "size_category": 1,
        "trade": null,
        "source": null,
        "tags": [],
        "notes": [],
        "history": {
          "province_2512": null,
          "province_2276": null,
          "ruler_2515": null,
          "ruler_2512": null,
          "ruler_2276": null
        },
        "wiki": {
          "title": null,
          "url": null,
          "description": null,
          "image": null
        },
        "svg_layer": "Kislev"
      }
    },
    {
      "type": "Feature",
      "id": "copy_text_13930",
      "geometry": {
        "type": "Point",
        "coordinates": [
          7.649654,
          60.050287
        ]
      },
      "properties": {
        "id": "copy_text_13930",
        "name": "Fadovoye",
        "category": "settlement",
        "dataset": "kislev",
        "in_gazetteer": false,
        "type": null,
        "region": "Kislev",
        "province": null,
        "estate": null,
        "population": 101,
        "population_estimated": true,
        "size_category": 1,
        "trade": null,
        "source": null,
        "tags": [],
        "notes": [],
        "history": {
          "province_2512": null,
          "province_2276": null,
          "ruler_2515": null,
          "ruler_2512": null,
          "ruler_2276": null
        },
        "wiki": {
          "title": null,
          "url": null,
          "description": null,
          "image": null
        },
        "svg_layer": "Kislev"
      }
    },
    {
      "type": "Feature",
      "id": "copy_text_13931",
      "geometry": {
        "type": "Point",
        "coordinates": [
          8.161639,
          60.299827
        ]
      },
      "properties": {
        "id": "copy_text_13931",
        "name": "Katyrbovo",
        "category": "settlement",
        "dataset": "kislev",
        "in_gazetteer": false,
        "type": null,
        "region": "Kislev",
        "province": null,
        "estate": null,
        "population": 340,
        "population_estimated": true,
        "size_category": 2,
        "trade": null,
        "source": null,
        "tags": [],
        "notes": [],
        "history": {
          "province_2512": null,
          "province_2276": null,
          "ruler_2515": null,
          "ruler_2512": null,
          "ruler_2276": null
        },
        "wiki": {
          "title": null,
          "url": null,
          "description": null,
          "image": null
        },
        "svg_layer": "Kislev"
      }
    },
    {
      "type": "Feature",
      "id": "copy_text_13932",
      "geometry": {
        "type": "Point",
        "coordinates": [
          7.036562,
          60.201733
        ]
      },
      "properties": {
        "id": "copy_text_13932",
        "name": "Dzhamoye",
        "category": "settlement",
        "dataset": "kislev",
        "in_gazetteer": false,
        "type": null,
        "region": "Kislev",
        "province": null,
        "estate": null,
        "population": 445,
        "population_estimated": true,
        "size_category": 2,
        "trade": null,
        "source": null,
        "tags": [],
        "notes": [],
        "history": {
          "province_2512": null,
          "province_2276": null,
          "ruler_2515": null,
          "ruler_2512": null,
          "ruler_2276": null
        },
        "wiki": {
          "title": null,
          "url": null,
          "description": null,
          "image": null
        },
        "svg_layer": "Kislev"
      }
    },
    {
      "type": "Feature",
      "id": "copy_text_13933",
      "geometry": {
        "type": "Point",
        "coordinates": [
          6.139515,
          58.504869
        ]
      },
      "properties": {
        "id": "copy_text_13933",
        "name": "Oktyabrsky",
        "category": "settlement",
        "dataset": "kislev",
        "in_gazetteer": false,
        "type": null,
        "region": "Kislev",
        "province": null,
        "estate": null,
        "population": 120,
        "population_estimated": true,
        "size_category": 1,
        "trade": null,
        "source": null,
        "tags": [],
        "notes": [],
        "history": {
          "province_2512": null,
          "province_2276": null,
          "ruler_2515": null,
          "ruler_2512": null,
          "ruler_2276": null
        },
        "wiki": {
          "title": null,
          "url": null,
          "description": null,
          "image": null
        },
        "svg_layer": "Kislev"
      }
    },
    {
      "type": "Feature",
      "id": "copy_text_13934",
      "geometry": {
        "type": "Point",
        "coordinates": [
          5.99646,
          58.388704
        ]
      },
      "properties": {
        "id": "copy_text_13934",
        "name": "Kalinin",
        "category": "settlement",
        "dataset": "kislev",
        "in_gazetteer": false,
        "type": null,
        "region": "Kislev",
        "province": null,
        "estate": null,
        "population": 164,
        "population_estimated": true,
        "size_category": 1,
        "trade": null,
        "source": null,
        "tags": [],
        "notes": [],
        "history": {
          "province_2512": null,
          "province_2276": null,
          "ruler_2515": null,
          "ruler_2512": null,
          "ruler_2276": null
        },
        "wiki": {
          "title": null,
          "url": null,
          "description": null,
          "image": null
        },
        "svg_layer": "Kislev"
      }
    },
    {
      "type": "Feature",
      "id": "copy_text_13935",
      "geometry": {
        "type": "Point",
        "coordinates": [
          6.26536,
          58.437751
        ]
      },
      "properties": {
        "id": "copy_text_13935",
        "name": "Krasny Nost",
        "category": "settlement",
        "dataset": "kislev",
        "in_gazetteer": false,
        "type": null,
        "region": "Kislev",
        "province": null,
        "estate": null,
        "population": 133,
        "population_estimated": true,
        "size_category": 1,
        "trade": null,
        "source": null,
        "tags": [],
        "notes": [],
        "history": {
          "province_2512": null,
          "province_2276": null,
          "ruler_2515": null,
          "ruler_2512": null,
          "ruler_2276": null
        },
        "wiki": {
          "title": null,
          "url": null,
          "description": null,
          "image": null
        },
        "svg_layer": "Kislev"
      }
    },
    {
      "type": "Feature",
      "id": "copy_text_13936",
      "geometry": {
        "type": "Point",
        "coordinates": [
          9.513119,
          57.60413
        ]
      },
      "properties": {
        "id": "copy_text_13936",
        "name": "Novoshoikovo",
        "category": "settlement",
        "dataset": "kislev",
        "in_gazetteer": false,
        "type": null,
        "region": "Kislev",
        "province": null,
        "estate": null,
        "population": 109,
        "population_estimated": true,
        "size_category": 1,
        "trade": null,
        "source": null,
        "tags": [],
        "notes": [],
        "history": {
          "province_2512": null,
          "province_2276": null,
          "ruler_2515": null,
          "ruler_2512": null,
          "ruler_2276": null
        },
        "wiki": {
          "title": null,
          "url": null,
          "description": null,
          "image": null
        },
        "svg_layer": "Kislev"
      }
    },
    {
      "type": "Feature",
      "id": "copy_text_13937",
      "geometry": {
        "type": "Point",
        "coordinates": [
          10.475787,
          55.076184
        ]
      },
      "properties": {
        "id": "copy_text_13937",
        "name": "Shoikasgrad",
        "category": "settlement",
        "dataset": "kislev",
        "in_gazetteer": false,
        "type": null,
        "region": "Kislev",
        "province": null,
        "estate": null,
        "population": 107,
        "population_estimated": true,
        "size_category": 1,
        "trade": null,
        "source": null,
        "tags": [],
        "notes": [],
        "history": {
          "province_2512": null,
          "province_2276": null,
          "ruler_2515": null,
          "ruler_2512": null,
          "ruler_2276": null
        },
        "wiki": {
          "title": null,
          "url": null,
          "description": null,
          "image": null
        },
        "svg_layer": "Kislev"
      }
    },
    {
      "type": "Feature",
      "id": "copy_text_13938",
      "geometry": {
        "type": "Point",
        "coordinates": [
          9.846245,
          55.597462
        ]
      },
      "properties": {
        "id": "copy_text_13938",
        "name": "Aleksandrovsk",
        "category": "settlement",
        "dataset": "kislev",
        "in_gazetteer": false,
        "type": null,
        "region": "Kislev",
        "province": null,
        "estate": null,
        "population": 120,
        "population_estimated": true,
        "size_category": 1,
        "trade": null,
        "source": null,
        "tags": [],
        "notes": [],
        "history": {
          "province_2512": null,
          "province_2276": null,
          "ruler_2515": null,
          "ruler_2512": null,
          "ruler_2276": null
        },
        "wiki": {
          "title": null,
          "url": null,
          "description": null,
          "image": null
        },
        "svg_layer": "Kislev"
      }
    },
    {
      "type": "Feature",
      "id": "copy_text_13939",
      "geometry": {
        "type": "Point",
        "coordinates": [
          13.363233,
          57.794974
        ]
      },
      "properties": {
        "id": "copy_text_13939",
        "name": "Gospodarskaya",
        "category": "settlement",
        "dataset": "kislev",
        "in_gazetteer": false,
        "type": null,
        "region": "Kislev",
        "province": null,
        "estate": null,
        "population": 377,
        "population_estimated": true,
        "size_category": 2,
        "trade": null,
        "source": null,
        "tags": [],
        "notes": [],
        "history": {
          "province_2512": null,
          "province_2276": null,
          "ruler_2515": null,
          "ruler_2512": null,
          "ruler_2276": null
        },
        "wiki": {
          "title": null,
          "url": null,
          "description": null,
          "image": null
        },
        "svg_layer": "Kislev"
      }
    },
    {
      "type": "Feature",
      "id": "copy_text_13940",
      "geometry": {
        "type": "Point",
        "coordinates": [
          11.521005,
          60.884895
        ]
      },
      "properties": {
        "id": "copy_text_13940",
        "name": "Pavlovgrad",
        "category": "settlement",
        "dataset": "kislev",
        "in_gazetteer": false,
        "type": null,
        "region": "Kislev",
        "province": null,
        "estate": null,
        "population": 153,
        "population_estimated": true,
        "size_category": 1,
        "trade": null,
        "source": null,
        "tags": [],
        "notes": [],
        "history": {
          "province_2512": null,
          "province_2276": null,
          "ruler_2515": null,
          "ruler_2512": null,
          "ruler_2276": null
        },
        "wiki": {
          "title": null,
          "url": null,
          "description": null,
          "image": null
        },
        "svg_layer": "Kislev"
      }
    },
    {
      "type": "Feature",
      "id": "copy_text_13941",
      "geometry": {
        "type": "Point",
        "coordinates": [
          11.312609,
          59.929628
        ]
      },
      "properties": {
        "id": "copy_text_13941",
        "name": "Tairinsk",
        "category": "settlement",
        "dataset": "kislev",
        "in_gazetteer": false,
        "type": null,
        "region": "Kislev",
        "province": null,
        "estate": null,
        "population": 300,
        "population_estimated": true,
        "size_category": 1,
        "trade": null,
        "source": null,
        "tags": [],
        "notes": [],
        "history": {
          "province_2512": null,
          "province_2276": null,
          "ruler_2515": null,
          "ruler_2512": null,
          "ruler_2276": null
        },
        "wiki": {
          "title": null,
          "url": null,
          "description": null,
          "image": null
        },
        "svg_layer": "Kislev"
      }
    },
    {
      "type": "Feature",
      "id": "copy_text_13942",
      "geometry": {
        "type": "Point",
        "coordinates": [
          10.409062,
          59.198269
        ]
      },
      "properties": {
        "id": "copy_text_13942",
        "name": "Zykovsk",
        "category": "settlement",
        "dataset": "kislev",
        "in_gazetteer": false,
        "type": null,
        "region": "Kislev",
        "province": null,
        "estate": null,
        "population": 241,
        "population_estimated": true,
        "size_category": 1,
        "trade": null,
        "source": null,
        "tags": [],
        "notes": [],
        "history": {
          "province_2512": null,
          "province_2276": null,
          "ruler_2515": null,
          "ruler_2512": null,
          "ruler_2276": null
        },
        "wiki": {
          "title": null,
          "url": null,
          "description": null,
          "image": null
        },
        "svg_layer": "Kislev"
      }
    },
    {
      "type": "Feature",
      "id": "copy_text_13943",
      "geometry": {
        "type": "Point",
        "coordinates": [
          10.868442,
          59.223825
        ]
      },
      "properties": {
        "id": "copy_text_13943",
        "name": "Vassilino",
        "category": "settlement",
        "dataset": "kislev",
        "in_gazetteer": false,
        "type": null,
        "region": "Kislev",
        "province": null,
        "estate": null,
        "population": 60,
        "population_estimated": true,
        "size_category": 1,
        "trade": null,
        "source": null,
        "tags": [],
        "notes": [],
        "history": {
          "province_2512": null,
          "province_2276": null,
          "ruler_2515": null,
          "ruler_2512": null,
          "ruler_2276": null
        },
        "wiki": {
          "title": null,
          "url": null,
          "description": null,
          "image": null
        },
        "svg_layer": "Kislev"
      }
    },
    {
      "type": "Feature",
      "id": "copy_text_13944",
      "geometry": {
        "type": "Point",
        "coordinates": [
          9.371654,
          55.298105
        ]
      },
      "properties": {
        "id": "copy_text_13944",
        "name": "Romanovgrad",
        "category": "settlement",
        "dataset": "kislev",
        "in_gazetteer": false,
        "type": null,
        "region": "Kislev",
        "province": null,
        "estate": null,
        "population": 100,
        "population_estimated": true,
        "size_category": 1,
        "trade": null,
        "source": null,
        "tags": [],
        "notes": [],
        "history": {
          "province_2512": null,
          "province_2276": null,
          "ruler_2515": null,
          "ruler_2512": null,
          "ruler_2276": null
        },
        "wiki": {
          "title": null,
          "url": null,
          "description": null,
          "image": null
        },
        "svg_layer": "Kislev"
      }
    },
    {
      "type": "Feature",
      "id": "copy_text_13945",
      "geometry": {
        "type": "Point",
        "coordinates": [
          10.147428,
          55.451435
        ]
      },
      "properties": {
        "id": "copy_text_13945",
        "name": "Aleksinovo",
        "category": "settlement",
        "dataset": "kislev",
        "in_gazetteer": false,
        "type": null,
        "region": "Kislev",
        "province": null,
        "estate": null,
        "population": 107,
        "population_estimated": true,
        "size_category": 1,
        "trade": null,
        "source": null,
        "tags": [],
        "notes": [],
        "history": {
          "province_2512": null,
          "province_2276": null,
          "ruler_2515": null,
          "ruler_2512": null,
          "ruler_2276": null
        },
        "wiki": {
          "title": null,
          "url": null,
          "description": null,
          "image": null
        },
        "svg_layer": "Kislev"
      }
    },
    {
      "type": "Feature",
      "id": "copy_text_13946",
      "geometry": {
        "type": "Point",
        "coordinates": [
          11.014469,
          54.334319
        ]
      },
      "properties": {
        "id": "copy_text_13946",
        "name": "Novopavelgrad",
        "category": "settlement",
        "dataset": "kislev",
        "in_gazetteer": false,
        "type": null,
        "region": "Kislev",
        "province": null,
        "estate": null,
        "population": 90,
        "population_estimated": true,
        "size_category": 1,
        "trade": null,
        "source": null,
        "tags": [],
        "notes": [],
        "history": {
          "province_2512": null,
          "province_2276": null,
          "ruler_2515": null,
          "ruler_2512": null,
          "ruler_2276": null
        },
        "wiki": {
          "title": null,
          "url": null,
          "description": null,
          "image": null
        },
        "svg_layer": "Kislev"
      }
    },
    {
      "type": "Feature",
      "id": "copy_text_13947",
      "geometry": {
        "type": "Point",
        "coordinates": [
          10.529232,
          54.943986
        ]
      },
      "properties": {
        "id": "copy_text_13947",
        "name": "Bokhagrad",
        "category": "settlement",
        "dataset": "kislev",
        "in_gazetteer": false,
        "type": null,
        "region": "Kislev",
        "province": null,
        "estate": null,
        "population": 107,
        "population_estimated": true,
        "size_category": 1,
        "trade": null,
        "source": null,
        "tags": [],
        "notes": [],
        "history": {
          "province_2512": null,
          "province_2276": null,
          "ruler_2515": null,
          "ruler_2512": null,
          "ruler_2276": null
        },
        "wiki": {
          "title": null,
          "url": null,
          "description": null,
          "image": null
        },
        "svg_layer": "Kislev"
      }
    },
    {
      "type": "Feature",
      "id": "copy_text_13948",
      "geometry": {
        "type": "Point",
        "coordinates": [
          12.07013,
          55.277419
        ]
      },
      "properties": {
        "id": "copy_text_13948",
        "name": "Vladimirovo",
        "category": "settlement",
        "dataset": "kislev",
        "in_gazetteer": false,
        "type": null,
        "region": "Kislev",
        "province": null,
        "estate": null,
        "population": 133,
        "population_estimated": true,
        "size_category": 1,
        "trade": null,
        "source": null,
        "tags": [],
        "notes": [],
        "history": {
          "province_2512": null,
          "province_2276": null,
          "ruler_2515": null,
          "ruler_2512": null,
          "ruler_2276": null
        },
        "wiki": {
          "title": null,
          "url": null,
          "description": null,
          "image": null
        },
        "svg_layer": "Kislev"
      }
    },
    {
      "type": "Feature",
      "id": "copy_text_13949",
      "geometry": {
        "type": "Point",
        "coordinates": [
          11.700498,
          54.249137
        ]
      },
      "properties": {
        "id": "copy_text_13949",
        "name": "Borsinsk",
        "category": "settlement",
        "dataset": "kislev",
        "in_gazetteer": false,
        "type": null,
        "region": "Kislev",
        "province": null,
        "estate": null,
        "population": 63,
        "population_estimated": true,
        "size_category": 1,
        "trade": null,
        "source": null,
        "tags": [],
        "notes": [],
        "history": {
          "province_2512": null,
          "province_2276": null,
          "ruler_2515": null,
          "ruler_2512": null,
          "ruler_2276": null
        },
        "wiki": {
          "title": null,
          "url": null,
          "description": null,
          "image": null
        },
        "svg_layer": "Kislev"
      }
    },
    {
      "type": "Feature",
      "id": "copy_text_13950",
      "geometry": {
        "type": "Point",
        "coordinates": [
          7.489991,
          55.174714
        ]
      },
      "properties": {
        "id": "copy_text_13950",
        "name": "Ersatzheim",
        "category": "settlement",
        "dataset": "kislev",
        "in_gazetteer": false,
        "type": null,
        "region": "Kislev",
        "province": null,
        "estate": null,
        "population": 83,
        "population_estimated": true,
        "size_category": 1,
        "trade": null,
        "source": null,
        "tags": [],
        "notes": [],
        "history": {
          "province_2512": null,
          "province_2276": null,
          "ruler_2515": null,
          "ruler_2512": null,
          "ruler_2276": null
        },
        "wiki": {
          "title": null,
          "url": null,
          "description": null,
          "image": null
        },
        "svg_layer": "Kislev"
      }
    },
    {
      "type": "Feature",
      "id": "copy_text_13951",
      "geometry": {
        "type": "Point",
        "coordinates": [
          7.602578,
          55.199228
        ]
      },
      "properties": {
        "id": "copy_text_13951",
        "name": "Rheiden",
        "category": "settlement",
        "dataset": "kislev",
        "in_gazetteer": false,
        "type": null,
        "region": "Kislev",
        "province": null,
        "estate": null,
        "population": 104,
        "population_estimated": true,
        "size_category": 1,
        "trade": null,
        "source": null,
        "tags": [],
        "notes": [],
        "history": {
          "province_2512": null,
          "province_2276": null,
          "ruler_2515": null,
          "ruler_2512": null,
          "ruler_2276": null
        },
        "wiki": {
          "title": null,
          "url": null,
          "description": null,
          "image": null
        },
        "svg_layer": "Kislev"
      }
    },
    {
      "type": "Feature",
      "id": "copy_text_13952",
      "geometry": {
        "type": "Point",
        "coordinates": [
          7.975693,
          55.16483
        ]
      },
      "properties": {
        "id": "copy_text_13952",
        "name": "Pskoi",
        "category": "settlement",
        "dataset": "kislev",
        "in_gazetteer": false,
        "type": null,
        "region": "Kislev",
        "province": null,
        "estate": null,
        "population": 82,
        "population_estimated": true,
        "size_category": 1,
        "trade": null,
        "source": null,
        "tags": [],
        "notes": [],
        "history": {
          "province_2512": null,
          "province_2276": null,
          "ruler_2515": null,
          "ruler_2512": null,
          "ruler_2276": null
        },
        "wiki": {
          "title": null,
          "url": null,
          "description": null,
          "image": null
        },
        "svg_layer": "Kislev"
      }
    },
    {
      "type": "Feature",
      "id": "copy_text_13953",
      "geometry": {
        "type": "Point",
        "coordinates": [
          7.997946,
          54.980678
        ]
      },
      "properties": {
        "id": "copy_text_13953",
        "name": "Skolverket",
        "category": "settlement",
        "dataset": "kislev",
        "in_gazetteer": false,
        "type": null,
        "region": "Kislev",
        "province": null,
        "estate": null,
        "population": 367,
        "population_estimated": true,
        "size_category": 2,
        "trade": null,
        "source": null,
        "tags": [],
        "notes": [],
        "history": {
          "province_2512": null,
          "province_2276": null,
          "ruler_2515": null,
          "ruler_2512": null,
          "ruler_2276": null
        },
        "wiki": {
          "title": null,
          "url": null,
          "description": null,
          "image": null
        },
        "svg_layer": "Kislev"
      }
    },
    {
      "type": "Feature",
      "id": "copy_text_13954",
      "geometry": {
        "type": "Point",
        "coordinates": [
          7.701702,
          55.172504
        ]
      },
      "properties": {
        "id": "copy_text_13954",
        "name": "Kulm",
        "category": "settlement",
        "dataset": "kislev",
        "in_gazetteer": false,
        "type": null,
        "region": "Kislev",
        "province": null,
        "estate": null,
        "population": 174,
        "population_estimated": true,
        "size_category": 1,
        "trade": null,
        "source": null,
        "tags": [],
        "notes": [],
        "history": {
          "province_2512": null,
          "province_2276": null,
          "ruler_2515": null,
          "ruler_2512": null,
          "ruler_2276": null
        },
        "wiki": {
          "title": null,
          "url": null,
          "description": null,
          "image": null
        },
        "svg_layer": "Kislev"
      }
    },
    {
      "type": "Feature",
      "id": "copy_text_13955",
      "geometry": {
        "type": "Point",
        "coordinates": [
          8.104566,
          54.767645
        ]
      },
      "properties": {
        "id": "copy_text_13955",
        "name": "Uscat",
        "category": "settlement",
        "dataset": "kislev",
        "in_gazetteer": false,
        "type": null,
        "region": "Kislev",
        "province": null,
        "estate": null,
        "population": 116,
        "population_estimated": true,
        "size_category": 1,
        "trade": null,
        "source": null,
        "tags": [],
        "notes": [],
        "history": {
          "province_2512": null,
          "province_2276": null,
          "ruler_2515": null,
          "ruler_2512": null,
          "ruler_2276": null
        },
        "wiki": {
          "title": null,
          "url": null,
          "description": null,
          "image": null
        },
        "svg_layer": "Kislev"
      }
    },
    {
      "type": "Feature",
      "id": "copy_text_13956",
      "geometry": {
        "type": "Point",
        "coordinates": [
          8.068889,
          54.697671
        ]
      },
      "properties": {
        "id": "copy_text_13956",
        "name": "Rensen",
        "category": "settlement",
        "dataset": "kislev",
        "in_gazetteer": false,
        "type": null,
        "region": "Kislev",
        "province": null,
        "estate": null,
        "population": 264,
        "population_estimated": true,
        "size_category": 1,
        "trade": null,
        "source": null,
        "tags": [],
        "notes": [],
        "history": {
          "province_2512": null,
          "province_2276": null,
          "ruler_2515": null,
          "ruler_2512": null,
          "ruler_2276": null
        },
        "wiki": {
          "title": null,
          "url": null,
          "description": null,
          "image": null
        },
        "svg_layer": "Kislev"
      }
    },
    {
      "type": "Feature",
      "id": "copy_text_13957",
      "geometry": {
        "type": "Point",
        "coordinates": [
          8.064372,
          54.546184
        ]
      },
      "properties": {
        "id": "copy_text_13957",
        "name": "Osilia",
        "category": "settlement",
        "dataset": "kislev",
        "in_gazetteer": false,
        "type": null,
        "region": "Kislev",
        "province": null,
        "estate": null,
        "population": 231,
        "population_estimated": true,
        "size_category": 1,
        "trade": null,
        "source": null,
        "tags": [],
        "notes": [],
        "history": {
          "province_2512": null,
          "province_2276": null,
          "ruler_2515": null,
          "ruler_2512": null,
          "ruler_2276": null
        },
        "wiki": {
          "title": null,
          "url": null,
          "description": null,
          "image": null
        },
        "svg_layer": "Kislev"
      }
    },
    {
      "type": "Feature",
      "id": "copy_text_13958",
      "geometry": {
        "type": "Point",
        "coordinates": [
          8.104249,
          54.507448
        ]
      },
      "properties": {
        "id": "copy_text_13958",
        "name": "Tsaritsysyn",
        "category": "settlement",
        "dataset": "kislev",
        "in_gazetteer": false,
        "type": null,
        "region": "Kislev",
        "province": null,
        "estate": null,
        "population": 205,
        "population_estimated": true,
        "size_category": 1,
        "trade": null,
        "source": null,
        "tags": [],
        "notes": [],
        "history": {
          "province_2512": null,
          "province_2276": null,
          "ruler_2515": null,
          "ruler_2512": null,
          "ruler_2276": null
        },
        "wiki": {
          "title": null,
          "url": null,
          "description": null,
          "image": null
        },
        "svg_layer": "Kislev"
      }
    },
    {
      "type": "Feature",
      "id": "copy_text_13959",
      "geometry": {
        "type": "Point",
        "coordinates": [
          7.853673,
          54.827493
        ]
      },
      "properties": {
        "id": "copy_text_13959",
        "name": "Plisk",
        "category": "settlement",
        "dataset": "kislev",
        "in_gazetteer": false,
        "type": null,
        "region": "Kislev",
        "province": null,
        "estate": null,
        "population": 127,
        "population_estimated": true,
        "size_category": 1,
        "trade": null,
        "source": null,
        "tags": [],
        "notes": [],
        "history": {
          "province_2512": null,
          "province_2276": null,
          "ruler_2515": null,
          "ruler_2512": null,
          "ruler_2276": null
        },
        "wiki": {
          "title": null,
          "url": null,
          "description": null,
          "image": null
        },
        "svg_layer": "Kislev"
      }
    },
    {
      "type": "Feature",
      "id": "copy_text_13960",
      "geometry": {
        "type": "Point",
        "coordinates": [
          8.038967,
          54.35793
        ]
      },
      "properties": {
        "id": "copy_text_13960",
        "name": "Voropovno",
        "category": "settlement",
        "dataset": "kislev",
        "in_gazetteer": false,
        "type": null,
        "region": "Kislev",
        "province": null,
        "estate": null,
        "population": 256,
        "population_estimated": true,
        "size_category": 1,
        "trade": null,
        "source": null,
        "tags": [],
        "notes": [],
        "history": {
          "province_2512": null,
          "province_2276": null,
          "ruler_2515": null,
          "ruler_2512": null,
          "ruler_2276": null
        },
        "wiki": {
          "title": null,
          "url": null,
          "description": null,
          "image": null
        },
        "svg_layer": "Kislev"
      }
    },
    {
      "type": "Feature",
      "id": "copy_text_13961",
      "geometry": {
        "type": "Point",
        "coordinates": [
          9.73653,
          58.084052
        ]
      },
      "properties": {
        "id": "copy_text_13961",
        "name": "Stetovsk",
        "category": "settlement",
        "dataset": "kislev",
        "in_gazetteer": false,
        "type": null,
        "region": "Kislev",
        "province": null,
        "estate": null,
        "population": 122,
        "population_estimated": true,
        "size_category": 1,
        "trade": null,
        "source": null,
        "tags": [],
        "notes": [],
        "history": {
          "province_2512": null,
          "province_2276": null,
          "ruler_2515": null,
          "ruler_2512": null,
          "ruler_2276": null
        },
        "wiki": {
          "title": null,
          "url": null,
          "description": null,
          "image": null
        },
        "svg_layer": "Kislev"
      }
    },
    {
      "type": "Feature",
      "id": "copy_text_13962",
      "geometry": {
        "type": "Point",
        "coordinates": [
          6.829381,
          56.796894
        ]
      },
      "properties": {
        "id": "copy_text_13962",
        "name": "Ustrody",
        "category": "settlement",
        "dataset": "kislev",
        "in_gazetteer": false,
        "type": null,
        "region": "Kislev",
        "province": null,
        "estate": null,
        "population": 108,
        "population_estimated": true,
        "size_category": 1,
        "trade": null,
        "source": null,
        "tags": [],
        "notes": [],
        "history": {
          "province_2512": null,
          "province_2276": null,
          "ruler_2515": null,
          "ruler_2512": null,
          "ruler_2276": null
        },
        "wiki": {
          "title": null,
          "url": null,
          "description": null,
          "image": null
        },
        "svg_layer": "Kislev"
      }
    },
    {
      "type": "Feature",
      "id": "copy_text_13963",
      "geometry": {
        "type": "Point",
        "coordinates": [
          8.463645,
          57.113621
        ]
      },
      "properties": {
        "id": "copy_text_13963",
        "name": "Pomorye",
        "category": "settlement",
        "dataset": "kislev",
        "in_gazetteer": false,
        "type": null,
        "region": "Kislev",
        "province": null,
        "estate": null,
        "population": 263,
        "population_estimated": true,
        "size_category": 1,
        "trade": null,
        "source": null,
        "tags": [],
        "notes": [],
        "history": {
          "province_2512": null,
          "province_2276": null,
          "ruler_2515": null,
          "ruler_2512": null,
          "ruler_2276": null
        },
        "wiki": {
          "title": null,
          "url": null,
          "description": null,
          "image": null
        },
        "svg_layer": "Kislev"
      }
    },
    {
      "type": "Feature",
      "id": "copy_text_13964",
      "geometry": {
        "type": "Point",
        "coordinates": [
          10.241699,
          58.864219
        ]
      },
      "properties": {
        "id": "copy_text_13964",
        "name": "Kurzycko",
        "category": "settlement",
        "dataset": "kislev",
        "in_gazetteer": true,
        "type": null,
        "region": "Kislev",
        "province": null,
        "estate": null,
        "population": 912,
        "population_estimated": false,
        "size_category": 3,
        "trade": null,
        "source": "Kinslayer (Novel) by David Guymer",
        "tags": [],
        "notes": [],
        "history": {
          "province_2512": null,
          "province_2276": null,
          "ruler_2515": null,
          "ruler_2512": null,
          "ruler_2276": null
        },
        "wiki": {
          "title": null,
          "url": null,
          "description": null,
          "image": null
        },
        "svg_layer": "Kislev"
      }
    },
    {
      "type": "Feature",
      "id": "text18845",
      "geometry": {
        "type": "Point",
        "coordinates": [
          21.361981,
          59.159791
        ]
      },
      "properties": {
        "id": "text18845",
        "name": "Uzkulany",
        "category": "settlement",
        "dataset": "kislev",
        "in_gazetteer": false,
        "type": null,
        "region": "Kislev",
        "province": null,
        "estate": null,
        "population": 411,
        "population_estimated": true,
        "size_category": 2,
        "trade": null,
        "source": null,
        "tags": [],
        "notes": [],
        "history": {
          "province_2512": null,
          "province_2276": null,
          "ruler_2515": null,
          "ruler_2512": null,
          "ruler_2276": null
        },
        "wiki": {
          "title": null,
          "url": null,
          "description": null,
          "image": null
        },
        "svg_layer": "Kislev"
      }
    },
    {
      "type": "Feature",
      "id": "text21116",
      "geometry": {
        "type": "Point",
        "coordinates": [
          17.926263,
          59.688851
        ]
      },
      "properties": {
        "id": "text21116",
        "name": "Turov",
        "category": "settlement",
        "dataset": "kislev",
        "in_gazetteer": false,
        "type": null,
        "region": "Kislev",
        "province": null,
        "estate": null,
        "population": 126,
        "population_estimated": true,
        "size_category": 1,
        "trade": null,
        "source": null,
        "tags": [],
        "notes": [],
        "history": {
          "province_2512": null,
          "province_2276": null,
          "ruler_2515": null,
          "ruler_2512": null,
          "ruler_2276": null
        },
        "wiki": {
          "title": null,
          "url": null,
          "description": null,
          "image": null
        },
        "svg_layer": "Kislev"
      }
    },
    {
      "type": "Feature",
      "id": "text21117",
      "geometry": {
        "type": "Point",
        "coordinates": [
          19.614583,
          58.58427
        ]
      },
      "properties": {
        "id": "text21117",
        "name": "Korsov",
        "category": "settlement",
        "dataset": "kislev",
        "in_gazetteer": false,
        "type": null,
        "region": "Kislev",
        "province": null,
        "estate": null,
        "population": 86,
        "population_estimated": true,
        "size_category": 1,
        "trade": null,
        "source": null,
        "tags": [],
        "notes": [],
        "history": {
          "province_2512": null,
          "province_2276": null,
          "ruler_2515": null,
          "ruler_2512": null,
          "ruler_2276": null
        },
        "wiki": {
          "title": null,
          "url": null,
          "description": null,
          "image": null
        },
        "svg_layer": "Kislev"
      }
    },
    {
      "type": "Feature",
      "id": "text21118",
      "geometry": {
        "type": "Point",
        "coordinates": [
          18.619792,
          58.941041
        ]
      },
      "properties": {
        "id": "text21118",
        "name": "Yekatenoskov",
        "category": "settlement",
        "dataset": "kislev",
        "in_gazetteer": false,
        "type": null,
        "region": "Kislev",
        "province": null,
        "estate": null,
        "population": 390,
        "population_estimated": true,
        "size_category": 2,
        "trade": null,
        "source": null,
        "tags": [],
        "notes": [],
        "history": {
          "province_2512": null,
          "province_2276": null,
          "ruler_2515": null,
          "ruler_2512": null,
          "ruler_2276": null
        },
        "wiki": {
          "title": null,
          "url": null,
          "description": null,
          "image": null
        },
        "svg_layer": "Kislev"
      }
    },
    {
      "type": "Feature",
      "id": "text21119",
      "geometry": {
        "type": "Point",
        "coordinates": [
          18.730964,
          59.593097
        ]
      },
      "properties": {
        "id": "text21119",
        "name": "Tarnovo",
        "category": "settlement",
        "dataset": "kislev",
        "in_gazetteer": false,
        "type": null,
        "region": "Kislev",
        "province": null,
        "estate": null,
        "population": 401,
        "population_estimated": true,
        "size_category": 2,
        "trade": null,
        "source": null,
        "tags": [],
        "notes": [],
        "history": {
          "province_2512": null,
          "province_2276": null,
          "ruler_2515": null,
          "ruler_2512": null,
          "ruler_2276": null
        },
        "wiki": {
          "title": null,
          "url": null,
          "description": null,
          "image": null
        },
        "svg_layer": "Kislev"
      }
    },
    {
      "type": "Feature",
      "id": "text21120",
      "geometry": {
        "type": "Point",
        "coordinates": [
          18.539456,
          59.416322
        ]
      },
      "properties": {
        "id": "text21120",
        "name": "Granitsk",
        "category": "settlement",
        "dataset": "kislev",
        "in_gazetteer": false,
        "type": null,
        "region": "Kislev",
        "province": null,
        "estate": null,
        "population": 759,
        "population_estimated": true,
        "size_category": 2,
        "trade": null,
        "source": null,
        "tags": [],
        "notes": [],
        "history": {
          "province_2512": null,
          "province_2276": null,
          "ruler_2515": null,
          "ruler_2512": null,
          "ruler_2276": null
        },
        "wiki": {
          "title": null,
          "url": null,
          "description": null,
          "image": null
        },
        "svg_layer": "Kislev"
      }
    },
    {
      "type": "Feature",
      "id": "text21121",
      "geometry": {
        "type": "Point",
        "coordinates": [
          19.329427,
          59.23402
        ]
      },
      "properties": {
        "id": "text21121",
        "name": "Oyungur",
        "category": "settlement",
        "dataset": "kislev",
        "in_gazetteer": false,
        "type": null,
        "region": "Kislev",
        "province": null,
        "estate": null,
        "population": 106,
        "population_estimated": true,
        "size_category": 1,
        "trade": null,
        "source": null,
        "tags": [],
        "notes": [],
        "history": {
          "province_2512": null,
          "province_2276": null,
          "ruler_2515": null,
          "ruler_2512": null,
          "ruler_2276": null
        },
        "wiki": {
          "title": null,
          "url": null,
          "description": null,
          "image": null
        },
        "svg_layer": "Kislev"
      }
    },
    {
      "type": "Feature",
      "id": "text21122",
      "geometry": {
        "type": "Point",
        "coordinates": [
          19.102931,
          59.420004
        ]
      },
      "properties": {
        "id": "text21122",
        "name": "Buurastak",
        "category": "settlement",
        "dataset": "kislev",
        "in_gazetteer": false,
        "type": null,
        "region": "Kislev",
        "province": null,
        "estate": null,
        "population": 106,
        "population_estimated": true,
        "size_category": 1,
        "trade": null,
        "source": null,
        "tags": [],
        "notes": [],
        "history": {
          "province_2512": null,
          "province_2276": null,
          "ruler_2515": null,
          "ruler_2512": null,
          "ruler_2276": null
        },
        "wiki": {
          "title": null,
          "url": null,
          "description": null,
          "image": null
        },
        "svg_layer": "Kislev"
      }
    },
    {
      "type": "Feature",
      "id": "text21123",
      "geometry": {
        "type": "Point",
        "coordinates": [
          17.594807,
          59.044353
        ]
      },
      "properties": {
        "id": "text21123",
        "name": "Dolgancha",
        "category": "settlement",
        "dataset": "kislev",
        "in_gazetteer": false,
        "type": null,
        "region": "Kislev",
        "province": null,
        "estate": null,
        "population": 111,
        "population_estimated": true,
        "size_category": 1,
        "trade": null,
        "source": null,
        "tags": [],
        "notes": [],
        "history": {
          "province_2512": null,
          "province_2276": null,
          "ruler_2515": null,
          "ruler_2512": null,
          "ruler_2276": null
        },
        "wiki": {
          "title": null,
          "url": null,
          "description": null,
          "image": null
        },
        "svg_layer": "Kislev"
      }
    },
    {
      "type": "Feature",
      "id": "text21124",
      "geometry": {
        "type": "Point",
        "coordinates": [
          18.649941,
          59.246908
        ]
      },
      "properties": {
        "id": "text21124",
        "name": "Irgizhal",
        "category": "settlement",
        "dataset": "kislev",
        "in_gazetteer": false,
        "type": null,
        "region": "Kislev",
        "province": null,
        "estate": null,
        "population": 234,
        "population_estimated": true,
        "size_category": 1,
        "trade": null,
        "source": null,
        "tags": [],
        "notes": [],
        "history": {
          "province_2512": null,
          "province_2276": null,
          "ruler_2515": null,
          "ruler_2512": null,
          "ruler_2276": null
        },
        "wiki": {
          "title": null,
          "url": null,
          "description": null,
          "image": null
        },
        "svg_layer": "Kislev"
      }
    },
    {
      "type": "Feature",
      "id": "text21125",
      "geometry": {
        "type": "Point",
        "coordinates": [
          20.609217,
          58.690799
        ]
      },
      "properties": {
        "id": "text21125",
        "name": "Ulaanmur",
        "category": "settlement",
        "dataset": "kislev",
        "in_gazetteer": false,
        "type": null,
        "region": "Kislev",
        "province": null,
        "estate": null,
        "population": 339,
        "population_estimated": true,
        "size_category": 2,
        "trade": null,
        "source": null,
        "tags": [],
        "notes": [],
        "history": {
          "province_2512": null,
          "province_2276": null,
          "ruler_2515": null,
          "ruler_2512": null,
          "ruler_2276": null
        },
        "wiki": {
          "title": null,
          "url": null,
          "description": null,
          "image": null
        },
        "svg_layer": "Kislev"
      }
    },
    {
      "type": "Feature",
      "id": "text21126",
      "geometry": {
        "type": "Point",
        "coordinates": [
          17.073682,
          59.977955
        ]
      },
      "properties": {
        "id": "text21126",
        "name": "Khövölkhan",
        "category": "settlement",
        "dataset": "kislev",
        "in_gazetteer": false,
        "type": null,
        "region": "Kislev",
        "province": null,
        "estate": null,
        "population": 146,
        "population_estimated": true,
        "size_category": 1,
        "trade": null,
        "source": null,
        "tags": [],
        "notes": [],
        "history": {
          "province_2512": null,
          "province_2276": null,
          "ruler_2515": null,
          "ruler_2512": null,
          "ruler_2276": null
        },
        "wiki": {
          "title": null,
          "url": null,
          "description": null,
          "image": null
        },
        "svg_layer": "Kislev"
      }
    },
    {
      "type": "Feature",
      "id": "text21127",
      "geometry": {
        "type": "Point",
        "coordinates": [
          20.962771,
          59.002
        ]
      },
      "properties": {
        "id": "text21127",
        "name": "Nachingol",
        "category": "settlement",
        "dataset": "kislev",
        "in_gazetteer": false,
        "type": null,
        "region": "Kislev",
        "province": null,
        "estate": null,
        "population": 198,
        "population_estimated": true,
        "size_category": 1,
        "trade": null,
        "source": null,
        "tags": [],
        "notes": [],
        "history": {
          "province_2512": null,
          "province_2276": null,
          "ruler_2515": null,
          "ruler_2512": null,
          "ruler_2276": null
        },
        "wiki": {
          "title": null,
          "url": null,
          "description": null,
          "image": null
        },
        "svg_layer": "Kislev"
      }
    },
    {
      "type": "Feature",
      "id": "text21128",
      "geometry": {
        "type": "Point",
        "coordinates": [
          20.382722,
          59.442101
        ]
      },
      "properties": {
        "id": "text21128",
        "name": "Sirekstak",
        "category": "settlement",
        "dataset": "kislev",
        "in_gazetteer": false,
        "type": null,
        "region": "Kislev",
        "province": null,
        "estate": null,
        "population": 154,
        "population_estimated": true,
        "size_category": 1,
        "trade": null,
        "source": null,
        "tags": [],
        "notes": [],
        "history": {
          "province_2512": null,
          "province_2276": null,
          "ruler_2515": null,
          "ruler_2512": null,
          "ruler_2276": null
        },
        "wiki": {
          "title": null,
          "url": null,
          "description": null,
          "image": null
        },
        "svg_layer": "Kislev"
      }
    },
    {
      "type": "Feature",
      "id": "text21129",
      "geometry": {
        "type": "Point",
        "coordinates": [
          18.854339,
          58.779187
        ]
      },
      "properties": {
        "id": "text21129",
        "name": "Burunkhel",
        "category": "settlement",
        "dataset": "kislev",
        "in_gazetteer": false,
        "type": null,
        "region": "Kislev",
        "province": null,
        "estate": null,
        "population": 168,
        "population_estimated": true,
        "size_category": 1,
        "trade": null,
        "source": null,
        "tags": [],
        "notes": [],
        "history": {
          "province_2512": null,
          "province_2276": null,
          "ruler_2515": null,
          "ruler_2512": null,
          "ruler_2276": null
        },
        "wiki": {
          "title": null,
          "url": null,
          "description": null,
          "image": null
        },
        "svg_layer": "Kislev"
      }
    },
    {
      "type": "Feature",
      "id": "text21130",
      "geometry": {
        "type": "Point",
        "coordinates": [
          18.15828,
          58.876782
        ]
      },
      "properties": {
        "id": "text21130",
        "name": "Targutai",
        "category": "settlement",
        "dataset": "kislev",
        "in_gazetteer": false,
        "type": null,
        "region": "Kislev",
        "province": null,
        "estate": null,
        "population": 112,
        "population_estimated": true,
        "size_category": 1,
        "trade": null,
        "source": null,
        "tags": [],
        "notes": [],
        "history": {
          "province_2512": null,
          "province_2276": null,
          "ruler_2515": null,
          "ruler_2512": null,
          "ruler_2276": null
        },
        "wiki": {
          "title": null,
          "url": null,
          "description": null,
          "image": null
        },
        "svg_layer": "Kislev"
      }
    },
    {
      "type": "Feature",
      "id": "text17111",
      "geometry": {
        "type": "Point",
        "coordinates": [
          24.225394,
          60.789451
        ]
      },
      "properties": {
        "id": "text17111",
        "name": "Zamoski",
        "category": "settlement",
        "dataset": "kislev",
        "in_gazetteer": true,
        "type": null,
        "region": "Kislev",
        "province": null,
        "estate": null,
        "population": 161,
        "population_estimated": true,
        "size_category": 1,
        "trade": null,
        "source": "Warhammer: The Old World",
        "tags": [],
        "notes": [],
        "history": {
          "province_2512": null,
          "province_2276": null,
          "ruler_2515": null,
          "ruler_2512": null,
          "ruler_2276": null
        },
        "wiki": {
          "title": null,
          "url": null,
          "description": null,
          "image": null
        },
        "svg_layer": "Kislev"
      }
    },
    {
      "type": "Feature",
      "id": "text3262",
      "geometry": {
        "type": "Point",
        "coordinates": [
          7.053096,
          57.619234
        ]
      },
      "properties": {
        "id": "text3262",
        "name": "Zhidovsk",
        "category": "settlement",
        "dataset": "kislev",
        "in_gazetteer": true,
        "type": null,
        "region": "Kislev",
        "province": null,
        "estate": null,
        "population": 67,
        "population_estimated": false,
        "size_category": 1,
        "trade": null,
        "source": "Warhammer Fantasy Roleplay 2e: The Thousand Thrones",
        "tags": [],
        "notes": [],
        "history": {
          "province_2512": null,
          "province_2276": null,
          "ruler_2515": null,
          "ruler_2512": null,
          "ruler_2276": null
        },
        "wiki": {
          "title": null,
          "url": "https://warhammerfantasy.fandom.com/wiki/Zhidovsk",
          "description": null,
          "image": null
        },
        "svg_layer": "Kislev"
      }
    },
    {
      "type": "Feature",
      "id": "text1066",
      "geometry": {
        "type": "Point",
        "coordinates": [
          11.682971,
          59.815565
        ]
      },
      "properties": {
        "id": "text1066",
        "name": "Uvetsyn",
        "category": "settlement",
        "dataset": "kislev",
        "in_gazetteer": true,
        "type": null,
        "region": "Kislev",
        "province": null,
        "estate": null,
        "population": 112,
        "population_estimated": true,
        "size_category": 1,
        "trade": null,
        "source": "Gotrek and Felix: Kinslayer (Novel) by David Guymer",
        "tags": [],
        "notes": [],
        "history": {
          "province_2512": null,
          "province_2276": null,
          "ruler_2515": null,
          "ruler_2512": null,
          "ruler_2276": null
        },
        "wiki": {
          "title": null,
          "url": null,
          "description": null,
          "image": null
        },
        "svg_layer": "Kislev"
      }
    }
  ]
}