{
  "type": "FeatureCollection",
  "name": "settlements_norsca",
  "schema_version": 2,
  "features": [
    {
      "type": "Feature",
      "id": "copy_text_14682",
      "geometry": {
        "type": "Point",
        "coordinates": [
          2.92107,
          61.408067
        ]
      },
      "properties": {
        "id": "copy_text_14682",
        "name": "Skyggehaug",
        "category": "settlement",
        "dataset": "norsca",
        "in_gazetteer": false,
        "type": null,
        "region": "Norsca",
        "province": null,
        "estate": null,
        "population": 302,
        "population_estimated": true,
        "size_category": 2,
        "trade": null,
        "source": null,
        "tags": [],
        "notes": [],
        "history": {
          "province_2512": null,
          "province_2276": null,
          "ruler_2515": null,
          "ruler_2512": null,
          "ruler_2276": null
        },
        "wiki": {
          "title": null,
          "url": null,
          "description": null,
          "image": null
        },
        "svg_layer": "Norsca"
      }
    },
    {
      "type": "Feature",
      "id": "copy_text_14683",
      "geometry": {
        "type": "Point",
        "coordinates": [
          6.473016,
          66.458943
        ]
      },
      "properties": {
        "id": "copy_text_14683",
        "name": "Slave Forge",
        "category": "settlement",
        "dataset": "norsca",
        "in_gazetteer": false,
        "type": null,
        "region": "Norsca",
        "province": null,
        "estate": null,
        "population": 64,
        "population_estimated": true,
        "size_category": 1,
        "trade": null,
        "source": null,
        "tags": [],
        "notes": [],
        "history": {
          "province_2512": null,
          "province_2276": null,
          "ruler_2515": null,
          "ruler_2512": null,
          "ruler_2276": null
        },
        "wiki": {
          "title": null,
          "url": null,
          "description": null,
          "image": null
        },
        "svg_layer": "Norsca"
      }
    },
    {
      "type": "Feature",
      "id": "copy_text_14684",
      "geometry": {
        "type": "Point",
        "coordinates": [
          -10.291308,
          64.698527
        ]
      },
      "properties": {
        "id": "copy_text_14684",
        "name": "Fjirgard",
        "category": "settlement",
        "dataset": "norsca",
        "in_gazetteer": true,
        "type": null,
        "region": "Norsca",
        "province": null,
        "estate": null,
        "population": 372,
        "population_estimated": false,
        "size_category": 2,
        "trade": null,
        "source": "Warhammer Fantasy Roleplay 4e: Sea of Claws",
        "tags": [],
        "notes": [],
        "history": {
          "province_2512": null,
          "province_2276": null,
          "ruler_2515": null,
          "ruler_2512": null,
          "ruler_2276": null
        },
        "wiki": {
          "title": null,
          "url": null,
          "description": null,
          "image": null
        },
        "svg_layer": "Norsca"
      }
    },
    {
      "type": "Feature",
      "id": "copy_text_14685",
      "geometry": {
        "type": "Point",
        "coordinates": [
          -12.220019,
          63.707641
        ]
      },
      "properties": {
        "id": "copy_text_14685",
        "name": "Rost",
        "category": "settlement",
        "dataset": "norsca",
        "in_gazetteer": false,
        "type": null,
        "region": "Norsca",
        "province": null,
        "estate": null,
        "population": 128,
        "population_estimated": true,
        "size_category": 1,
        "trade": null,
        "source": null,
        "tags": [],
        "notes": [],
        "history": {
          "province_2512": null,
          "province_2276": null,
          "ruler_2515": null,
          "ruler_2512": null,
          "ruler_2276": null
        },
        "wiki": {
          "title": null,
          "url": null,
          "description": null,
          "image": null
        },
        "svg_layer": "Norsca"
      }
    },
    {
      "type": "Feature",
      "id": "copy_text_14686",
      "geometry": {
        "type": "Point",
        "coordinates": [
          -11.797779,
          63.945446
        ]
      },
      "properties": {
        "id": "copy_text_14686",
        "name": "Serpent Jetty",
        "category": "settlement",
        "dataset": "norsca",
        "in_gazetteer": true,
        "type": null,
        "region": "Norsca",
        "province": null,
        "estate": null,
        "population": 1171,
        "population_estimated": false,
        "size_category": 3,
        "trade": null,
        "source": "Total War: Warhammer",
        "tags": [],
        "notes": [],
        "history": {
          "province_2512": null,
          "province_2276": null,
          "ruler_2515": null,
          "ruler_2512": null,
          "ruler_2276": null
        },
        "wiki": {
          "title": null,
          "url": null,
          "description": null,
          "image": null
        },
        "svg_layer": "Norsca"
      }
    },
    {
      "type": "Feature",
      "id": "copy_text_14687",
      "geometry": {
        "type": "Point",
        "coordinates": [
          -13.068227,
          60.651243
        ]
      },
      "properties": {
        "id": "copy_text_14687",
        "name": "Eyristaad",
        "category": "settlement",
        "dataset": "norsca",
        "in_gazetteer": true,
        "type": null,
        "region": "Norsca",
        "province": null,
        "estate": null,
        "population": 947,
        "population_estimated": false,
        "size_category": 3,
        "trade": null,
        "source": "Warhammer Fantasy Roleplay 4e: Sea of Claws",
        "tags": [],
        "notes": [],
        "history": {
          "province_2512": null,
          "province_2276": null,
          "ruler_2515": null,
          "ruler_2512": null,
          "ruler_2276": null
        },
        "wiki": {
          "title": null,
          "url": null,
          "description": null,
          "image": null
        },
        "svg_layer": "Norsca"
      }
    },
    {
      "type": "Feature",
      "id": "copy_text_14688",
      "geometry": {
        "type": "Point",
        "coordinates": [
          -13.703217,
          60.557718
        ]
      },
      "properties": {
        "id": "copy_text_14688",
        "name": "Svunum",
        "category": "settlement",
        "dataset": "norsca",
        "in_gazetteer": true,
        "type": null,
        "region": "Norsca",
        "province": null,
        "estate": null,
        "population": 411,
        "population_estimated": false,
        "size_category": 2,
        "trade": null,
        "source": "Warhammer Fantasy Roleplay 4e: Sea of Claws",
        "tags": [],
        "notes": [],
        "history": {
          "province_2512": null,
          "province_2276": null,
          "ruler_2515": null,
          "ruler_2512": null,
          "ruler_2276": null
        },
        "wiki": {
          "title": null,
          "url": "https://warhammerfantasy.fandom.com/wiki/Svunum",
          "description": null,
          "image": null
        },
        "svg_layer": "Norsca"
      }
    },
    {
      "type": "Feature",
      "id": "copy_text_14692",
      "geometry": {
        "type": "Point",
        "coordinates": [
          -1.166252,
          62.793701
        ]
      },
      "properties": {
        "id": "copy_text_14692",
        "name": "Dufang",
        "category": "settlement",
        "dataset": "norsca",
        "in_gazetteer": false,
        "type": null,
        "region": "Norsca",
        "province": null,
        "estate": null,
        "population": 103,
        "population_estimated": true,
        "size_category": 1,
        "trade": null,
        "source": null,
        "tags": [],
        "notes": [],
        "history": {
          "province_2512": null,
          "province_2276": null,
          "ruler_2515": null,
          "ruler_2512": null,
          "ruler_2276": null
        },
        "wiki": {
          "title": null,
          "url": null,
          "description": null,
          "image": null
        },
        "svg_layer": "Norsca"
      }
    },
    {
      "type": "Feature",
      "id": "copy_text_14693",
      "geometry": {
        "type": "Point",
        "coordinates": [
          -1.624581,
          61.681107
        ]
      },
      "properties": {
        "id": "copy_text_14693",
        "name": "Nifflecht",
        "category": "settlement",
        "dataset": "norsca",
        "in_gazetteer": false,
        "type": null,
        "region": "Norsca",
        "province": null,
        "estate": null,
        "population": 633,
        "population_estimated": true,
        "size_category": 2,
        "trade": null,
        "source": null,
        "tags": [],
        "notes": [],
        "history": {
          "province_2512": null,
          "province_2276": null,
          "ruler_2515": null,
          "ruler_2512": null,
          "ruler_2276": null
        },
        "wiki": {
          "title": null,
          "url": null,
          "description": null,
          "image": null
        },
        "svg_layer": "Norsca"
      }
    },
    {
      "type": "Feature",
      "id": "copy_text_14694",
      "geometry": {
        "type": "Point",
        "coordinates": [
          -7.012043,
          65.385396
        ]
      },
      "properties": {
        "id": "copy_text_14694",
        "name": "Graeling Moot",
        "category": "settlement",
        "dataset": "norsca",
        "in_gazetteer": true,
        "type": null,
        "region": "Norsca",
        "province": null,
        "estate": null,
        "population": 143,
        "population_estimated": true,
        "size_category": 1,
        "trade": null,
        "source": "Total War: Warhammer",
        "tags": [],
        "notes": [],
        "history": {
          "province_2512": null,
          "province_2276": null,
          "ruler_2515": null,
          "ruler_2512": null,
          "ruler_2276": null
        },
        "wiki": {
          "title": null,
          "url": null,
          "description": null,
          "image": null
        },
        "svg_layer": "Norsca"
      }
    },
    {
      "type": "Feature",
      "id": "copy_text_14695",
      "geometry": {
        "type": "Point",
        "coordinates": [
          -10.474481,
          61.80081
        ]
      },
      "properties": {
        "id": "copy_text_14695",
        "name": "Kalevanvik",
        "category": "settlement",
        "dataset": "norsca",
        "in_gazetteer": false,
        "type": null,
        "region": "Norsca",
        "province": null,
        "estate": null,
        "population": 85,
        "population_estimated": true,
        "size_category": 1,
        "trade": null,
        "source": null,
        "tags": [],
        "notes": [],
        "history": {
          "province_2512": null,
          "province_2276": null,
          "ruler_2515": null,
          "ruler_2512": null,
          "ruler_2276": null
        },
        "wiki": {
          "title": null,
          "url": null,
          "description": null,
          "image": null
        },
        "svg_layer": "Norsca"
      }
    },
    {
      "type": "Feature",
      "id": "copy_text_14696",
      "geometry": {
        "type": "Point",
        "coordinates": [
          -10.436288,
          61.744647
        ]
      },
      "properties": {
        "id": "copy_text_14696",
        "name": "Bjornling's Gathering",
        "category": "settlement",
        "dataset": "norsca",
        "in_gazetteer": true,
        "type": null,
        "region": "Norsca",
        "province": null,
        "estate": null,
        "population": 162,
        "population_estimated": true,
        "size_category": 1,
        "trade": null,
        "source": "Total War: Warhammer",
        "tags": [],
        "notes": [],
        "history": {
          "province_2512": null,
          "province_2276": null,
          "ruler_2515": null,
          "ruler_2512": null,
          "ruler_2276": null
        },
        "wiki": {
          "title": null,
          "url": null,
          "description": null,
          "image": null
        },
        "svg_layer": "Norsca"
      }
    },
    {
      "type": "Feature",
      "id": "copy_text_14697",
      "geometry": {
        "type": "Point",
        "coordinates": [
          -3.173403,
          65.515325
        ]
      },
      "properties": {
        "id": "copy_text_14697",
        "name": "Arothborg",
        "category": "settlement",
        "dataset": "norsca",
        "in_gazetteer": false,
        "type": null,
        "region": "Norsca",
        "province": null,
        "estate": null,
        "population": 96,
        "population_estimated": true,
        "size_category": 1,
        "trade": null,
        "source": null,
        "tags": [],
        "notes": [],
        "history": {
          "province_2512": null,
          "province_2276": null,
          "ruler_2515": null,
          "ruler_2512": null,
          "ruler_2276": null
        },
        "wiki": {
          "title": null,
          "url": null,
          "description": null,
          "image": null
        },
        "svg_layer": "Norsca"
      }
    },
    {
      "type": "Feature",
      "id": "copy_text_14698",
      "geometry": {
        "type": "Point",
        "coordinates": [
          -4.070994,
          65.986044
        ]
      },
      "properties": {
        "id": "copy_text_14698",
        "name": "Varg Camp",
        "category": "settlement",
        "dataset": "norsca",
        "in_gazetteer": true,
        "type": null,
        "region": "Norsca",
        "province": null,
        "estate": null,
        "population": 82,
        "population_estimated": true,
        "size_category": 1,
        "trade": null,
        "source": "Total War: Warhammer",
        "tags": [],
        "notes": [],
        "history": {
          "province_2512": null,
          "province_2276": null,
          "ruler_2515": null,
          "ruler_2512": null,
          "ruler_2276": null
        },
        "wiki": {
          "title": null,
          "url": null,
          "description": null,
          "image": null
        },
        "svg_layer": "Norsca"
      }
    },
    {
      "type": "Feature",
      "id": "copy_text_14700",
      "geometry": {
        "type": "Point",
        "coordinates": [
          8.009475,
          65.888631
        ]
      },
      "properties": {
        "id": "copy_text_14700",
        "name": "Winter Pyre",
        "category": "settlement",
        "dataset": "norsca",
        "in_gazetteer": true,
        "type": null,
        "region": "Norsca",
        "province": null,
        "estate": null,
        "population": 1201,
        "population_estimated": false,
        "size_category": 3,
        "trade": null,
        "source": "Total War: Warhammer",
        "tags": [],
        "notes": [],
        "history": {
          "province_2512": null,
          "province_2276": null,
          "ruler_2515": null,
          "ruler_2512": null,
          "ruler_2276": null
        },
        "wiki": {
          "title": null,
          "url": null,
          "description": null,
          "image": null
        },
        "svg_layer": "Norsca"
      }
    },
    {
      "type": "Feature",
      "id": "copy_text_14701",
      "geometry": {
        "type": "Point",
        "coordinates": [
          8.505828,
          65.517167
        ]
      },
      "properties": {
        "id": "copy_text_14701",
        "name": "Frossborg",
        "category": "settlement",
        "dataset": "norsca",
        "in_gazetteer": false,
        "type": null,
        "region": "Norsca",
        "province": null,
        "estate": null,
        "population": 395,
        "population_estimated": true,
        "size_category": 2,
        "trade": null,
        "source": null,
        "tags": [],
        "notes": [],
        "history": {
          "province_2512": null,
          "province_2276": null,
          "ruler_2515": null,
          "ruler_2512": null,
          "ruler_2276": null
        },
        "wiki": {
          "title": null,
          "url": null,
          "description": null,
          "image": null
        },
        "svg_layer": "Norsca"
      }
    },
    {
      "type": "Feature",
      "id": "copy_text_14702",
      "geometry": {
        "type": "Point",
        "coordinates": [
          11.616244,
          64.936808
        ]
      },
      "properties": {
        "id": "copy_text_14702",
        "name": "Norse War-Trade Fort",
        "category": "settlement",
        "dataset": "norsca",
        "in_gazetteer": false,
        "type": null,
        "region": "Norsca",
        "province": null,
        "estate": null,
        "population": 166,
        "population_estimated": true,
        "size_category": 1,
        "trade": null,
        "source": null,
        "tags": [],
        "notes": [],
        "history": {
          "province_2512": null,
          "province_2276": null,
          "ruler_2515": null,
          "ruler_2512": null,
          "ruler_2276": null
        },
        "wiki": {
          "title": null,
          "url": null,
          "description": null,
          "image": null
        },
        "svg_layer": "Norsca"
      }
    },
    {
      "type": "Feature",
      "id": "copy_text_14704",
      "geometry": {
        "type": "Point",
        "coordinates": [
          0.361362,
          61.736287
        ]
      },
      "properties": {
        "id": "copy_text_14704",
        "name": "Hamnvik",
        "category": "settlement",
        "dataset": "norsca",
        "in_gazetteer": false,
        "type": null,
        "region": "Norsca",
        "province": null,
        "estate": null,
        "population": 175,
        "population_estimated": true,
        "size_category": 1,
        "trade": null,
        "source": null,
        "tags": [],
        "notes": [],
        "history": {
          "province_2512": null,
          "province_2276": null,
          "ruler_2515": null,
          "ruler_2512": null,
          "ruler_2276": null
        },
        "wiki": {
          "title": null,
          "url": null,
          "description": null,
          "image": null
        },
        "svg_layer": "Norsca"
      }
    },
    {
      "type": "Feature",
      "id": "copy_text_14705",
      "geometry": {
        "type": "Point",
        "coordinates": [
          0.001661,
          61.771443
        ]
      },
      "properties": {
        "id": "copy_text_14705",
        "name": "Lindsdal",
        "category": "settlement",
        "dataset": "norsca",
        "in_gazetteer": false,
        "type": null,
        "region": "Norsca",
        "province": null,
        "estate": null,
        "population": 89,
        "population_estimated": true,
        "size_category": 1,
        "trade": null,
        "source": null,
        "tags": [],
        "notes": [],
        "history": {
          "province_2512": null,
          "province_2276": null,
          "ruler_2515": null,
          "ruler_2512": null,
          "ruler_2276": null
        },
        "wiki": {
          "title": null,
          "url": null,
          "description": null,
          "image": null
        },
        "svg_layer": "Norsca"
      }
    },
    {
      "type": "Feature",
      "id": "copy_text_14706",
      "geometry": {
        "type": "Point",
        "coordinates": [
          0.413445,
          61.488891
        ]
      },
      "properties": {
        "id": "copy_text_14706",
        "name": "Edland",
        "category": "settlement",
        "dataset": "norsca",
        "in_gazetteer": false,
        "type": null,
        "region": "Norsca",
        "province": null,
        "estate": null,
        "population": 127,
        "population_estimated": true,
        "size_category": 1,
        "trade": null,
        "source": null,
        "tags": [],
        "notes": [],
        "history": {
          "province_2512": null,
          "province_2276": null,
          "ruler_2515": null,
          "ruler_2512": null,
          "ruler_2276": null
        },
        "wiki": {
          "title": null,
          "url": null,
          "description": null,
          "image": null
        },
        "svg_layer": "Norsca"
      }
    },
    {
      "type": "Feature",
      "id": "copy_text_14707",
      "geometry": {
        "type": "Point",
        "coordinates": [
          -1.73662,
          60.970662
        ]
      },
      "properties": {
        "id": "copy_text_14707",
        "name": "Tårsta",
        "category": "settlement",
        "dataset": "norsca",
        "in_gazetteer": false,
        "type": null,
        "region": "Norsca",
        "province": null,
        "estate": null,
        "population": 89,
        "population_estimated": true,
        "size_category": 1,
        "trade": null,
        "source": null,
        "tags": [],
        "notes": [],
        "history": {
          "province_2512": null,
          "province_2276": null,
          "ruler_2515": null,
          "ruler_2512": null,
          "ruler_2276": null
        },
        "wiki": {
          "title": null,
          "url": null,
          "description": null,
          "image": null
        },
        "svg_layer": "Norsca"
      }
    },
    {
      "type": "Feature",
      "id": "copy_text_14708",
      "geometry": {
        "type": "Point",
        "coordinates": [
          -2.294888,
          60.988891
        ]
      },
      "properties": {
        "id": "copy_text_14708",
        "name": "Boalt",
        "category": "settlement",
        "dataset": "norsca",
        "in_gazetteer": false,
        "type": null,
        "region": "Norsca",
        "province": null,
        "estate": null,
        "population": 334,
        "population_estimated": true,
        "size_category": 2,
        "trade": null,
        "source": null,
        "tags": [],
        "notes": [],
        "history": {
          "province_2512": null,
          "province_2276": null,
          "ruler_2515": null,
          "ruler_2512": null,
          "ruler_2276": null
        },
        "wiki": {
          "title": null,
          "url": null,
          "description": null,
          "image": null
        },
        "svg_layer": "Norsca"
      }
    },
    {
      "type": "Feature",
      "id": "copy_text_14709",
      "geometry": {
        "type": "Point",
        "coordinates": [
          -1.599901,
          61.020141
        ]
      },
      "properties": {
        "id": "copy_text_14709",
        "name": "Kodradfief",
        "category": "settlement",
        "dataset": "norsca",
        "in_gazetteer": false,
        "type": null,
        "region": "Norsca",
        "province": null,
        "estate": null,
        "population": 359,
        "population_estimated": true,
        "size_category": 2,
        "trade": null,
        "source": null,
        "tags": [],
        "notes": [],
        "history": {
          "province_2512": null,
          "province_2276": null,
          "ruler_2515": null,
          "ruler_2512": null,
          "ruler_2276": null
        },
        "wiki": {
          "title": null,
          "url": null,
          "description": null,
          "image": null
        },
        "svg_layer": "Norsca"
      }
    },
    {
      "type": "Feature",
      "id": "copy_text_14710",
      "geometry": {
        "type": "Point",
        "coordinates": [
          0.320698,
          61.86102
        ]
      },
      "properties": {
        "id": "copy_text_14710",
        "name": "Fjaergardhold",
        "category": "settlement",
        "dataset": "norsca",
        "in_gazetteer": true,
        "type": null,
        "region": "Norsca",
        "province": null,
        "estate": null,
        "population": 451,
        "population_estimated": false,
        "size_category": 2,
        "trade": null,
        "source": "The Blades of Chaos (Novel) by Gav Thorpe",
        "tags": [],
        "notes": [],
        "history": {
          "province_2512": null,
          "province_2276": null,
          "ruler_2515": null,
          "ruler_2512": null,
          "ruler_2276": null
        },
        "wiki": {
          "title": null,
          "url": "https://warhammerfantasy.fandom.com/wiki/Fjaergardhold",
          "description": null,
          "image": null
        },
        "svg_layer": "Norsca"
      }
    },
    {
      "type": "Feature",
      "id": "copy_text_14711",
      "geometry": {
        "type": "Point",
        "coordinates": [
          -2.211881,
          61.21936
        ]
      },
      "properties": {
        "id": "copy_text_14711",
        "name": "Kivsta",
        "category": "settlement",
        "dataset": "norsca",
        "in_gazetteer": false,
        "type": null,
        "region": "Norsca",
        "province": null,
        "estate": null,
        "population": 94,
        "population_estimated": true,
        "size_category": 1,
        "trade": null,
        "source": null,
        "tags": [],
        "notes": [],
        "history": {
          "province_2512": null,
          "province_2276": null,
          "ruler_2515": null,
          "ruler_2512": null,
          "ruler_2276": null
        },
        "wiki": {
          "title": null,
          "url": null,
          "description": null,
          "image": null
        },
        "svg_layer": "Norsca"
      }
    },
    {
      "type": "Feature",
      "id": "copy_text_14712",
      "geometry": {
        "type": "Point",
        "coordinates": [
          -2.345344,
          61.365193
        ]
      },
      "properties": {
        "id": "copy_text_14712",
        "name": "Sörli",
        "category": "settlement",
        "dataset": "norsca",
        "in_gazetteer": false,
        "type": null,
        "region": "Norsca",
        "province": null,
        "estate": null,
        "population": 210,
        "population_estimated": true,
        "size_category": 1,
        "trade": null,
        "source": null,
        "tags": [],
        "notes": [],
        "history": {
          "province_2512": null,
          "province_2276": null,
          "ruler_2515": null,
          "ruler_2512": null,
          "ruler_2276": null
        },
        "wiki": {
          "title": null,
          "url": null,
          "description": null,
          "image": null
        },
        "svg_layer": "Norsca"
      }
    },
    {
      "type": "Feature",
      "id": "copy_text_14713",
      "geometry": {
        "type": "Point",
        "coordinates": [
          -2.469042,
          61.561808
        ]
      },
      "properties": {
        "id": "copy_text_14713",
        "name": "Hjartdal",
        "category": "settlement",
        "dataset": "norsca",
        "in_gazetteer": false,
        "type": null,
        "region": "Norsca",
        "province": null,
        "estate": null,
        "population": 106,
        "population_estimated": true,
        "size_category": 1,
        "trade": null,
        "source": null,
        "tags": [],
        "notes": [],
        "history": {
          "province_2512": null,
          "province_2276": null,
          "ruler_2515": null,
          "ruler_2512": null,
          "ruler_2276": null
        },
        "wiki": {
          "title": null,
          "url": null,
          "description": null,
          "image": null
        },
        "svg_layer": "Norsca"
      }
    },
    {
      "type": "Feature",
      "id": "copy_text_14714",
      "geometry": {
        "type": "Point",
        "coordinates": [
          -2.675748,
          61.701131
        ]
      },
      "properties": {
        "id": "copy_text_14714",
        "name": "Melbu",
        "category": "settlement",
        "dataset": "norsca",
        "in_gazetteer": false,
        "type": null,
        "region": "Norsca",
        "province": null,
        "estate": null,
        "population": 417,
        "population_estimated": true,
        "size_category": 2,
        "trade": null,
        "source": null,
        "tags": [],
        "notes": [],
        "history": {
          "province_2512": null,
          "province_2276": null,
          "ruler_2515": null,
          "ruler_2512": null,
          "ruler_2276": null
        },
        "wiki": {
          "title": null,
          "url": null,
          "description": null,
          "image": null
        },
        "svg_layer": "Norsca"
      }
    },
    {
      "type": "Feature",
      "id": "copy_text_14715",
      "geometry": {
        "type": "Point",
        "coordinates": [
          -2.166307,
          60.715454
        ]
      },
      "properties": {
        "id": "copy_text_14715",
        "name": "Fjordgard",
        "category": "settlement",
        "dataset": "norsca",
        "in_gazetteer": false,
        "type": null,
        "region": "Norsca",
        "province": null,
        "estate": null,
        "population": 667,
        "population_estimated": true,
        "size_category": 2,
        "trade": null,
        "source": null,
        "tags": [],
        "notes": [],
        "history": {
          "province_2512": null,
          "province_2276": null,
          "ruler_2515": null,
          "ruler_2512": null,
          "ruler_2276": null
        },
        "wiki": {
          "title": null,
          "url": null,
          "description": null,
          "image": null
        },
        "svg_layer": "Norsca"
      }
    },
    {
      "type": "Feature",
      "id": "copy_text_14716",
      "geometry": {
        "type": "Point",
        "coordinates": [
          -3.274706,
          61.659464
        ]
      },
      "properties": {
        "id": "copy_text_14716",
        "name": "Ekby",
        "category": "settlement",
        "dataset": "norsca",
        "in_gazetteer": false,
        "type": null,
        "region": "Norsca",
        "province": null,
        "estate": null,
        "population": 130,
        "population_estimated": true,
        "size_category": 1,
        "trade": null,
        "source": null,
        "tags": [],
        "notes": [],
        "history": {
          "province_2512": null,
          "province_2276": null,
          "ruler_2515": null,
          "ruler_2512": null,
          "ruler_2276": null
        },
        "wiki": {
          "title": null,
          "url": null,
          "description": null,
          "image": null
        },
        "svg_layer": "Norsca"
      }
    },
    {
      "type": "Feature",
      "id": "copy_text_14717",
      "geometry": {
        "type": "Point",
        "coordinates": [
          -2.949185,
          60.84436
        ]
      },
      "properties": {
        "id": "copy_text_14717",
        "name": "Levanger",
        "category": "settlement",
        "dataset": "norsca",
        "in_gazetteer": false,
        "type": null,
        "region": "Norsca",
        "province": null,
        "estate": null,
        "population": 72,
        "population_estimated": true,
        "size_category": 1,
        "trade": null,
        "source": null,
        "tags": [],
        "notes": [],
        "history": {
          "province_2512": null,
          "province_2276": null,
          "ruler_2515": null,
          "ruler_2512": null,
          "ruler_2276": null
        },
        "wiki": {
          "title": null,
          "url": null,
          "description": null,
          "image": null
        },
        "svg_layer": "Norsca"
      }
    },
    {
      "type": "Feature",
      "id": "copy_text_14718",
      "geometry": {
        "type": "Point",
        "coordinates": [
          -4.38636,
          59.995402
        ]
      },
      "properties": {
        "id": "copy_text_14718",
        "name": "Branäs",
        "category": "settlement",
        "dataset": "norsca",
        "in_gazetteer": false,
        "type": null,
        "region": "Norsca",
        "province": null,
        "estate": null,
        "population": 176,
        "population_estimated": true,
        "size_category": 1,
        "trade": null,
        "source": null,
        "tags": [],
        "notes": [],
        "history": {
          "province_2512": null,
          "province_2276": null,
          "ruler_2515": null,
          "ruler_2512": null,
          "ruler_2276": null
        },
        "wiki": {
          "title": null,
          "url": null,
          "description": null,
          "image": null
        },
        "svg_layer": "Norsca"
      }
    },
    {
      "type": "Feature",
      "id": "copy_text_14719",
      "geometry": {
        "type": "Point",
        "coordinates": [
          -4.183885,
          60.071156
        ]
      },
      "properties": {
        "id": "copy_text_14719",
        "name": "Strikt",
        "category": "settlement",
        "dataset": "norsca",
        "in_gazetteer": false,
        "type": null,
        "region": "Norsca",
        "province": null,
        "estate": null,
        "population": 172,
        "population_estimated": true,
        "size_category": 1,
        "trade": null,
        "source": null,
        "tags": [],
        "notes": [],
        "history": {
          "province_2512": null,
          "province_2276": null,
          "ruler_2515": null,
          "ruler_2512": null,
          "ruler_2276": null
        },
        "wiki": {
          "title": null,
          "url": null,
          "description": null,
          "image": null
        },
        "svg_layer": "Norsca"
      }
    },
    {
      "type": "Feature",
      "id": "copy_text_14720",
      "geometry": {
        "type": "Point",
        "coordinates": [
          -4.651147,
          59.993816
        ]
      },
      "properties": {
        "id": "copy_text_14720",
        "name": "Båven",
        "category": "settlement",
        "dataset": "norsca",
        "in_gazetteer": false,
        "type": null,
        "region": "Norsca",
        "province": null,
        "estate": null,
        "population": 216,
        "population_estimated": true,
        "size_category": 1,
        "trade": null,
        "source": null,
        "tags": [],
        "notes": [],
        "history": {
          "province_2512": null,
          "province_2276": null,
          "ruler_2515": null,
          "ruler_2512": null,
          "ruler_2276": null
        },
        "wiki": {
          "title": null,
          "url": null,
          "description": null,
          "image": null
        },
        "svg_layer": "Norsca"
      }
    },
    {
      "type": "Feature",
      "id": "copy_text_14721",
      "geometry": {
        "type": "Point",
        "coordinates": [
          -4.613167,
          59.939494
        ]
      },
      "properties": {
        "id": "copy_text_14721",
        "name": "Lokka",
        "category": "settlement",
        "dataset": "norsca",
        "in_gazetteer": false,
        "type": null,
        "region": "Norsca",
        "province": null,
        "estate": null,
        "population": 182,
        "population_estimated": true,
        "size_category": 1,
        "trade": null,
        "source": null,
        "tags": [],
        "notes": [],
        "history": {
          "province_2512": null,
          "province_2276": null,
          "ruler_2515": null,
          "ruler_2512": null,
          "ruler_2276": null
        },
        "wiki": {
          "title": null,
          "url": null,
          "description": null,
          "image": null
        },
        "svg_layer": "Norsca"
      }
    },
    {
      "type": "Feature",
      "id": "copy_text_14722",
      "geometry": {
        "type": "Point",
        "coordinates": [
          -4.797309,
          59.885172
        ]
      },
      "properties": {
        "id": "copy_text_14722",
        "name": "Hemsjö",
        "category": "settlement",
        "dataset": "norsca",
        "in_gazetteer": false,
        "type": null,
        "region": "Norsca",
        "province": null,
        "estate": null,
        "population": 235,
        "population_estimated": true,
        "size_category": 1,
        "trade": null,
        "source": null,
        "tags": [],
        "notes": [],
        "history": {
          "province_2512": null,
          "province_2276": null,
          "ruler_2515": null,
          "ruler_2512": null,
          "ruler_2276": null
        },
        "wiki": {
          "title": null,
          "url": null,
          "description": null,
          "image": null
        },
        "svg_layer": "Norsca"
      }
    },
    {
      "type": "Feature",
      "id": "copy_text_14723",
      "geometry": {
        "type": "Point",
        "coordinates": [
          -4.82378,
          59.927525
        ]
      },
      "properties": {
        "id": "copy_text_14723",
        "name": "Granemo",
        "category": "settlement",
        "dataset": "norsca",
        "in_gazetteer": false,
        "type": null,
        "region": "Norsca",
        "province": null,
        "estate": null,
        "population": 186,
        "population_estimated": true,
        "size_category": 1,
        "trade": null,
        "source": null,
        "tags": [],
        "notes": [],
        "history": {
          "province_2512": null,
          "province_2276": null,
          "ruler_2515": null,
          "ruler_2512": null,
          "ruler_2276": null
        },
        "wiki": {
          "title": null,
          "url": null,
          "description": null,
          "image": null
        },
        "svg_layer": "Norsca"
      }
    },
    {
      "type": "Feature",
      "id": "copy_text_14724",
      "geometry": {
        "type": "Point",
        "coordinates": [
          -4.681069,
          59.805069
        ]
      },
      "properties": {
        "id": "copy_text_14724",
        "name": "Tårnby",
        "category": "settlement",
        "dataset": "norsca",
        "in_gazetteer": false,
        "type": null,
        "region": "Norsca",
        "province": null,
        "estate": null,
        "population": 282,
        "population_estimated": true,
        "size_category": 1,
        "trade": null,
        "source": null,
        "tags": [],
        "notes": [],
        "history": {
          "province_2512": null,
          "province_2276": null,
          "ruler_2515": null,
          "ruler_2512": null,
          "ruler_2276": null
        },
        "wiki": {
          "title": null,
          "url": null,
          "description": null,
          "image": null
        },
        "svg_layer": "Norsca"
      }
    },
    {
      "type": "Feature",
      "id": "copy_text_14725",
      "geometry": {
        "type": "Point",
        "coordinates": [
          -4.943472,
          59.980926
        ]
      },
      "properties": {
        "id": "copy_text_14725",
        "name": "Korsfjord",
        "category": "settlement",
        "dataset": "norsca",
        "in_gazetteer": false,
        "type": null,
        "region": "Norsca",
        "province": null,
        "estate": null,
        "population": 107,
        "population_estimated": true,
        "size_category": 1,
        "trade": null,
        "source": null,
        "tags": [],
        "notes": [],
        "history": {
          "province_2512": null,
          "province_2276": null,
          "ruler_2515": null,
          "ruler_2512": null,
          "ruler_2276": null
        },
        "wiki": {
          "title": null,
          "url": null,
          "description": null,
          "image": null
        },
        "svg_layer": "Norsca"
      }
    },
    {
      "type": "Feature",
      "id": "copy_text_14726",
      "geometry": {
        "type": "Point",
        "coordinates": [
          -5.296796,
          59.910031
        ]
      },
      "properties": {
        "id": "copy_text_14726",
        "name": "Utby",
        "category": "settlement",
        "dataset": "norsca",
        "in_gazetteer": false,
        "type": null,
        "region": "Norsca",
        "province": null,
        "estate": null,
        "population": 222,
        "population_estimated": true,
        "size_category": 1,
        "trade": null,
        "source": null,
        "tags": [],
        "notes": [],
        "history": {
          "province_2512": null,
          "province_2276": null,
          "ruler_2515": null,
          "ruler_2512": null,
          "ruler_2276": null
        },
        "wiki": {
          "title": null,
          "url": null,
          "description": null,
          "image": null
        },
        "svg_layer": "Norsca"
      }
    },
    {
      "type": "Feature",
      "id": "copy_text_14727",
      "geometry": {
        "type": "Point",
        "coordinates": [
          -5.110352,
          59.900824
        ]
      },
      "properties": {
        "id": "copy_text_14727",
        "name": "Hörby",
        "category": "settlement",
        "dataset": "norsca",
        "in_gazetteer": false,
        "type": null,
        "region": "Norsca",
        "province": null,
        "estate": null,
        "population": 258,
        "population_estimated": true,
        "size_category": 1,
        "trade": null,
        "source": null,
        "tags": [],
        "notes": [],
        "history": {
          "province_2512": null,
          "province_2276": null,
          "ruler_2515": null,
          "ruler_2512": null,
          "ruler_2276": null
        },
        "wiki": {
          "title": null,
          "url": null,
          "description": null,
          "image": null
        },
        "svg_layer": "Norsca"
      }
    },
    {
      "type": "Feature",
      "id": "copy_text_14728",
      "geometry": {
        "type": "Point",
        "coordinates": [
          -5.007922,
          59.914635
        ]
      },
      "properties": {
        "id": "copy_text_14728",
        "name": "Enger",
        "category": "settlement",
        "dataset": "norsca",
        "in_gazetteer": false,
        "type": null,
        "region": "Norsca",
        "province": null,
        "estate": null,
        "population": 233,
        "population_estimated": true,
        "size_category": 1,
        "trade": null,
        "source": null,
        "tags": [],
        "notes": [],
        "history": {
          "province_2512": null,
          "province_2276": null,
          "ruler_2515": null,
          "ruler_2512": null,
          "ruler_2276": null
        },
        "wiki": {
          "title": null,
          "url": null,
          "description": null,
          "image": null
        },
        "svg_layer": "Norsca"
      }
    },
    {
      "type": "Feature",
      "id": "copy_text_14729",
      "geometry": {
        "type": "Point",
        "coordinates": [
          -5.256515,
          59.599751
        ]
      },
      "properties": {
        "id": "copy_text_14729",
        "name": "Lilsarp",
        "category": "settlement",
        "dataset": "norsca",
        "in_gazetteer": false,
        "type": null,
        "region": "Norsca",
        "province": null,
        "estate": null,
        "population": 127,
        "population_estimated": true,
        "size_category": 1,
        "trade": null,
        "source": null,
        "tags": [],
        "notes": [],
        "history": {
          "province_2512": null,
          "province_2276": null,
          "ruler_2515": null,
          "ruler_2512": null,
          "ruler_2276": null
        },
        "wiki": {
          "title": null,
          "url": null,
          "description": null,
          "image": null
        },
        "svg_layer": "Norsca"
      }
    },
    {
      "type": "Feature",
      "id": "copy_text_14730",
      "geometry": {
        "type": "Point",
        "coordinates": [
          -5.714485,
          60.001912
        ]
      },
      "properties": {
        "id": "copy_text_14730",
        "name": "Vållö",
        "category": "settlement",
        "dataset": "norsca",
        "in_gazetteer": false,
        "type": null,
        "region": "Norsca",
        "province": null,
        "estate": null,
        "population": 207,
        "population_estimated": true,
        "size_category": 1,
        "trade": null,
        "source": null,
        "tags": [],
        "notes": [],
        "history": {
          "province_2512": null,
          "province_2276": null,
          "ruler_2515": null,
          "ruler_2512": null,
          "ruler_2276": null
        },
        "wiki": {
          "title": null,
          "url": null,
          "description": null,
          "image": null
        },
        "svg_layer": "Norsca"
      }
    },
    {
      "type": "Feature",
      "id": "copy_text_14731",
      "geometry": {
        "type": "Point",
        "coordinates": [
          -6.326464,
          59.75061
        ]
      },
      "properties": {
        "id": "copy_text_14731",
        "name": "Odda",
        "category": "settlement",
        "dataset": "norsca",
        "in_gazetteer": false,
        "type": null,
        "region": "Norsca",
        "province": null,
        "estate": null,
        "population": 216,
        "population_estimated": true,
        "size_category": 1,
        "trade": null,
        "source": null,
        "tags": [],
        "notes": [],
        "history": {
          "province_2512": null,
          "province_2276": null,
          "ruler_2515": null,
          "ruler_2512": null,
          "ruler_2276": null
        },
        "wiki": {
          "title": null,
          "url": null,
          "description": null,
          "image": null
        },
        "svg_layer": "Norsca"
      }
    },
    {
      "type": "Feature",
      "id": "copy_text_14732",
      "geometry": {
        "type": "Point",
        "coordinates": [
          -6.676399,
          60.018839
        ]
      },
      "properties": {
        "id": "copy_text_14732",
        "name": "Flärke",
        "category": "settlement",
        "dataset": "norsca",
        "in_gazetteer": false,
        "type": null,
        "region": "Norsca",
        "province": null,
        "estate": null,
        "population": 396,
        "population_estimated": true,
        "size_category": 2,
        "trade": null,
        "source": null,
        "tags": [],
        "notes": [],
        "history": {
          "province_2512": null,
          "province_2276": null,
          "ruler_2515": null,
          "ruler_2512": null,
          "ruler_2276": null
        },
        "wiki": {
          "title": null,
          "url": null,
          "description": null,
          "image": null
        },
        "svg_layer": "Norsca"
      }
    },
    {
      "type": "Feature",
      "id": "copy_text_14733",
      "geometry": {
        "type": "Point",
        "coordinates": [
          -6.144172,
          59.9941
        ]
      },
      "properties": {
        "id": "copy_text_14733",
        "name": "Lillången",
        "category": "settlement",
        "dataset": "norsca",
        "in_gazetteer": false,
        "type": null,
        "region": "Norsca",
        "province": null,
        "estate": null,
        "population": 207,
        "population_estimated": true,
        "size_category": 1,
        "trade": null,
        "source": null,
        "tags": [],
        "notes": [],
        "history": {
          "province_2512": null,
          "province_2276": null,
          "ruler_2515": null,
          "ruler_2512": null,
          "ruler_2276": null
        },
        "wiki": {
          "title": null,
          "url": null,
          "description": null,
          "image": null
        },
        "svg_layer": "Norsca"
      }
    },
    {
      "type": "Feature",
      "id": "copy_text_14734",
      "geometry": {
        "type": "Point",
        "coordinates": [
          -5.748665,
          60.294881
        ]
      },
      "properties": {
        "id": "copy_text_14734",
        "name": "Tullerö",
        "category": "settlement",
        "dataset": "norsca",
        "in_gazetteer": false,
        "type": null,
        "region": "Norsca",
        "province": null,
        "estate": null,
        "population": 204,
        "population_estimated": true,
        "size_category": 1,
        "trade": null,
        "source": null,
        "tags": [],
        "notes": [],
        "history": {
          "province_2512": null,
          "province_2276": null,
          "ruler_2515": null,
          "ruler_2512": null,
          "ruler_2276": null
        },
        "wiki": {
          "title": null,
          "url": null,
          "description": null,
          "image": null
        },
        "svg_layer": "Norsca"
      }
    },
    {
      "type": "Feature",
      "id": "copy_text_14735",
      "geometry": {
        "type": "Point",
        "coordinates": [
          -5.618456,
          60.300089
        ]
      },
      "properties": {
        "id": "copy_text_14735",
        "name": "Korpo",
        "category": "settlement",
        "dataset": "norsca",
        "in_gazetteer": false,
        "type": null,
        "region": "Norsca",
        "province": null,
        "estate": null,
        "population": 182,
        "population_estimated": true,
        "size_category": 1,
        "trade": null,
        "source": null,
        "tags": [],
        "notes": [],
        "history": {
          "province_2512": null,
          "province_2276": null,
          "ruler_2515": null,
          "ruler_2512": null,
          "ruler_2276": null
        },
        "wiki": {
          "title": null,
          "url": null,
          "description": null,
          "image": null
        },
        "svg_layer": "Norsca"
      }
    },
    {
      "type": "Feature",
      "id": "copy_text_14736",
      "geometry": {
        "type": "Point",
        "coordinates": [
          -5.693326,
          60.352172
        ]
      },
      "properties": {
        "id": "copy_text_14736",
        "name": "Hosle",
        "category": "settlement",
        "dataset": "norsca",
        "in_gazetteer": false,
        "type": null,
        "region": "Norsca",
        "province": null,
        "estate": null,
        "population": 81,
        "population_estimated": true,
        "size_category": 1,
        "trade": null,
        "source": null,
        "tags": [],
        "notes": [],
        "history": {
          "province_2512": null,
          "province_2276": null,
          "ruler_2515": null,
          "ruler_2512": null,
          "ruler_2276": null
        },
        "wiki": {
          "title": null,
          "url": null,
          "description": null,
          "image": null
        },
        "svg_layer": "Norsca"
      }
    },
    {
      "type": "Feature",
      "id": "copy_text_14737",
      "geometry": {
        "type": "Point",
        "coordinates": [
          -5.489875,
          60.301391
        ]
      },
      "properties": {
        "id": "copy_text_14737",
        "name": "Domsjö",
        "category": "settlement",
        "dataset": "norsca",
        "in_gazetteer": false,
        "type": null,
        "region": "Norsca",
        "province": null,
        "estate": null,
        "population": 134,
        "population_estimated": true,
        "size_category": 1,
        "trade": null,
        "source": null,
        "tags": [],
        "notes": [],
        "history": {
          "province_2512": null,
          "province_2276": null,
          "ruler_2515": null,
          "ruler_2512": null,
          "ruler_2276": null
        },
        "wiki": {
          "title": null,
          "url": null,
          "description": null,
          "image": null
        },
        "svg_layer": "Norsca"
      }
    },
    {
      "type": "Feature",
      "id": "copy_text_14738",
      "geometry": {
        "type": "Point",
        "coordinates": [
          -5.537076,
          60.392537
        ]
      },
      "properties": {
        "id": "copy_text_14738",
        "name": "Engan",
        "category": "settlement",
        "dataset": "norsca",
        "in_gazetteer": false,
        "type": null,
        "region": "Norsca",
        "province": null,
        "estate": null,
        "population": 98,
        "population_estimated": true,
        "size_category": 1,
        "trade": null,
        "source": null,
        "tags": [],
        "notes": [],
        "history": {
          "province_2512": null,
          "province_2276": null,
          "ruler_2515": null,
          "ruler_2512": null,
          "ruler_2276": null
        },
        "wiki": {
          "title": null,
          "url": null,
          "description": null,
          "image": null
        },
        "svg_layer": "Norsca"
      }
    },
    {
      "type": "Feature",
      "id": "copy_text_14739",
      "geometry": {
        "type": "Point",
        "coordinates": [
          -5.589159,
          60.336547
        ]
      },
      "properties": {
        "id": "copy_text_14739",
        "name": "Eina",
        "category": "settlement",
        "dataset": "norsca",
        "in_gazetteer": false,
        "type": null,
        "region": "Norsca",
        "province": null,
        "estate": null,
        "population": 367,
        "population_estimated": true,
        "size_category": 2,
        "trade": null,
        "source": null,
        "tags": [],
        "notes": [],
        "history": {
          "province_2512": null,
          "province_2276": null,
          "ruler_2515": null,
          "ruler_2512": null,
          "ruler_2276": null
        },
        "wiki": {
          "title": null,
          "url": null,
          "description": null,
          "image": null
        },
        "svg_layer": "Norsca"
      }
    },
    {
      "type": "Feature",
      "id": "copy_text_14740",
      "geometry": {
        "type": "Point",
        "coordinates": [
          -6.197883,
          60.389933
        ]
      },
      "properties": {
        "id": "copy_text_14740",
        "name": "Heidal",
        "category": "settlement",
        "dataset": "norsca",
        "in_gazetteer": false,
        "type": null,
        "region": "Norsca",
        "province": null,
        "estate": null,
        "population": 82,
        "population_estimated": true,
        "size_category": 1,
        "trade": null,
        "source": null,
        "tags": [],
        "notes": [],
        "history": {
          "province_2512": null,
          "province_2276": null,
          "ruler_2515": null,
          "ruler_2512": null,
          "ruler_2276": null
        },
        "wiki": {
          "title": null,
          "url": null,
          "description": null,
          "image": null
        },
        "svg_layer": "Norsca"
      }
    },
    {
      "type": "Feature",
      "id": "copy_text_14741",
      "geometry": {
        "type": "Point",
        "coordinates": [
          -6.676399,
          60.254516
        ]
      },
      "properties": {
        "id": "copy_text_14741",
        "name": "Lilleby",
        "category": "settlement",
        "dataset": "norsca",
        "in_gazetteer": false,
        "type": null,
        "region": "Norsca",
        "province": null,
        "estate": null,
        "population": 205,
        "population_estimated": true,
        "size_category": 1,
        "trade": null,
        "source": null,
        "tags": [],
        "notes": [],
        "history": {
          "province_2512": null,
          "province_2276": null,
          "ruler_2515": null,
          "ruler_2512": null,
          "ruler_2276": null
        },
        "wiki": {
          "title": null,
          "url": null,
          "description": null,
          "image": null
        },
        "svg_layer": "Norsca"
      }
    },
    {
      "type": "Feature",
      "id": "copy_text_14742",
      "geometry": {
        "type": "Point",
        "coordinates": [
          -6.321581,
          60.484984
        ]
      },
      "properties": {
        "id": "copy_text_14742",
        "name": "Kryssbo",
        "category": "settlement",
        "dataset": "norsca",
        "in_gazetteer": false,
        "type": null,
        "region": "Norsca",
        "province": null,
        "estate": null,
        "population": 101,
        "population_estimated": true,
        "size_category": 1,
        "trade": null,
        "source": null,
        "tags": [],
        "notes": [],
        "history": {
          "province_2512": null,
          "province_2276": null,
          "ruler_2515": null,
          "ruler_2512": null,
          "ruler_2276": null
        },
        "wiki": {
          "title": null,
          "url": null,
          "description": null,
          "image": null
        },
        "svg_layer": "Norsca"
      }
    },
    {
      "type": "Feature",
      "id": "copy_text_14743",
      "geometry": {
        "type": "Point",
        "coordinates": [
          -7.065396,
          60.120402
        ]
      },
      "properties": {
        "id": "copy_text_14743",
        "name": "Saltskär",
        "category": "settlement",
        "dataset": "norsca",
        "in_gazetteer": false,
        "type": null,
        "region": "Norsca",
        "province": null,
        "estate": null,
        "population": 206,
        "population_estimated": true,
        "size_category": 1,
        "trade": null,
        "source": null,
        "tags": [],
        "notes": [],
        "history": {
          "province_2512": null,
          "province_2276": null,
          "ruler_2515": null,
          "ruler_2512": null,
          "ruler_2276": null
        },
        "wiki": {
          "title": null,
          "url": null,
          "description": null,
          "image": null
        },
        "svg_layer": "Norsca"
      }
    },
    {
      "type": "Feature",
      "id": "copy_text_14744",
      "geometry": {
        "type": "Point",
        "coordinates": [
          -7.133755,
          59.979777
        ]
      },
      "properties": {
        "id": "copy_text_14744",
        "name": "Mjällby",
        "category": "settlement",
        "dataset": "norsca",
        "in_gazetteer": false,
        "type": null,
        "region": "Norsca",
        "province": null,
        "estate": null,
        "population": 103,
        "population_estimated": true,
        "size_category": 1,
        "trade": null,
        "source": null,
        "tags": [],
        "notes": [],
        "history": {
          "province_2512": null,
          "province_2276": null,
          "ruler_2515": null,
          "ruler_2512": null,
          "ruler_2276": null
        },
        "wiki": {
          "title": null,
          "url": null,
          "description": null,
          "image": null
        },
        "svg_layer": "Norsca"
      }
    },
    {
      "type": "Feature",
      "id": "copy_text_14745",
      "geometry": {
        "type": "Point",
        "coordinates": [
          -7.16468,
          59.822224
        ]
      },
      "properties": {
        "id": "copy_text_14745",
        "name": "Ringsjön",
        "category": "settlement",
        "dataset": "norsca",
        "in_gazetteer": false,
        "type": null,
        "region": "Norsca",
        "province": null,
        "estate": null,
        "population": 98,
        "population_estimated": true,
        "size_category": 1,
        "trade": null,
        "source": null,
        "tags": [],
        "notes": [],
        "history": {
          "province_2512": null,
          "province_2276": null,
          "ruler_2515": null,
          "ruler_2512": null,
          "ruler_2276": null
        },
        "wiki": {
          "title": null,
          "url": null,
          "description": null,
          "image": null
        },
        "svg_layer": "Norsca"
      }
    },
    {
      "type": "Feature",
      "id": "copy_text_14746",
      "geometry": {
        "type": "Point",
        "coordinates": [
          -7.180957,
          59.751912
        ]
      },
      "properties": {
        "id": "copy_text_14746",
        "name": "Kävern",
        "category": "settlement",
        "dataset": "norsca",
        "in_gazetteer": false,
        "type": null,
        "region": "Norsca",
        "province": null,
        "estate": null,
        "population": 162,
        "population_estimated": true,
        "size_category": 1,
        "trade": null,
        "source": null,
        "tags": [],
        "notes": [],
        "history": {
          "province_2512": null,
          "province_2276": null,
          "ruler_2515": null,
          "ruler_2512": null,
          "ruler_2276": null
        },
        "wiki": {
          "title": null,
          "url": null,
          "description": null,
          "image": null
        },
        "svg_layer": "Norsca"
      }
    },
    {
      "type": "Feature",
      "id": "copy_text_14747",
      "geometry": {
        "type": "Point",
        "coordinates": [
          -7.421842,
          59.811808
        ]
      },
      "properties": {
        "id": "copy_text_14747",
        "name": "Henriksdal",
        "category": "settlement",
        "dataset": "norsca",
        "in_gazetteer": false,
        "type": null,
        "region": "Norsca",
        "province": null,
        "estate": null,
        "population": 104,
        "population_estimated": true,
        "size_category": 1,
        "trade": null,
        "source": null,
        "tags": [],
        "notes": [],
        "history": {
          "province_2512": null,
          "province_2276": null,
          "ruler_2515": null,
          "ruler_2512": null,
          "ruler_2276": null
        },
        "wiki": {
          "title": null,
          "url": null,
          "description": null,
          "image": null
        },
        "svg_layer": "Norsca"
      }
    },
    {
      "type": "Feature",
      "id": "copy_text_14748",
      "geometry": {
        "type": "Point",
        "coordinates": [
          -7.3486,
          59.676391
        ]
      },
      "properties": {
        "id": "copy_text_14748",
        "name": "Lindmon",
        "category": "settlement",
        "dataset": "norsca",
        "in_gazetteer": false,
        "type": null,
        "region": "Norsca",
        "province": null,
        "estate": null,
        "population": 292,
        "population_estimated": true,
        "size_category": 1,
        "trade": null,
        "source": null,
        "tags": [],
        "notes": [],
        "history": {
          "province_2512": null,
          "province_2276": null,
          "ruler_2515": null,
          "ruler_2512": null,
          "ruler_2276": null
        },
        "wiki": {
          "title": null,
          "url": null,
          "description": null,
          "image": null
        },
        "svg_layer": "Norsca"
      }
    },
    {
      "type": "Feature",
      "id": "copy_text_14749",
      "geometry": {
        "type": "Point",
        "coordinates": [
          -6.601529,
          59.925089
        ]
      },
      "properties": {
        "id": "copy_text_14749",
        "name": "Sindal",
        "category": "settlement",
        "dataset": "norsca",
        "in_gazetteer": false,
        "type": null,
        "region": "Norsca",
        "province": null,
        "estate": null,
        "population": 108,
        "population_estimated": true,
        "size_category": 1,
        "trade": null,
        "source": null,
        "tags": [],
        "notes": [],
        "history": {
          "province_2512": null,
          "province_2276": null,
          "ruler_2515": null,
          "ruler_2512": null,
          "ruler_2276": null
        },
        "wiki": {
          "title": null,
          "url": null,
          "description": null,
          "image": null
        },
        "svg_layer": "Norsca"
      }
    },
    {
      "type": "Feature",
      "id": "copy_text_14750",
      "geometry": {
        "type": "Point",
        "coordinates": [
          -7.560188,
          59.790975
        ]
      },
      "properties": {
        "id": "copy_text_14750",
        "name": "Trollsta",
        "category": "settlement",
        "dataset": "norsca",
        "in_gazetteer": false,
        "type": null,
        "region": "Norsca",
        "province": null,
        "estate": null,
        "population": 81,
        "population_estimated": true,
        "size_category": 1,
        "trade": null,
        "source": null,
        "tags": [],
        "notes": [],
        "history": {
          "province_2512": null,
          "province_2276": null,
          "ruler_2515": null,
          "ruler_2512": null,
          "ruler_2276": null
        },
        "wiki": {
          "title": null,
          "url": null,
          "description": null,
          "image": null
        },
        "svg_layer": "Norsca"
      }
    },
    {
      "type": "Feature",
      "id": "copy_text_14751",
      "geometry": {
        "type": "Point",
        "coordinates": [
          -7.631955,
          59.693778
        ]
      },
      "properties": {
        "id": "copy_text_14751",
        "name": "Hulingfjord",
        "category": "settlement",
        "dataset": "norsca",
        "in_gazetteer": false,
        "type": null,
        "region": "Norsca",
        "province": null,
        "estate": null,
        "population": 196,
        "population_estimated": true,
        "size_category": 1,
        "trade": null,
        "source": null,
        "tags": [],
        "notes": [],
        "history": {
          "province_2512": null,
          "province_2276": null,
          "ruler_2515": null,
          "ruler_2512": null,
          "ruler_2276": null
        },
        "wiki": {
          "title": null,
          "url": null,
          "description": null,
          "image": null
        },
        "svg_layer": "Norsca"
      }
    },
    {
      "type": "Feature",
      "id": "copy_text_14752",
      "geometry": {
        "type": "Point",
        "coordinates": [
          -7.125618,
          59.926391
        ]
      },
      "properties": {
        "id": "copy_text_14752",
        "name": "Arvinn",
        "category": "settlement",
        "dataset": "norsca",
        "in_gazetteer": false,
        "type": null,
        "region": "Norsca",
        "province": null,
        "estate": null,
        "population": 136,
        "population_estimated": true,
        "size_category": 1,
        "trade": null,
        "source": null,
        "tags": [],
        "notes": [],
        "history": {
          "province_2512": null,
          "province_2276": null,
          "ruler_2515": null,
          "ruler_2512": null,
          "ruler_2276": null
        },
        "wiki": {
          "title": null,
          "url": null,
          "description": null,
          "image": null
        },
        "svg_layer": "Norsca"
      }
    },
    {
      "type": "Feature",
      "id": "copy_text_14753",
      "geometry": {
        "type": "Point",
        "coordinates": [
          -7.658582,
          59.751912
        ]
      },
      "properties": {
        "id": "copy_text_14753",
        "name": "Älmhult",
        "category": "settlement",
        "dataset": "norsca",
        "in_gazetteer": false,
        "type": null,
        "region": "Norsca",
        "province": null,
        "estate": null,
        "population": 715,
        "population_estimated": true,
        "size_category": 2,
        "trade": null,
        "source": null,
        "tags": [],
        "notes": [],
        "history": {
          "province_2512": null,
          "province_2276": null,
          "ruler_2515": null,
          "ruler_2512": null,
          "ruler_2276": null
        },
        "wiki": {
          "title": null,
          "url": null,
          "description": null,
          "image": null
        },
        "svg_layer": "Norsca"
      }
    },
    {
      "type": "Feature",
      "id": "copy_text_14754",
      "geometry": {
        "type": "Point",
        "coordinates": [
          -7.669238,
          59.935505
        ]
      },
      "properties": {
        "id": "copy_text_14754",
        "name": "Åsunden",
        "category": "settlement",
        "dataset": "norsca",
        "in_gazetteer": false,
        "type": null,
        "region": "Norsca",
        "province": null,
        "estate": null,
        "population": 162,
        "population_estimated": true,
        "size_category": 1,
        "trade": null,
        "source": null,
        "tags": [],
        "notes": [],
        "history": {
          "province_2512": null,
          "province_2276": null,
          "ruler_2515": null,
          "ruler_2512": null,
          "ruler_2276": null
        },
        "wiki": {
          "title": null,
          "url": null,
          "description": null,
          "image": null
        },
        "svg_layer": "Norsca"
      }
    },
    {
      "type": "Feature",
      "id": "copy_text_14755",
      "geometry": {
        "type": "Point",
        "coordinates": [
          -7.553678,
          60.13212
        ]
      },
      "properties": {
        "id": "copy_text_14755",
        "name": "Jonsberg",
        "category": "settlement",
        "dataset": "norsca",
        "in_gazetteer": false,
        "type": null,
        "region": "Norsca",
        "province": null,
        "estate": null,
        "population": 164,
        "population_estimated": true,
        "size_category": 1,
        "trade": null,
        "source": null,
        "tags": [],
        "notes": [],
        "history": {
          "province_2512": null,
          "province_2276": null,
          "ruler_2515": null,
          "ruler_2512": null,
          "ruler_2276": null
        },
        "wiki": {
          "title": null,
          "url": null,
          "description": null,
          "image": null
        },
        "svg_layer": "Norsca"
      }
    },
    {
      "type": "Feature",
      "id": "copy_text_14756",
      "geometry": {
        "type": "Point",
        "coordinates": [
          -5.517544,
          60.099568
        ]
      },
      "properties": {
        "id": "copy_text_14756",
        "name": "Duderö",
        "category": "settlement",
        "dataset": "norsca",
        "in_gazetteer": false,
        "type": null,
        "region": "Norsca",
        "province": null,
        "estate": null,
        "population": 114,
        "population_estimated": true,
        "size_category": 1,
        "trade": null,
        "source": null,
        "tags": [],
        "notes": [],
        "history": {
          "province_2512": null,
          "province_2276": null,
          "ruler_2515": null,
          "ruler_2512": null,
          "ruler_2276": null
        },
        "wiki": {
          "title": null,
          "url": null,
          "description": null,
          "image": null
        },
        "svg_layer": "Norsca"
      }
    },
    {
      "type": "Feature",
      "id": "copy_text_14757",
      "geometry": {
        "type": "Point",
        "coordinates": [
          -6.581998,
          60.185505
        ]
      },
      "properties": {
        "id": "copy_text_14757",
        "name": "Klingsbo",
        "category": "settlement",
        "dataset": "norsca",
        "in_gazetteer": false,
        "type": null,
        "region": "Norsca",
        "province": null,
        "estate": null,
        "population": 554,
        "population_estimated": true,
        "size_category": 2,
        "trade": null,
        "source": null,
        "tags": [],
        "notes": [],
        "history": {
          "province_2512": null,
          "province_2276": null,
          "ruler_2515": null,
          "ruler_2512": null,
          "ruler_2276": null
        },
        "wiki": {
          "title": null,
          "url": null,
          "description": null,
          "image": null
        },
        "svg_layer": "Norsca"
      }
    },
    {
      "type": "Feature",
      "id": "copy_text_14758",
      "geometry": {
        "type": "Point",
        "coordinates": [
          -6.619432,
          60.137329
        ]
      },
      "properties": {
        "id": "copy_text_14758",
        "name": "Hästveda",
        "category": "settlement",
        "dataset": "norsca",
        "in_gazetteer": false,
        "type": null,
        "region": "Norsca",
        "province": null,
        "estate": null,
        "population": 138,
        "population_estimated": true,
        "size_category": 1,
        "trade": null,
        "source": null,
        "tags": [],
        "notes": [],
        "history": {
          "province_2512": null,
          "province_2276": null,
          "ruler_2515": null,
          "ruler_2512": null,
          "ruler_2276": null
        },
        "wiki": {
          "title": null,
          "url": null,
          "description": null,
          "image": null
        },
        "svg_layer": "Norsca"
      }
    },
    {
      "type": "Feature",
      "id": "copy_text_14759",
      "geometry": {
        "type": "Point",
        "coordinates": [
          -6.700813,
          60.055297
        ]
      },
      "properties": {
        "id": "copy_text_14759",
        "name": "Ibestad",
        "category": "settlement",
        "dataset": "norsca",
        "in_gazetteer": false,
        "type": null,
        "region": "Norsca",
        "province": null,
        "estate": null,
        "population": 72,
        "population_estimated": true,
        "size_category": 1,
        "trade": null,
        "source": null,
        "tags": [],
        "notes": [],
        "history": {
          "province_2512": null,
          "province_2276": null,
          "ruler_2515": null,
          "ruler_2512": null,
          "ruler_2276": null
        },
        "wiki": {
          "title": null,
          "url": null,
          "description": null,
          "image": null
        },
        "svg_layer": "Norsca"
      }
    },
    {
      "type": "Feature",
      "id": "copy_text_14760",
      "geometry": {
        "type": "Point",
        "coordinates": [
          -6.788703,
          60.184204
        ]
      },
      "properties": {
        "id": "copy_text_14760",
        "name": "Ringskär",
        "category": "settlement",
        "dataset": "norsca",
        "in_gazetteer": false,
        "type": null,
        "region": "Norsca",
        "province": null,
        "estate": null,
        "population": 62,
        "population_estimated": true,
        "size_category": 1,
        "trade": null,
        "source": null,
        "tags": [],
        "notes": [],
        "history": {
          "province_2512": null,
          "province_2276": null,
          "ruler_2515": null,
          "ruler_2512": null,
          "ruler_2276": null
        },
        "wiki": {
          "title": null,
          "url": null,
          "description": null,
          "image": null
        },
        "svg_layer": "Norsca"
      }
    },
    {
      "type": "Feature",
      "id": "copy_text_14761",
      "geometry": {
        "type": "Point",
        "coordinates": [
          -6.959602,
          60.365193
        ]
      },
      "properties": {
        "id": "copy_text_14761",
        "name": "Ätran",
        "category": "settlement",
        "dataset": "norsca",
        "in_gazetteer": false,
        "type": null,
        "region": "Norsca",
        "province": null,
        "estate": null,
        "population": 153,
        "population_estimated": true,
        "size_category": 1,
        "trade": null,
        "source": null,
        "tags": [],
        "notes": [],
        "history": {
          "province_2512": null,
          "province_2276": null,
          "ruler_2515": null,
          "ruler_2512": null,
          "ruler_2276": null
        },
        "wiki": {
          "title": null,
          "url": null,
          "description": null,
          "image": null
        },
        "svg_layer": "Norsca"
      }
    },
    {
      "type": "Feature",
      "id": "copy_text_14762",
      "geometry": {
        "type": "Point",
        "coordinates": [
          -6.78382,
          60.426391
        ]
      },
      "properties": {
        "id": "copy_text_14762",
        "name": "Mydal",
        "category": "settlement",
        "dataset": "norsca",
        "in_gazetteer": false,
        "type": null,
        "region": "Norsca",
        "province": null,
        "estate": null,
        "population": 173,
        "population_estimated": true,
        "size_category": 1,
        "trade": null,
        "source": null,
        "tags": [],
        "notes": [],
        "history": {
          "province_2512": null,
          "province_2276": null,
          "ruler_2515": null,
          "ruler_2512": null,
          "ruler_2276": null
        },
        "wiki": {
          "title": null,
          "url": null,
          "description": null,
          "image": null
        },
        "svg_layer": "Norsca"
      }
    },
    {
      "type": "Feature",
      "id": "copy_text_14763",
      "geometry": {
        "type": "Point",
        "coordinates": [
          -6.85869,
          60.378214
        ]
      },
      "properties": {
        "id": "copy_text_14763",
        "name": "Forså",
        "category": "settlement",
        "dataset": "norsca",
        "in_gazetteer": false,
        "type": null,
        "region": "Norsca",
        "province": null,
        "estate": null,
        "population": 182,
        "population_estimated": true,
        "size_category": 1,
        "trade": null,
        "source": null,
        "tags": [],
        "notes": [],
        "history": {
          "province_2512": null,
          "province_2276": null,
          "ruler_2515": null,
          "ruler_2512": null,
          "ruler_2276": null
        },
        "wiki": {
          "title": null,
          "url": null,
          "description": null,
          "image": null
        },
        "svg_layer": "Norsca"
      }
    },
    {
      "type": "Feature",
      "id": "copy_text_14764",
      "geometry": {
        "type": "Point",
        "coordinates": [
          -6.907518,
          60.486287
        ]
      },
      "properties": {
        "id": "copy_text_14764",
        "name": "Alsarp",
        "category": "settlement",
        "dataset": "norsca",
        "in_gazetteer": false,
        "type": null,
        "region": "Norsca",
        "province": null,
        "estate": null,
        "population": 125,
        "population_estimated": true,
        "size_category": 1,
        "trade": null,
        "source": null,
        "tags": [],
        "notes": [],
        "history": {
          "province_2512": null,
          "province_2276": null,
          "ruler_2515": null,
          "ruler_2512": null,
          "ruler_2276": null
        },
        "wiki": {
          "title": null,
          "url": null,
          "description": null,
          "image": null
        },
        "svg_layer": "Norsca"
      }
    },
    {
      "type": "Feature",
      "id": "copy_text_14765",
      "geometry": {
        "type": "Point",
        "coordinates": [
          -6.92705,
          60.453735
        ]
      },
      "properties": {
        "id": "copy_text_14765",
        "name": "Vistofta",
        "category": "settlement",
        "dataset": "norsca",
        "in_gazetteer": false,
        "type": null,
        "region": "Norsca",
        "province": null,
        "estate": null,
        "population": 107,
        "population_estimated": true,
        "size_category": 1,
        "trade": null,
        "source": null,
        "tags": [],
        "notes": [],
        "history": {
          "province_2512": null,
          "province_2276": null,
          "ruler_2515": null,
          "ruler_2512": null,
          "ruler_2276": null
        },
        "wiki": {
          "title": null,
          "url": null,
          "description": null,
          "image": null
        },
        "svg_layer": "Norsca"
      }
    },
    {
      "type": "Feature",
      "id": "copy_text_14766",
      "geometry": {
        "type": "Point",
        "coordinates": [
          -7.651517,
          59.706553
        ]
      },
      "properties": {
        "id": "copy_text_14766",
        "name": "Näckten",
        "category": "settlement",
        "dataset": "norsca",
        "in_gazetteer": false,
        "type": null,
        "region": "Norsca",
        "province": null,
        "estate": null,
        "population": 93,
        "population_estimated": true,
        "size_category": 1,
        "trade": null,
        "source": null,
        "tags": [],
        "notes": [],
        "history": {
          "province_2512": null,
          "province_2276": null,
          "ruler_2515": null,
          "ruler_2512": null,
          "ruler_2276": null
        },
        "wiki": {
          "title": null,
          "url": null,
          "description": null,
          "image": null
        },
        "svg_layer": "Norsca"
      }
    },
    {
      "type": "Feature",
      "id": "copy_text_14767",
      "geometry": {
        "type": "Point",
        "coordinates": [
          -7.894354,
          59.457041
        ]
      },
      "properties": {
        "id": "copy_text_14767",
        "name": "Lokholmen",
        "category": "settlement",
        "dataset": "norsca",
        "in_gazetteer": false,
        "type": null,
        "region": "Norsca",
        "province": null,
        "estate": null,
        "population": 148,
        "population_estimated": true,
        "size_category": 1,
        "trade": null,
        "source": null,
        "tags": [],
        "notes": [],
        "history": {
          "province_2512": null,
          "province_2276": null,
          "ruler_2515": null,
          "ruler_2512": null,
          "ruler_2276": null
        },
        "wiki": {
          "title": null,
          "url": null,
          "description": null,
          "image": null
        },
        "svg_layer": "Norsca"
      }
    },
    {
      "type": "Feature",
      "id": "copy_text_14768",
      "geometry": {
        "type": "Point",
        "coordinates": [
          -9.464485,
          59.79488
        ]
      },
      "properties": {
        "id": "copy_text_14768",
        "name": "Bjurön",
        "category": "settlement",
        "dataset": "norsca",
        "in_gazetteer": false,
        "type": null,
        "region": "Norsca",
        "province": null,
        "estate": null,
        "population": 110,
        "population_estimated": true,
        "size_category": 1,
        "trade": null,
        "source": null,
        "tags": [],
        "notes": [],
        "history": {
          "province_2512": null,
          "province_2276": null,
          "ruler_2515": null,
          "ruler_2512": null,
          "ruler_2276": null
        },
        "wiki": {
          "title": null,
          "url": null,
          "description": null,
          "image": null
        },
        "svg_layer": "Norsca"
      }
    },
    {
      "type": "Feature",
      "id": "copy_text_14769",
      "geometry": {
        "type": "Point",
        "coordinates": [
          -9.604576,
          60.345528
        ]
      },
      "properties": {
        "id": "copy_text_14769",
        "name": "Docksta",
        "category": "settlement",
        "dataset": "norsca",
        "in_gazetteer": false,
        "type": null,
        "region": "Norsca",
        "province": null,
        "estate": null,
        "population": 101,
        "population_estimated": true,
        "size_category": 1,
        "trade": null,
        "source": null,
        "tags": [],
        "notes": [],
        "history": {
          "province_2512": null,
          "province_2276": null,
          "ruler_2515": null,
          "ruler_2512": null,
          "ruler_2276": null
        },
        "wiki": {
          "title": null,
          "url": null,
          "description": null,
          "image": null
        },
        "svg_layer": "Norsca"
      }
    },
    {
      "type": "Feature",
      "id": "copy_text_14770",
      "geometry": {
        "type": "Point",
        "coordinates": [
          -3.932991,
          59.901745
        ]
      },
      "properties": {
        "id": "copy_text_14770",
        "name": "Egeby",
        "category": "settlement",
        "dataset": "norsca",
        "in_gazetteer": false,
        "type": null,
        "region": "Norsca",
        "province": null,
        "estate": null,
        "population": 569,
        "population_estimated": true,
        "size_category": 2,
        "trade": null,
        "source": null,
        "tags": [],
        "notes": [],
        "history": {
          "province_2512": null,
          "province_2276": null,
          "ruler_2515": null,
          "ruler_2512": null,
          "ruler_2276": null
        },
        "wiki": {
          "title": null,
          "url": null,
          "description": null,
          "image": null
        },
        "svg_layer": "Norsca"
      }
    },
    {
      "type": "Feature",
      "id": "copy_text_14771",
      "geometry": {
        "type": "Point",
        "coordinates": [
          -3.78913,
          59.893458
        ]
      },
      "properties": {
        "id": "copy_text_14771",
        "name": "Ekås",
        "category": "settlement",
        "dataset": "norsca",
        "in_gazetteer": false,
        "type": null,
        "region": "Norsca",
        "province": null,
        "estate": null,
        "population": 260,
        "population_estimated": true,
        "size_category": 1,
        "trade": null,
        "source": null,
        "tags": [],
        "notes": [],
        "history": {
          "province_2512": null,
          "province_2276": null,
          "ruler_2515": null,
          "ruler_2512": null,
          "ruler_2276": null
        },
        "wiki": {
          "title": null,
          "url": null,
          "description": null,
          "image": null
        },
        "svg_layer": "Norsca"
      }
    },
    {
      "type": "Feature",
      "id": "copy_text_14772",
      "geometry": {
        "type": "Point",
        "coordinates": [
          -3.756905,
          59.988292
        ]
      },
      "properties": {
        "id": "copy_text_14772",
        "name": "Florvåg",
        "category": "settlement",
        "dataset": "norsca",
        "in_gazetteer": false,
        "type": null,
        "region": "Norsca",
        "province": null,
        "estate": null,
        "population": 119,
        "population_estimated": true,
        "size_category": 1,
        "trade": null,
        "source": null,
        "tags": [],
        "notes": [],
        "history": {
          "province_2512": null,
          "province_2276": null,
          "ruler_2515": null,
          "ruler_2512": null,
          "ruler_2276": null
        },
        "wiki": {
          "title": null,
          "url": null,
          "description": null,
          "image": null
        },
        "svg_layer": "Norsca"
      }
    },
    {
      "type": "Feature",
      "id": "copy_text_14773",
      "geometry": {
        "type": "Point",
        "coordinates": [
          -3.663683,
          60.06379
        ]
      },
      "properties": {
        "id": "copy_text_14773",
        "name": "Gimån",
        "category": "settlement",
        "dataset": "norsca",
        "in_gazetteer": false,
        "type": null,
        "region": "Norsca",
        "province": null,
        "estate": null,
        "population": 89,
        "population_estimated": true,
        "size_category": 1,
        "trade": null,
        "source": null,
        "tags": [],
        "notes": [],
        "history": {
          "province_2512": null,
          "province_2276": null,
          "ruler_2515": null,
          "ruler_2512": null,
          "ruler_2276": null
        },
        "wiki": {
          "title": null,
          "url": null,
          "description": null,
          "image": null
        },
        "svg_layer": "Norsca"
      }
    },
    {
      "type": "Feature",
      "id": "copy_text_14774",
      "geometry": {
        "type": "Point",
        "coordinates": [
          -3.572762,
          59.996578
        ]
      },
      "properties": {
        "id": "copy_text_14774",
        "name": "Granliden",
        "category": "settlement",
        "dataset": "norsca",
        "in_gazetteer": false,
        "type": null,
        "region": "Norsca",
        "province": null,
        "estate": null,
        "population": 76,
        "population_estimated": true,
        "size_category": 1,
        "trade": null,
        "source": null,
        "tags": [],
        "notes": [],
        "history": {
          "province_2512": null,
          "province_2276": null,
          "ruler_2515": null,
          "ruler_2512": null,
          "ruler_2276": null
        },
        "wiki": {
          "title": null,
          "url": null,
          "description": null,
          "image": null
        },
        "svg_layer": "Norsca"
      }
    },
    {
      "type": "Feature",
      "id": "copy_text_14775",
      "geometry": {
        "type": "Point",
        "coordinates": [
          -3.616496,
          59.964353
        ]
      },
      "properties": {
        "id": "copy_text_14775",
        "name": "Hagalund",
        "category": "settlement",
        "dataset": "norsca",
        "in_gazetteer": false,
        "type": null,
        "region": "Norsca",
        "province": null,
        "estate": null,
        "population": 159,
        "population_estimated": true,
        "size_category": 1,
        "trade": null,
        "source": null,
        "tags": [],
        "notes": [],
        "history": {
          "province_2512": null,
          "province_2276": null,
          "ruler_2515": null,
          "ruler_2512": null,
          "ruler_2276": null
        },
        "wiki": {
          "title": null,
          "url": null,
          "description": null,
          "image": null
        },
        "svg_layer": "Norsca"
      }
    },
    {
      "type": "Feature",
      "id": "copy_text_14776",
      "geometry": {
        "type": "Point",
        "coordinates": [
          -3.571683,
          59.850185
        ]
      },
      "properties": {
        "id": "copy_text_14776",
        "name": "Hammarvik",
        "category": "settlement",
        "dataset": "norsca",
        "in_gazetteer": false,
        "type": null,
        "region": "Norsca",
        "province": null,
        "estate": null,
        "population": 141,
        "population_estimated": true,
        "size_category": 1,
        "trade": null,
        "source": null,
        "tags": [],
        "notes": [],
        "history": {
          "province_2512": null,
          "province_2276": null,
          "ruler_2515": null,
          "ruler_2512": null,
          "ruler_2276": null
        },
        "wiki": {
          "title": null,
          "url": null,
          "description": null,
          "image": null
        },
        "svg_layer": "Norsca"
      }
    },
    {
      "type": "Feature",
      "id": "copy_text_14777",
      "geometry": {
        "type": "Point",
        "coordinates": [
          -3.41394,
          60.002102
        ]
      },
      "properties": {
        "id": "copy_text_14777",
        "name": "Hjelmås",
        "category": "settlement",
        "dataset": "norsca",
        "in_gazetteer": false,
        "type": null,
        "region": "Norsca",
        "province": null,
        "estate": null,
        "population": 285,
        "population_estimated": true,
        "size_category": 1,
        "trade": null,
        "source": null,
        "tags": [],
        "notes": [],
        "history": {
          "province_2512": null,
          "province_2276": null,
          "ruler_2515": null,
          "ruler_2512": null,
          "ruler_2276": null
        },
        "wiki": {
          "title": null,
          "url": null,
          "description": null,
          "image": null
        },
        "svg_layer": "Norsca"
      }
    },
    {
      "type": "Feature",
      "id": "copy_text_14778",
      "geometry": {
        "type": "Point",
        "coordinates": [
          -2.930566,
          60.123636
        ]
      },
      "properties": {
        "id": "copy_text_14778",
        "name": "Hovet",
        "category": "settlement",
        "dataset": "norsca",
        "in_gazetteer": false,
        "type": null,
        "region": "Norsca",
        "province": null,
        "estate": null,
        "population": 304,
        "population_estimated": true,
        "size_category": 2,
        "trade": null,
        "source": null,
        "tags": [],
        "notes": [],
        "history": {
          "province_2512": null,
          "province_2276": null,
          "ruler_2515": null,
          "ruler_2512": null,
          "ruler_2276": null
        },
        "wiki": {
          "title": null,
          "url": null,
          "description": null,
          "image": null
        },
        "svg_layer": "Norsca"
      }
    },
    {
      "type": "Feature",
      "id": "copy_text_14779",
      "geometry": {
        "type": "Point",
        "coordinates": [
          -2.794761,
          60.145733
        ]
      },
      "properties": {
        "id": "copy_text_14779",
        "name": "Huglo",
        "category": "settlement",
        "dataset": "norsca",
        "in_gazetteer": false,
        "type": null,
        "region": "Norsca",
        "province": null,
        "estate": null,
        "population": 289,
        "population_estimated": true,
        "size_category": 1,
        "trade": null,
        "source": null,
        "tags": [],
        "notes": [],
        "history": {
          "province_2512": null,
          "province_2276": null,
          "ruler_2515": null,
          "ruler_2512": null,
          "ruler_2276": null
        },
        "wiki": {
          "title": null,
          "url": null,
          "description": null,
          "image": null
        },
        "svg_layer": "Norsca"
      }
    },
    {
      "type": "Feature",
      "id": "copy_text_14780",
      "geometry": {
        "type": "Point",
        "coordinates": [
          -2.765988,
          60.625424
        ]
      },
      "properties": {
        "id": "copy_text_14780",
        "name": "Husåkar",
        "category": "settlement",
        "dataset": "norsca",
        "in_gazetteer": false,
        "type": null,
        "region": "Norsca",
        "province": null,
        "estate": null,
        "population": 64,
        "population_estimated": true,
        "size_category": 1,
        "trade": null,
        "source": null,
        "tags": [],
        "notes": [],
        "history": {
          "province_2512": null,
          "province_2276": null,
          "ruler_2515": null,
          "ruler_2512": null,
          "ruler_2276": null
        },
        "wiki": {
          "title": null,
          "url": null,
          "description": null,
          "image": null
        },
        "svg_layer": "Norsca"
      }
    },
    {
      "type": "Feature",
      "id": "copy_text_14781",
      "geometry": {
        "type": "Point",
        "coordinates": [
          -2.685426,
          60.583992
        ]
      },
      "properties": {
        "id": "copy_text_14781",
        "name": "Ivetofta",
        "category": "settlement",
        "dataset": "norsca",
        "in_gazetteer": false,
        "type": null,
        "region": "Norsca",
        "province": null,
        "estate": null,
        "population": 105,
        "population_estimated": true,
        "size_category": 1,
        "trade": null,
        "source": null,
        "tags": [],
        "notes": [],
        "history": {
          "province_2512": null,
          "province_2276": null,
          "ruler_2515": null,
          "ruler_2512": null,
          "ruler_2276": null
        },
        "wiki": {
          "title": null,
          "url": null,
          "description": null,
          "image": null
        },
        "svg_layer": "Norsca"
      }
    },
    {
      "type": "Feature",
      "id": "copy_text_14782",
      "geometry": {
        "type": "Point",
        "coordinates": [
          -11.096131,
          61.115243
        ]
      },
      "properties": {
        "id": "copy_text_14782",
        "name": "Jaren",
        "category": "settlement",
        "dataset": "norsca",
        "in_gazetteer": false,
        "type": null,
        "region": "Norsca",
        "province": null,
        "estate": null,
        "population": 166,
        "population_estimated": true,
        "size_category": 1,
        "trade": null,
        "source": null,
        "tags": [],
        "notes": [],
        "history": {
          "province_2512": null,
          "province_2276": null,
          "ruler_2515": null,
          "ruler_2512": null,
          "ruler_2276": null
        },
        "wiki": {
          "title": null,
          "url": null,
          "description": null,
          "image": null
        },
        "svg_layer": "Norsca"
      }
    },
    {
      "type": "Feature",
      "id": "copy_text_14783",
      "geometry": {
        "type": "Point",
        "coordinates": [
          -11.984617,
          61.092225
        ]
      },
      "properties": {
        "id": "copy_text_14783",
        "name": "Jyllinge",
        "category": "settlement",
        "dataset": "norsca",
        "in_gazetteer": false,
        "type": null,
        "region": "Norsca",
        "province": null,
        "estate": null,
        "population": 152,
        "population_estimated": true,
        "size_category": 1,
        "trade": null,
        "source": null,
        "tags": [],
        "notes": [],
        "history": {
          "province_2512": null,
          "province_2276": null,
          "ruler_2515": null,
          "ruler_2512": null,
          "ruler_2276": null
        },
        "wiki": {
          "title": null,
          "url": null,
          "description": null,
          "image": null
        },
        "svg_layer": "Norsca"
      }
    },
    {
      "type": "Feature",
      "id": "copy_text_14784",
      "geometry": {
        "type": "Point",
        "coordinates": [
          -11.211219,
          61.129975
        ]
      },
      "properties": {
        "id": "copy_text_14784",
        "name": "Kattrup",
        "category": "settlement",
        "dataset": "norsca",
        "in_gazetteer": false,
        "type": null,
        "region": "Norsca",
        "province": null,
        "estate": null,
        "population": 147,
        "population_estimated": true,
        "size_category": 1,
        "trade": null,
        "source": null,
        "tags": [],
        "notes": [],
        "history": {
          "province_2512": null,
          "province_2276": null,
          "ruler_2515": null,
          "ruler_2512": null,
          "ruler_2276": null
        },
        "wiki": {
          "title": null,
          "url": null,
          "description": null,
          "image": null
        },
        "svg_layer": "Norsca"
      }
    },
    {
      "type": "Feature",
      "id": "copy_text_14785",
      "geometry": {
        "type": "Point",
        "coordinates": [
          -11.628993,
          61.131816
        ]
      },
      "properties": {
        "id": "copy_text_14785",
        "name": "Kibäk",
        "category": "settlement",
        "dataset": "norsca",
        "in_gazetteer": false,
        "type": null,
        "region": "Norsca",
        "province": null,
        "estate": null,
        "population": 95,
        "population_estimated": true,
        "size_category": 1,
        "trade": null,
        "source": null,
        "tags": [],
        "notes": [],
        "history": {
          "province_2512": null,
          "province_2276": null,
          "ruler_2515": null,
          "ruler_2512": null,
          "ruler_2276": null
        },
        "wiki": {
          "title": null,
          "url": null,
          "description": null,
          "image": null
        },
        "svg_layer": "Norsca"
      }
    },
    {
      "type": "Feature",
      "id": "copy_text_14786",
      "geometry": {
        "type": "Point",
        "coordinates": [
          -11.706102,
          61.311354
        ]
      },
      "properties": {
        "id": "copy_text_14786",
        "name": "Kilby",
        "category": "settlement",
        "dataset": "norsca",
        "in_gazetteer": false,
        "type": null,
        "region": "Norsca",
        "province": null,
        "estate": null,
        "population": 158,
        "population_estimated": true,
        "size_category": 1,
        "trade": null,
        "source": null,
        "tags": [],
        "notes": [],
        "history": {
          "province_2512": null,
          "province_2276": null,
          "ruler_2515": null,
          "ruler_2512": null,
          "ruler_2276": null
        },
        "wiki": {
          "title": null,
          "url": null,
          "description": null,
          "image": null
        },
        "svg_layer": "Norsca"
      }
    },
    {
      "type": "Feature",
      "id": "copy_text_14787",
      "geometry": {
        "type": "Point",
        "coordinates": [
          -11.519658,
          61.285574
        ]
      },
      "properties": {
        "id": "copy_text_14787",
        "name": "Klappsta",
        "category": "settlement",
        "dataset": "norsca",
        "in_gazetteer": false,
        "type": null,
        "region": "Norsca",
        "province": null,
        "estate": null,
        "population": 127,
        "population_estimated": true,
        "size_category": 1,
        "trade": null,
        "source": null,
        "tags": [],
        "notes": [],
        "history": {
          "province_2512": null,
          "province_2276": null,
          "ruler_2515": null,
          "ruler_2512": null,
          "ruler_2276": null
        },
        "wiki": {
          "title": null,
          "url": null,
          "description": null,
          "image": null
        },
        "svg_layer": "Norsca"
      }
    },
    {
      "type": "Feature",
      "id": "copy_text_14788",
      "geometry": {
        "type": "Point",
        "coordinates": [
          -12.188325,
          61.342659
        ]
      },
      "properties": {
        "id": "copy_text_14788",
        "name": "Kramsnö",
        "category": "settlement",
        "dataset": "norsca",
        "in_gazetteer": false,
        "type": null,
        "region": "Norsca",
        "province": null,
        "estate": null,
        "population": 139,
        "population_estimated": true,
        "size_category": 1,
        "trade": null,
        "source": null,
        "tags": [],
        "notes": [],
        "history": {
          "province_2512": null,
          "province_2276": null,
          "ruler_2515": null,
          "ruler_2512": null,
          "ruler_2276": null
        },
        "wiki": {
          "title": null,
          "url": null,
          "description": null,
          "image": null
        },
        "svg_layer": "Norsca"
      }
    },
    {
      "type": "Feature",
      "id": "copy_text_14789",
      "geometry": {
        "type": "Point",
        "coordinates": [
          -12.479501,
          61.441175
        ]
      },
      "properties": {
        "id": "copy_text_14789",
        "name": "Kvissel",
        "category": "settlement",
        "dataset": "norsca",
        "in_gazetteer": false,
        "type": null,
        "region": "Norsca",
        "province": null,
        "estate": null,
        "population": 243,
        "population_estimated": true,
        "size_category": 1,
        "trade": null,
        "source": null,
        "tags": [],
        "notes": [],
        "history": {
          "province_2512": null,
          "province_2276": null,
          "ruler_2515": null,
          "ruler_2512": null,
          "ruler_2276": null
        },
        "wiki": {
          "title": null,
          "url": null,
          "description": null,
          "image": null
        },
        "svg_layer": "Norsca"
      }
    },
    {
      "type": "Feature",
      "id": "copy_text_14790",
      "geometry": {
        "type": "Point",
        "coordinates": [
          -12.714282,
          61.213759
        ]
      },
      "properties": {
        "id": "copy_text_14790",
        "name": "Noresund",
        "category": "settlement",
        "dataset": "norsca",
        "in_gazetteer": false,
        "type": null,
        "region": "Norsca",
        "province": null,
        "estate": null,
        "population": 83,
        "population_estimated": true,
        "size_category": 1,
        "trade": null,
        "source": null,
        "tags": [],
        "notes": [],
        "history": {
          "province_2512": null,
          "province_2276": null,
          "ruler_2515": null,
          "ruler_2512": null,
          "ruler_2276": null
        },
        "wiki": {
          "title": null,
          "url": null,
          "description": null,
          "image": null
        },
        "svg_layer": "Norsca"
      }
    },
    {
      "type": "Feature",
      "id": "copy_text_14791",
      "geometry": {
        "type": "Point",
        "coordinates": [
          -11.638964,
          61.526652
        ]
      },
      "properties": {
        "id": "copy_text_14791",
        "name": "Blåhaj",
        "category": "settlement",
        "dataset": "norsca",
        "in_gazetteer": false,
        "type": null,
        "region": "Norsca",
        "province": null,
        "estate": null,
        "population": 325,
        "population_estimated": true,
        "size_category": 2,
        "trade": null,
        "source": null,
        "tags": [],
        "notes": [],
        "history": {
          "province_2512": null,
          "province_2276": null,
          "ruler_2515": null,
          "ruler_2512": null,
          "ruler_2276": null
        },
        "wiki": {
          "title": null,
          "url": null,
          "description": null,
          "image": null
        },
        "svg_layer": "Norsca"
      }
    },
    {
      "type": "Feature",
      "id": "copy_text_14792",
      "geometry": {
        "type": "Point",
        "coordinates": [
          -1.523925,
          60.208787
        ]
      },
      "properties": {
        "id": "copy_text_14792",
        "name": "Skaldinghold",
        "category": "settlement",
        "dataset": "norsca",
        "in_gazetteer": false,
        "type": null,
        "region": "Norsca",
        "province": null,
        "estate": null,
        "population": 259,
        "population_estimated": true,
        "size_category": 1,
        "trade": null,
        "source": null,
        "tags": [],
        "notes": [],
        "history": {
          "province_2512": null,
          "province_2276": null,
          "ruler_2515": null,
          "ruler_2512": null,
          "ruler_2276": null
        },
        "wiki": {
          "title": null,
          "url": null,
          "description": null,
          "image": null
        },
        "svg_layer": "Norsca"
      }
    },
    {
      "type": "Feature",
      "id": "copy_text_14793",
      "geometry": {
        "type": "Point",
        "coordinates": [
          3.939769,
          61.547448
        ]
      },
      "properties": {
        "id": "copy_text_14793",
        "name": "Tillbearga",
        "category": "settlement",
        "dataset": "norsca",
        "in_gazetteer": false,
        "type": null,
        "region": "Norsca",
        "province": null,
        "estate": null,
        "population": 321,
        "population_estimated": true,
        "size_category": 2,
        "trade": null,
        "source": null,
        "tags": [],
        "notes": [],
        "history": {
          "province_2512": null,
          "province_2276": null,
          "ruler_2515": null,
          "ruler_2512": null,
          "ruler_2276": null
        },
        "wiki": {
          "title": null,
          "url": null,
          "description": null,
          "image": null
        },
        "svg_layer": "Norsca"
      }
    },
    {
      "type": "Feature",
      "id": "copy_text_14794",
      "geometry": {
        "type": "Point",
        "coordinates": [
          2.445705,
          61.361235
        ]
      },
      "properties": {
        "id": "copy_text_14794",
        "name": "Fjordende",
        "category": "settlement",
        "dataset": "norsca",
        "in_gazetteer": false,
        "type": null,
        "region": "Norsca",
        "province": null,
        "estate": null,
        "population": 237,
        "population_estimated": true,
        "size_category": 1,
        "trade": null,
        "source": null,
        "tags": [],
        "notes": [],
        "history": {
          "province_2512": null,
          "province_2276": null,
          "ruler_2515": null,
          "ruler_2512": null,
          "ruler_2276": null
        },
        "wiki": {
          "title": null,
          "url": null,
          "description": null,
          "image": null
        },
        "svg_layer": "Norsca"
      }
    },
    {
      "type": "Feature",
      "id": "copy_text_14795",
      "geometry": {
        "type": "Point",
        "coordinates": [
          2.151846,
          61.314748
        ]
      },
      "properties": {
        "id": "copy_text_14795",
        "name": "Stromstaad",
        "category": "settlement",
        "dataset": "norsca",
        "in_gazetteer": false,
        "type": null,
        "region": "Norsca",
        "province": null,
        "estate": null,
        "population": 152,
        "population_estimated": true,
        "size_category": 1,
        "trade": null,
        "source": null,
        "tags": [],
        "notes": [],
        "history": {
          "province_2512": null,
          "province_2276": null,
          "ruler_2515": null,
          "ruler_2512": null,
          "ruler_2276": null
        },
        "wiki": {
          "title": null,
          "url": null,
          "description": null,
          "image": null
        },
        "svg_layer": "Norsca"
      }
    },
    {
      "type": "Feature",
      "id": "copy_text_14796",
      "geometry": {
        "type": "Point",
        "coordinates": [
          3.67919,
          61.72773
        ]
      },
      "properties": {
        "id": "copy_text_14796",
        "name": "Jegergrop",
        "category": "settlement",
        "dataset": "norsca",
        "in_gazetteer": false,
        "type": null,
        "region": "Norsca",
        "province": null,
        "estate": null,
        "population": 85,
        "population_estimated": true,
        "size_category": 1,
        "trade": null,
        "source": null,
        "tags": [],
        "notes": [],
        "history": {
          "province_2512": null,
          "province_2276": null,
          "ruler_2515": null,
          "ruler_2512": null,
          "ruler_2276": null
        },
        "wiki": {
          "title": null,
          "url": null,
          "description": null,
          "image": null
        },
        "svg_layer": "Norsca"
      }
    },
    {
      "type": "Feature",
      "id": "copy_text_14797",
      "geometry": {
        "type": "Point",
        "coordinates": [
          1.756595,
          61.865074
        ]
      },
      "properties": {
        "id": "copy_text_14797",
        "name": "Feijgard",
        "category": "settlement",
        "dataset": "norsca",
        "in_gazetteer": false,
        "type": null,
        "region": "Norsca",
        "province": null,
        "estate": null,
        "population": 498,
        "population_estimated": true,
        "size_category": 2,
        "trade": null,
        "source": null,
        "tags": [],
        "notes": [],
        "history": {
          "province_2512": null,
          "province_2276": null,
          "ruler_2515": null,
          "ruler_2512": null,
          "ruler_2276": null
        },
        "wiki": {
          "title": null,
          "url": null,
          "description": null,
          "image": null
        },
        "svg_layer": "Norsca"
      }
    },
    {
      "type": "Feature",
      "id": "copy_text_14798",
      "geometry": {
        "type": "Point",
        "coordinates": [
          1.039339,
          62.264372
        ]
      },
      "properties": {
        "id": "copy_text_14798",
        "name": "Suderholm",
        "category": "settlement",
        "dataset": "norsca",
        "in_gazetteer": true,
        "type": null,
        "region": "Norsca",
        "province": null,
        "estate": null,
        "population": 3188,
        "population_estimated": false,
        "size_category": 4,
        "trade": null,
        "source": "Warhammer: The Old World",
        "tags": [],
        "notes": [],
        "history": {
          "province_2512": null,
          "province_2276": null,
          "ruler_2515": null,
          "ruler_2512": null,
          "ruler_2276": null
        },
        "wiki": {
          "title": null,
          "url": "https://warhammerfantasy.fandom.com/wiki/Suderholm",
          "description": null,
          "image": null
        },
        "svg_layer": "Norsca"
      }
    },
    {
      "type": "Feature",
      "id": "copy_text_14799",
      "geometry": {
        "type": "Point",
        "coordinates": [
          0.3659,
          61.920344
        ]
      },
      "properties": {
        "id": "copy_text_14799",
        "name": "Ormskaro",
        "category": "settlement",
        "dataset": "norsca",
        "in_gazetteer": true,
        "type": null,
        "region": "Norsca",
        "province": null,
        "estate": null,
        "population": 2812,
        "population_estimated": false,
        "size_category": 3,
        "trade": null,
        "source": "Wulfrik (Novel) by C.L. Werner",
        "tags": [],
        "notes": [],
        "history": {
          "province_2512": null,
          "province_2276": null,
          "ruler_2515": null,
          "ruler_2512": null,
          "ruler_2276": null
        },
        "wiki": {
          "title": null,
          "url": "https://warhammerfantasy.fandom.com/wiki/Ormskaro",
          "description": null,
          "image": null
        },
        "svg_layer": "Norsca"
      }
    },
    {
      "type": "Feature",
      "id": "copy_text_14800",
      "geometry": {
        "type": "Point",
        "coordinates": [
          0.68967,
          61.262006
        ]
      },
      "properties": {
        "id": "copy_text_14800",
        "name": "Ulfennik",
        "category": "settlement",
        "dataset": "norsca",
        "in_gazetteer": true,
        "type": null,
        "region": "Norsca",
        "province": null,
        "estate": null,
        "population": 239,
        "population_estimated": false,
        "size_category": 1,
        "trade": null,
        "source": "Warhammer Rulebook (8th Edition)",
        "tags": [],
        "notes": [],
        "history": {
          "province_2512": null,
          "province_2276": null,
          "ruler_2515": null,
          "ruler_2512": null,
          "ruler_2276": null
        },
        "wiki": {
          "title": null,
          "url": "https://warhammerfantasy.fandom.com/wiki/Ulfennik",
          "description": null,
          "image": null
        },
        "svg_layer": "Norsca"
      }
    },
    {
      "type": "Feature",
      "id": "copy_text_14801",
      "geometry": {
        "type": "Point",
        "coordinates": [
          -0.812049,
          60.528767
        ]
      },
      "properties": {
        "id": "copy_text_14801",
        "name": "Birka",
        "category": "settlement",
        "dataset": "norsca",
        "in_gazetteer": true,
        "type": null,
        "region": "Norsca",
        "province": null,
        "estate": null,
        "population": 432,
        "population_estimated": false,
        "size_category": 2,
        "trade": null,
        "source": "Warhammer: The Old World",
        "tags": [],
        "notes": [],
        "history": {
          "province_2512": null,
          "province_2276": null,
          "ruler_2515": null,
          "ruler_2512": null,
          "ruler_2276": null
        },
        "wiki": {
          "title": null,
          "url": null,
          "description": null,
          "image": null
        },
        "svg_layer": "Norsca"
      }
    },
    {
      "type": "Feature",
      "id": "copy_text_14802",
      "geometry": {
        "type": "Point",
        "coordinates": [
          -1.12916,
          60.33899
        ]
      },
      "properties": {
        "id": "copy_text_14802",
        "name": "Longship Graveyard",
        "category": "settlement",
        "dataset": "norsca",
        "in_gazetteer": true,
        "type": null,
        "region": "Norsca",
        "province": null,
        "estate": null,
        "population": 756,
        "population_estimated": false,
        "size_category": 2,
        "trade": null,
        "source": "Total War: Warhammer",
        "tags": [],
        "notes": [],
        "history": {
          "province_2512": null,
          "province_2276": null,
          "ruler_2515": null,
          "ruler_2512": null,
          "ruler_2276": null
        },
        "wiki": {
          "title": null,
          "url": null,
          "description": null,
          "image": null
        },
        "svg_layer": "Norsca"
      }
    },
    {
      "type": "Feature",
      "id": "copy_text_14803",
      "geometry": {
        "type": "Point",
        "coordinates": [
          -2.25126,
          59.652278
        ]
      },
      "properties": {
        "id": "copy_text_14803",
        "name": "Ulfsland",
        "category": "settlement",
        "dataset": "norsca",
        "in_gazetteer": true,
        "type": null,
        "region": "Norsca",
        "province": null,
        "estate": null,
        "population": 328,
        "population_estimated": false,
        "size_category": 2,
        "trade": null,
        "source": "Warhammer: The Old World",
        "tags": [],
        "notes": [],
        "history": {
          "province_2512": null,
          "province_2276": null,
          "ruler_2515": null,
          "ruler_2512": null,
          "ruler_2276": null
        },
        "wiki": {
          "title": null,
          "url": null,
          "description": null,
          "image": null
        },
        "svg_layer": "Norsca"
      }
    },
    {
      "type": "Feature",
      "id": "copy_text_14804",
      "geometry": {
        "type": "Point",
        "coordinates": [
          -2.052832,
          59.565892
        ]
      },
      "properties": {
        "id": "copy_text_14804",
        "name": "Ulfstaad",
        "category": "settlement",
        "dataset": "norsca",
        "in_gazetteer": false,
        "type": null,
        "region": "Norsca",
        "province": null,
        "estate": null,
        "population": 185,
        "population_estimated": true,
        "size_category": 1,
        "trade": null,
        "source": null,
        "tags": [],
        "notes": [],
        "history": {
          "province_2512": null,
          "province_2276": null,
          "ruler_2515": null,
          "ruler_2512": null,
          "ruler_2276": null
        },
        "wiki": {
          "title": null,
          "url": null,
          "description": null,
          "image": null
        },
        "svg_layer": "Norsca"
      }
    },
    {
      "type": "Feature",
      "id": "copy_text_14805",
      "geometry": {
        "type": "Point",
        "coordinates": [
          -2.740133,
          60.050182
        ]
      },
      "properties": {
        "id": "copy_text_14805",
        "name": "Aarvik",
        "category": "settlement",
        "dataset": "norsca",
        "in_gazetteer": true,
        "type": null,
        "region": "Norsca",
        "province": null,
        "estate": null,
        "population": 812,
        "population_estimated": false,
        "size_category": 2,
        "trade": null,
        "source": "Warhammer: The Old World",
        "tags": [],
        "notes": [],
        "history": {
          "province_2512": null,
          "province_2276": null,
          "ruler_2515": null,
          "ruler_2512": null,
          "ruler_2276": null
        },
        "wiki": {
          "title": null,
          "url": null,
          "description": null,
          "image": null
        },
        "svg_layer": "Norsca"
      }
    },
    {
      "type": "Feature",
      "id": "copy_text_14806",
      "geometry": {
        "type": "Point",
        "coordinates": [
          -1.702417,
          60.314611
        ]
      },
      "properties": {
        "id": "copy_text_14806",
        "name": "Skorlm",
        "category": "settlement",
        "dataset": "norsca",
        "in_gazetteer": false,
        "type": null,
        "region": "Norsca",
        "province": null,
        "estate": null,
        "population": 281,
        "population_estimated": true,
        "size_category": 1,
        "trade": null,
        "source": null,
        "tags": [],
        "notes": [],
        "history": {
          "province_2512": null,
          "province_2276": null,
          "ruler_2515": null,
          "ruler_2512": null,
          "ruler_2276": null
        },
        "wiki": {
          "title": null,
          "url": null,
          "description": null,
          "image": null
        },
        "svg_layer": "Norsca"
      }
    },
    {
      "type": "Feature",
      "id": "copy_text_14807",
      "geometry": {
        "type": "Point",
        "coordinates": [
          -2.293997,
          60.209736
        ]
      },
      "properties": {
        "id": "copy_text_14807",
        "name": "Slangothold",
        "category": "settlement",
        "dataset": "norsca",
        "in_gazetteer": false,
        "type": null,
        "region": "Norsca",
        "province": null,
        "estate": null,
        "population": 285,
        "population_estimated": true,
        "size_category": 1,
        "trade": null,
        "source": null,
        "tags": [],
        "notes": [],
        "history": {
          "province_2512": null,
          "province_2276": null,
          "ruler_2515": null,
          "ruler_2512": null,
          "ruler_2276": null
        },
        "wiki": {
          "title": null,
          "url": null,
          "description": null,
          "image": null
        },
        "svg_layer": "Norsca"
      }
    },
    {
      "type": "Feature",
      "id": "copy_text_14808",
      "geometry": {
        "type": "Point",
        "coordinates": [
          -4.054061,
          59.804768
        ]
      },
      "properties": {
        "id": "copy_text_14808",
        "name": "Turui",
        "category": "settlement",
        "dataset": "norsca",
        "in_gazetteer": true,
        "type": null,
        "region": "Norsca",
        "province": null,
        "estate": null,
        "population": 432,
        "population_estimated": false,
        "size_category": 2,
        "trade": null,
        "source": "Warhammer: The Old World",
        "tags": [],
        "notes": [],
        "history": {
          "province_2512": null,
          "province_2276": null,
          "ruler_2515": null,
          "ruler_2512": null,
          "ruler_2276": null
        },
        "wiki": {
          "title": null,
          "url": null,
          "description": null,
          "image": null
        },
        "svg_layer": "Norsca"
      }
    },
    {
      "type": "Feature",
      "id": "copy_text_14809",
      "geometry": {
        "type": "Point",
        "coordinates": [
          -2.558905,
          60.025621
        ]
      },
      "properties": {
        "id": "copy_text_14809",
        "name": "Oseberg",
        "category": "settlement",
        "dataset": "norsca",
        "in_gazetteer": false,
        "type": null,
        "region": "Norsca",
        "province": null,
        "estate": null,
        "population": 143,
        "population_estimated": true,
        "size_category": 1,
        "trade": null,
        "source": null,
        "tags": [],
        "notes": [],
        "history": {
          "province_2512": null,
          "province_2276": null,
          "ruler_2515": null,
          "ruler_2512": null,
          "ruler_2276": null
        },
        "wiki": {
          "title": null,
          "url": null,
          "description": null,
          "image": null
        },
        "svg_layer": "Norsca"
      }
    },
    {
      "type": "Feature",
      "id": "copy_text_14810",
      "geometry": {
        "type": "Point",
        "coordinates": [
          -5.630604,
          59.726386
        ]
      },
      "properties": {
        "id": "copy_text_14810",
        "name": "Thorkavik",
        "category": "settlement",
        "dataset": "norsca",
        "in_gazetteer": false,
        "type": null,
        "region": "Norsca",
        "province": null,
        "estate": null,
        "population": 167,
        "population_estimated": true,
        "size_category": 1,
        "trade": null,
        "source": null,
        "tags": [],
        "notes": [],
        "history": {
          "province_2512": null,
          "province_2276": null,
          "ruler_2515": null,
          "ruler_2512": null,
          "ruler_2276": null
        },
        "wiki": {
          "title": null,
          "url": null,
          "description": null,
          "image": null
        },
        "svg_layer": "Norsca"
      }
    },
    {
      "type": "Feature",
      "id": "copy_text_14811",
      "geometry": {
        "type": "Point",
        "coordinates": [
          -7.097303,
          61.284538
        ]
      },
      "properties": {
        "id": "copy_text_14811",
        "name": "Olricstaad",
        "category": "settlement",
        "dataset": "norsca",
        "in_gazetteer": true,
        "type": null,
        "region": "Norsca",
        "province": null,
        "estate": null,
        "population": 1734,
        "population_estimated": false,
        "size_category": 3,
        "trade": null,
        "source": "Warhammer: The Old World",
        "tags": [],
        "notes": [],
        "history": {
          "province_2512": null,
          "province_2276": null,
          "ruler_2515": null,
          "ruler_2512": null,
          "ruler_2276": null
        },
        "wiki": {
          "title": null,
          "url": null,
          "description": null,
          "image": null
        },
        "svg_layer": "Norsca"
      }
    },
    {
      "type": "Feature",
      "id": "copy_text_14812",
      "geometry": {
        "type": "Point",
        "coordinates": [
          -6.788385,
          59.923327
        ]
      },
      "properties": {
        "id": "copy_text_14812",
        "name": "Strovengaard",
        "category": "settlement",
        "dataset": "norsca",
        "in_gazetteer": false,
        "type": null,
        "region": "Norsca",
        "province": null,
        "estate": null,
        "population": 68,
        "population_estimated": true,
        "size_category": 1,
        "trade": null,
        "source": null,
        "tags": [],
        "notes": [],
        "history": {
          "province_2512": null,
          "province_2276": null,
          "ruler_2515": null,
          "ruler_2512": null,
          "ruler_2276": null
        },
        "wiki": {
          "title": null,
          "url": null,
          "description": null,
          "image": null
        },
        "svg_layer": "Norsca"
      }
    },
    {
      "type": "Feature",
      "id": "copy_text_14813",
      "geometry": {
        "type": "Point",
        "coordinates": [
          -7.482596,
          59.422281
        ]
      },
      "properties": {
        "id": "copy_text_14813",
        "name": "Kaugang",
        "category": "settlement",
        "dataset": "norsca",
        "in_gazetteer": false,
        "type": null,
        "region": "Norsca",
        "province": null,
        "estate": null,
        "population": 117,
        "population_estimated": true,
        "size_category": 1,
        "trade": null,
        "source": null,
        "tags": [],
        "notes": [],
        "history": {
          "province_2512": null,
          "province_2276": null,
          "ruler_2515": null,
          "ruler_2512": null,
          "ruler_2276": null
        },
        "wiki": {
          "title": null,
          "url": null,
          "description": null,
          "image": null
        },
        "svg_layer": "Norsca"
      }
    },
    {
      "type": "Feature",
      "id": "copy_text_14814",
      "geometry": {
        "type": "Point",
        "coordinates": [
          -8.083215,
          59.729565
        ]
      },
      "properties": {
        "id": "copy_text_14814",
        "name": "Hinriksen",
        "category": "settlement",
        "dataset": "norsca",
        "in_gazetteer": false,
        "type": null,
        "region": "Norsca",
        "province": null,
        "estate": null,
        "population": 149,
        "population_estimated": true,
        "size_category": 1,
        "trade": null,
        "source": null,
        "tags": [],
        "notes": [],
        "history": {
          "province_2512": null,
          "province_2276": null,
          "ruler_2515": null,
          "ruler_2512": null,
          "ruler_2276": null
        },
        "wiki": {
          "title": null,
          "url": null,
          "description": null,
          "image": null
        },
        "svg_layer": "Norsca"
      }
    },
    {
      "type": "Feature",
      "id": "copy_text_14815",
      "geometry": {
        "type": "Point",
        "coordinates": [
          -8.99366,
          60.021962
        ]
      },
      "properties": {
        "id": "copy_text_14815",
        "name": "Stavgard",
        "category": "settlement",
        "dataset": "norsca",
        "in_gazetteer": false,
        "type": null,
        "region": "Norsca",
        "province": null,
        "estate": null,
        "population": 93,
        "population_estimated": true,
        "size_category": 1,
        "trade": null,
        "source": null,
        "tags": [],
        "notes": [],
        "history": {
          "province_2512": null,
          "province_2276": null,
          "ruler_2515": null,
          "ruler_2512": null,
          "ruler_2276": null
        },
        "wiki": {
          "title": null,
          "url": null,
          "description": null,
          "image": null
        },
        "svg_layer": "Norsca"
      }
    },
    {
      "type": "Feature",
      "id": "copy_text_14816",
      "geometry": {
        "type": "Point",
        "coordinates": [
          -7.490181,
          59.577462
        ]
      },
      "properties": {
        "id": "copy_text_14816",
        "name": "Bragnir",
        "category": "settlement",
        "dataset": "norsca",
        "in_gazetteer": true,
        "type": null,
        "region": "Norsca",
        "province": null,
        "estate": null,
        "population": 216,
        "population_estimated": false,
        "size_category": 1,
        "trade": null,
        "source": "Warhammer: The Old World",
        "tags": [],
        "notes": [],
        "history": {
          "province_2512": null,
          "province_2276": null,
          "ruler_2515": null,
          "ruler_2512": null,
          "ruler_2276": null
        },
        "wiki": {
          "title": null,
          "url": null,
          "description": null,
          "image": null
        },
        "svg_layer": "Norsca"
      }
    },
    {
      "type": "Feature",
      "id": "copy_text_14817",
      "geometry": {
        "type": "Point",
        "coordinates": [
          -6.518766,
          59.573455
        ]
      },
      "properties": {
        "id": "copy_text_14817",
        "name": "Kleitborg",
        "category": "settlement",
        "dataset": "norsca",
        "in_gazetteer": false,
        "type": null,
        "region": "Norsca",
        "province": null,
        "estate": null,
        "population": 179,
        "population_estimated": true,
        "size_category": 1,
        "trade": null,
        "source": null,
        "tags": [],
        "notes": [],
        "history": {
          "province_2512": null,
          "province_2276": null,
          "ruler_2515": null,
          "ruler_2512": null,
          "ruler_2276": null
        },
        "wiki": {
          "title": null,
          "url": null,
          "description": null,
          "image": null
        },
        "svg_layer": "Norsca"
      }
    },
    {
      "type": "Feature",
      "id": "copy_text_14818",
      "geometry": {
        "type": "Point",
        "coordinates": [
          -6.328455,
          59.629093
        ]
      },
      "properties": {
        "id": "copy_text_14818",
        "name": "Trassel",
        "category": "settlement",
        "dataset": "norsca",
        "in_gazetteer": true,
        "type": null,
        "region": "Norsca",
        "province": null,
        "estate": null,
        "population": 377,
        "population_estimated": false,
        "size_category": 2,
        "trade": null,
        "source": "Warhammer: The Old World",
        "tags": [],
        "notes": [],
        "history": {
          "province_2512": null,
          "province_2276": null,
          "ruler_2515": null,
          "ruler_2512": null,
          "ruler_2276": null
        },
        "wiki": {
          "title": null,
          "url": null,
          "description": null,
          "image": null
        },
        "svg_layer": "Norsca"
      }
    },
    {
      "type": "Feature",
      "id": "copy_text_14819",
      "geometry": {
        "type": "Point",
        "coordinates": [
          -11.158045,
          60.218884
        ]
      },
      "properties": {
        "id": "copy_text_14819",
        "name": "Iskvard",
        "category": "settlement",
        "dataset": "norsca",
        "in_gazetteer": true,
        "type": null,
        "region": "Norsca",
        "province": null,
        "estate": null,
        "population": 541,
        "population_estimated": false,
        "size_category": 2,
        "trade": null,
        "source": "Warhammer: The Old World",
        "tags": [],
        "notes": [],
        "history": {
          "province_2512": null,
          "province_2276": null,
          "ruler_2515": null,
          "ruler_2512": null,
          "ruler_2276": null
        },
        "wiki": {
          "title": null,
          "url": "https://warhammerfantasy.fandom.com/wiki/Iskvard",
          "description": null,
          "image": null
        },
        "svg_layer": "Norsca"
      }
    },
    {
      "type": "Feature",
      "id": "copy_text_14820",
      "geometry": {
        "type": "Point",
        "coordinates": [
          -11.324186,
          61.390967
        ]
      },
      "properties": {
        "id": "copy_text_14820",
        "name": "Frost",
        "category": "settlement",
        "dataset": "norsca",
        "in_gazetteer": false,
        "type": null,
        "region": "Norsca",
        "province": null,
        "estate": null,
        "population": 93,
        "population_estimated": true,
        "size_category": 1,
        "trade": null,
        "source": null,
        "tags": [],
        "notes": [],
        "history": {
          "province_2512": null,
          "province_2276": null,
          "ruler_2515": null,
          "ruler_2512": null,
          "ruler_2276": null
        },
        "wiki": {
          "title": null,
          "url": null,
          "description": null,
          "image": null
        },
        "svg_layer": "Norsca"
      }
    },
    {
      "type": "Feature",
      "id": "copy_text_14821",
      "geometry": {
        "type": "Point",
        "coordinates": [
          -11.472066,
          60.766701
        ]
      },
      "properties": {
        "id": "copy_text_14821",
        "name": "Heimseter",
        "category": "settlement",
        "dataset": "norsca",
        "in_gazetteer": true,
        "type": null,
        "region": "Norsca",
        "province": null,
        "estate": null,
        "population": 933,
        "population_estimated": false,
        "size_category": 3,
        "trade": null,
        "source": "Warhammer: The Old World",
        "tags": [],
        "notes": [],
        "history": {
          "province_2512": null,
          "province_2276": null,
          "ruler_2515": null,
          "ruler_2512": null,
          "ruler_2276": null
        },
        "wiki": {
          "title": null,
          "url": null,
          "description": null,
          "image": null
        },
        "svg_layer": "Norsca"
      }
    },
    {
      "type": "Feature",
      "id": "copy_text_14822",
      "geometry": {
        "type": "Point",
        "coordinates": [
          -8.03167,
          60.596897
        ]
      },
      "properties": {
        "id": "copy_text_14822",
        "name": "Skjold",
        "category": "settlement",
        "dataset": "norsca",
        "in_gazetteer": true,
        "type": null,
        "region": "Norsca",
        "province": null,
        "estate": null,
        "population": 5712,
        "population_estimated": false,
        "size_category": 4,
        "trade": null,
        "source": "Warhammer Fantasy Roleplay 4e: Sea of Claws",
        "tags": [],
        "notes": [],
        "history": {
          "province_2512": null,
          "province_2276": null,
          "ruler_2515": null,
          "ruler_2512": null,
          "ruler_2276": null
        },
        "wiki": {
          "title": null,
          "url": "https://warhammerfantasy.fandom.com/wiki/Skjold",
          "description": null,
          "image": null
        },
        "svg_layer": "Norsca"
      }
    },
    {
      "type": "Feature",
      "id": "copy_text_14823",
      "geometry": {
        "type": "Point",
        "coordinates": [
          -2.263566,
          60.384797
        ]
      },
      "properties": {
        "id": "copy_text_14823",
        "name": "Kirkjugarður Langskipa",
        "category": "settlement",
        "dataset": "norsca",
        "in_gazetteer": true,
        "type": null,
        "region": "Norsca",
        "province": null,
        "estate": null,
        "population": 3419,
        "population_estimated": false,
        "size_category": 4,
        "trade": null,
        "source": "Warhammer Fantasy Roleplay 4e: Sea of Claws",
        "tags": [],
        "notes": [],
        "history": {
          "province_2512": null,
          "province_2276": null,
          "ruler_2515": null,
          "ruler_2512": null,
          "ruler_2276": null
        },
        "wiki": {
          "title": null,
          "url": "https://whfb.lexicanum.com/wiki/Kirkjugar%C3%B0ur_Langskipa",
          "description": null,
          "image": null
        },
        "svg_layer": "Norsca"
      }
    },
    {
      "type": "Feature",
      "id": "copy_text_14824",
      "geometry": {
        "type": "Point",
        "coordinates": [
          -12.252438,
          63.193163
        ]
      },
      "properties": {
        "id": "copy_text_14824",
        "name": "Steinvalk",
        "category": "settlement",
        "dataset": "norsca",
        "in_gazetteer": true,
        "type": null,
        "region": "Norsca",
        "province": null,
        "estate": null,
        "population": 355,
        "population_estimated": false,
        "size_category": 2,
        "trade": null,
        "source": "Warhammer: The Old World",
        "tags": [],
        "notes": [],
        "history": {
          "province_2512": null,
          "province_2276": null,
          "ruler_2515": null,
          "ruler_2512": null,
          "ruler_2276": null
        },
        "wiki": {
          "title": null,
          "url": null,
          "description": null,
          "image": null
        },
        "svg_layer": "Norsca"
      }
    },
    {
      "type": "Feature",
      "id": "copy_text_14825",
      "geometry": {
        "type": "Point",
        "coordinates": [
          -10.84435,
          63.466622
        ]
      },
      "properties": {
        "id": "copy_text_14825",
        "name": "Bjarkoy",
        "category": "settlement",
        "dataset": "norsca",
        "in_gazetteer": true,
        "type": null,
        "region": "Norsca",
        "province": null,
        "estate": null,
        "population": 438,
        "population_estimated": false,
        "size_category": 2,
        "trade": null,
        "source": "Warhammer: The Old World",
        "tags": [],
        "notes": [],
        "history": {
          "province_2512": null,
          "province_2276": null,
          "ruler_2515": null,
          "ruler_2512": null,
          "ruler_2276": null
        },
        "wiki": {
          "title": null,
          "url": null,
          "description": null,
          "image": null
        },
        "svg_layer": "Norsca"
      }
    },
    {
      "type": "Feature",
      "id": "copy_text_14826",
      "geometry": {
        "type": "Point",
        "coordinates": [
          -10.820288,
          64.064139
        ]
      },
      "properties": {
        "id": "copy_text_14826",
        "name": "Finnsvik",
        "category": "settlement",
        "dataset": "norsca",
        "in_gazetteer": true,
        "type": null,
        "region": "Norsca",
        "province": null,
        "estate": null,
        "population": 617,
        "population_estimated": false,
        "size_category": 2,
        "trade": null,
        "source": "Warhammer: The Old World",
        "tags": [],
        "notes": [],
        "history": {
          "province_2512": null,
          "province_2276": null,
          "ruler_2515": null,
          "ruler_2512": null,
          "ruler_2276": null
        },
        "wiki": {
          "title": null,
          "url": null,
          "description": null,
          "image": null
        },
        "svg_layer": "Norsca"
      }
    },
    {
      "type": "Feature",
      "id": "copy_text_14827",
      "geometry": {
        "type": "Point",
        "coordinates": [
          -3.799892,
          66.245103
        ]
      },
      "properties": {
        "id": "copy_text_14827",
        "name": "Novgoborg",
        "category": "settlement",
        "dataset": "norsca",
        "in_gazetteer": true,
        "type": null,
        "region": "Norsca",
        "province": null,
        "estate": null,
        "population": 317,
        "population_estimated": false,
        "size_category": 2,
        "trade": null,
        "source": "Warhammer: The Old World",
        "tags": [],
        "notes": [],
        "history": {
          "province_2512": null,
          "province_2276": null,
          "ruler_2515": null,
          "ruler_2512": null,
          "ruler_2276": null
        },
        "wiki": {
          "title": null,
          "url": null,
          "description": null,
          "image": null
        },
        "svg_layer": "Norsca"
      }
    },
    {
      "type": "Feature",
      "id": "copy_text_14828",
      "geometry": {
        "type": "Point",
        "coordinates": [
          -3.799893,
          65.173818
        ]
      },
      "properties": {
        "id": "copy_text_14828",
        "name": "Cardariborg",
        "category": "settlement",
        "dataset": "norsca",
        "in_gazetteer": true,
        "type": null,
        "region": "Norsca",
        "province": null,
        "estate": null,
        "population": 349,
        "population_estimated": false,
        "size_category": 2,
        "trade": null,
        "source": "Warhammer: The Old World",
        "tags": [],
        "notes": [],
        "history": {
          "province_2512": null,
          "province_2276": null,
          "ruler_2515": null,
          "ruler_2512": null,
          "ruler_2276": null
        },
        "wiki": {
          "title": null,
          "url": null,
          "description": null,
          "image": null
        },
        "svg_layer": "Norsca"
      }
    },
    {
      "type": "Feature",
      "id": "copy_text_14829",
      "geometry": {
        "type": "Point",
        "coordinates": [
          -0.617997,
          66.631239
        ]
      },
      "properties": {
        "id": "copy_text_14829",
        "name": "Aldeigborg",
        "category": "settlement",
        "dataset": "norsca",
        "in_gazetteer": true,
        "type": null,
        "region": "Norsca",
        "province": null,
        "estate": null,
        "population": 439,
        "population_estimated": false,
        "size_category": 2,
        "trade": null,
        "source": "Warhammer: The Old World",
        "tags": [],
        "notes": [],
        "history": {
          "province_2512": null,
          "province_2276": null,
          "ruler_2515": null,
          "ruler_2512": null,
          "ruler_2276": null
        },
        "wiki": {
          "title": null,
          "url": null,
          "description": null,
          "image": null
        },
        "svg_layer": "Norsca"
      }
    },
    {
      "type": "Feature",
      "id": "copy_text_14832",
      "geometry": {
        "type": "Point",
        "coordinates": [
          7.354151,
          66.094795
        ]
      },
      "properties": {
        "id": "copy_text_14832",
        "name": "Morkestaad",
        "category": "settlement",
        "dataset": "norsca",
        "in_gazetteer": true,
        "type": null,
        "region": "Norsca",
        "province": null,
        "estate": null,
        "population": 781,
        "population_estimated": false,
        "size_category": 2,
        "trade": null,
        "source": "Warhammer: The Old World",
        "tags": [],
        "notes": [],
        "history": {
          "province_2512": null,
          "province_2276": null,
          "ruler_2515": null,
          "ruler_2512": null,
          "ruler_2276": null
        },
        "wiki": {
          "title": null,
          "url": null,
          "description": null,
          "image": null
        },
        "svg_layer": "Norsca"
      }
    },
    {
      "type": "Feature",
      "id": "copy_text_14833",
      "geometry": {
        "type": "Point",
        "coordinates": [
          6.729326,
          66.405871
        ]
      },
      "properties": {
        "id": "copy_text_14833",
        "name": "Rugard",
        "category": "settlement",
        "dataset": "norsca",
        "in_gazetteer": true,
        "type": null,
        "region": "Norsca",
        "province": null,
        "estate": null,
        "population": 381,
        "population_estimated": false,
        "size_category": 2,
        "trade": null,
        "source": "Warhammer: The Old World",
        "tags": [],
        "notes": [],
        "history": {
          "province_2512": null,
          "province_2276": null,
          "ruler_2515": null,
          "ruler_2512": null,
          "ruler_2276": null
        },
        "wiki": {
          "title": null,
          "url": null,
          "description": null,
          "image": null
        },
        "svg_layer": "Norsca"
      }
    },
    {
      "type": "Feature",
      "id": "copy_text_14834",
      "geometry": {
        "type": "Point",
        "coordinates": [
          6.238728,
          64.656658
        ]
      },
      "properties": {
        "id": "copy_text_14834",
        "name": "Svartblodgard",
        "category": "settlement",
        "dataset": "norsca",
        "in_gazetteer": true,
        "type": null,
        "region": "Norsca",
        "province": null,
        "estate": null,
        "population": 771,
        "population_estimated": false,
        "size_category": 2,
        "trade": null,
        "source": "Warhammer: The Old World",
        "tags": [],
        "notes": [],
        "history": {
          "province_2512": null,
          "province_2276": null,
          "ruler_2515": null,
          "ruler_2512": null,
          "ruler_2276": null
        },
        "wiki": {
          "title": null,
          "url": null,
          "description": null,
          "image": null
        },
        "svg_layer": "Norsca"
      }
    },
    {
      "type": "Feature",
      "id": "copy_text_14835",
      "geometry": {
        "type": "Point",
        "coordinates": [
          5.246491,
          64.245077
        ]
      },
      "properties": {
        "id": "copy_text_14835",
        "name": "Black Gulch",
        "category": "settlement",
        "dataset": "norsca",
        "in_gazetteer": false,
        "type": null,
        "region": "Norsca",
        "province": null,
        "estate": null,
        "population": 132,
        "population_estimated": true,
        "size_category": 1,
        "trade": null,
        "source": null,
        "tags": [],
        "notes": [],
        "history": {
          "province_2512": null,
          "province_2276": null,
          "ruler_2515": null,
          "ruler_2512": null,
          "ruler_2276": null
        },
        "wiki": {
          "title": null,
          "url": null,
          "description": null,
          "image": null
        },
        "svg_layer": "Norsca"
      }
    },
    {
      "type": "Feature",
      "id": "copy_text_14839",
      "geometry": {
        "type": "Point",
        "coordinates": [
          4.358223,
          61.678476
        ]
      },
      "properties": {
        "id": "copy_text_14839",
        "name": "Faeringhold",
        "category": "settlement",
        "dataset": "norsca",
        "in_gazetteer": false,
        "type": null,
        "region": "Norsca",
        "province": null,
        "estate": null,
        "population": 441,
        "population_estimated": true,
        "size_category": 2,
        "trade": null,
        "source": null,
        "tags": [],
        "notes": [],
        "history": {
          "province_2512": null,
          "province_2276": null,
          "ruler_2515": null,
          "ruler_2512": null,
          "ruler_2276": null
        },
        "wiki": {
          "title": null,
          "url": null,
          "description": null,
          "image": null
        },
        "svg_layer": "Norsca"
      }
    },
    {
      "type": "Feature",
      "id": "copy_text_14840",
      "geometry": {
        "type": "Point",
        "coordinates": [
          4.82038,
          61.732918
        ]
      },
      "properties": {
        "id": "copy_text_14840",
        "name": "Thorshafn",
        "category": "settlement",
        "dataset": "norsca",
        "in_gazetteer": false,
        "type": null,
        "region": "Norsca",
        "province": null,
        "estate": null,
        "population": 223,
        "population_estimated": true,
        "size_category": 1,
        "trade": null,
        "source": null,
        "tags": [],
        "notes": [],
        "history": {
          "province_2512": null,
          "province_2276": null,
          "ruler_2515": null,
          "ruler_2512": null,
          "ruler_2276": null
        },
        "wiki": {
          "title": null,
          "url": null,
          "description": null,
          "image": null
        },
        "svg_layer": "Norsca"
      }
    },
    {
      "type": "Feature",
      "id": "copy_text_14841",
      "geometry": {
        "type": "Point",
        "coordinates": [
          5.141645,
          61.85119
        ]
      },
      "properties": {
        "id": "copy_text_14841",
        "name": "Einarrstoft",
        "category": "settlement",
        "dataset": "norsca",
        "in_gazetteer": false,
        "type": null,
        "region": "Norsca",
        "province": null,
        "estate": null,
        "population": 285,
        "population_estimated": true,
        "size_category": 1,
        "trade": null,
        "source": null,
        "tags": [],
        "notes": [],
        "history": {
          "province_2512": null,
          "province_2276": null,
          "ruler_2515": null,
          "ruler_2512": null,
          "ruler_2276": null
        },
        "wiki": {
          "title": null,
          "url": null,
          "description": null,
          "image": null
        },
        "svg_layer": "Norsca"
      }
    },
    {
      "type": "Feature",
      "id": "copy_text_14842",
      "geometry": {
        "type": "Point",
        "coordinates": [
          6.266476,
          62.197442
        ]
      },
      "properties": {
        "id": "copy_text_14842",
        "name": "Skraevold",
        "category": "settlement",
        "dataset": "norsca",
        "in_gazetteer": true,
        "type": null,
        "region": "Norsca",
        "province": null,
        "estate": null,
        "population": 541,
        "population_estimated": false,
        "size_category": 2,
        "trade": null,
        "source": "Palace of the Plague Lord (Novel) by C.L. Werner",
        "tags": [],
        "notes": [],
        "history": {
          "province_2512": null,
          "province_2276": null,
          "ruler_2515": null,
          "ruler_2512": null,
          "ruler_2276": null
        },
        "wiki": {
          "title": null,
          "url": "https://warhammerfantasy.fandom.com/wiki/Skraevold",
          "description": null,
          "image": null
        },
        "svg_layer": "Norsca"
      }
    },
    {
      "type": "Feature",
      "id": "copy_text_14843",
      "geometry": {
        "type": "Point",
        "coordinates": [
          13.164554,
          62.937166
        ]
      },
      "properties": {
        "id": "copy_text_14843",
        "name": "Thorlingstaad",
        "category": "settlement",
        "dataset": "norsca",
        "in_gazetteer": false,
        "type": null,
        "region": "Norsca",
        "province": null,
        "estate": null,
        "population": 148,
        "population_estimated": true,
        "size_category": 1,
        "trade": null,
        "source": null,
        "tags": [],
        "notes": [],
        "history": {
          "province_2512": null,
          "province_2276": null,
          "ruler_2515": null,
          "ruler_2512": null,
          "ruler_2276": null
        },
        "wiki": {
          "title": null,
          "url": null,
          "description": null,
          "image": null
        },
        "svg_layer": "Norsca"
      }
    },
    {
      "type": "Feature",
      "id": "copy_text_14844",
      "geometry": {
        "type": "Point",
        "coordinates": [
          13.352384,
          62.709938
        ]
      },
      "properties": {
        "id": "copy_text_14844",
        "name": "Frozen Landing",
        "category": "settlement",
        "dataset": "norsca",
        "in_gazetteer": true,
        "type": null,
        "region": "Norsca",
        "province": null,
        "estate": null,
        "population": 818,
        "population_estimated": false,
        "size_category": 2,
        "trade": null,
        "source": "Total War: Warhammer",
        "tags": [],
        "notes": [],
        "history": {
          "province_2512": null,
          "province_2276": null,
          "ruler_2515": null,
          "ruler_2512": null,
          "ruler_2276": null
        },
        "wiki": {
          "title": null,
          "url": null,
          "description": null,
          "image": null
        },
        "svg_layer": "Norsca"
      }
    },
    {
      "type": "Feature",
      "id": "copy_text_14845",
      "geometry": {
        "type": "Point",
        "coordinates": [
          14.926021,
          61.887155
        ]
      },
      "properties": {
        "id": "copy_text_14845",
        "name": "Baersonling's Camp",
        "category": "settlement",
        "dataset": "norsca",
        "in_gazetteer": true,
        "type": null,
        "region": "Norsca",
        "province": null,
        "estate": null,
        "population": 135,
        "population_estimated": true,
        "size_category": 1,
        "trade": null,
        "source": "Total War: Warhammer",
        "tags": [],
        "notes": [],
        "history": {
          "province_2512": null,
          "province_2276": null,
          "ruler_2515": null,
          "ruler_2512": null,
          "ruler_2276": null
        },
        "wiki": {
          "title": null,
          "url": null,
          "description": null,
          "image": null
        },
        "svg_layer": "Norsca"
      }
    },
    {
      "type": "Feature",
      "id": "copy_text_14847",
      "geometry": {
        "type": "Point",
        "coordinates": [
          14.363711,
          61.022469
        ]
      },
      "properties": {
        "id": "copy_text_14847",
        "name": "Brenneholm",
        "category": "settlement",
        "dataset": "norsca",
        "in_gazetteer": false,
        "type": null,
        "region": "Norsca",
        "province": null,
        "estate": null,
        "population": 329,
        "population_estimated": true,
        "size_category": 2,
        "trade": null,
        "source": null,
        "tags": [],
        "notes": [],
        "history": {
          "province_2512": null,
          "province_2276": null,
          "ruler_2515": null,
          "ruler_2512": null,
          "ruler_2276": null
        },
        "wiki": {
          "title": null,
          "url": null,
          "description": null,
          "image": null
        },
        "svg_layer": "Norsca"
      }
    },
    {
      "type": "Feature",
      "id": "copy_text_14848",
      "geometry": {
        "type": "Point",
        "coordinates": [
          13.211183,
          61.544849
        ]
      },
      "properties": {
        "id": "copy_text_14848",
        "name": "Fjelljeby",
        "category": "settlement",
        "dataset": "norsca",
        "in_gazetteer": false,
        "type": null,
        "region": "Norsca",
        "province": null,
        "estate": null,
        "population": 442,
        "population_estimated": true,
        "size_category": 2,
        "trade": null,
        "source": null,
        "tags": [],
        "notes": [],
        "history": {
          "province_2512": null,
          "province_2276": null,
          "ruler_2515": null,
          "ruler_2512": null,
          "ruler_2276": null
        },
        "wiki": {
          "title": null,
          "url": null,
          "description": null,
          "image": null
        },
        "svg_layer": "Norsca"
      }
    },
    {
      "type": "Feature",
      "id": "copy_text_14849",
      "geometry": {
        "type": "Point",
        "coordinates": [
          11.930686,
          62.536546
        ]
      },
      "properties": {
        "id": "copy_text_14849",
        "name": "Vinteerholm",
        "category": "settlement",
        "dataset": "norsca",
        "in_gazetteer": false,
        "type": null,
        "region": "Norsca",
        "province": null,
        "estate": null,
        "population": 120,
        "population_estimated": true,
        "size_category": 1,
        "trade": null,
        "source": null,
        "tags": [],
        "notes": [],
        "history": {
          "province_2512": null,
          "province_2276": null,
          "ruler_2515": null,
          "ruler_2512": null,
          "ruler_2276": null
        },
        "wiki": {
          "title": null,
          "url": null,
          "description": null,
          "image": null
        },
        "svg_layer": "Norsca"
      }
    },
    {
      "type": "Feature",
      "id": "copy_text_14851",
      "geometry": {
        "type": "Point",
        "coordinates": [
          11.553576,
          62.44511
        ]
      },
      "properties": {
        "id": "copy_text_14851",
        "name": "Skogenberg",
        "category": "settlement",
        "dataset": "norsca",
        "in_gazetteer": false,
        "type": null,
        "region": "Norsca",
        "province": null,
        "estate": null,
        "population": 164,
        "population_estimated": true,
        "size_category": 1,
        "trade": null,
        "source": null,
        "tags": [],
        "notes": [],
        "history": {
          "province_2512": null,
          "province_2276": null,
          "ruler_2515": null,
          "ruler_2512": null,
          "ruler_2276": null
        },
        "wiki": {
          "title": null,
          "url": null,
          "description": null,
          "image": null
        },
        "svg_layer": "Norsca"
      }
    },
    {
      "type": "Feature",
      "id": "copy_text_14852",
      "geometry": {
        "type": "Point",
        "coordinates": [
          -5.468697,
          61.225418
        ]
      },
      "properties": {
        "id": "copy_text_14852",
        "name": "The Hall of Snaegr",
        "category": "settlement",
        "dataset": "norsca",
        "in_gazetteer": true,
        "type": null,
        "region": "Norsca",
        "province": null,
        "estate": null,
        "population": 1145,
        "population_estimated": false,
        "size_category": 3,
        "trade": null,
        "source": "Warhammer: The Old World",
        "tags": [],
        "notes": [],
        "history": {
          "province_2512": null,
          "province_2276": null,
          "ruler_2515": null,
          "ruler_2512": null,
          "ruler_2276": null
        },
        "wiki": {
          "title": null,
          "url": null,
          "description": null,
          "image": null
        },
        "svg_layer": "Norsca"
      }
    },
    {
      "type": "Feature",
      "id": "copy_text_14853",
      "geometry": {
        "type": "Point",
        "coordinates": [
          3.096644,
          61.388694
        ]
      },
      "properties": {
        "id": "copy_text_14853",
        "name": "Nårberg",
        "category": "settlement",
        "dataset": "norsca",
        "in_gazetteer": false,
        "type": null,
        "region": "Norsca",
        "province": null,
        "estate": null,
        "population": 137,
        "population_estimated": true,
        "size_category": 1,
        "trade": null,
        "source": null,
        "tags": [],
        "notes": [],
        "history": {
          "province_2512": null,
          "province_2276": null,
          "ruler_2515": null,
          "ruler_2512": null,
          "ruler_2276": null
        },
        "wiki": {
          "title": null,
          "url": null,
          "description": null,
          "image": null
        },
        "svg_layer": "Norsca"
      }
    },
    {
      "type": "Feature",
      "id": "copy_text_14855",
      "geometry": {
        "type": "Point",
        "coordinates": [
          -11.8327,
          63.174428
        ]
      },
      "properties": {
        "id": "copy_text_14855",
        "name": "Ferjkorn",
        "category": "settlement",
        "dataset": "norsca",
        "in_gazetteer": false,
        "type": null,
        "region": "Norsca",
        "province": null,
        "estate": null,
        "population": 76,
        "population_estimated": true,
        "size_category": 1,
        "trade": null,
        "source": null,
        "tags": [],
        "notes": [],
        "history": {
          "province_2512": null,
          "province_2276": null,
          "ruler_2515": null,
          "ruler_2512": null,
          "ruler_2276": null
        },
        "wiki": {
          "title": null,
          "url": null,
          "description": null,
          "image": null
        },
        "svg_layer": "Norsca"
      }
    },
    {
      "type": "Feature",
      "id": "copy_text_14856",
      "geometry": {
        "type": "Point",
        "coordinates": [
          -13.082649,
          62.15686
        ]
      },
      "properties": {
        "id": "copy_text_14856",
        "name": "Aesgir",
        "category": "settlement",
        "dataset": "norsca",
        "in_gazetteer": false,
        "type": null,
        "region": "Norsca",
        "province": null,
        "estate": null,
        "population": 106,
        "population_estimated": true,
        "size_category": 1,
        "trade": null,
        "source": null,
        "tags": [],
        "notes": [],
        "history": {
          "province_2512": null,
          "province_2276": null,
          "ruler_2515": null,
          "ruler_2512": null,
          "ruler_2276": null
        },
        "wiki": {
          "title": null,
          "url": null,
          "description": null,
          "image": null
        },
        "svg_layer": "Norsca"
      }
    },
    {
      "type": "Feature",
      "id": "copy_text_14857",
      "geometry": {
        "type": "Point",
        "coordinates": [
          -12.783169,
          62.00061
        ]
      },
      "properties": {
        "id": "copy_text_14857",
        "name": "Ravenbjorg",
        "category": "settlement",
        "dataset": "norsca",
        "in_gazetteer": false,
        "type": null,
        "region": "Norsca",
        "province": null,
        "estate": null,
        "population": 97,
        "population_estimated": true,
        "size_category": 1,
        "trade": null,
        "source": null,
        "tags": [],
        "notes": [],
        "history": {
          "province_2512": null,
          "province_2276": null,
          "ruler_2515": null,
          "ruler_2512": null,
          "ruler_2276": null
        },
        "wiki": {
          "title": null,
          "url": null,
          "description": null,
          "image": null
        },
        "svg_layer": "Norsca"
      }
    },
    {
      "type": "Feature",
      "id": "copy_text_14858",
      "geometry": {
        "type": "Point",
        "coordinates": [
          -12.483692,
          62.055298
        ]
      },
      "properties": {
        "id": "copy_text_14858",
        "name": "Vangir",
        "category": "settlement",
        "dataset": "norsca",
        "in_gazetteer": false,
        "type": null,
        "region": "Norsca",
        "province": null,
        "estate": null,
        "population": 225,
        "population_estimated": true,
        "size_category": 1,
        "trade": null,
        "source": null,
        "tags": [],
        "notes": [],
        "history": {
          "province_2512": null,
          "province_2276": null,
          "ruler_2515": null,
          "ruler_2512": null,
          "ruler_2276": null
        },
        "wiki": {
          "title": null,
          "url": null,
          "description": null,
          "image": null
        },
        "svg_layer": "Norsca"
      }
    },
    {
      "type": "Feature",
      "id": "copy_text_14859",
      "geometry": {
        "type": "Point",
        "coordinates": [
          -12.177701,
          61.90686
        ]
      },
      "properties": {
        "id": "copy_text_14859",
        "name": "Vidarheim",
        "category": "settlement",
        "dataset": "norsca",
        "in_gazetteer": false,
        "type": null,
        "region": "Norsca",
        "province": null,
        "estate": null,
        "population": 470,
        "population_estimated": true,
        "size_category": 2,
        "trade": null,
        "source": null,
        "tags": [],
        "notes": [],
        "history": {
          "province_2512": null,
          "province_2276": null,
          "ruler_2515": null,
          "ruler_2512": null,
          "ruler_2276": null
        },
        "wiki": {
          "title": null,
          "url": null,
          "description": null,
          "image": null
        },
        "svg_layer": "Norsca"
      }
    },
    {
      "type": "Feature",
      "id": "copy_text_14860",
      "geometry": {
        "type": "Point",
        "coordinates": [
          -12.210253,
          62.060506
        ]
      },
      "properties": {
        "id": "copy_text_14860",
        "name": "Vatsndale",
        "category": "settlement",
        "dataset": "norsca",
        "in_gazetteer": false,
        "type": null,
        "region": "Norsca",
        "province": null,
        "estate": null,
        "population": 100,
        "population_estimated": true,
        "size_category": 1,
        "trade": null,
        "source": null,
        "tags": [],
        "notes": [],
        "history": {
          "province_2512": null,
          "province_2276": null,
          "ruler_2515": null,
          "ruler_2512": null,
          "ruler_2276": null
        },
        "wiki": {
          "title": null,
          "url": null,
          "description": null,
          "image": null
        },
        "svg_layer": "Norsca"
      }
    },
    {
      "type": "Feature",
      "id": "copy_text_14861",
      "geometry": {
        "type": "Point",
        "coordinates": [
          -11.887987,
          62.167276
        ]
      },
      "properties": {
        "id": "copy_text_14861",
        "name": "Laxardale",
        "category": "settlement",
        "dataset": "norsca",
        "in_gazetteer": false,
        "type": null,
        "region": "Norsca",
        "province": null,
        "estate": null,
        "population": 152,
        "population_estimated": true,
        "size_category": 1,
        "trade": null,
        "source": null,
        "tags": [],
        "notes": [],
        "history": {
          "province_2512": null,
          "province_2276": null,
          "ruler_2515": null,
          "ruler_2512": null,
          "ruler_2276": null
        },
        "wiki": {
          "title": null,
          "url": null,
          "description": null,
          "image": null
        },
        "svg_layer": "Norsca"
      }
    },
    {
      "type": "Feature",
      "id": "copy_text_14862",
      "geometry": {
        "type": "Point",
        "coordinates": [
          -12.981739,
          61.484985
        ]
      },
      "properties": {
        "id": "copy_text_14862",
        "name": "Lade",
        "category": "settlement",
        "dataset": "norsca",
        "in_gazetteer": false,
        "type": null,
        "region": "Norsca",
        "province": null,
        "estate": null,
        "population": 134,
        "population_estimated": true,
        "size_category": 1,
        "trade": null,
        "source": null,
        "tags": [],
        "notes": [],
        "history": {
          "province_2512": null,
          "province_2276": null,
          "ruler_2515": null,
          "ruler_2512": null,
          "ruler_2276": null
        },
        "wiki": {
          "title": null,
          "url": null,
          "description": null,
          "image": null
        },
        "svg_layer": "Norsca"
      }
    },
    {
      "type": "Feature",
      "id": "copy_text_14863",
      "geometry": {
        "type": "Point",
        "coordinates": [
          -11.051615,
          61.06858
        ]
      },
      "properties": {
        "id": "copy_text_14863",
        "name": "Trollbo",
        "category": "settlement",
        "dataset": "norsca",
        "in_gazetteer": false,
        "type": null,
        "region": "Norsca",
        "province": null,
        "estate": null,
        "population": 128,
        "population_estimated": true,
        "size_category": 1,
        "trade": null,
        "source": null,
        "tags": [],
        "notes": [],
        "history": {
          "province_2512": null,
          "province_2276": null,
          "ruler_2515": null,
          "ruler_2512": null,
          "ruler_2276": null
        },
        "wiki": {
          "title": null,
          "url": null,
          "description": null,
          "image": null
        },
        "svg_layer": "Norsca"
      }
    },
    {
      "type": "Feature",
      "id": "copy_text_14864",
      "geometry": {
        "type": "Point",
        "coordinates": [
          -10.465048,
          60.703054
        ]
      },
      "properties": {
        "id": "copy_text_14864",
        "name": "Goslor",
        "category": "settlement",
        "dataset": "norsca",
        "in_gazetteer": false,
        "type": null,
        "region": "Norsca",
        "province": null,
        "estate": null,
        "population": 135,
        "population_estimated": true,
        "size_category": 1,
        "trade": null,
        "source": null,
        "tags": [],
        "notes": [],
        "history": {
          "province_2512": null,
          "province_2276": null,
          "ruler_2515": null,
          "ruler_2512": null,
          "ruler_2276": null
        },
        "wiki": {
          "title": null,
          "url": null,
          "description": null,
          "image": null
        },
        "svg_layer": "Norsca"
      }
    },
    {
      "type": "Feature",
      "id": "copy_text_14865",
      "geometry": {
        "type": "Point",
        "coordinates": [
          -9.477978,
          60.85284
        ]
      },
      "properties": {
        "id": "copy_text_14865",
        "name": "Swerborg-Gottborg",
        "category": "settlement",
        "dataset": "norsca",
        "in_gazetteer": false,
        "type": null,
        "region": "Norsca",
        "province": null,
        "estate": null,
        "population": 131,
        "population_estimated": true,
        "size_category": 1,
        "trade": null,
        "source": null,
        "tags": [],
        "notes": [],
        "history": {
          "province_2512": null,
          "province_2276": null,
          "ruler_2515": null,
          "ruler_2512": null,
          "ruler_2276": null
        },
        "wiki": {
          "title": null,
          "url": null,
          "description": null,
          "image": null
        },
        "svg_layer": "Norsca"
      }
    },
    {
      "type": "Feature",
      "id": "copy_text_14866",
      "geometry": {
        "type": "Point",
        "coordinates": [
          -6.515588,
          59.131109
        ]
      },
      "properties": {
        "id": "copy_text_14866",
        "name": "Varaland",
        "category": "settlement",
        "dataset": "norsca",
        "in_gazetteer": false,
        "type": null,
        "region": "Norsca",
        "province": null,
        "estate": null,
        "population": 174,
        "population_estimated": true,
        "size_category": 1,
        "trade": null,
        "source": null,
        "tags": [],
        "notes": [],
        "history": {
          "province_2512": null,
          "province_2276": null,
          "ruler_2515": null,
          "ruler_2512": null,
          "ruler_2276": null
        },
        "wiki": {
          "title": null,
          "url": null,
          "description": null,
          "image": null
        },
        "svg_layer": "Norsca"
      }
    },
    {
      "type": "Feature",
      "id": "copy_text_14867",
      "geometry": {
        "type": "Point",
        "coordinates": [
          -11.204314,
          60.592279
        ]
      },
      "properties": {
        "id": "copy_text_14867",
        "name": "Aksdal",
        "category": "settlement",
        "dataset": "norsca",
        "in_gazetteer": false,
        "type": null,
        "region": "Norsca",
        "province": null,
        "estate": null,
        "population": 117,
        "population_estimated": true,
        "size_category": 1,
        "trade": null,
        "source": null,
        "tags": [],
        "notes": [],
        "history": {
          "province_2512": null,
          "province_2276": null,
          "ruler_2515": null,
          "ruler_2512": null,
          "ruler_2276": null
        },
        "wiki": {
          "title": null,
          "url": null,
          "description": null,
          "image": null
        },
        "svg_layer": "Norsca"
      }
    },
    {
      "type": "Feature",
      "id": "copy_text_14868",
      "geometry": {
        "type": "Point",
        "coordinates": [
          -10.757769,
          60.188086
        ]
      },
      "properties": {
        "id": "copy_text_14868",
        "name": "Bjärnum",
        "category": "settlement",
        "dataset": "norsca",
        "in_gazetteer": false,
        "type": null,
        "region": "Norsca",
        "province": null,
        "estate": null,
        "population": 129,
        "population_estimated": true,
        "size_category": 1,
        "trade": null,
        "source": null,
        "tags": [],
        "notes": [],
        "history": {
          "province_2512": null,
          "province_2276": null,
          "ruler_2515": null,
          "ruler_2512": null,
          "ruler_2276": null
        },
        "wiki": {
          "title": null,
          "url": null,
          "description": null,
          "image": null
        },
        "svg_layer": "Norsca"
      }
    },
    {
      "type": "Feature",
      "id": "copy_text_14869",
      "geometry": {
        "type": "Point",
        "coordinates": [
          -10.505725,
          60.559133
        ]
      },
      "properties": {
        "id": "copy_text_14869",
        "name": "Jokkmokk",
        "category": "settlement",
        "dataset": "norsca",
        "in_gazetteer": false,
        "type": null,
        "region": "Norsca",
        "province": null,
        "estate": null,
        "population": 143,
        "population_estimated": true,
        "size_category": 1,
        "trade": null,
        "source": null,
        "tags": [],
        "notes": [],
        "history": {
          "province_2512": null,
          "province_2276": null,
          "ruler_2515": null,
          "ruler_2512": null,
          "ruler_2276": null
        },
        "wiki": {
          "title": null,
          "url": null,
          "description": null,
          "image": null
        },
        "svg_layer": "Norsca"
      }
    },
    {
      "type": "Feature",
      "id": "copy_text_14870",
      "geometry": {
        "type": "Point",
        "coordinates": [
          -10.678358,
          60.47719
        ]
      },
      "properties": {
        "id": "copy_text_14870",
        "name": "Elgå",
        "category": "settlement",
        "dataset": "norsca",
        "in_gazetteer": false,
        "type": null,
        "region": "Norsca",
        "province": null,
        "estate": null,
        "population": 94,
        "population_estimated": true,
        "size_category": 1,
        "trade": null,
        "source": null,
        "tags": [],
        "notes": [],
        "history": {
          "province_2512": null,
          "province_2276": null,
          "ruler_2515": null,
          "ruler_2512": null,
          "ruler_2276": null
        },
        "wiki": {
          "title": null,
          "url": null,
          "description": null,
          "image": null
        },
        "svg_layer": "Norsca"
      }
    },
    {
      "type": "Feature",
      "id": "copy_text_14871",
      "geometry": {
        "type": "Point",
        "coordinates": [
          -9.978617,
          60.784707
        ]
      },
      "properties": {
        "id": "copy_text_14871",
        "name": "Lerberg",
        "category": "settlement",
        "dataset": "norsca",
        "in_gazetteer": false,
        "type": null,
        "region": "Norsca",
        "province": null,
        "estate": null,
        "population": 152,
        "population_estimated": true,
        "size_category": 1,
        "trade": null,
        "source": null,
        "tags": [],
        "notes": [],
        "history": {
          "province_2512": null,
          "province_2276": null,
          "ruler_2515": null,
          "ruler_2512": null,
          "ruler_2276": null
        },
        "wiki": {
          "title": null,
          "url": null,
          "description": null,
          "image": null
        },
        "svg_layer": "Norsca"
      }
    },
    {
      "type": "Feature",
      "id": "copy_text_14872",
      "geometry": {
        "type": "Point",
        "coordinates": [
          -9.829001,
          60.861127
        ]
      },
      "properties": {
        "id": "copy_text_14872",
        "name": "Mongstad",
        "category": "settlement",
        "dataset": "norsca",
        "in_gazetteer": false,
        "type": null,
        "region": "Norsca",
        "province": null,
        "estate": null,
        "population": 161,
        "population_estimated": true,
        "size_category": 1,
        "trade": null,
        "source": null,
        "tags": [],
        "notes": [],
        "history": {
          "province_2512": null,
          "province_2276": null,
          "ruler_2515": null,
          "ruler_2512": null,
          "ruler_2276": null
        },
        "wiki": {
          "title": null,
          "url": null,
          "description": null,
          "image": null
        },
        "svg_layer": "Norsca"
      }
    },
    {
      "type": "Feature",
      "id": "copy_text_14873",
      "geometry": {
        "type": "Point",
        "coordinates": [
          -9.489488,
          60.915448
        ]
      },
      "properties": {
        "id": "copy_text_14873",
        "name": "Swervinn",
        "category": "settlement",
        "dataset": "norsca",
        "in_gazetteer": false,
        "type": null,
        "region": "Norsca",
        "province": null,
        "estate": null,
        "population": 228,
        "population_estimated": true,
        "size_category": 1,
        "trade": null,
        "source": null,
        "tags": [],
        "notes": [],
        "history": {
          "province_2512": null,
          "province_2276": null,
          "ruler_2515": null,
          "ruler_2512": null,
          "ruler_2276": null
        },
        "wiki": {
          "title": null,
          "url": null,
          "description": null,
          "image": null
        },
        "svg_layer": "Norsca"
      }
    },
    {
      "type": "Feature",
      "id": "copy_text_14874",
      "geometry": {
        "type": "Point",
        "coordinates": [
          -9.294987,
          61.054476
        ]
      },
      "properties": {
        "id": "copy_text_14874",
        "name": "Vimmån",
        "category": "settlement",
        "dataset": "norsca",
        "in_gazetteer": false,
        "type": null,
        "region": "Norsca",
        "province": null,
        "estate": null,
        "population": 289,
        "population_estimated": true,
        "size_category": 1,
        "trade": null,
        "source": null,
        "tags": [],
        "notes": [],
        "history": {
          "province_2512": null,
          "province_2276": null,
          "ruler_2515": null,
          "ruler_2512": null,
          "ruler_2276": null
        },
        "wiki": {
          "title": null,
          "url": null,
          "description": null,
          "image": null
        },
        "svg_layer": "Norsca"
      }
    },
    {
      "type": "Feature",
      "id": "copy_text_14875",
      "geometry": {
        "type": "Point",
        "coordinates": [
          -9.343324,
          60.702764
        ]
      },
      "properties": {
        "id": "copy_text_14875",
        "name": "Nordmyra",
        "category": "settlement",
        "dataset": "norsca",
        "in_gazetteer": false,
        "type": null,
        "region": "Norsca",
        "province": null,
        "estate": null,
        "population": 123,
        "population_estimated": true,
        "size_category": 1,
        "trade": null,
        "source": null,
        "tags": [],
        "notes": [],
        "history": {
          "province_2512": null,
          "province_2276": null,
          "ruler_2515": null,
          "ruler_2512": null,
          "ruler_2276": null
        },
        "wiki": {
          "title": null,
          "url": null,
          "description": null,
          "image": null
        },
        "svg_layer": "Norsca"
      }
    },
    {
      "type": "Feature",
      "id": "copy_text_14876",
      "geometry": {
        "type": "Point",
        "coordinates": [
          -8.701129,
          60.287523
        ]
      },
      "properties": {
        "id": "copy_text_14876",
        "name": "Myken",
        "category": "settlement",
        "dataset": "norsca",
        "in_gazetteer": false,
        "type": null,
        "region": "Norsca",
        "province": null,
        "estate": null,
        "population": 139,
        "population_estimated": true,
        "size_category": 1,
        "trade": null,
        "source": null,
        "tags": [],
        "notes": [],
        "history": {
          "province_2512": null,
          "province_2276": null,
          "ruler_2515": null,
          "ruler_2512": null,
          "ruler_2276": null
        },
        "wiki": {
          "title": null,
          "url": null,
          "description": null,
          "image": null
        },
        "svg_layer": "Norsca"
      }
    },
    {
      "type": "Feature",
      "id": "copy_text_14877",
      "geometry": {
        "type": "Point",
        "coordinates": [
          -9.444954,
          59.585245
        ]
      },
      "properties": {
        "id": "copy_text_14877",
        "name": "Bolmen",
        "category": "settlement",
        "dataset": "norsca",
        "in_gazetteer": false,
        "type": null,
        "region": "Norsca",
        "province": null,
        "estate": null,
        "population": 192,
        "population_estimated": true,
        "size_category": 1,
        "trade": null,
        "source": null,
        "tags": [],
        "notes": [],
        "history": {
          "province_2512": null,
          "province_2276": null,
          "ruler_2515": null,
          "ruler_2512": null,
          "ruler_2276": null
        },
        "wiki": {
          "title": null,
          "url": null,
          "description": null,
          "image": null
        },
        "svg_layer": "Norsca"
      }
    },
    {
      "type": "Feature",
      "id": "copy_text_14878",
      "geometry": {
        "type": "Point",
        "coordinates": [
          -8.972948,
          59.647745
        ]
      },
      "properties": {
        "id": "copy_text_14878",
        "name": "Hulingen",
        "category": "settlement",
        "dataset": "norsca",
        "in_gazetteer": false,
        "type": null,
        "region": "Norsca",
        "province": null,
        "estate": null,
        "population": 87,
        "population_estimated": true,
        "size_category": 1,
        "trade": null,
        "source": null,
        "tags": [],
        "notes": [],
        "history": {
          "province_2512": null,
          "province_2276": null,
          "ruler_2515": null,
          "ruler_2512": null,
          "ruler_2276": null
        },
        "wiki": {
          "title": null,
          "url": null,
          "description": null,
          "image": null
        },
        "svg_layer": "Norsca"
      }
    },
    {
      "type": "Feature",
      "id": "copy_text_14879",
      "geometry": {
        "type": "Point",
        "coordinates": [
          -9.07386,
          59.651651
        ]
      },
      "properties": {
        "id": "copy_text_14879",
        "name": "Torsby",
        "category": "settlement",
        "dataset": "norsca",
        "in_gazetteer": false,
        "type": null,
        "region": "Norsca",
        "province": null,
        "estate": null,
        "population": 212,
        "population_estimated": true,
        "size_category": 1,
        "trade": null,
        "source": null,
        "tags": [],
        "notes": [],
        "history": {
          "province_2512": null,
          "province_2276": null,
          "ruler_2515": null,
          "ruler_2512": null,
          "ruler_2276": null
        },
        "wiki": {
          "title": null,
          "url": null,
          "description": null,
          "image": null
        },
        "svg_layer": "Norsca"
      }
    },
    {
      "type": "Feature",
      "id": "copy_text_14880",
      "geometry": {
        "type": "Point",
        "coordinates": [
          -8.408169,
          60.395141
        ]
      },
      "properties": {
        "id": "copy_text_14880",
        "name": "Elsfjord",
        "category": "settlement",
        "dataset": "norsca",
        "in_gazetteer": false,
        "type": null,
        "region": "Norsca",
        "province": null,
        "estate": null,
        "population": 168,
        "population_estimated": true,
        "size_category": 1,
        "trade": null,
        "source": null,
        "tags": [],
        "notes": [],
        "history": {
          "province_2512": null,
          "province_2276": null,
          "ruler_2515": null,
          "ruler_2512": null,
          "ruler_2276": null
        },
        "wiki": {
          "title": null,
          "url": null,
          "description": null,
          "image": null
        },
        "svg_layer": "Norsca"
      }
    },
    {
      "type": "Feature",
      "id": "copy_text_14881",
      "geometry": {
        "type": "Point",
        "coordinates": [
          -7.744655,
          59.85082
        ]
      },
      "properties": {
        "id": "copy_text_14881",
        "name": "Grimstad",
        "category": "settlement",
        "dataset": "norsca",
        "in_gazetteer": false,
        "type": null,
        "region": "Norsca",
        "province": null,
        "estate": null,
        "population": 116,
        "population_estimated": true,
        "size_category": 1,
        "trade": null,
        "source": null,
        "tags": [],
        "notes": [],
        "history": {
          "province_2512": null,
          "province_2276": null,
          "ruler_2515": null,
          "ruler_2512": null,
          "ruler_2276": null
        },
        "wiki": {
          "title": null,
          "url": null,
          "description": null,
          "image": null
        },
        "svg_layer": "Norsca"
      }
    },
    {
      "type": "Feature",
      "id": "copy_text_14882",
      "geometry": {
        "type": "Point",
        "coordinates": [
          -8.199837,
          59.538371
        ]
      },
      "properties": {
        "id": "copy_text_14882",
        "name": "Huså",
        "category": "settlement",
        "dataset": "norsca",
        "in_gazetteer": false,
        "type": null,
        "region": "Norsca",
        "province": null,
        "estate": null,
        "population": 152,
        "population_estimated": true,
        "size_category": 1,
        "trade": null,
        "source": null,
        "tags": [],
        "notes": [],
        "history": {
          "province_2512": null,
          "province_2276": null,
          "ruler_2515": null,
          "ruler_2512": null,
          "ruler_2276": null
        },
        "wiki": {
          "title": null,
          "url": null,
          "description": null,
          "image": null
        },
        "svg_layer": "Norsca"
      }
    },
    {
      "type": "Feature",
      "id": "copy_text_14883",
      "geometry": {
        "type": "Point",
        "coordinates": [
          -8.121711,
          59.333943
        ]
      },
      "properties": {
        "id": "copy_text_14883",
        "name": "Lökö",
        "category": "settlement",
        "dataset": "norsca",
        "in_gazetteer": false,
        "type": null,
        "region": "Norsca",
        "province": null,
        "estate": null,
        "population": 301,
        "population_estimated": true,
        "size_category": 2,
        "trade": null,
        "source": null,
        "tags": [],
        "notes": [],
        "history": {
          "province_2512": null,
          "province_2276": null,
          "ruler_2515": null,
          "ruler_2512": null,
          "ruler_2276": null
        },
        "wiki": {
          "title": null,
          "url": null,
          "description": null,
          "image": null
        },
        "svg_layer": "Norsca"
      }
    },
    {
      "type": "Feature",
      "id": "copy_text_14884",
      "geometry": {
        "type": "Point",
        "coordinates": [
          -8.206347,
          59.235208
        ]
      },
      "properties": {
        "id": "copy_text_14884",
        "name": "Vilshult",
        "category": "settlement",
        "dataset": "norsca",
        "in_gazetteer": false,
        "type": null,
        "region": "Norsca",
        "province": null,
        "estate": null,
        "population": 122,
        "population_estimated": true,
        "size_category": 1,
        "trade": null,
        "source": null,
        "tags": [],
        "notes": [],
        "history": {
          "province_2512": null,
          "province_2276": null,
          "ruler_2515": null,
          "ruler_2512": null,
          "ruler_2276": null
        },
        "wiki": {
          "title": null,
          "url": null,
          "description": null,
          "image": null
        },
        "svg_layer": "Norsca"
      }
    },
    {
      "type": "Feature",
      "id": "copy_text_14885",
      "geometry": {
        "type": "Point",
        "coordinates": [
          -7.705044,
          59.270141
        ]
      },
      "properties": {
        "id": "copy_text_14885",
        "name": "Hagavik",
        "category": "settlement",
        "dataset": "norsca",
        "in_gazetteer": false,
        "type": null,
        "region": "Norsca",
        "province": null,
        "estate": null,
        "population": 103,
        "population_estimated": true,
        "size_category": 1,
        "trade": null,
        "source": null,
        "tags": [],
        "notes": [],
        "history": {
          "province_2512": null,
          "province_2276": null,
          "ruler_2515": null,
          "ruler_2512": null,
          "ruler_2276": null
        },
        "wiki": {
          "title": null,
          "url": null,
          "description": null,
          "image": null
        },
        "svg_layer": "Norsca"
      }
    },
    {
      "type": "Feature",
      "id": "copy_text_14886",
      "geometry": {
        "type": "Point",
        "coordinates": [
          -6.463182,
          60.741495
        ]
      },
      "properties": {
        "id": "copy_text_14886",
        "name": "Björnholmen",
        "category": "settlement",
        "dataset": "norsca",
        "in_gazetteer": false,
        "type": null,
        "region": "Norsca",
        "province": null,
        "estate": null,
        "population": 93,
        "population_estimated": true,
        "size_category": 1,
        "trade": null,
        "source": null,
        "tags": [],
        "notes": [],
        "history": {
          "province_2512": null,
          "province_2276": null,
          "ruler_2515": null,
          "ruler_2512": null,
          "ruler_2276": null
        },
        "wiki": {
          "title": null,
          "url": null,
          "description": null,
          "image": null
        },
        "svg_layer": "Norsca"
      }
    },
    {
      "type": "Feature",
      "id": "copy_text_14887",
      "geometry": {
        "type": "Point",
        "coordinates": [
          -6.617805,
          60.620401
        ]
      },
      "properties": {
        "id": "copy_text_14887",
        "name": "Säter",
        "category": "settlement",
        "dataset": "norsca",
        "in_gazetteer": false,
        "type": null,
        "region": "Norsca",
        "province": null,
        "estate": null,
        "population": 173,
        "population_estimated": true,
        "size_category": 1,
        "trade": null,
        "source": null,
        "tags": [],
        "notes": [],
        "history": {
          "province_2512": null,
          "province_2276": null,
          "ruler_2515": null,
          "ruler_2512": null,
          "ruler_2276": null
        },
        "wiki": {
          "title": null,
          "url": null,
          "description": null,
          "image": null
        },
        "svg_layer": "Norsca"
      }
    },
    {
      "type": "Feature",
      "id": "copy_text_14888",
      "geometry": {
        "type": "Point",
        "coordinates": [
          -6.969367,
          60.521443
        ]
      },
      "properties": {
        "id": "copy_text_14888",
        "name": "Kviby",
        "category": "settlement",
        "dataset": "norsca",
        "in_gazetteer": false,
        "type": null,
        "region": "Norsca",
        "province": null,
        "estate": null,
        "population": 127,
        "population_estimated": true,
        "size_category": 1,
        "trade": null,
        "source": null,
        "tags": [],
        "notes": [],
        "history": {
          "province_2512": null,
          "province_2276": null,
          "ruler_2515": null,
          "ruler_2512": null,
          "ruler_2276": null
        },
        "wiki": {
          "title": null,
          "url": null,
          "description": null,
          "image": null
        },
        "svg_layer": "Norsca"
      }
    },
    {
      "type": "Feature",
      "id": "copy_text_14889",
      "geometry": {
        "type": "Point",
        "coordinates": [
          -6.396451,
          60.69462
        ]
      },
      "properties": {
        "id": "copy_text_14889",
        "name": "Bollö",
        "category": "settlement",
        "dataset": "norsca",
        "in_gazetteer": false,
        "type": null,
        "region": "Norsca",
        "province": null,
        "estate": null,
        "population": 255,
        "population_estimated": true,
        "size_category": 1,
        "trade": null,
        "source": null,
        "tags": [],
        "notes": [],
        "history": {
          "province_2512": null,
          "province_2276": null,
          "ruler_2515": null,
          "ruler_2512": null,
          "ruler_2276": null
        },
        "wiki": {
          "title": null,
          "url": null,
          "description": null,
          "image": null
        },
        "svg_layer": "Norsca"
      }
    },
    {
      "type": "Feature",
      "id": "copy_text_14890",
      "geometry": {
        "type": "Point",
        "coordinates": [
          -6.15231,
          60.448527
        ]
      },
      "properties": {
        "id": "copy_text_14890",
        "name": "Kramfors",
        "category": "settlement",
        "dataset": "norsca",
        "in_gazetteer": false,
        "type": null,
        "region": "Norsca",
        "province": null,
        "estate": null,
        "population": 273,
        "population_estimated": true,
        "size_category": 1,
        "trade": null,
        "source": null,
        "tags": [],
        "notes": [],
        "history": {
          "province_2512": null,
          "province_2276": null,
          "ruler_2515": null,
          "ruler_2512": null,
          "ruler_2276": null
        },
        "wiki": {
          "title": null,
          "url": null,
          "description": null,
          "image": null
        },
        "svg_layer": "Norsca"
      }
    },
    {
      "type": "Feature",
      "id": "copy_text_14891",
      "geometry": {
        "type": "Point",
        "coordinates": [
          -5.572883,
          60.918578
        ]
      },
      "properties": {
        "id": "copy_text_14891",
        "name": "Höllviken",
        "category": "settlement",
        "dataset": "norsca",
        "in_gazetteer": false,
        "type": null,
        "region": "Norsca",
        "province": null,
        "estate": null,
        "population": 205,
        "population_estimated": true,
        "size_category": 1,
        "trade": null,
        "source": null,
        "tags": [],
        "notes": [],
        "history": {
          "province_2512": null,
          "province_2276": null,
          "ruler_2515": null,
          "ruler_2512": null,
          "ruler_2276": null
        },
        "wiki": {
          "title": null,
          "url": null,
          "description": null,
          "image": null
        },
        "svg_layer": "Norsca"
      }
    },
    {
      "type": "Feature",
      "id": "copy_text_14892",
      "geometry": {
        "type": "Point",
        "coordinates": [
          -5.258755,
          60.874308
        ]
      },
      "properties": {
        "id": "copy_text_14892",
        "name": "Egby",
        "category": "settlement",
        "dataset": "norsca",
        "in_gazetteer": false,
        "type": null,
        "region": "Norsca",
        "province": null,
        "estate": null,
        "population": 177,
        "population_estimated": true,
        "size_category": 1,
        "trade": null,
        "source": null,
        "tags": [],
        "notes": [],
        "history": {
          "province_2512": null,
          "province_2276": null,
          "ruler_2515": null,
          "ruler_2512": null,
          "ruler_2276": null
        },
        "wiki": {
          "title": null,
          "url": null,
          "description": null,
          "image": null
        },
        "svg_layer": "Norsca"
      }
    },
    {
      "type": "Feature",
      "id": "copy_text_14893",
      "geometry": {
        "type": "Point",
        "coordinates": [
          -5.203417,
          60.748006
        ]
      },
      "properties": {
        "id": "copy_text_14893",
        "name": "Bågvik",
        "category": "settlement",
        "dataset": "norsca",
        "in_gazetteer": false,
        "type": null,
        "region": "Norsca",
        "province": null,
        "estate": null,
        "population": 116,
        "population_estimated": true,
        "size_category": 1,
        "trade": null,
        "source": null,
        "tags": [],
        "notes": [],
        "history": {
          "province_2512": null,
          "province_2276": null,
          "ruler_2515": null,
          "ruler_2512": null,
          "ruler_2276": null
        },
        "wiki": {
          "title": null,
          "url": null,
          "description": null,
          "image": null
        },
        "svg_layer": "Norsca"
      }
    },
    {
      "type": "Feature",
      "id": "copy_text_14894",
      "geometry": {
        "type": "Point",
        "coordinates": [
          -4.703438,
          60.95511
        ]
      },
      "properties": {
        "id": "copy_text_14894",
        "name": "Nässjö",
        "category": "settlement",
        "dataset": "norsca",
        "in_gazetteer": false,
        "type": null,
        "region": "Norsca",
        "province": null,
        "estate": null,
        "population": 142,
        "population_estimated": true,
        "size_category": 1,
        "trade": null,
        "source": null,
        "tags": [],
        "notes": [],
        "history": {
          "province_2512": null,
          "province_2276": null,
          "ruler_2515": null,
          "ruler_2512": null,
          "ruler_2276": null
        },
        "wiki": {
          "title": null,
          "url": null,
          "description": null,
          "image": null
        },
        "svg_layer": "Norsca"
      }
    },
    {
      "type": "Feature",
      "id": "copy_text_14895",
      "geometry": {
        "type": "Point",
        "coordinates": [
          -4.71502,
          60.994856
        ]
      },
      "properties": {
        "id": "copy_text_14895",
        "name": "Gömmaren",
        "category": "settlement",
        "dataset": "norsca",
        "in_gazetteer": false,
        "type": null,
        "region": "Norsca",
        "province": null,
        "estate": null,
        "population": 211,
        "population_estimated": true,
        "size_category": 1,
        "trade": null,
        "source": null,
        "tags": [],
        "notes": [],
        "history": {
          "province_2512": null,
          "province_2276": null,
          "ruler_2515": null,
          "ruler_2512": null,
          "ruler_2276": null
        },
        "wiki": {
          "title": null,
          "url": null,
          "description": null,
          "image": null
        },
        "svg_layer": "Norsca"
      }
    },
    {
      "type": "Feature",
      "id": "copy_text_14896",
      "geometry": {
        "type": "Point",
        "coordinates": [
          -5.460579,
          61.072224
        ]
      },
      "properties": {
        "id": "copy_text_14896",
        "name": "Flokenes",
        "category": "settlement",
        "dataset": "norsca",
        "in_gazetteer": false,
        "type": null,
        "region": "Norsca",
        "province": null,
        "estate": null,
        "population": 79,
        "population_estimated": true,
        "size_category": 1,
        "trade": null,
        "source": null,
        "tags": [],
        "notes": [],
        "history": {
          "province_2512": null,
          "province_2276": null,
          "ruler_2515": null,
          "ruler_2512": null,
          "ruler_2276": null
        },
        "wiki": {
          "title": null,
          "url": null,
          "description": null,
          "image": null
        },
        "svg_layer": "Norsca"
      }
    },
    {
      "type": "Feature",
      "id": "copy_text_14897",
      "geometry": {
        "type": "Point",
        "coordinates": [
          -5.325487,
          61.331339
        ]
      },
      "properties": {
        "id": "copy_text_14897",
        "name": "Jonsbo",
        "category": "settlement",
        "dataset": "norsca",
        "in_gazetteer": false,
        "type": null,
        "region": "Norsca",
        "province": null,
        "estate": null,
        "population": 361,
        "population_estimated": true,
        "size_category": 2,
        "trade": null,
        "source": null,
        "tags": [],
        "notes": [],
        "history": {
          "province_2512": null,
          "province_2276": null,
          "ruler_2515": null,
          "ruler_2512": null,
          "ruler_2276": null
        },
        "wiki": {
          "title": null,
          "url": null,
          "description": null,
          "image": null
        },
        "svg_layer": "Norsca"
      }
    },
    {
      "type": "Feature",
      "id": "copy_text_14898",
      "geometry": {
        "type": "Point",
        "coordinates": [
          -3.320279,
          60.859985
        ]
      },
      "properties": {
        "id": "copy_text_14898",
        "name": "Luröy",
        "category": "settlement",
        "dataset": "norsca",
        "in_gazetteer": false,
        "type": null,
        "region": "Norsca",
        "province": null,
        "estate": null,
        "population": 91,
        "population_estimated": true,
        "size_category": 1,
        "trade": null,
        "source": null,
        "tags": [],
        "notes": [],
        "history": {
          "province_2512": null,
          "province_2276": null,
          "ruler_2515": null,
          "ruler_2512": null,
          "ruler_2276": null
        },
        "wiki": {
          "title": null,
          "url": null,
          "description": null,
          "image": null
        },
        "svg_layer": "Norsca"
      }
    },
    {
      "type": "Feature",
      "id": "copy_text_14899",
      "geometry": {
        "type": "Point",
        "coordinates": [
          -3.326789,
          60.731078
        ]
      },
      "properties": {
        "id": "copy_text_14899",
        "name": "Rönnskär",
        "category": "settlement",
        "dataset": "norsca",
        "in_gazetteer": false,
        "type": null,
        "region": "Norsca",
        "province": null,
        "estate": null,
        "population": 168,
        "population_estimated": true,
        "size_category": 1,
        "trade": null,
        "source": null,
        "tags": [],
        "notes": [],
        "history": {
          "province_2512": null,
          "province_2276": null,
          "ruler_2515": null,
          "ruler_2512": null,
          "ruler_2276": null
        },
        "wiki": {
          "title": null,
          "url": null,
          "description": null,
          "image": null
        },
        "svg_layer": "Norsca"
      }
    },
    {
      "type": "Feature",
      "id": "copy_text_14900",
      "geometry": {
        "type": "Point",
        "coordinates": [
          -3.359341,
          60.574829
        ]
      },
      "properties": {
        "id": "copy_text_14900",
        "name": "Muddus",
        "category": "settlement",
        "dataset": "norsca",
        "in_gazetteer": false,
        "type": null,
        "region": "Norsca",
        "province": null,
        "estate": null,
        "population": 154,
        "population_estimated": true,
        "size_category": 1,
        "trade": null,
        "source": null,
        "tags": [],
        "notes": [],
        "history": {
          "province_2512": null,
          "province_2276": null,
          "ruler_2515": null,
          "ruler_2512": null,
          "ruler_2276": null
        },
        "wiki": {
          "title": null,
          "url": null,
          "description": null,
          "image": null
        },
        "svg_layer": "Norsca"
      }
    },
    {
      "type": "Feature",
      "id": "copy_text_14901",
      "geometry": {
        "type": "Point",
        "coordinates": [
          -3.263313,
          60.346964
        ]
      },
      "properties": {
        "id": "copy_text_14901",
        "name": "Bölsnäs",
        "category": "settlement",
        "dataset": "norsca",
        "in_gazetteer": false,
        "type": null,
        "region": "Norsca",
        "province": null,
        "estate": null,
        "population": 108,
        "population_estimated": true,
        "size_category": 1,
        "trade": null,
        "source": null,
        "tags": [],
        "notes": [],
        "history": {
          "province_2512": null,
          "province_2276": null,
          "ruler_2515": null,
          "ruler_2512": null,
          "ruler_2276": null
        },
        "wiki": {
          "title": null,
          "url": null,
          "description": null,
          "image": null
        },
        "svg_layer": "Norsca"
      }
    },
    {
      "type": "Feature",
      "id": "copy_text_14902",
      "geometry": {
        "type": "Point",
        "coordinates": [
          -3.57093,
          60.172485
        ]
      },
      "properties": {
        "id": "copy_text_14902",
        "name": "Arholma",
        "category": "settlement",
        "dataset": "norsca",
        "in_gazetteer": false,
        "type": null,
        "region": "Norsca",
        "province": null,
        "estate": null,
        "population": 89,
        "population_estimated": true,
        "size_category": 1,
        "trade": null,
        "source": null,
        "tags": [],
        "notes": [],
        "history": {
          "province_2512": null,
          "province_2276": null,
          "ruler_2515": null,
          "ruler_2512": null,
          "ruler_2276": null
        },
        "wiki": {
          "title": null,
          "url": null,
          "description": null,
          "image": null
        },
        "svg_layer": "Norsca"
      }
    },
    {
      "type": "Feature",
      "id": "copy_text_14903",
      "geometry": {
        "type": "Point",
        "coordinates": [
          -2.67412,
          60.785766
        ]
      },
      "properties": {
        "id": "copy_text_14903",
        "name": "Figgjo",
        "category": "settlement",
        "dataset": "norsca",
        "in_gazetteer": false,
        "type": null,
        "region": "Norsca",
        "province": null,
        "estate": null,
        "population": 75,
        "population_estimated": true,
        "size_category": 1,
        "trade": null,
        "source": null,
        "tags": [],
        "notes": [],
        "history": {
          "province_2512": null,
          "province_2276": null,
          "ruler_2515": null,
          "ruler_2512": null,
          "ruler_2276": null
        },
        "wiki": {
          "title": null,
          "url": null,
          "description": null,
          "image": null
        },
        "svg_layer": "Norsca"
      }
    },
    {
      "type": "Feature",
      "id": "copy_text_14904",
      "geometry": {
        "type": "Point",
        "coordinates": [
          -3.024055,
          60.944621
        ]
      },
      "properties": {
        "id": "copy_text_14904",
        "name": "Hemnes",
        "category": "settlement",
        "dataset": "norsca",
        "in_gazetteer": false,
        "type": null,
        "region": "Norsca",
        "province": null,
        "estate": null,
        "population": 152,
        "population_estimated": true,
        "size_category": 1,
        "trade": null,
        "source": null,
        "tags": [],
        "notes": [],
        "history": {
          "province_2512": null,
          "province_2276": null,
          "ruler_2515": null,
          "ruler_2512": null,
          "ruler_2276": null
        },
        "wiki": {
          "title": null,
          "url": null,
          "description": null,
          "image": null
        },
        "svg_layer": "Norsca"
      }
    },
    {
      "type": "Feature",
      "id": "copy_text_14905",
      "geometry": {
        "type": "Point",
        "coordinates": [
          -2.900357,
          60.409464
        ]
      },
      "properties": {
        "id": "copy_text_14905",
        "name": "Ekarp",
        "category": "settlement",
        "dataset": "norsca",
        "in_gazetteer": false,
        "type": null,
        "region": "Norsca",
        "province": null,
        "estate": null,
        "population": 312,
        "population_estimated": true,
        "size_category": 2,
        "trade": null,
        "source": null,
        "tags": [],
        "notes": [],
        "history": {
          "province_2512": null,
          "province_2276": null,
          "ruler_2515": null,
          "ruler_2512": null,
          "ruler_2276": null
        },
        "wiki": {
          "title": null,
          "url": null,
          "description": null,
          "image": null
        },
        "svg_layer": "Norsca"
      }
    },
    {
      "type": "Feature",
      "id": "copy_text_14906",
      "geometry": {
        "type": "Point",
        "coordinates": [
          -2.820605,
          60.195922
        ]
      },
      "properties": {
        "id": "copy_text_14906",
        "name": "Boholmen",
        "category": "settlement",
        "dataset": "norsca",
        "in_gazetteer": false,
        "type": null,
        "region": "Norsca",
        "province": null,
        "estate": null,
        "population": 85,
        "population_estimated": true,
        "size_category": 1,
        "trade": null,
        "source": null,
        "tags": [],
        "notes": [],
        "history": {
          "province_2512": null,
          "province_2276": null,
          "ruler_2515": null,
          "ruler_2512": null,
          "ruler_2276": null
        },
        "wiki": {
          "title": null,
          "url": null,
          "description": null,
          "image": null
        },
        "svg_layer": "Norsca"
      }
    },
    {
      "type": "Feature",
      "id": "copy_text_14907",
      "geometry": {
        "type": "Point",
        "coordinates": [
          -1.808235,
          59.958943
        ]
      },
      "properties": {
        "id": "copy_text_14907",
        "name": "Klippan",
        "category": "settlement",
        "dataset": "norsca",
        "in_gazetteer": false,
        "type": null,
        "region": "Norsca",
        "province": null,
        "estate": null,
        "population": 193,
        "population_estimated": true,
        "size_category": 1,
        "trade": null,
        "source": null,
        "tags": [],
        "notes": [],
        "history": {
          "province_2512": null,
          "province_2276": null,
          "ruler_2515": null,
          "ruler_2512": null,
          "ruler_2276": null
        },
        "wiki": {
          "title": null,
          "url": null,
          "description": null,
          "image": null
        },
        "svg_layer": "Norsca"
      }
    },
    {
      "type": "Feature",
      "id": "copy_text_14908",
      "geometry": {
        "type": "Point",
        "coordinates": [
          -2.143521,
          59.957641
        ]
      },
      "properties": {
        "id": "copy_text_14908",
        "name": "Tärnö",
        "category": "settlement",
        "dataset": "norsca",
        "in_gazetteer": false,
        "type": null,
        "region": "Norsca",
        "province": null,
        "estate": null,
        "population": 147,
        "population_estimated": true,
        "size_category": 1,
        "trade": null,
        "source": null,
        "tags": [],
        "notes": [],
        "history": {
          "province_2512": null,
          "province_2276": null,
          "ruler_2515": null,
          "ruler_2512": null,
          "ruler_2276": null
        },
        "wiki": {
          "title": null,
          "url": null,
          "description": null,
          "image": null
        },
        "svg_layer": "Norsca"
      }
    },
    {
      "type": "Feature",
      "id": "copy_text_14909",
      "geometry": {
        "type": "Point",
        "coordinates": [
          -1.884732,
          60.098266
        ]
      },
      "properties": {
        "id": "copy_text_14909",
        "name": "Bjursta",
        "category": "settlement",
        "dataset": "norsca",
        "in_gazetteer": false,
        "type": null,
        "region": "Norsca",
        "province": null,
        "estate": null,
        "population": 70,
        "population_estimated": true,
        "size_category": 1,
        "trade": null,
        "source": null,
        "tags": [],
        "notes": [],
        "history": {
          "province_2512": null,
          "province_2276": null,
          "ruler_2515": null,
          "ruler_2512": null,
          "ruler_2276": null
        },
        "wiki": {
          "title": null,
          "url": null,
          "description": null,
          "image": null
        },
        "svg_layer": "Norsca"
      }
    },
    {
      "type": "Feature",
      "id": "copy_text_14910",
      "geometry": {
        "type": "Point",
        "coordinates": [
          -1.625943,
          60.087849
        ]
      },
      "properties": {
        "id": "copy_text_14910",
        "name": "Gnarp",
        "category": "settlement",
        "dataset": "norsca",
        "in_gazetteer": false,
        "type": null,
        "region": "Norsca",
        "province": null,
        "estate": null,
        "population": 253,
        "population_estimated": true,
        "size_category": 1,
        "trade": null,
        "source": null,
        "tags": [],
        "notes": [],
        "history": {
          "province_2512": null,
          "province_2276": null,
          "ruler_2515": null,
          "ruler_2512": null,
          "ruler_2276": null
        },
        "wiki": {
          "title": null,
          "url": null,
          "description": null,
          "image": null
        },
        "svg_layer": "Norsca"
      }
    },
    {
      "type": "Feature",
      "id": "copy_text_14911",
      "geometry": {
        "type": "Point",
        "coordinates": [
          -1.256477,
          60.432901
        ]
      },
      "properties": {
        "id": "copy_text_14911",
        "name": "Sörum",
        "category": "settlement",
        "dataset": "norsca",
        "in_gazetteer": false,
        "type": null,
        "region": "Norsca",
        "province": null,
        "estate": null,
        "population": 205,
        "population_estimated": true,
        "size_category": 1,
        "trade": null,
        "source": null,
        "tags": [],
        "notes": [],
        "history": {
          "province_2512": null,
          "province_2276": null,
          "ruler_2515": null,
          "ruler_2512": null,
          "ruler_2276": null
        },
        "wiki": {
          "title": null,
          "url": null,
          "description": null,
          "image": null
        },
        "svg_layer": "Norsca"
      }
    },
    {
      "type": "Feature",
      "id": "copy_text_14912",
      "geometry": {
        "type": "Point",
        "coordinates": [
          -1.123013,
          60.613891
        ]
      },
      "properties": {
        "id": "copy_text_14912",
        "name": "Hästö",
        "category": "settlement",
        "dataset": "norsca",
        "in_gazetteer": false,
        "type": null,
        "region": "Norsca",
        "province": null,
        "estate": null,
        "population": 114,
        "population_estimated": true,
        "size_category": 1,
        "trade": null,
        "source": null,
        "tags": [],
        "notes": [],
        "history": {
          "province_2512": null,
          "province_2276": null,
          "ruler_2515": null,
          "ruler_2512": null,
          "ruler_2276": null
        },
        "wiki": {
          "title": null,
          "url": null,
          "description": null,
          "image": null
        },
        "svg_layer": "Norsca"
      }
    },
    {
      "type": "Feature",
      "id": "copy_text_14913",
      "geometry": {
        "type": "Point",
        "coordinates": [
          -1.088834,
          60.655558
        ]
      },
      "properties": {
        "id": "copy_text_14913",
        "name": "Fansta",
        "category": "settlement",
        "dataset": "norsca",
        "in_gazetteer": false,
        "type": null,
        "region": "Norsca",
        "province": null,
        "estate": null,
        "population": 95,
        "population_estimated": true,
        "size_category": 1,
        "trade": null,
        "source": null,
        "tags": [],
        "notes": [],
        "history": {
          "province_2512": null,
          "province_2276": null,
          "ruler_2515": null,
          "ruler_2512": null,
          "ruler_2276": null
        },
        "wiki": {
          "title": null,
          "url": null,
          "description": null,
          "image": null
        },
        "svg_layer": "Norsca"
      }
    },
    {
      "type": "Feature",
      "id": "copy_text_14914",
      "geometry": {
        "type": "Point",
        "coordinates": [
          -8.038216,
          60.674222
        ]
      },
      "properties": {
        "id": "copy_text_14914",
        "name": "Gryby",
        "category": "settlement",
        "dataset": "norsca",
        "in_gazetteer": false,
        "type": null,
        "region": "Norsca",
        "province": null,
        "estate": null,
        "population": 259,
        "population_estimated": true,
        "size_category": 1,
        "trade": null,
        "source": null,
        "tags": [],
        "notes": [],
        "history": {
          "province_2512": null,
          "province_2276": null,
          "ruler_2515": null,
          "ruler_2512": null,
          "ruler_2276": null
        },
        "wiki": {
          "title": null,
          "url": null,
          "description": null,
          "image": null
        },
        "svg_layer": "Norsca"
      }
    },
    {
      "type": "Feature",
      "id": "copy_text_14915",
      "geometry": {
        "type": "Point",
        "coordinates": [
          -7.710212,
          60.570182
        ]
      },
      "properties": {
        "id": "copy_text_14915",
        "name": "Leirvik",
        "category": "settlement",
        "dataset": "norsca",
        "in_gazetteer": false,
        "type": null,
        "region": "Norsca",
        "province": null,
        "estate": null,
        "population": 244,
        "population_estimated": true,
        "size_category": 1,
        "trade": null,
        "source": null,
        "tags": [],
        "notes": [],
        "history": {
          "province_2512": null,
          "province_2276": null,
          "ruler_2515": null,
          "ruler_2512": null,
          "ruler_2276": null
        },
        "wiki": {
          "title": null,
          "url": null,
          "description": null,
          "image": null
        },
        "svg_layer": "Norsca"
      }
    },
    {
      "type": "Feature",
      "id": "copy_text_14916",
      "geometry": {
        "type": "Point",
        "coordinates": [
          -7.905863,
          60.7488
        ]
      },
      "properties": {
        "id": "copy_text_14916",
        "name": "Osdocksta",
        "category": "settlement",
        "dataset": "norsca",
        "in_gazetteer": false,
        "type": null,
        "region": "Norsca",
        "province": null,
        "estate": null,
        "population": 154,
        "population_estimated": true,
        "size_category": 1,
        "trade": null,
        "source": null,
        "tags": [],
        "notes": [],
        "history": {
          "province_2512": null,
          "province_2276": null,
          "ruler_2515": null,
          "ruler_2512": null,
          "ruler_2276": null
        },
        "wiki": {
          "title": null,
          "url": null,
          "description": null,
          "image": null
        },
        "svg_layer": "Norsca"
      }
    },
    {
      "type": "Feature",
      "id": "copy_text_14917",
      "geometry": {
        "type": "Point",
        "coordinates": [
          -7.839112,
          60.358417
        ]
      },
      "properties": {
        "id": "copy_text_14917",
        "name": "Allamåla",
        "category": "settlement",
        "dataset": "norsca",
        "in_gazetteer": false,
        "type": null,
        "region": "Norsca",
        "province": null,
        "estate": null,
        "population": 117,
        "population_estimated": true,
        "size_category": 1,
        "trade": null,
        "source": null,
        "tags": [],
        "notes": [],
        "history": {
          "province_2512": null,
          "province_2276": null,
          "ruler_2515": null,
          "ruler_2512": null,
          "ruler_2276": null
        },
        "wiki": {
          "title": null,
          "url": null,
          "description": null,
          "image": null
        },
        "svg_layer": "Norsca"
      }
    },
    {
      "type": "Feature",
      "id": "copy_text_14918",
      "geometry": {
        "type": "Point",
        "coordinates": [
          -8.096911,
          60.468903
        ]
      },
      "properties": {
        "id": "copy_text_14918",
        "name": "Boasjö",
        "category": "settlement",
        "dataset": "norsca",
        "in_gazetteer": false,
        "type": null,
        "region": "Norsca",
        "province": null,
        "estate": null,
        "population": 127,
        "population_estimated": true,
        "size_category": 1,
        "trade": null,
        "source": null,
        "tags": [],
        "notes": [],
        "history": {
          "province_2512": null,
          "province_2276": null,
          "ruler_2515": null,
          "ruler_2512": null,
          "ruler_2276": null
        },
        "wiki": {
          "title": null,
          "url": null,
          "description": null,
          "image": null
        },
        "svg_layer": "Norsca"
      }
    },
    {
      "type": "Feature",
      "id": "copy_text_14919",
      "geometry": {
        "type": "Point",
        "coordinates": [
          -7.790774,
          60.847316
        ]
      },
      "properties": {
        "id": "copy_text_14919",
        "name": "Hensvik",
        "category": "settlement",
        "dataset": "norsca",
        "in_gazetteer": false,
        "type": null,
        "region": "Norsca",
        "province": null,
        "estate": null,
        "population": 75,
        "population_estimated": true,
        "size_category": 1,
        "trade": null,
        "source": null,
        "tags": [],
        "notes": [],
        "history": {
          "province_2512": null,
          "province_2276": null,
          "ruler_2515": null,
          "ruler_2512": null,
          "ruler_2276": null
        },
        "wiki": {
          "title": null,
          "url": null,
          "description": null,
          "image": null
        },
        "svg_layer": "Norsca"
      }
    },
    {
      "type": "Feature",
      "id": "copy_text_14920",
      "geometry": {
        "type": "Point",
        "coordinates": [
          -7.727475,
          60.825219
        ]
      },
      "properties": {
        "id": "copy_text_14920",
        "name": "Valsund",
        "category": "settlement",
        "dataset": "norsca",
        "in_gazetteer": false,
        "type": null,
        "region": "Norsca",
        "province": null,
        "estate": null,
        "population": 328,
        "population_estimated": true,
        "size_category": 2,
        "trade": null,
        "source": null,
        "tags": [],
        "notes": [],
        "history": {
          "province_2512": null,
          "province_2276": null,
          "ruler_2515": null,
          "ruler_2512": null,
          "ruler_2276": null
        },
        "wiki": {
          "title": null,
          "url": null,
          "description": null,
          "image": null
        },
        "svg_layer": "Norsca"
      }
    },
    {
      "type": "Feature",
      "id": "copy_text_14921",
      "geometry": {
        "type": "Point",
        "coordinates": [
          -7.646913,
          60.974374
        ]
      },
      "properties": {
        "id": "copy_text_14921",
        "name": "Ljusdal",
        "category": "settlement",
        "dataset": "norsca",
        "in_gazetteer": false,
        "type": null,
        "region": "Norsca",
        "province": null,
        "estate": null,
        "population": 92,
        "population_estimated": true,
        "size_category": 1,
        "trade": null,
        "source": null,
        "tags": [],
        "notes": [],
        "history": {
          "province_2512": null,
          "province_2276": null,
          "ruler_2515": null,
          "ruler_2512": null,
          "ruler_2276": null
        },
        "wiki": {
          "title": null,
          "url": null,
          "description": null,
          "image": null
        },
        "svg_layer": "Norsca"
      }
    },
    {
      "type": "Feature",
      "id": "copy_text_14922",
      "geometry": {
        "type": "Point",
        "coordinates": [
          -8.014047,
          60.410898
        ]
      },
      "properties": {
        "id": "copy_text_14922",
        "name": "Fåvang",
        "category": "settlement",
        "dataset": "norsca",
        "in_gazetteer": false,
        "type": null,
        "region": "Norsca",
        "province": null,
        "estate": null,
        "population": 77,
        "population_estimated": true,
        "size_category": 1,
        "trade": null,
        "source": null,
        "tags": [],
        "notes": [],
        "history": {
          "province_2512": null,
          "province_2276": null,
          "ruler_2515": null,
          "ruler_2512": null,
          "ruler_2276": null
        },
        "wiki": {
          "title": null,
          "url": null,
          "description": null,
          "image": null
        },
        "svg_layer": "Norsca"
      }
    },
    {
      "type": "Feature",
      "id": "copy_text_14923",
      "geometry": {
        "type": "Point",
        "coordinates": [
          -8.828092,
          59.774047
        ]
      },
      "properties": {
        "id": "copy_text_14923",
        "name": "Markland",
        "category": "settlement",
        "dataset": "norsca",
        "in_gazetteer": false,
        "type": null,
        "region": "Norsca",
        "province": null,
        "estate": null,
        "population": 87,
        "population_estimated": true,
        "size_category": 1,
        "trade": null,
        "source": null,
        "tags": [],
        "notes": [],
        "history": {
          "province_2512": null,
          "province_2276": null,
          "ruler_2515": null,
          "ruler_2512": null,
          "ruler_2276": null
        },
        "wiki": {
          "title": null,
          "url": null,
          "description": null,
          "image": null
        },
        "svg_layer": "Norsca"
      }
    },
    {
      "type": "Feature",
      "id": "copy_text_14924",
      "geometry": {
        "type": "Point",
        "coordinates": [
          -8.222623,
          59.945923
        ]
      },
      "properties": {
        "id": "copy_text_14924",
        "name": "Vreten",
        "category": "settlement",
        "dataset": "norsca",
        "in_gazetteer": false,
        "type": null,
        "region": "Norsca",
        "province": null,
        "estate": null,
        "population": 188,
        "population_estimated": true,
        "size_category": 1,
        "trade": null,
        "source": null,
        "tags": [],
        "notes": [],
        "history": {
          "province_2512": null,
          "province_2276": null,
          "ruler_2515": null,
          "ruler_2512": null,
          "ruler_2276": null
        },
        "wiki": {
          "title": null,
          "url": null,
          "description": null,
          "image": null
        },
        "svg_layer": "Norsca"
      }
    },
    {
      "type": "Feature",
      "id": "copy_text_14925",
      "geometry": {
        "type": "Point",
        "coordinates": [
          -7.862922,
          60.609985
        ]
      },
      "properties": {
        "id": "copy_text_14925",
        "name": "Brommö",
        "category": "settlement",
        "dataset": "norsca",
        "in_gazetteer": false,
        "type": null,
        "region": "Norsca",
        "province": null,
        "estate": null,
        "population": 160,
        "population_estimated": true,
        "size_category": 1,
        "trade": null,
        "source": null,
        "tags": [],
        "notes": [],
        "history": {
          "province_2512": null,
          "province_2276": null,
          "ruler_2515": null,
          "ruler_2512": null,
          "ruler_2276": null
        },
        "wiki": {
          "title": null,
          "url": null,
          "description": null,
          "image": null
        },
        "svg_layer": "Norsca"
      }
    },
    {
      "type": "Feature",
      "id": "copy_text_14926",
      "geometry": {
        "type": "Point",
        "coordinates": [
          -8.074511,
          60.774047
        ]
      },
      "properties": {
        "id": "copy_text_14926",
        "name": "Kaustby",
        "category": "settlement",
        "dataset": "norsca",
        "in_gazetteer": false,
        "type": null,
        "region": "Norsca",
        "province": null,
        "estate": null,
        "population": 146,
        "population_estimated": true,
        "size_category": 1,
        "trade": null,
        "source": null,
        "tags": [],
        "notes": [],
        "history": {
          "province_2512": null,
          "province_2276": null,
          "ruler_2515": null,
          "ruler_2512": null,
          "ruler_2276": null
        },
        "wiki": {
          "title": null,
          "url": null,
          "description": null,
          "image": null
        },
        "svg_layer": "Norsca"
      }
    },
    {
      "type": "Feature",
      "id": "copy_text_14927",
      "geometry": {
        "type": "Point",
        "coordinates": [
          -7.892219,
          60.28837
        ]
      },
      "properties": {
        "id": "copy_text_14927",
        "name": "Lerdal",
        "category": "settlement",
        "dataset": "norsca",
        "in_gazetteer": false,
        "type": null,
        "region": "Norsca",
        "province": null,
        "estate": null,
        "population": 111,
        "population_estimated": true,
        "size_category": 1,
        "trade": null,
        "source": null,
        "tags": [],
        "notes": [],
        "history": {
          "province_2512": null,
          "province_2276": null,
          "ruler_2515": null,
          "ruler_2512": null,
          "ruler_2276": null
        },
        "wiki": {
          "title": null,
          "url": null,
          "description": null,
          "image": null
        },
        "svg_layer": "Norsca"
      }
    },
    {
      "type": "Feature",
      "id": "copy_text_14928",
      "geometry": {
        "type": "Point",
        "coordinates": [
          -7.218782,
          61.117084
        ]
      },
      "properties": {
        "id": "copy_text_14928",
        "name": "Näsum",
        "category": "settlement",
        "dataset": "norsca",
        "in_gazetteer": false,
        "type": null,
        "region": "Norsca",
        "province": null,
        "estate": null,
        "population": 164,
        "population_estimated": true,
        "size_category": 1,
        "trade": null,
        "source": null,
        "tags": [],
        "notes": [],
        "history": {
          "province_2512": null,
          "province_2276": null,
          "ruler_2515": null,
          "ruler_2512": null,
          "ruler_2276": null
        },
        "wiki": {
          "title": null,
          "url": null,
          "description": null,
          "image": null
        },
        "svg_layer": "Norsca"
      }
    },
    {
      "type": "Feature",
      "id": "copy_text_14929",
      "geometry": {
        "type": "Point",
        "coordinates": [
          -7.260214,
          61.075653
        ]
      },
      "properties": {
        "id": "copy_text_14929",
        "name": "Hultö",
        "category": "settlement",
        "dataset": "norsca",
        "in_gazetteer": false,
        "type": null,
        "region": "Norsca",
        "province": null,
        "estate": null,
        "population": 406,
        "population_estimated": true,
        "size_category": 2,
        "trade": null,
        "source": null,
        "tags": [],
        "notes": [],
        "history": {
          "province_2512": null,
          "province_2276": null,
          "ruler_2515": null,
          "ruler_2512": null,
          "ruler_2276": null
        },
        "wiki": {
          "title": null,
          "url": null,
          "description": null,
          "image": null
        },
        "svg_layer": "Norsca"
      }
    },
    {
      "type": "Feature",
      "id": "copy_text_14930",
      "geometry": {
        "type": "Point",
        "coordinates": [
          -7.32006,
          61.145627
        ]
      },
      "properties": {
        "id": "copy_text_14930",
        "name": "Stiby",
        "category": "settlement",
        "dataset": "norsca",
        "in_gazetteer": false,
        "type": null,
        "region": "Norsca",
        "province": null,
        "estate": null,
        "population": 399,
        "population_estimated": true,
        "size_category": 2,
        "trade": null,
        "source": null,
        "tags": [],
        "notes": [],
        "history": {
          "province_2512": null,
          "province_2276": null,
          "ruler_2515": null,
          "ruler_2512": null,
          "ruler_2276": null
        },
        "wiki": {
          "title": null,
          "url": null,
          "description": null,
          "image": null
        },
        "svg_layer": "Norsca"
      }
    },
    {
      "type": "Feature",
      "id": "copy_text_14931",
      "geometry": {
        "type": "Point",
        "coordinates": [
          -7.127862,
          61.183376
        ]
      },
      "properties": {
        "id": "copy_text_14931",
        "name": "Åsarp",
        "category": "settlement",
        "dataset": "norsca",
        "in_gazetteer": false,
        "type": null,
        "region": "Norsca",
        "province": null,
        "estate": null,
        "population": 115,
        "population_estimated": true,
        "size_category": 1,
        "trade": null,
        "source": null,
        "tags": [],
        "notes": [],
        "history": {
          "province_2512": null,
          "province_2276": null,
          "ruler_2515": null,
          "ruler_2512": null,
          "ruler_2276": null
        },
        "wiki": {
          "title": null,
          "url": null,
          "description": null,
          "image": null
        },
        "svg_layer": "Norsca"
      }
    },
    {
      "type": "Feature",
      "id": "copy_text_14932",
      "geometry": {
        "type": "Point",
        "coordinates": [
          -7.050693,
          61.153318
        ]
      },
      "properties": {
        "id": "copy_text_14932",
        "name": "Grimle",
        "category": "settlement",
        "dataset": "norsca",
        "in_gazetteer": false,
        "type": null,
        "region": "Norsca",
        "province": null,
        "estate": null,
        "population": 197,
        "population_estimated": true,
        "size_category": 1,
        "trade": null,
        "source": null,
        "tags": [],
        "notes": [],
        "history": {
          "province_2512": null,
          "province_2276": null,
          "ruler_2515": null,
          "ruler_2512": null,
          "ruler_2276": null
        },
        "wiki": {
          "title": null,
          "url": null,
          "description": null,
          "image": null
        },
        "svg_layer": "Norsca"
      }
    },
    {
      "type": "Feature",
      "id": "copy_text_14933",
      "geometry": {
        "type": "Point",
        "coordinates": [
          -6.932211,
          61.396981
        ]
      },
      "properties": {
        "id": "copy_text_14933",
        "name": "Lillberg",
        "category": "settlement",
        "dataset": "norsca",
        "in_gazetteer": false,
        "type": null,
        "region": "Norsca",
        "province": null,
        "estate": null,
        "population": 140,
        "population_estimated": true,
        "size_category": 1,
        "trade": null,
        "source": null,
        "tags": [],
        "notes": [],
        "history": {
          "province_2512": null,
          "province_2276": null,
          "ruler_2515": null,
          "ruler_2512": null,
          "ruler_2276": null
        },
        "wiki": {
          "title": null,
          "url": null,
          "description": null,
          "image": null
        },
        "svg_layer": "Norsca"
      }
    },
    {
      "type": "Feature",
      "id": "copy_text_14934",
      "geometry": {
        "type": "Point",
        "coordinates": [
          -6.832083,
          61.24046
        ]
      },
      "properties": {
        "id": "copy_text_14934",
        "name": "Trandal",
        "category": "settlement",
        "dataset": "norsca",
        "in_gazetteer": false,
        "type": null,
        "region": "Norsca",
        "province": null,
        "estate": null,
        "population": 84,
        "population_estimated": true,
        "size_category": 1,
        "trade": null,
        "source": null,
        "tags": [],
        "notes": [],
        "history": {
          "province_2512": null,
          "province_2276": null,
          "ruler_2515": null,
          "ruler_2512": null,
          "ruler_2276": null
        },
        "wiki": {
          "title": null,
          "url": null,
          "description": null,
          "image": null
        },
        "svg_layer": "Norsca"
      }
    },
    {
      "type": "Feature",
      "id": "copy_text_14935",
      "geometry": {
        "type": "Point",
        "coordinates": [
          -7.211877,
          61.168645
        ]
      },
      "properties": {
        "id": "copy_text_14935",
        "name": "Eide",
        "category": "settlement",
        "dataset": "norsca",
        "in_gazetteer": false,
        "type": null,
        "region": "Norsca",
        "province": null,
        "estate": null,
        "population": 275,
        "population_estimated": true,
        "size_category": 1,
        "trade": null,
        "source": null,
        "tags": [],
        "notes": [],
        "history": {
          "province_2512": null,
          "province_2276": null,
          "ruler_2515": null,
          "ruler_2512": null,
          "ruler_2276": null
        },
        "wiki": {
          "title": null,
          "url": null,
          "description": null,
          "image": null
        },
        "svg_layer": "Norsca"
      }
    },
    {
      "type": "Feature",
      "id": "copy_text_14936",
      "geometry": {
        "type": "Point",
        "coordinates": [
          -7.942692,
          60.572023
        ]
      },
      "properties": {
        "id": "copy_text_14936",
        "name": "Koppang",
        "category": "settlement",
        "dataset": "norsca",
        "in_gazetteer": false,
        "type": null,
        "region": "Norsca",
        "province": null,
        "estate": null,
        "population": 599,
        "population_estimated": true,
        "size_category": 2,
        "trade": null,
        "source": null,
        "tags": [],
        "notes": [],
        "history": {
          "province_2512": null,
          "province_2276": null,
          "ruler_2515": null,
          "ruler_2512": null,
          "ruler_2276": null
        },
        "wiki": {
          "title": null,
          "url": null,
          "description": null,
          "image": null
        },
        "svg_layer": "Norsca"
      }
    },
    {
      "type": "Feature",
      "id": "copy_text_14937",
      "geometry": {
        "type": "Point",
        "coordinates": [
          -4.800338,
          60.780694
        ]
      },
      "properties": {
        "id": "copy_text_14937",
        "name": "Björkefall",
        "category": "settlement",
        "dataset": "norsca",
        "in_gazetteer": false,
        "type": null,
        "region": "Norsca",
        "province": null,
        "estate": null,
        "population": 141,
        "population_estimated": true,
        "size_category": 1,
        "trade": null,
        "source": null,
        "tags": [],
        "notes": [],
        "history": {
          "province_2512": null,
          "province_2276": null,
          "ruler_2515": null,
          "ruler_2512": null,
          "ruler_2276": null
        },
        "wiki": {
          "title": null,
          "url": null,
          "description": null,
          "image": null
        },
        "svg_layer": "Norsca"
      }
    },
    {
      "type": "Feature",
      "id": "copy_text_14938",
      "geometry": {
        "type": "Point",
        "coordinates": [
          -4.732204,
          60.817016
        ]
      },
      "properties": {
        "id": "copy_text_14938",
        "name": "Jarenfjordholm",
        "category": "settlement",
        "dataset": "norsca",
        "in_gazetteer": false,
        "type": null,
        "region": "Norsca",
        "province": null,
        "estate": null,
        "population": 77,
        "population_estimated": true,
        "size_category": 1,
        "trade": null,
        "source": null,
        "tags": [],
        "notes": [],
        "history": {
          "province_2512": null,
          "province_2276": null,
          "ruler_2515": null,
          "ruler_2512": null,
          "ruler_2276": null
        },
        "wiki": {
          "title": null,
          "url": null,
          "description": null,
          "image": null
        },
        "svg_layer": "Norsca"
      }
    },
    {
      "type": "Feature",
      "id": "copy_text_14939",
      "geometry": {
        "type": "Point",
        "coordinates": [
          -4.672818,
          60.876912
        ]
      },
      "properties": {
        "id": "copy_text_14939",
        "name": "Liared",
        "category": "settlement",
        "dataset": "norsca",
        "in_gazetteer": false,
        "type": null,
        "region": "Norsca",
        "province": null,
        "estate": null,
        "population": 235,
        "population_estimated": true,
        "size_category": 1,
        "trade": null,
        "source": null,
        "tags": [],
        "notes": [],
        "history": {
          "province_2512": null,
          "province_2276": null,
          "ruler_2515": null,
          "ruler_2512": null,
          "ruler_2276": null
        },
        "wiki": {
          "title": null,
          "url": null,
          "description": null,
          "image": null
        },
        "svg_layer": "Norsca"
      }
    },
    {
      "type": "Feature",
      "id": "copy_text_14940",
      "geometry": {
        "type": "Point",
        "coordinates": [
          -3.572557,
          60.221964
        ]
      },
      "properties": {
        "id": "copy_text_14940",
        "name": "Skruvsta",
        "category": "settlement",
        "dataset": "norsca",
        "in_gazetteer": false,
        "type": null,
        "region": "Norsca",
        "province": null,
        "estate": null,
        "population": 86,
        "population_estimated": true,
        "size_category": 1,
        "trade": null,
        "source": null,
        "tags": [],
        "notes": [],
        "history": {
          "province_2512": null,
          "province_2276": null,
          "ruler_2515": null,
          "ruler_2512": null,
          "ruler_2276": null
        },
        "wiki": {
          "title": null,
          "url": null,
          "description": null,
          "image": null
        },
        "svg_layer": "Norsca"
      }
    },
    {
      "type": "Feature",
      "id": "copy_text_14941",
      "geometry": {
        "type": "Point",
        "coordinates": [
          -3.398404,
          60.25061
        ]
      },
      "properties": {
        "id": "copy_text_14941",
        "name": "Håbol",
        "category": "settlement",
        "dataset": "norsca",
        "in_gazetteer": false,
        "type": null,
        "region": "Norsca",
        "province": null,
        "estate": null,
        "population": 140,
        "population_estimated": true,
        "size_category": 1,
        "trade": null,
        "source": null,
        "tags": [],
        "notes": [],
        "history": {
          "province_2512": null,
          "province_2276": null,
          "ruler_2515": null,
          "ruler_2512": null,
          "ruler_2276": null
        },
        "wiki": {
          "title": null,
          "url": null,
          "description": null,
          "image": null
        },
        "svg_layer": "Norsca"
      }
    },
    {
      "type": "Feature",
      "id": "copy_text_14942",
      "geometry": {
        "type": "Point",
        "coordinates": [
          -3.834602,
          60.615193
        ]
      },
      "properties": {
        "id": "copy_text_14942",
        "name": "Smådal",
        "category": "settlement",
        "dataset": "norsca",
        "in_gazetteer": false,
        "type": null,
        "region": "Norsca",
        "province": null,
        "estate": null,
        "population": 162,
        "population_estimated": true,
        "size_category": 1,
        "trade": null,
        "source": null,
        "tags": [],
        "notes": [],
        "history": {
          "province_2512": null,
          "province_2276": null,
          "ruler_2515": null,
          "ruler_2512": null,
          "ruler_2276": null
        },
        "wiki": {
          "title": null,
          "url": null,
          "description": null,
          "image": null
        },
        "svg_layer": "Norsca"
      }
    },
    {
      "type": "Feature",
      "id": "copy_text_14943",
      "geometry": {
        "type": "Point",
        "coordinates": [
          -3.745084,
          60.987589
        ]
      },
      "properties": {
        "id": "copy_text_14943",
        "name": "Meldal",
        "category": "settlement",
        "dataset": "norsca",
        "in_gazetteer": false,
        "type": null,
        "region": "Norsca",
        "province": null,
        "estate": null,
        "population": 66,
        "population_estimated": true,
        "size_category": 1,
        "trade": null,
        "source": null,
        "tags": [],
        "notes": [],
        "history": {
          "province_2512": null,
          "province_2276": null,
          "ruler_2515": null,
          "ruler_2512": null,
          "ruler_2276": null
        },
        "wiki": {
          "title": null,
          "url": null,
          "description": null,
          "image": null
        },
        "svg_layer": "Norsca"
      }
    },
    {
      "type": "Feature",
      "id": "copy_text_14944",
      "geometry": {
        "type": "Point",
        "coordinates": [
          -2.954068,
          60.766235
        ]
      },
      "properties": {
        "id": "copy_text_14944",
        "name": "Engenes",
        "category": "settlement",
        "dataset": "norsca",
        "in_gazetteer": false,
        "type": null,
        "region": "Norsca",
        "province": null,
        "estate": null,
        "population": 198,
        "population_estimated": true,
        "size_category": 1,
        "trade": null,
        "source": null,
        "tags": [],
        "notes": [],
        "history": {
          "province_2512": null,
          "province_2276": null,
          "ruler_2515": null,
          "ruler_2512": null,
          "ruler_2276": null
        },
        "wiki": {
          "title": null,
          "url": null,
          "description": null,
          "image": null
        },
        "svg_layer": "Norsca"
      }
    },
    {
      "type": "Feature",
      "id": "copy_text_14945",
      "geometry": {
        "type": "Point",
        "coordinates": [
          -2.547167,
          60.529256
        ]
      },
      "properties": {
        "id": "copy_text_14945",
        "name": "Åsele",
        "category": "settlement",
        "dataset": "norsca",
        "in_gazetteer": false,
        "type": null,
        "region": "Norsca",
        "province": null,
        "estate": null,
        "population": 83,
        "population_estimated": true,
        "size_category": 1,
        "trade": null,
        "source": null,
        "tags": [],
        "notes": [],
        "history": {
          "province_2512": null,
          "province_2276": null,
          "ruler_2515": null,
          "ruler_2512": null,
          "ruler_2276": null
        },
        "wiki": {
          "title": null,
          "url": null,
          "description": null,
          "image": null
        },
        "svg_layer": "Norsca"
      }
    },
    {
      "type": "Feature",
      "id": "copy_text_14946",
      "geometry": {
        "type": "Point",
        "coordinates": [
          -2.539029,
          60.331339
        ]
      },
      "properties": {
        "id": "copy_text_14946",
        "name": "Gränum",
        "category": "settlement",
        "dataset": "norsca",
        "in_gazetteer": false,
        "type": null,
        "region": "Norsca",
        "province": null,
        "estate": null,
        "population": 85,
        "population_estimated": true,
        "size_category": 1,
        "trade": null,
        "source": null,
        "tags": [],
        "notes": [],
        "history": {
          "province_2512": null,
          "province_2276": null,
          "ruler_2515": null,
          "ruler_2512": null,
          "ruler_2276": null
        },
        "wiki": {
          "title": null,
          "url": null,
          "description": null,
          "image": null
        },
        "svg_layer": "Norsca"
      }
    },
    {
      "type": "Feature",
      "id": "copy_text_14947",
      "geometry": {
        "type": "Point",
        "coordinates": [
          -2.236295,
          60.546183
        ]
      },
      "properties": {
        "id": "copy_text_14947",
        "name": "Jansjö",
        "category": "settlement",
        "dataset": "norsca",
        "in_gazetteer": false,
        "type": null,
        "region": "Norsca",
        "province": null,
        "estate": null,
        "population": 74,
        "population_estimated": true,
        "size_category": 1,
        "trade": null,
        "source": null,
        "tags": [],
        "notes": [],
        "history": {
          "province_2512": null,
          "province_2276": null,
          "ruler_2515": null,
          "ruler_2512": null,
          "ruler_2276": null
        },
        "wiki": {
          "title": null,
          "url": null,
          "description": null,
          "image": null
        },
        "svg_layer": "Norsca"
      }
    },
    {
      "type": "Feature",
      "id": "copy_text_14948",
      "geometry": {
        "type": "Point",
        "coordinates": [
          -2.247688,
          60.494099
        ]
      },
      "properties": {
        "id": "copy_text_14948",
        "name": "Bådalen",
        "category": "settlement",
        "dataset": "norsca",
        "in_gazetteer": false,
        "type": null,
        "region": "Norsca",
        "province": null,
        "estate": null,
        "population": 104,
        "population_estimated": true,
        "size_category": 1,
        "trade": null,
        "source": null,
        "tags": [],
        "notes": [],
        "history": {
          "province_2512": null,
          "province_2276": null,
          "ruler_2515": null,
          "ruler_2512": null,
          "ruler_2276": null
        },
        "wiki": {
          "title": null,
          "url": null,
          "description": null,
          "image": null
        },
        "svg_layer": "Norsca"
      }
    },
    {
      "type": "Feature",
      "id": "copy_text_14949",
      "geometry": {
        "type": "Point",
        "coordinates": [
          -2.220018,
          60.339152
        ]
      },
      "properties": {
        "id": "copy_text_14949",
        "name": "Sävern",
        "category": "settlement",
        "dataset": "norsca",
        "in_gazetteer": false,
        "type": null,
        "region": "Norsca",
        "province": null,
        "estate": null,
        "population": 96,
        "population_estimated": true,
        "size_category": 1,
        "trade": null,
        "source": null,
        "tags": [],
        "notes": [],
        "history": {
          "province_2512": null,
          "province_2276": null,
          "ruler_2515": null,
          "ruler_2512": null,
          "ruler_2276": null
        },
        "wiki": {
          "title": null,
          "url": null,
          "description": null,
          "image": null
        },
        "svg_layer": "Norsca"
      }
    },
    {
      "type": "Feature",
      "id": "copy_text_14950",
      "geometry": {
        "type": "Point",
        "coordinates": [
          -2.250943,
          59.870402
        ]
      },
      "properties": {
        "id": "copy_text_14950",
        "name": "Månstad",
        "category": "settlement",
        "dataset": "norsca",
        "in_gazetteer": false,
        "type": null,
        "region": "Norsca",
        "province": null,
        "estate": null,
        "population": 80,
        "population_estimated": true,
        "size_category": 1,
        "trade": null,
        "source": null,
        "tags": [],
        "notes": [],
        "history": {
          "province_2512": null,
          "province_2276": null,
          "ruler_2515": null,
          "ruler_2512": null,
          "ruler_2276": null
        },
        "wiki": {
          "title": null,
          "url": null,
          "description": null,
          "image": null
        },
        "svg_layer": "Norsca"
      }
    },
    {
      "type": "Feature",
      "id": "copy_text_14951",
      "geometry": {
        "type": "Point",
        "coordinates": [
          -1.879849,
          60.28837
        ]
      },
      "properties": {
        "id": "copy_text_14951",
        "name": "Hellum",
        "category": "settlement",
        "dataset": "norsca",
        "in_gazetteer": false,
        "type": null,
        "region": "Norsca",
        "province": null,
        "estate": null,
        "population": 556,
        "population_estimated": true,
        "size_category": 2,
        "trade": null,
        "source": null,
        "tags": [],
        "notes": [],
        "history": {
          "province_2512": null,
          "province_2276": null,
          "ruler_2515": null,
          "ruler_2512": null,
          "ruler_2276": null
        },
        "wiki": {
          "title": null,
          "url": null,
          "description": null,
          "image": null
        },
        "svg_layer": "Norsca"
      }
    },
    {
      "type": "Feature",
      "id": "copy_text_14952",
      "geometry": {
        "type": "Point",
        "coordinates": [
          -2.060513,
          60.540974
        ]
      },
      "properties": {
        "id": "copy_text_14952",
        "name": "Vreta",
        "category": "settlement",
        "dataset": "norsca",
        "in_gazetteer": false,
        "type": null,
        "region": "Norsca",
        "province": null,
        "estate": null,
        "population": 95,
        "population_estimated": true,
        "size_category": 1,
        "trade": null,
        "source": null,
        "tags": [],
        "notes": [],
        "history": {
          "province_2512": null,
          "province_2276": null,
          "ruler_2515": null,
          "ruler_2512": null,
          "ruler_2276": null
        },
        "wiki": {
          "title": null,
          "url": null,
          "description": null,
          "image": null
        },
        "svg_layer": "Norsca"
      }
    },
    {
      "type": "Feature",
      "id": "copy_text_14953",
      "geometry": {
        "type": "Point",
        "coordinates": [
          -2.252571,
          60.899047
        ]
      },
      "properties": {
        "id": "copy_text_14953",
        "name": "Orrlöt",
        "category": "settlement",
        "dataset": "norsca",
        "in_gazetteer": false,
        "type": null,
        "region": "Norsca",
        "province": null,
        "estate": null,
        "population": 94,
        "population_estimated": true,
        "size_category": 1,
        "trade": null,
        "source": null,
        "tags": [],
        "notes": [],
        "history": {
          "province_2512": null,
          "province_2276": null,
          "ruler_2515": null,
          "ruler_2512": null,
          "ruler_2276": null
        },
        "wiki": {
          "title": null,
          "url": null,
          "description": null,
          "image": null
        },
        "svg_layer": "Norsca"
      }
    },
    {
      "type": "Feature",
      "id": "copy_text_14954",
      "geometry": {
        "type": "Point",
        "coordinates": [
          -2.101203,
          60.81962
        ]
      },
      "properties": {
        "id": "copy_text_14954",
        "name": "Lillåker",
        "category": "settlement",
        "dataset": "norsca",
        "in_gazetteer": false,
        "type": null,
        "region": "Norsca",
        "province": null,
        "estate": null,
        "population": 124,
        "population_estimated": true,
        "size_category": 1,
        "trade": null,
        "source": null,
        "tags": [],
        "notes": [],
        "history": {
          "province_2512": null,
          "province_2276": null,
          "ruler_2515": null,
          "ruler_2512": null,
          "ruler_2276": null
        },
        "wiki": {
          "title": null,
          "url": null,
          "description": null,
          "image": null
        },
        "svg_layer": "Norsca"
      }
    },
    {
      "type": "Feature",
      "id": "copy_text_14955",
      "geometry": {
        "type": "Point",
        "coordinates": [
          -2.163052,
          60.852172
        ]
      },
      "properties": {
        "id": "copy_text_14955",
        "name": "Orrsarp",
        "category": "settlement",
        "dataset": "norsca",
        "in_gazetteer": false,
        "type": null,
        "region": "Norsca",
        "province": null,
        "estate": null,
        "population": 157,
        "population_estimated": true,
        "size_category": 1,
        "trade": null,
        "source": null,
        "tags": [],
        "notes": [],
        "history": {
          "province_2512": null,
          "province_2276": null,
          "ruler_2515": null,
          "ruler_2512": null,
          "ruler_2276": null
        },
        "wiki": {
          "title": null,
          "url": null,
          "description": null,
          "image": null
        },
        "svg_layer": "Norsca"
      }
    },
    {
      "type": "Feature",
      "id": "copy_text_14956",
      "geometry": {
        "type": "Point",
        "coordinates": [
          -2.200487,
          60.87561
        ]
      },
      "properties": {
        "id": "copy_text_14956",
        "name": "Nordanö",
        "category": "settlement",
        "dataset": "norsca",
        "in_gazetteer": false,
        "type": null,
        "region": "Norsca",
        "province": null,
        "estate": null,
        "population": 74,
        "population_estimated": true,
        "size_category": 1,
        "trade": null,
        "source": null,
        "tags": [],
        "notes": [],
        "history": {
          "province_2512": null,
          "province_2276": null,
          "ruler_2515": null,
          "ruler_2512": null,
          "ruler_2276": null
        },
        "wiki": {
          "title": null,
          "url": null,
          "description": null,
          "image": null
        },
        "svg_layer": "Norsca"
      }
    },
    {
      "type": "Feature",
      "id": "copy_text_14957",
      "geometry": {
        "type": "Point",
        "coordinates": [
          -1.708951,
          60.604776
        ]
      },
      "properties": {
        "id": "copy_text_14957",
        "name": "Bärby",
        "category": "settlement",
        "dataset": "norsca",
        "in_gazetteer": false,
        "type": null,
        "region": "Norsca",
        "province": null,
        "estate": null,
        "population": 96,
        "population_estimated": true,
        "size_category": 1,
        "trade": null,
        "source": null,
        "tags": [],
        "notes": [],
        "history": {
          "province_2512": null,
          "province_2276": null,
          "ruler_2515": null,
          "ruler_2512": null,
          "ruler_2276": null
        },
        "wiki": {
          "title": null,
          "url": null,
          "description": null,
          "image": null
        },
        "svg_layer": "Norsca"
      }
    },
    {
      "type": "Feature",
      "id": "copy_text_14958",
      "geometry": {
        "type": "Point",
        "coordinates": [
          -0.672167,
          60.399047
        ]
      },
      "properties": {
        "id": "copy_text_14958",
        "name": "Rebbenes",
        "category": "settlement",
        "dataset": "norsca",
        "in_gazetteer": false,
        "type": null,
        "region": "Norsca",
        "province": null,
        "estate": null,
        "population": 160,
        "population_estimated": true,
        "size_category": 1,
        "trade": null,
        "source": null,
        "tags": [],
        "notes": [],
        "history": {
          "province_2512": null,
          "province_2276": null,
          "ruler_2515": null,
          "ruler_2512": null,
          "ruler_2276": null
        },
        "wiki": {
          "title": null,
          "url": null,
          "description": null,
          "image": null
        },
        "svg_layer": "Norsca"
      }
    },
    {
      "type": "Feature",
      "id": "copy_text_14959",
      "geometry": {
        "type": "Point",
        "coordinates": [
          -0.60218,
          60.357381
        ]
      },
      "properties": {
        "id": "copy_text_14959",
        "name": "Stolmen",
        "category": "settlement",
        "dataset": "norsca",
        "in_gazetteer": false,
        "type": null,
        "region": "Norsca",
        "province": null,
        "estate": null,
        "population": 62,
        "population_estimated": true,
        "size_category": 1,
        "trade": null,
        "source": null,
        "tags": [],
        "notes": [],
        "history": {
          "province_2512": null,
          "province_2276": null,
          "ruler_2515": null,
          "ruler_2512": null,
          "ruler_2276": null
        },
        "wiki": {
          "title": null,
          "url": null,
          "description": null,
          "image": null
        },
        "svg_layer": "Norsca"
      }
    },
    {
      "type": "Feature",
      "id": "copy_text_14960",
      "geometry": {
        "type": "Point",
        "coordinates": [
          -1.074185,
          60.414672
        ]
      },
      "properties": {
        "id": "copy_text_14960",
        "name": "Hjuvik",
        "category": "settlement",
        "dataset": "norsca",
        "in_gazetteer": false,
        "type": null,
        "region": "Norsca",
        "province": null,
        "estate": null,
        "population": 134,
        "population_estimated": true,
        "size_category": 1,
        "trade": null,
        "source": null,
        "tags": [],
        "notes": [],
        "history": {
          "province_2512": null,
          "province_2276": null,
          "ruler_2515": null,
          "ruler_2512": null,
          "ruler_2276": null
        },
        "wiki": {
          "title": null,
          "url": null,
          "description": null,
          "image": null
        },
        "svg_layer": "Norsca"
      }
    },
    {
      "type": "Feature",
      "id": "copy_text_14961",
      "geometry": {
        "type": "Point",
        "coordinates": [
          -0.953742,
          60.284464
        ]
      },
      "properties": {
        "id": "copy_text_14961",
        "name": "Elverdam",
        "category": "settlement",
        "dataset": "norsca",
        "in_gazetteer": false,
        "type": null,
        "region": "Norsca",
        "province": null,
        "estate": null,
        "population": 105,
        "population_estimated": true,
        "size_category": 1,
        "trade": null,
        "source": null,
        "tags": [],
        "notes": [],
        "history": {
          "province_2512": null,
          "province_2276": null,
          "ruler_2515": null,
          "ruler_2512": null,
          "ruler_2276": null
        },
        "wiki": {
          "title": null,
          "url": null,
          "description": null,
          "image": null
        },
        "svg_layer": "Norsca"
      }
    },
    {
      "type": "Feature",
      "id": "copy_text_14962",
      "geometry": {
        "type": "Point",
        "coordinates": [
          -0.305956,
          60.555297
        ]
      },
      "properties": {
        "id": "copy_text_14962",
        "name": "Bredskär",
        "category": "settlement",
        "dataset": "norsca",
        "in_gazetteer": false,
        "type": null,
        "region": "Norsca",
        "province": null,
        "estate": null,
        "population": 131,
        "population_estimated": true,
        "size_category": 1,
        "trade": null,
        "source": null,
        "tags": [],
        "notes": [],
        "history": {
          "province_2512": null,
          "province_2276": null,
          "ruler_2515": null,
          "ruler_2512": null,
          "ruler_2276": null
        },
        "wiki": {
          "title": null,
          "url": null,
          "description": null,
          "image": null
        },
        "svg_layer": "Norsca"
      }
    },
    {
      "type": "Feature",
      "id": "copy_text_14963",
      "geometry": {
        "type": "Point",
        "coordinates": [
          0.209995,
          61.06962
        ]
      },
      "properties": {
        "id": "copy_text_14963",
        "name": "Fiskö",
        "category": "settlement",
        "dataset": "norsca",
        "in_gazetteer": false,
        "type": null,
        "region": "Norsca",
        "province": null,
        "estate": null,
        "population": 122,
        "population_estimated": true,
        "size_category": 1,
        "trade": null,
        "source": null,
        "tags": [],
        "notes": [],
        "history": {
          "province_2512": null,
          "province_2276": null,
          "ruler_2515": null,
          "ruler_2512": null,
          "ruler_2276": null
        },
        "wiki": {
          "title": null,
          "url": null,
          "description": null,
          "image": null
        },
        "svg_layer": "Norsca"
      }
    },
    {
      "type": "Feature",
      "id": "copy_text_14964",
      "geometry": {
        "type": "Point",
        "coordinates": [
          0.273471,
          61.111287
        ]
      },
      "properties": {
        "id": "copy_text_14964",
        "name": "Kattudden",
        "category": "settlement",
        "dataset": "norsca",
        "in_gazetteer": false,
        "type": null,
        "region": "Norsca",
        "province": null,
        "estate": null,
        "population": 195,
        "population_estimated": true,
        "size_category": 1,
        "trade": null,
        "source": null,
        "tags": [],
        "notes": [],
        "history": {
          "province_2512": null,
          "province_2276": null,
          "ruler_2515": null,
          "ruler_2512": null,
          "ruler_2276": null
        },
        "wiki": {
          "title": null,
          "url": null,
          "description": null,
          "image": null
        },
        "svg_layer": "Norsca"
      }
    },
    {
      "type": "Feature",
      "id": "copy_text_14965",
      "geometry": {
        "type": "Point",
        "coordinates": [
          0.242547,
          61.165975
        ]
      },
      "properties": {
        "id": "copy_text_14965",
        "name": "Linnarp",
        "category": "settlement",
        "dataset": "norsca",
        "in_gazetteer": false,
        "type": null,
        "region": "Norsca",
        "province": null,
        "estate": null,
        "population": 121,
        "population_estimated": true,
        "size_category": 1,
        "trade": null,
        "source": null,
        "tags": [],
        "notes": [],
        "history": {
          "province_2512": null,
          "province_2276": null,
          "ruler_2515": null,
          "ruler_2512": null,
          "ruler_2276": null
        },
        "wiki": {
          "title": null,
          "url": null,
          "description": null,
          "image": null
        },
        "svg_layer": "Norsca"
      }
    },
    {
      "type": "Feature",
      "id": "copy_text_14966",
      "geometry": {
        "type": "Point",
        "coordinates": [
          0.413445,
          61.208943
        ]
      },
      "properties": {
        "id": "copy_text_14966",
        "name": "Hampen",
        "category": "settlement",
        "dataset": "norsca",
        "in_gazetteer": false,
        "type": null,
        "region": "Norsca",
        "province": null,
        "estate": null,
        "population": 143,
        "population_estimated": true,
        "size_category": 1,
        "trade": null,
        "source": null,
        "tags": [],
        "notes": [],
        "history": {
          "province_2512": null,
          "province_2276": null,
          "ruler_2515": null,
          "ruler_2512": null,
          "ruler_2276": null
        },
        "wiki": {
          "title": null,
          "url": null,
          "description": null,
          "image": null
        },
        "svg_layer": "Norsca"
      }
    },
    {
      "type": "Feature",
      "id": "copy_text_14967",
      "geometry": {
        "type": "Point",
        "coordinates": [
          1.186557,
          62.099568
        ]
      },
      "properties": {
        "id": "copy_text_14967",
        "name": "Gåsgrund",
        "category": "settlement",
        "dataset": "norsca",
        "in_gazetteer": false,
        "type": null,
        "region": "Norsca",
        "province": null,
        "estate": null,
        "population": 321,
        "population_estimated": true,
        "size_category": 2,
        "trade": null,
        "source": null,
        "tags": [],
        "notes": [],
        "history": {
          "province_2512": null,
          "province_2276": null,
          "ruler_2515": null,
          "ruler_2512": null,
          "ruler_2276": null
        },
        "wiki": {
          "title": null,
          "url": null,
          "description": null,
          "image": null
        },
        "svg_layer": "Norsca"
      }
    },
    {
      "type": "Feature",
      "id": "copy_text_14968",
      "geometry": {
        "type": "Point",
        "coordinates": [
          0.44437,
          60.524048
        ]
      },
      "properties": {
        "id": "copy_text_14968",
        "name": "Degernes",
        "category": "settlement",
        "dataset": "norsca",
        "in_gazetteer": false,
        "type": null,
        "region": "Norsca",
        "province": null,
        "estate": null,
        "population": 239,
        "population_estimated": true,
        "size_category": 1,
        "trade": null,
        "source": null,
        "tags": [],
        "notes": [],
        "history": {
          "province_2512": null,
          "province_2276": null,
          "ruler_2515": null,
          "ruler_2512": null,
          "ruler_2276": null
        },
        "wiki": {
          "title": null,
          "url": null,
          "description": null,
          "image": null
        },
        "svg_layer": "Norsca"
      }
    },
    {
      "type": "Feature",
      "id": "copy_text_14969",
      "geometry": {
        "type": "Point",
        "coordinates": [
          0.354851,
          60.456339
        ]
      },
      "properties": {
        "id": "copy_text_14969",
        "name": "Hultet",
        "category": "settlement",
        "dataset": "norsca",
        "in_gazetteer": false,
        "type": null,
        "region": "Norsca",
        "province": null,
        "estate": null,
        "population": 254,
        "population_estimated": true,
        "size_category": 1,
        "trade": null,
        "source": null,
        "tags": [],
        "notes": [],
        "history": {
          "province_2512": null,
          "province_2276": null,
          "ruler_2515": null,
          "ruler_2512": null,
          "ruler_2276": null
        },
        "wiki": {
          "title": null,
          "url": null,
          "description": null,
          "image": null
        },
        "svg_layer": "Norsca"
      }
    },
    {
      "type": "Feature",
      "id": "copy_text_14970",
      "geometry": {
        "type": "Point",
        "coordinates": [
          0.257195,
          60.874308
        ]
      },
      "properties": {
        "id": "copy_text_14970",
        "name": "Ådal",
        "category": "settlement",
        "dataset": "norsca",
        "in_gazetteer": false,
        "type": null,
        "region": "Norsca",
        "province": null,
        "estate": null,
        "population": 76,
        "population_estimated": true,
        "size_category": 1,
        "trade": null,
        "source": null,
        "tags": [],
        "notes": [],
        "history": {
          "province_2512": null,
          "province_2276": null,
          "ruler_2515": null,
          "ruler_2512": null,
          "ruler_2276": null
        },
        "wiki": {
          "title": null,
          "url": null,
          "description": null,
          "image": null
        },
        "svg_layer": "Norsca"
      }
    },
    {
      "type": "Feature",
      "id": "copy_text_14971",
      "geometry": {
        "type": "Point",
        "coordinates": [
          0.348341,
          60.826131
        ]
      },
      "properties": {
        "id": "copy_text_14971",
        "name": "Fillsta",
        "category": "settlement",
        "dataset": "norsca",
        "in_gazetteer": false,
        "type": null,
        "region": "Norsca",
        "province": null,
        "estate": null,
        "population": 284,
        "population_estimated": true,
        "size_category": 1,
        "trade": null,
        "source": null,
        "tags": [],
        "notes": [],
        "history": {
          "province_2512": null,
          "province_2276": null,
          "ruler_2515": null,
          "ruler_2512": null,
          "ruler_2276": null
        },
        "wiki": {
          "title": null,
          "url": null,
          "description": null,
          "image": null
        },
        "svg_layer": "Norsca"
      }
    },
    {
      "type": "Feature",
      "id": "copy_text_14972",
      "geometry": {
        "type": "Point",
        "coordinates": [
          -0.348273,
          60.526652
        ]
      },
      "properties": {
        "id": "copy_text_14972",
        "name": "Erfjord",
        "category": "settlement",
        "dataset": "norsca",
        "in_gazetteer": false,
        "type": null,
        "region": "Norsca",
        "province": null,
        "estate": null,
        "population": 113,
        "population_estimated": true,
        "size_category": 1,
        "trade": null,
        "source": null,
        "tags": [],
        "notes": [],
        "history": {
          "province_2512": null,
          "province_2276": null,
          "ruler_2515": null,
          "ruler_2512": null,
          "ruler_2276": null
        },
        "wiki": {
          "title": null,
          "url": null,
          "description": null,
          "image": null
        },
        "svg_layer": "Norsca"
      }
    },
    {
      "type": "Feature",
      "id": "copy_text_14973",
      "geometry": {
        "type": "Point",
        "coordinates": [
          0.799187,
          62.090454
        ]
      },
      "properties": {
        "id": "copy_text_14973",
        "name": "Fjällsta",
        "category": "settlement",
        "dataset": "norsca",
        "in_gazetteer": false,
        "type": null,
        "region": "Norsca",
        "province": null,
        "estate": null,
        "population": 80,
        "population_estimated": true,
        "size_category": 1,
        "trade": null,
        "source": null,
        "tags": [],
        "notes": [],
        "history": {
          "province_2512": null,
          "province_2276": null,
          "ruler_2515": null,
          "ruler_2512": null,
          "ruler_2276": null
        },
        "wiki": {
          "title": null,
          "url": null,
          "description": null,
          "image": null
        },
        "svg_layer": "Norsca"
      }
    },
    {
      "type": "Feature",
      "id": "copy_text_14974",
      "geometry": {
        "type": "Point",
        "coordinates": [
          0.664097,
          61.999308
        ]
      },
      "properties": {
        "id": "copy_text_14974",
        "name": "Mörrum",
        "category": "settlement",
        "dataset": "norsca",
        "in_gazetteer": false,
        "type": null,
        "region": "Norsca",
        "province": null,
        "estate": null,
        "population": 244,
        "population_estimated": true,
        "size_category": 1,
        "trade": null,
        "source": null,
        "tags": [],
        "notes": [],
        "history": {
          "province_2512": null,
          "province_2276": null,
          "ruler_2515": null,
          "ruler_2512": null,
          "ruler_2276": null
        },
        "wiki": {
          "title": null,
          "url": null,
          "description": null,
          "image": null
        },
        "svg_layer": "Norsca"
      }
    },
    {
      "type": "Feature",
      "id": "copy_text_14975",
      "geometry": {
        "type": "Point",
        "coordinates": [
          0.571323,
          61.922485
        ]
      },
      "properties": {
        "id": "copy_text_14975",
        "name": "Lonevåg",
        "category": "settlement",
        "dataset": "norsca",
        "in_gazetteer": false,
        "type": null,
        "region": "Norsca",
        "province": null,
        "estate": null,
        "population": 80,
        "population_estimated": true,
        "size_category": 1,
        "trade": null,
        "source": null,
        "tags": [],
        "notes": [],
        "history": {
          "province_2512": null,
          "province_2276": null,
          "ruler_2515": null,
          "ruler_2512": null,
          "ruler_2276": null
        },
        "wiki": {
          "title": null,
          "url": null,
          "description": null,
          "image": null
        },
        "svg_layer": "Norsca"
      }
    },
    {
      "type": "Feature",
      "id": "copy_text_14976",
      "geometry": {
        "type": "Point",
        "coordinates": [
          1.437208,
          61.987589
        ]
      },
      "properties": {
        "id": "copy_text_14976",
        "name": "Nästved",
        "category": "settlement",
        "dataset": "norsca",
        "in_gazetteer": false,
        "type": null,
        "region": "Norsca",
        "province": null,
        "estate": null,
        "population": 107,
        "population_estimated": true,
        "size_category": 1,
        "trade": null,
        "source": null,
        "tags": [],
        "notes": [],
        "history": {
          "province_2512": null,
          "province_2276": null,
          "ruler_2515": null,
          "ruler_2512": null,
          "ruler_2276": null
        },
        "wiki": {
          "title": null,
          "url": null,
          "description": null,
          "image": null
        },
        "svg_layer": "Norsca"
      }
    },
    {
      "type": "Feature",
      "id": "copy_text_14977",
      "geometry": {
        "type": "Point",
        "coordinates": [
          1.352573,
          62.008422
        ]
      },
      "properties": {
        "id": "copy_text_14977",
        "name": "Jökel",
        "category": "settlement",
        "dataset": "norsca",
        "in_gazetteer": false,
        "type": null,
        "region": "Norsca",
        "province": null,
        "estate": null,
        "population": 82,
        "population_estimated": true,
        "size_category": 1,
        "trade": null,
        "source": null,
        "tags": [],
        "notes": [],
        "history": {
          "province_2512": null,
          "province_2276": null,
          "ruler_2515": null,
          "ruler_2512": null,
          "ruler_2276": null
        },
        "wiki": {
          "title": null,
          "url": null,
          "description": null,
          "image": null
        },
        "svg_layer": "Norsca"
      }
    },
    {
      "type": "Feature",
      "id": "copy_text_14978",
      "geometry": {
        "type": "Point",
        "coordinates": [
          1.453484,
          61.927693
        ]
      },
      "properties": {
        "id": "copy_text_14978",
        "name": "Mökern",
        "category": "settlement",
        "dataset": "norsca",
        "in_gazetteer": false,
        "type": null,
        "region": "Norsca",
        "province": null,
        "estate": null,
        "population": 93,
        "population_estimated": true,
        "size_category": 1,
        "trade": null,
        "source": null,
        "tags": [],
        "notes": [],
        "history": {
          "province_2512": null,
          "province_2276": null,
          "ruler_2515": null,
          "ruler_2512": null,
          "ruler_2276": null
        },
        "wiki": {
          "title": null,
          "url": null,
          "description": null,
          "image": null
        },
        "svg_layer": "Norsca"
      }
    },
    {
      "type": "Feature",
      "id": "copy_text_14979",
      "geometry": {
        "type": "Point",
        "coordinates": [
          1.836421,
          61.673195
        ]
      },
      "properties": {
        "id": "copy_text_14979",
        "name": "Klavsta",
        "category": "settlement",
        "dataset": "norsca",
        "in_gazetteer": false,
        "type": null,
        "region": "Norsca",
        "province": null,
        "estate": null,
        "population": 260,
        "population_estimated": true,
        "size_category": 1,
        "trade": null,
        "source": null,
        "tags": [],
        "notes": [],
        "history": {
          "province_2512": null,
          "province_2276": null,
          "ruler_2515": null,
          "ruler_2512": null,
          "ruler_2276": null
        },
        "wiki": {
          "title": null,
          "url": null,
          "description": null,
          "image": null
        },
        "svg_layer": "Norsca"
      }
    },
    {
      "type": "Feature",
      "id": "copy_text_14980",
      "geometry": {
        "type": "Point",
        "coordinates": [
          1.940001,
          61.647415
        ]
      },
      "properties": {
        "id": "copy_text_14980",
        "name": "Husnes",
        "category": "settlement",
        "dataset": "norsca",
        "in_gazetteer": false,
        "type": null,
        "region": "Norsca",
        "province": null,
        "estate": null,
        "population": 253,
        "population_estimated": true,
        "size_category": 1,
        "trade": null,
        "source": null,
        "tags": [],
        "notes": [],
        "history": {
          "province_2512": null,
          "province_2276": null,
          "ruler_2515": null,
          "ruler_2512": null,
          "ruler_2276": null
        },
        "wiki": {
          "title": null,
          "url": null,
          "description": null,
          "image": null
        },
        "svg_layer": "Norsca"
      }
    },
    {
      "type": "Feature",
      "id": "copy_text_14981",
      "geometry": {
        "type": "Point",
        "coordinates": [
          2.087315,
          61.503783
        ]
      },
      "properties": {
        "id": "copy_text_14981",
        "name": "Allak",
        "category": "settlement",
        "dataset": "norsca",
        "in_gazetteer": false,
        "type": null,
        "region": "Norsca",
        "province": null,
        "estate": null,
        "population": 562,
        "population_estimated": true,
        "size_category": 2,
        "trade": null,
        "source": null,
        "tags": [],
        "notes": [],
        "history": {
          "province_2512": null,
          "province_2276": null,
          "ruler_2515": null,
          "ruler_2512": null,
          "ruler_2276": null
        },
        "wiki": {
          "title": null,
          "url": null,
          "description": null,
          "image": null
        },
        "svg_layer": "Norsca"
      }
    },
    {
      "type": "Feature",
      "id": "copy_text_14982",
      "geometry": {
        "type": "Point",
        "coordinates": [
          2.208158,
          61.522197
        ]
      },
      "properties": {
        "id": "copy_text_14982",
        "name": "Eggeby",
        "category": "settlement",
        "dataset": "norsca",
        "in_gazetteer": false,
        "type": null,
        "region": "Norsca",
        "province": null,
        "estate": null,
        "population": 256,
        "population_estimated": true,
        "size_category": 1,
        "trade": null,
        "source": null,
        "tags": [],
        "notes": [],
        "history": {
          "province_2512": null,
          "province_2276": null,
          "ruler_2515": null,
          "ruler_2512": null,
          "ruler_2276": null
        },
        "wiki": {
          "title": null,
          "url": null,
          "description": null,
          "image": null
        },
        "svg_layer": "Norsca"
      }
    },
    {
      "type": "Feature",
      "id": "copy_text_14983",
      "geometry": {
        "type": "Point",
        "coordinates": [
          2.166726,
          61.457748
        ]
      },
      "properties": {
        "id": "copy_text_14983",
        "name": "Stave",
        "category": "settlement",
        "dataset": "norsca",
        "in_gazetteer": false,
        "type": null,
        "region": "Norsca",
        "province": null,
        "estate": null,
        "population": 129,
        "population_estimated": true,
        "size_category": 1,
        "trade": null,
        "source": null,
        "tags": [],
        "notes": [],
        "history": {
          "province_2512": null,
          "province_2276": null,
          "ruler_2515": null,
          "ruler_2512": null,
          "ruler_2276": null
        },
        "wiki": {
          "title": null,
          "url": null,
          "description": null,
          "image": null
        },
        "svg_layer": "Norsca"
      }
    },
    {
      "type": "Feature",
      "id": "copy_text_14984",
      "geometry": {
        "type": "Point",
        "coordinates": [
          2.659307,
          61.415395
        ]
      },
      "properties": {
        "id": "copy_text_14984",
        "name": "Gideå",
        "category": "settlement",
        "dataset": "norsca",
        "in_gazetteer": false,
        "type": null,
        "region": "Norsca",
        "province": null,
        "estate": null,
        "population": 292,
        "population_estimated": true,
        "size_category": 1,
        "trade": null,
        "source": null,
        "tags": [],
        "notes": [],
        "history": {
          "province_2512": null,
          "province_2276": null,
          "ruler_2515": null,
          "ruler_2512": null,
          "ruler_2276": null
        },
        "wiki": {
          "title": null,
          "url": null,
          "description": null,
          "image": null
        },
        "svg_layer": "Norsca"
      }
    },
    {
      "type": "Feature",
      "id": "copy_text_14985",
      "geometry": {
        "type": "Point",
        "coordinates": [
          2.813526,
          61.43381
        ]
      },
      "properties": {
        "id": "copy_text_14985",
        "name": "Mavas",
        "category": "settlement",
        "dataset": "norsca",
        "in_gazetteer": false,
        "type": null,
        "region": "Norsca",
        "province": null,
        "estate": null,
        "population": 110,
        "population_estimated": true,
        "size_category": 1,
        "trade": null,
        "source": null,
        "tags": [],
        "notes": [],
        "history": {
          "province_2512": null,
          "province_2276": null,
          "ruler_2515": null,
          "ruler_2512": null,
          "ruler_2276": null
        },
        "wiki": {
          "title": null,
          "url": null,
          "description": null,
          "image": null
        },
        "svg_layer": "Norsca"
      }
    },
    {
      "type": "Feature",
      "id": "copy_text_14986",
      "geometry": {
        "type": "Point",
        "coordinates": [
          2.592555,
          61.326086
        ]
      },
      "properties": {
        "id": "copy_text_14986",
        "name": "Norrsten",
        "category": "settlement",
        "dataset": "norsca",
        "in_gazetteer": false,
        "type": null,
        "region": "Norsca",
        "province": null,
        "estate": null,
        "population": 268,
        "population_estimated": true,
        "size_category": 1,
        "trade": null,
        "source": null,
        "tags": [],
        "notes": [],
        "history": {
          "province_2512": null,
          "province_2276": null,
          "ruler_2515": null,
          "ruler_2512": null,
          "ruler_2276": null
        },
        "wiki": {
          "title": null,
          "url": null,
          "description": null,
          "image": null
        },
        "svg_layer": "Norsca"
      }
    },
    {
      "type": "Feature",
      "id": "copy_text_14987",
      "geometry": {
        "type": "Point",
        "coordinates": [
          2.963142,
          61.490893
        ]
      },
      "properties": {
        "id": "copy_text_14987",
        "name": "Laukvik",
        "category": "settlement",
        "dataset": "norsca",
        "in_gazetteer": false,
        "type": null,
        "region": "Norsca",
        "province": null,
        "estate": null,
        "population": 782,
        "population_estimated": true,
        "size_category": 2,
        "trade": null,
        "source": null,
        "tags": [],
        "notes": [],
        "history": {
          "province_2512": null,
          "province_2276": null,
          "ruler_2515": null,
          "ruler_2512": null,
          "ruler_2276": null
        },
        "wiki": {
          "title": null,
          "url": null,
          "description": null,
          "image": null
        },
        "svg_layer": "Norsca"
      }
    },
    {
      "type": "Feature",
      "id": "copy_text_14988",
      "geometry": {
        "type": "Point",
        "coordinates": [
          3.475288,
          61.39514
        ]
      },
      "properties": {
        "id": "copy_text_14988",
        "name": "Stornäs",
        "category": "settlement",
        "dataset": "norsca",
        "in_gazetteer": false,
        "type": null,
        "region": "Norsca",
        "province": null,
        "estate": null,
        "population": 359,
        "population_estimated": true,
        "size_category": 2,
        "trade": null,
        "source": null,
        "tags": [],
        "notes": [],
        "history": {
          "province_2512": null,
          "province_2276": null,
          "ruler_2515": null,
          "ruler_2512": null,
          "ruler_2276": null
        },
        "wiki": {
          "title": null,
          "url": null,
          "description": null,
          "image": null
        },
        "svg_layer": "Norsca"
      }
    },
    {
      "type": "Feature",
      "id": "copy_text_14989",
      "geometry": {
        "type": "Point",
        "coordinates": [
          3.622602,
          61.48629
        ]
      },
      "properties": {
        "id": "copy_text_14989",
        "name": "Tromsö",
        "category": "settlement",
        "dataset": "norsca",
        "in_gazetteer": false,
        "type": null,
        "region": "Norsca",
        "province": null,
        "estate": null,
        "population": 244,
        "population_estimated": true,
        "size_category": 1,
        "trade": null,
        "source": null,
        "tags": [],
        "notes": [],
        "history": {
          "province_2512": null,
          "province_2276": null,
          "ruler_2515": null,
          "ruler_2512": null,
          "ruler_2276": null
        },
        "wiki": {
          "title": null,
          "url": null,
          "description": null,
          "image": null
        },
        "svg_layer": "Norsca"
      }
    },
    {
      "type": "Feature",
      "id": "copy_text_14990",
      "geometry": {
        "type": "Point",
        "coordinates": [
          3.812499,
          61.505625
        ]
      },
      "properties": {
        "id": "copy_text_14990",
        "name": "Höllvik",
        "category": "settlement",
        "dataset": "norsca",
        "in_gazetteer": false,
        "type": null,
        "region": "Norsca",
        "province": null,
        "estate": null,
        "population": 155,
        "population_estimated": true,
        "size_category": 1,
        "trade": null,
        "source": null,
        "tags": [],
        "notes": [],
        "history": {
          "province_2512": null,
          "province_2276": null,
          "ruler_2515": null,
          "ruler_2512": null,
          "ruler_2276": null
        },
        "wiki": {
          "title": null,
          "url": null,
          "description": null,
          "image": null
        },
        "svg_layer": "Norsca"
      }
    },
    {
      "type": "Feature",
      "id": "copy_text_14991",
      "geometry": {
        "type": "Point",
        "coordinates": [
          3.286167,
          61.307902
        ]
      },
      "properties": {
        "id": "copy_text_14991",
        "name": "Gullholmen",
        "category": "settlement",
        "dataset": "norsca",
        "in_gazetteer": false,
        "type": null,
        "region": "Norsca",
        "province": null,
        "estate": null,
        "population": 209,
        "population_estimated": true,
        "size_category": 1,
        "trade": null,
        "source": null,
        "tags": [],
        "notes": [],
        "history": {
          "province_2512": null,
          "province_2276": null,
          "ruler_2515": null,
          "ruler_2512": null,
          "ruler_2276": null
        },
        "wiki": {
          "title": null,
          "url": null,
          "description": null,
          "image": null
        },
        "svg_layer": "Norsca"
      }
    },
    {
      "type": "Feature",
      "id": "copy_text_14992",
      "geometry": {
        "type": "Point",
        "coordinates": [
          2.557,
          61.190714
        ]
      },
      "properties": {
        "id": "copy_text_14992",
        "name": "Borrby",
        "category": "settlement",
        "dataset": "norsca",
        "in_gazetteer": false,
        "type": null,
        "region": "Norsca",
        "province": null,
        "estate": null,
        "population": 94,
        "population_estimated": true,
        "size_category": 1,
        "trade": null,
        "source": null,
        "tags": [],
        "notes": [],
        "history": {
          "province_2512": null,
          "province_2276": null,
          "ruler_2515": null,
          "ruler_2512": null,
          "ruler_2276": null
        },
        "wiki": {
          "title": null,
          "url": null,
          "description": null,
          "image": null
        },
        "svg_layer": "Norsca"
      }
    },
    {
      "type": "Feature",
      "id": "copy_text_14993",
      "geometry": {
        "type": "Point",
        "coordinates": [
          2.099643,
          61.165975
        ]
      },
      "properties": {
        "id": "copy_text_14993",
        "name": "Arild",
        "category": "settlement",
        "dataset": "norsca",
        "in_gazetteer": false,
        "type": null,
        "region": "Norsca",
        "province": null,
        "estate": null,
        "population": 119,
        "population_estimated": true,
        "size_category": 1,
        "trade": null,
        "source": null,
        "tags": [],
        "notes": [],
        "history": {
          "province_2512": null,
          "province_2276": null,
          "ruler_2515": null,
          "ruler_2512": null,
          "ruler_2276": null
        },
        "wiki": {
          "title": null,
          "url": null,
          "description": null,
          "image": null
        },
        "svg_layer": "Norsca"
      }
    },
    {
      "type": "Feature",
      "id": "copy_text_14994",
      "geometry": {
        "type": "Point",
        "coordinates": [
          -0.117154,
          61.111287
        ]
      },
      "properties": {
        "id": "copy_text_14994",
        "name": "Granås",
        "category": "settlement",
        "dataset": "norsca",
        "in_gazetteer": false,
        "type": null,
        "region": "Norsca",
        "province": null,
        "estate": null,
        "population": 148,
        "population_estimated": true,
        "size_category": 1,
        "trade": null,
        "source": null,
        "tags": [],
        "notes": [],
        "history": {
          "province_2512": null,
          "province_2276": null,
          "ruler_2515": null,
          "ruler_2512": null,
          "ruler_2276": null
        },
        "wiki": {
          "title": null,
          "url": null,
          "description": null,
          "image": null
        },
        "svg_layer": "Norsca"
      }
    },
    {
      "type": "Feature",
      "id": "copy_text_14995",
      "geometry": {
        "type": "Point",
        "coordinates": [
          0.156284,
          61.492798
        ]
      },
      "properties": {
        "id": "copy_text_14995",
        "name": "Flåren",
        "category": "settlement",
        "dataset": "norsca",
        "in_gazetteer": false,
        "type": null,
        "region": "Norsca",
        "province": null,
        "estate": null,
        "population": 237,
        "population_estimated": true,
        "size_category": 1,
        "trade": null,
        "source": null,
        "tags": [],
        "notes": [],
        "history": {
          "province_2512": null,
          "province_2276": null,
          "ruler_2515": null,
          "ruler_2512": null,
          "ruler_2276": null
        },
        "wiki": {
          "title": null,
          "url": null,
          "description": null,
          "image": null
        },
        "svg_layer": "Norsca"
      }
    },
    {
      "type": "Feature",
      "id": "copy_text_14996",
      "geometry": {
        "type": "Point",
        "coordinates": [
          -10.506152,
          64.162068
        ]
      },
      "properties": {
        "id": "copy_text_14996",
        "name": "Åbygda",
        "category": "settlement",
        "dataset": "norsca",
        "in_gazetteer": false,
        "type": null,
        "region": "Norsca",
        "province": null,
        "estate": null,
        "population": 589,
        "population_estimated": true,
        "size_category": 2,
        "trade": null,
        "source": null,
        "tags": [],
        "notes": [],
        "history": {
          "province_2512": null,
          "province_2276": null,
          "ruler_2515": null,
          "ruler_2512": null,
          "ruler_2276": null
        },
        "wiki": {
          "title": null,
          "url": null,
          "description": null,
          "image": null
        },
        "svg_layer": "Norsca"
      }
    },
    {
      "type": "Feature",
      "id": "copy_text_14997",
      "geometry": {
        "type": "Point",
        "coordinates": [
          -10.273405,
          64.323527
        ]
      },
      "properties": {
        "id": "copy_text_14997",
        "name": "Terråk",
        "category": "settlement",
        "dataset": "norsca",
        "in_gazetteer": false,
        "type": null,
        "region": "Norsca",
        "province": null,
        "estate": null,
        "population": 68,
        "population_estimated": true,
        "size_category": 1,
        "trade": null,
        "source": null,
        "tags": [],
        "notes": [],
        "history": {
          "province_2512": null,
          "province_2276": null,
          "ruler_2515": null,
          "ruler_2512": null,
          "ruler_2276": null
        },
        "wiki": {
          "title": null,
          "url": null,
          "description": null,
          "image": null
        },
        "svg_layer": "Norsca"
      }
    },
    {
      "type": "Feature",
      "id": "copy_text_14998",
      "geometry": {
        "type": "Point",
        "coordinates": [
          -10.101762,
          64.199628
        ]
      },
      "properties": {
        "id": "copy_text_14998",
        "name": "Vassås",
        "category": "settlement",
        "dataset": "norsca",
        "in_gazetteer": false,
        "type": null,
        "region": "Norsca",
        "province": null,
        "estate": null,
        "population": 104,
        "population_estimated": true,
        "size_category": 1,
        "trade": null,
        "source": null,
        "tags": [],
        "notes": [],
        "history": {
          "province_2512": null,
          "province_2276": null,
          "ruler_2515": null,
          "ruler_2512": null,
          "ruler_2276": null
        },
        "wiki": {
          "title": null,
          "url": null,
          "description": null,
          "image": null
        },
        "svg_layer": "Norsca"
      }
    },
    {
      "type": "Feature",
      "id": "copy_text_14999",
      "geometry": {
        "type": "Point",
        "coordinates": [
          -9.682837,
          64.896607
        ]
      },
      "properties": {
        "id": "copy_text_14999",
        "name": "Sørhorsfjord",
        "category": "settlement",
        "dataset": "norsca",
        "in_gazetteer": false,
        "type": null,
        "region": "Norsca",
        "province": null,
        "estate": null,
        "population": 89,
        "population_estimated": true,
        "size_category": 1,
        "trade": null,
        "source": null,
        "tags": [],
        "notes": [],
        "history": {
          "province_2512": null,
          "province_2276": null,
          "ruler_2515": null,
          "ruler_2512": null,
          "ruler_2276": null
        },
        "wiki": {
          "title": null,
          "url": null,
          "description": null,
          "image": null
        },
        "svg_layer": "Norsca"
      }
    },
    {
      "type": "Feature",
      "id": "copy_text_15000",
      "geometry": {
        "type": "Point",
        "coordinates": [
          -9.204068,
          64.776915
        ]
      },
      "properties": {
        "id": "copy_text_15000",
        "name": "Lysfjord",
        "category": "settlement",
        "dataset": "norsca",
        "in_gazetteer": false,
        "type": null,
        "region": "Norsca",
        "province": null,
        "estate": null,
        "population": 218,
        "population_estimated": true,
        "size_category": 1,
        "trade": null,
        "source": null,
        "tags": [],
        "notes": [],
        "history": {
          "province_2512": null,
          "province_2276": null,
          "ruler_2515": null,
          "ruler_2512": null,
          "ruler_2276": null
        },
        "wiki": {
          "title": null,
          "url": null,
          "description": null,
          "image": null
        },
        "svg_layer": "Norsca"
      }
    },
    {
      "type": "Feature",
      "id": "copy_text_15001",
      "geometry": {
        "type": "Point",
        "coordinates": [
          -8.424914,
          65.277782
        ]
      },
      "properties": {
        "id": "copy_text_15001",
        "name": "Nordhorsfjord",
        "category": "settlement",
        "dataset": "norsca",
        "in_gazetteer": false,
        "type": null,
        "region": "Norsca",
        "province": null,
        "estate": null,
        "population": 133,
        "population_estimated": true,
        "size_category": 1,
        "trade": null,
        "source": null,
        "tags": [],
        "notes": [],
        "history": {
          "province_2512": null,
          "province_2276": null,
          "ruler_2515": null,
          "ruler_2512": null,
          "ruler_2276": null
        },
        "wiki": {
          "title": null,
          "url": null,
          "description": null,
          "image": null
        },
        "svg_layer": "Norsca"
      }
    },
    {
      "type": "Feature",
      "id": "copy_text_15002",
      "geometry": {
        "type": "Point",
        "coordinates": [
          -7.978369,
          65.291593
        ]
      },
      "properties": {
        "id": "copy_text_15002",
        "name": "Bindalseidet",
        "category": "settlement",
        "dataset": "norsca",
        "in_gazetteer": false,
        "type": null,
        "region": "Norsca",
        "province": null,
        "estate": null,
        "population": 143,
        "population_estimated": true,
        "size_category": 1,
        "trade": null,
        "source": null,
        "tags": [],
        "notes": [],
        "history": {
          "province_2512": null,
          "province_2276": null,
          "ruler_2515": null,
          "ruler_2512": null,
          "ruler_2276": null
        },
        "wiki": {
          "title": null,
          "url": null,
          "description": null,
          "image": null
        },
        "svg_layer": "Norsca"
      }
    },
    {
      "type": "Feature",
      "id": "copy_text_15003",
      "geometry": {
        "type": "Point",
        "coordinates": [
          -7.634253,
          65.383664
        ]
      },
      "properties": {
        "id": "copy_text_15003",
        "name": "Majavatn",
        "category": "settlement",
        "dataset": "norsca",
        "in_gazetteer": false,
        "type": null,
        "region": "Norsca",
        "province": null,
        "estate": null,
        "population": 285,
        "population_estimated": true,
        "size_category": 1,
        "trade": null,
        "source": null,
        "tags": [],
        "notes": [],
        "history": {
          "province_2512": null,
          "province_2276": null,
          "ruler_2515": null,
          "ruler_2512": null,
          "ruler_2276": null
        },
        "wiki": {
          "title": null,
          "url": null,
          "description": null,
          "image": null
        },
        "svg_layer": "Norsca"
      }
    },
    {
      "type": "Feature",
      "id": "copy_text_15004",
      "geometry": {
        "type": "Point",
        "coordinates": [
          -7.555992,
          65.368933
        ]
      },
      "properties": {
        "id": "copy_text_15004",
        "name": "Skjelsviksjøen",
        "category": "settlement",
        "dataset": "norsca",
        "in_gazetteer": false,
        "type": null,
        "region": "Norsca",
        "province": null,
        "estate": null,
        "population": 104,
        "population_estimated": true,
        "size_category": 1,
        "trade": null,
        "source": null,
        "tags": [],
        "notes": [],
        "history": {
          "province_2512": null,
          "province_2276": null,
          "ruler_2515": null,
          "ruler_2512": null,
          "ruler_2276": null
        },
        "wiki": {
          "title": null,
          "url": null,
          "description": null,
          "image": null
        },
        "svg_layer": "Norsca"
      }
    },
    {
      "type": "Feature",
      "id": "copy_text_15005",
      "geometry": {
        "type": "Point",
        "coordinates": [
          -7.15088,
          65.393792
        ]
      },
      "properties": {
        "id": "copy_text_15005",
        "name": "Vennesund",
        "category": "settlement",
        "dataset": "norsca",
        "in_gazetteer": false,
        "type": null,
        "region": "Norsca",
        "province": null,
        "estate": null,
        "population": 333,
        "population_estimated": true,
        "size_category": 2,
        "trade": null,
        "source": null,
        "tags": [],
        "notes": [],
        "history": {
          "province_2512": null,
          "province_2276": null,
          "ruler_2515": null,
          "ruler_2512": null,
          "ruler_2276": null
        },
        "wiki": {
          "title": null,
          "url": null,
          "description": null,
          "image": null
        },
        "svg_layer": "Norsca"
      }
    },
    {
      "type": "Feature",
      "id": "copy_text_15006",
      "geometry": {
        "type": "Point",
        "coordinates": [
          -6.882237,
          65.451928
        ]
      },
      "properties": {
        "id": "copy_text_15006",
        "name": "Lande",
        "category": "settlement",
        "dataset": "norsca",
        "in_gazetteer": false,
        "type": null,
        "region": "Norsca",
        "province": null,
        "estate": null,
        "population": 193,
        "population_estimated": true,
        "size_category": 1,
        "trade": null,
        "source": null,
        "tags": [],
        "notes": [],
        "history": {
          "province_2512": null,
          "province_2276": null,
          "ruler_2515": null,
          "ruler_2512": null,
          "ruler_2276": null
        },
        "wiki": {
          "title": null,
          "url": null,
          "description": null,
          "image": null
        },
        "svg_layer": "Norsca"
      }
    },
    {
      "type": "Feature",
      "id": "copy_text_15007",
      "geometry": {
        "type": "Point",
        "coordinates": [
          -6.612263,
          65.255685
        ]
      },
      "properties": {
        "id": "copy_text_15007",
        "name": "Trælnes",
        "category": "settlement",
        "dataset": "norsca",
        "in_gazetteer": false,
        "type": null,
        "region": "Norsca",
        "province": null,
        "estate": null,
        "population": 148,
        "population_estimated": true,
        "size_category": 1,
        "trade": null,
        "source": null,
        "tags": [],
        "notes": [],
        "history": {
          "province_2512": null,
          "province_2276": null,
          "ruler_2515": null,
          "ruler_2512": null,
          "ruler_2276": null
        },
        "wiki": {
          "title": null,
          "url": null,
          "description": null,
          "image": null
        },
        "svg_layer": "Norsca"
      }
    },
    {
      "type": "Feature",
      "id": "copy_text_15008",
      "geometry": {
        "type": "Point",
        "coordinates": [
          -6.68592,
          65.170059
        ]
      },
      "properties": {
        "id": "copy_text_15008",
        "name": "Svenskvollen",
        "category": "settlement",
        "dataset": "norsca",
        "in_gazetteer": false,
        "type": null,
        "region": "Norsca",
        "province": null,
        "estate": null,
        "population": 248,
        "population_estimated": true,
        "size_category": 1,
        "trade": null,
        "source": null,
        "tags": [],
        "notes": [],
        "history": {
          "province_2512": null,
          "province_2276": null,
          "ruler_2515": null,
          "ruler_2512": null,
          "ruler_2276": null
        },
        "wiki": {
          "title": null,
          "url": null,
          "description": null,
          "image": null
        },
        "svg_layer": "Norsca"
      }
    },
    {
      "type": "Feature",
      "id": "copy_text_15009",
      "geometry": {
        "type": "Point",
        "coordinates": [
          -6.619168,
          65.020903
        ]
      },
      "properties": {
        "id": "copy_text_15009",
        "name": "Hommelstø",
        "category": "settlement",
        "dataset": "norsca",
        "in_gazetteer": false,
        "type": null,
        "region": "Norsca",
        "province": null,
        "estate": null,
        "population": 191,
        "population_estimated": true,
        "size_category": 1,
        "trade": null,
        "source": null,
        "tags": [],
        "notes": [],
        "history": {
          "province_2512": null,
          "province_2276": null,
          "ruler_2515": null,
          "ruler_2512": null,
          "ruler_2276": null
        },
        "wiki": {
          "title": null,
          "url": null,
          "description": null,
          "image": null
        },
        "svg_layer": "Norsca"
      }
    },
    {
      "type": "Feature",
      "id": "copy_text_15010",
      "geometry": {
        "type": "Point",
        "coordinates": [
          -12.405844,
          62.891296
        ]
      },
      "properties": {
        "id": "copy_text_15010",
        "name": "Falköping",
        "category": "settlement",
        "dataset": "norsca",
        "in_gazetteer": false,
        "type": null,
        "region": "Norsca",
        "province": null,
        "estate": null,
        "population": 192,
        "population_estimated": true,
        "size_category": 1,
        "trade": null,
        "source": null,
        "tags": [],
        "notes": [],
        "history": {
          "province_2512": null,
          "province_2276": null,
          "ruler_2515": null,
          "ruler_2512": null,
          "ruler_2276": null
        },
        "wiki": {
          "title": null,
          "url": null,
          "description": null,
          "image": null
        },
        "svg_layer": "Norsca"
      }
    },
    {
      "type": "Feature",
      "id": "copy_text_15011",
      "geometry": {
        "type": "Point",
        "coordinates": [
          -11.919017,
          62.767921
        ]
      },
      "properties": {
        "id": "copy_text_15011",
        "name": "Grästorp",
        "category": "settlement",
        "dataset": "norsca",
        "in_gazetteer": false,
        "type": null,
        "region": "Norsca",
        "province": null,
        "estate": null,
        "population": 107,
        "population_estimated": true,
        "size_category": 1,
        "trade": null,
        "source": null,
        "tags": [],
        "notes": [],
        "history": {
          "province_2512": null,
          "province_2276": null,
          "ruler_2515": null,
          "ruler_2512": null,
          "ruler_2276": null
        },
        "wiki": {
          "title": null,
          "url": null,
          "description": null,
          "image": null
        },
        "svg_layer": "Norsca"
      }
    },
    {
      "type": "Feature",
      "id": "copy_text_15012",
      "geometry": {
        "type": "Point",
        "coordinates": [
          -11.317102,
          62.536822
        ]
      },
      "properties": {
        "id": "copy_text_15012",
        "name": "Åtvidaberg",
        "category": "settlement",
        "dataset": "norsca",
        "in_gazetteer": false,
        "type": null,
        "region": "Norsca",
        "province": null,
        "estate": null,
        "population": 104,
        "population_estimated": true,
        "size_category": 1,
        "trade": null,
        "source": null,
        "tags": [],
        "notes": [],
        "history": {
          "province_2512": null,
          "province_2276": null,
          "ruler_2515": null,
          "ruler_2512": null,
          "ruler_2276": null
        },
        "wiki": {
          "title": null,
          "url": null,
          "description": null,
          "image": null
        },
        "svg_layer": "Norsca"
      }
    },
    {
      "type": "Feature",
      "id": "copy_text_15013",
      "geometry": {
        "type": "Point",
        "coordinates": [
          -12.630266,
          62.716361
        ]
      },
      "properties": {
        "id": "copy_text_15013",
        "name": "Motala",
        "category": "settlement",
        "dataset": "norsca",
        "in_gazetteer": false,
        "type": null,
        "region": "Norsca",
        "province": null,
        "estate": null,
        "population": 234,
        "population_estimated": true,
        "size_category": 1,
        "trade": null,
        "source": null,
        "tags": [],
        "notes": [],
        "history": {
          "province_2512": null,
          "province_2276": null,
          "ruler_2515": null,
          "ruler_2512": null,
          "ruler_2276": null
        },
        "wiki": {
          "title": null,
          "url": null,
          "description": null,
          "image": null
        },
        "svg_layer": "Norsca"
      }
    },
    {
      "type": "Feature",
      "id": "copy_text_15014",
      "geometry": {
        "type": "Point",
        "coordinates": [
          -12.213644,
          62.647308
        ]
      },
      "properties": {
        "id": "copy_text_15014",
        "name": "Ytterhogdal",
        "category": "settlement",
        "dataset": "norsca",
        "in_gazetteer": false,
        "type": null,
        "region": "Norsca",
        "province": null,
        "estate": null,
        "population": 115,
        "population_estimated": true,
        "size_category": 1,
        "trade": null,
        "source": null,
        "tags": [],
        "notes": [],
        "history": {
          "province_2512": null,
          "province_2276": null,
          "ruler_2515": null,
          "ruler_2512": null,
          "ruler_2276": null
        },
        "wiki": {
          "title": null,
          "url": null,
          "description": null,
          "image": null
        },
        "svg_layer": "Norsca"
      }
    },
    {
      "type": "Feature",
      "id": "copy_text_15015",
      "geometry": {
        "type": "Point",
        "coordinates": [
          -12.250473,
          62.422654
        ]
      },
      "properties": {
        "id": "copy_text_15015",
        "name": "Halmstad",
        "category": "settlement",
        "dataset": "norsca",
        "in_gazetteer": false,
        "type": null,
        "region": "Norsca",
        "province": null,
        "estate": null,
        "population": 402,
        "population_estimated": true,
        "size_category": 2,
        "trade": null,
        "source": null,
        "tags": [],
        "notes": [],
        "history": {
          "province_2512": null,
          "province_2276": null,
          "ruler_2515": null,
          "ruler_2512": null,
          "ruler_2276": null
        },
        "wiki": {
          "title": null,
          "url": null,
          "description": null,
          "image": null
        },
        "svg_layer": "Norsca"
      }
    },
    {
      "type": "Feature",
      "id": "copy_text_15016",
      "geometry": {
        "type": "Point",
        "coordinates": [
          -12.522083,
          62.501835
        ]
      },
      "properties": {
        "id": "copy_text_15016",
        "name": "Verkö",
        "category": "settlement",
        "dataset": "norsca",
        "in_gazetteer": false,
        "type": null,
        "region": "Norsca",
        "province": null,
        "estate": null,
        "population": 164,
        "population_estimated": true,
        "size_category": 1,
        "trade": null,
        "source": null,
        "tags": [],
        "notes": [],
        "history": {
          "province_2512": null,
          "province_2276": null,
          "ruler_2515": null,
          "ruler_2512": null,
          "ruler_2276": null
        },
        "wiki": {
          "title": null,
          "url": null,
          "description": null,
          "image": null
        },
        "svg_layer": "Norsca"
      }
    },
    {
      "type": "Feature",
      "id": "copy_text_15017",
      "geometry": {
        "type": "Point",
        "coordinates": [
          -12.449577,
          62.434623
        ]
      },
      "properties": {
        "id": "copy_text_15017",
        "name": "Bergsaker",
        "category": "settlement",
        "dataset": "norsca",
        "in_gazetteer": false,
        "type": null,
        "region": "Norsca",
        "province": null,
        "estate": null,
        "population": 88,
        "population_estimated": true,
        "size_category": 1,
        "trade": null,
        "source": null,
        "tags": [],
        "notes": [],
        "history": {
          "province_2512": null,
          "province_2276": null,
          "ruler_2515": null,
          "ruler_2512": null,
          "ruler_2276": null
        },
        "wiki": {
          "title": null,
          "url": null,
          "description": null,
          "image": null
        },
        "svg_layer": "Norsca"
      }
    },
    {
      "type": "Feature",
      "id": "copy_text_15018",
      "geometry": {
        "type": "Point",
        "coordinates": [
          -12.746507,
          62.511963
        ]
      },
      "properties": {
        "id": "copy_text_15018",
        "name": "Laggarberg",
        "category": "settlement",
        "dataset": "norsca",
        "in_gazetteer": false,
        "type": null,
        "region": "Norsca",
        "province": null,
        "estate": null,
        "population": 323,
        "population_estimated": true,
        "size_category": 2,
        "trade": null,
        "source": null,
        "tags": [],
        "notes": [],
        "history": {
          "province_2512": null,
          "province_2276": null,
          "ruler_2515": null,
          "ruler_2512": null,
          "ruler_2276": null
        },
        "wiki": {
          "title": null,
          "url": null,
          "description": null,
          "image": null
        },
        "svg_layer": "Norsca"
      }
    },
    {
      "type": "Feature",
      "id": "copy_text_15019",
      "geometry": {
        "type": "Point",
        "coordinates": [
          -12.749959,
          62.267054
        ]
      },
      "properties": {
        "id": "copy_text_15019",
        "name": "Oraker",
        "category": "settlement",
        "dataset": "norsca",
        "in_gazetteer": false,
        "type": null,
        "region": "Norsca",
        "province": null,
        "estate": null,
        "population": 105,
        "population_estimated": true,
        "size_category": 1,
        "trade": null,
        "source": null,
        "tags": [],
        "notes": [],
        "history": {
          "province_2512": null,
          "province_2276": null,
          "ruler_2515": null,
          "ruler_2512": null,
          "ruler_2276": null
        },
        "wiki": {
          "title": null,
          "url": null,
          "description": null,
          "image": null
        },
        "svg_layer": "Norsca"
      }
    },
    {
      "type": "Feature",
      "id": "copy_text_15020",
      "geometry": {
        "type": "Point",
        "coordinates": [
          -12.464539,
          62.20997
        ]
      },
      "properties": {
        "id": "copy_text_15020",
        "name": "Vifsta",
        "category": "settlement",
        "dataset": "norsca",
        "in_gazetteer": false,
        "type": null,
        "region": "Norsca",
        "province": null,
        "estate": null,
        "population": 295,
        "population_estimated": true,
        "size_category": 1,
        "trade": null,
        "source": null,
        "tags": [],
        "notes": [],
        "history": {
          "province_2512": null,
          "province_2276": null,
          "ruler_2515": null,
          "ruler_2512": null,
          "ruler_2276": null
        },
        "wiki": {
          "title": null,
          "url": null,
          "description": null,
          "image": null
        },
        "svg_layer": "Norsca"
      }
    },
    {
      "type": "Feature",
      "id": "copy_text_15021",
      "geometry": {
        "type": "Point",
        "coordinates": [
          -12.251624,
          62.208128
        ]
      },
      "properties": {
        "id": "copy_text_15021",
        "name": "Finsta",
        "category": "settlement",
        "dataset": "norsca",
        "in_gazetteer": false,
        "type": null,
        "region": "Norsca",
        "province": null,
        "estate": null,
        "population": 297,
        "population_estimated": true,
        "size_category": 1,
        "trade": null,
        "source": null,
        "tags": [],
        "notes": [],
        "history": {
          "province_2512": null,
          "province_2276": null,
          "ruler_2515": null,
          "ruler_2512": null,
          "ruler_2276": null
        },
        "wiki": {
          "title": null,
          "url": null,
          "description": null,
          "image": null
        },
        "svg_layer": "Norsca"
      }
    },
    {
      "type": "Feature",
      "id": "copy_text_15022",
      "geometry": {
        "type": "Point",
        "coordinates": [
          -12.037558,
          62.27626
        ]
      },
      "properties": {
        "id": "copy_text_15022",
        "name": "Valknytt",
        "category": "settlement",
        "dataset": "norsca",
        "in_gazetteer": false,
        "type": null,
        "region": "Norsca",
        "province": null,
        "estate": null,
        "population": 134,
        "population_estimated": true,
        "size_category": 1,
        "trade": null,
        "source": null,
        "tags": [],
        "notes": [],
        "history": {
          "province_2512": null,
          "province_2276": null,
          "ruler_2515": null,
          "ruler_2512": null,
          "ruler_2276": null
        },
        "wiki": {
          "title": null,
          "url": null,
          "description": null,
          "image": null
        },
        "svg_layer": "Norsca"
      }
    },
    {
      "type": "Feature",
      "id": "copy_text_15023",
      "geometry": {
        "type": "Point",
        "coordinates": [
          -11.709554,
          62.358204
        ]
      },
      "properties": {
        "id": "copy_text_15023",
        "name": "Kubikenborg",
        "category": "settlement",
        "dataset": "norsca",
        "in_gazetteer": false,
        "type": null,
        "region": "Norsca",
        "province": null,
        "estate": null,
        "population": 146,
        "population_estimated": true,
        "size_category": 1,
        "trade": null,
        "source": null,
        "tags": [],
        "notes": [],
        "history": {
          "province_2512": null,
          "province_2276": null,
          "ruler_2515": null,
          "ruler_2512": null,
          "ruler_2276": null
        },
        "wiki": {
          "title": null,
          "url": null,
          "description": null,
          "image": null
        },
        "svg_layer": "Norsca"
      }
    },
    {
      "type": "Feature",
      "id": "copy_text_15024",
      "geometry": {
        "type": "Point",
        "coordinates": [
          -11.898301,
          62.221018
        ]
      },
      "properties": {
        "id": "copy_text_15024",
        "name": "Gangviken",
        "category": "settlement",
        "dataset": "norsca",
        "in_gazetteer": false,
        "type": null,
        "region": "Norsca",
        "province": null,
        "estate": null,
        "population": 156,
        "population_estimated": true,
        "size_category": 1,
        "trade": null,
        "source": null,
        "tags": [],
        "notes": [],
        "history": {
          "province_2512": null,
          "province_2276": null,
          "ruler_2515": null,
          "ruler_2512": null,
          "ruler_2276": null
        },
        "wiki": {
          "title": null,
          "url": null,
          "description": null,
          "image": null
        },
        "svg_layer": "Norsca"
      }
    },
    {
      "type": "Feature",
      "id": "copy_text_15025",
      "geometry": {
        "type": "Point",
        "coordinates": [
          -12.983939,
          62.115518
        ]
      },
      "properties": {
        "id": "copy_text_15025",
        "name": "Horningsholm",
        "category": "settlement",
        "dataset": "norsca",
        "in_gazetteer": false,
        "type": null,
        "region": "Norsca",
        "province": null,
        "estate": null,
        "population": 113,
        "population_estimated": true,
        "size_category": 1,
        "trade": null,
        "source": null,
        "tags": [],
        "notes": [],
        "history": {
          "province_2512": null,
          "province_2276": null,
          "ruler_2515": null,
          "ruler_2512": null,
          "ruler_2276": null
        },
        "wiki": {
          "title": null,
          "url": null,
          "description": null,
          "image": null
        },
        "svg_layer": "Norsca"
      }
    },
    {
      "type": "Feature",
      "id": "copy_text_15026",
      "geometry": {
        "type": "Point",
        "coordinates": [
          -12.905272,
          62.094341
        ]
      },
      "properties": {
        "id": "copy_text_15026",
        "name": "Assjon",
        "category": "settlement",
        "dataset": "norsca",
        "in_gazetteer": false,
        "type": null,
        "region": "Norsca",
        "province": null,
        "estate": null,
        "population": 157,
        "population_estimated": true,
        "size_category": 1,
        "trade": null,
        "source": null,
        "tags": [],
        "notes": [],
        "history": {
          "province_2512": null,
          "province_2276": null,
          "ruler_2515": null,
          "ruler_2512": null,
          "ruler_2276": null
        },
        "wiki": {
          "title": null,
          "url": null,
          "description": null,
          "image": null
        },
        "svg_layer": "Norsca"
      }
    },
    {
      "type": "Feature",
      "id": "copy_text_15027",
      "geometry": {
        "type": "Point",
        "coordinates": [
          -13.345784,
          61.93755
        ]
      },
      "properties": {
        "id": "copy_text_15027",
        "name": "Pottang",
        "category": "settlement",
        "dataset": "norsca",
        "in_gazetteer": false,
        "type": null,
        "region": "Norsca",
        "province": null,
        "estate": null,
        "population": 125,
        "population_estimated": true,
        "size_category": 1,
        "trade": null,
        "source": null,
        "tags": [],
        "notes": [],
        "history": {
          "province_2512": null,
          "province_2276": null,
          "ruler_2515": null,
          "ruler_2512": null,
          "ruler_2276": null
        },
        "wiki": {
          "title": null,
          "url": null,
          "description": null,
          "image": null
        },
        "svg_layer": "Norsca"
      }
    },
    {
      "type": "Feature",
      "id": "copy_text_15028",
      "geometry": {
        "type": "Point",
        "coordinates": [
          -13.25362,
          61.869957
        ]
      },
      "properties": {
        "id": "copy_text_15028",
        "name": "Svarthamn",
        "category": "settlement",
        "dataset": "norsca",
        "in_gazetteer": false,
        "type": null,
        "region": "Norsca",
        "province": null,
        "estate": null,
        "population": 141,
        "population_estimated": true,
        "size_category": 1,
        "trade": null,
        "source": null,
        "tags": [],
        "notes": [],
        "history": {
          "province_2512": null,
          "province_2276": null,
          "ruler_2515": null,
          "ruler_2512": null,
          "ruler_2276": null
        },
        "wiki": {
          "title": null,
          "url": null,
          "description": null,
          "image": null
        },
        "svg_layer": "Norsca"
      }
    },
    {
      "type": "Feature",
      "id": "copy_text_15029",
      "geometry": {
        "type": "Point",
        "coordinates": [
          -12.891519,
          61.710023
        ]
      },
      "properties": {
        "id": "copy_text_15029",
        "name": "Sodervik",
        "category": "settlement",
        "dataset": "norsca",
        "in_gazetteer": false,
        "type": null,
        "region": "Norsca",
        "province": null,
        "estate": null,
        "population": 108,
        "population_estimated": true,
        "size_category": 1,
        "trade": null,
        "source": null,
        "tags": [],
        "notes": [],
        "history": {
          "province_2512": null,
          "province_2276": null,
          "ruler_2515": null,
          "ruler_2512": null,
          "ruler_2276": null
        },
        "wiki": {
          "title": null,
          "url": null,
          "description": null,
          "image": null
        },
        "svg_layer": "Norsca"
      }
    },
    {
      "type": "Feature",
      "id": "copy_text_15030",
      "geometry": {
        "type": "Point",
        "coordinates": [
          -11.764798,
          62.021224
        ]
      },
      "properties": {
        "id": "copy_text_15030",
        "name": "Norrkrange",
        "category": "settlement",
        "dataset": "norsca",
        "in_gazetteer": false,
        "type": null,
        "region": "Norsca",
        "province": null,
        "estate": null,
        "population": 287,
        "population_estimated": true,
        "size_category": 1,
        "trade": null,
        "source": null,
        "tags": [],
        "notes": [],
        "history": {
          "province_2512": null,
          "province_2276": null,
          "ruler_2515": null,
          "ruler_2512": null,
          "ruler_2276": null
        },
        "wiki": {
          "title": null,
          "url": null,
          "description": null,
          "image": null
        },
        "svg_layer": "Norsca"
      }
    },
    {
      "type": "Feature",
      "id": "copy_text_15031",
      "geometry": {
        "type": "Point",
        "coordinates": [
          -11.624389,
          61.984395
        ]
      },
      "properties": {
        "id": "copy_text_15031",
        "name": "Vike",
        "category": "settlement",
        "dataset": "norsca",
        "in_gazetteer": false,
        "type": null,
        "region": "Norsca",
        "province": null,
        "estate": null,
        "population": 151,
        "population_estimated": true,
        "size_category": 1,
        "trade": null,
        "source": null,
        "tags": [],
        "notes": [],
        "history": {
          "province_2512": null,
          "province_2276": null,
          "ruler_2515": null,
          "ruler_2512": null,
          "ruler_2276": null
        },
        "wiki": {
          "title": null,
          "url": null,
          "description": null,
          "image": null
        },
        "svg_layer": "Norsca"
      }
    },
    {
      "type": "Feature",
      "id": "copy_text_15032",
      "geometry": {
        "type": "Point",
        "coordinates": [
          -11.626691,
          61.92639
        ]
      },
      "properties": {
        "id": "copy_text_15032",
        "name": "Svedje",
        "category": "settlement",
        "dataset": "norsca",
        "in_gazetteer": false,
        "type": null,
        "region": "Norsca",
        "province": null,
        "estate": null,
        "population": 80,
        "population_estimated": true,
        "size_category": 1,
        "trade": null,
        "source": null,
        "tags": [],
        "notes": [],
        "history": {
          "province_2512": null,
          "province_2276": null,
          "ruler_2515": null,
          "ruler_2512": null,
          "ruler_2276": null
        },
        "wiki": {
          "title": null,
          "url": null,
          "description": null,
          "image": null
        },
        "svg_layer": "Norsca"
      }
    },
    {
      "type": "Feature",
      "id": "copy_text_15033",
      "geometry": {
        "type": "Point",
        "coordinates": [
          -11.517357,
          61.891403
        ]
      },
      "properties": {
        "id": "copy_text_15033",
        "name": "Stavreviken",
        "category": "settlement",
        "dataset": "norsca",
        "in_gazetteer": false,
        "type": null,
        "region": "Norsca",
        "province": null,
        "estate": null,
        "population": 542,
        "population_estimated": true,
        "size_category": 2,
        "trade": null,
        "source": null,
        "tags": [],
        "notes": [],
        "history": {
          "province_2512": null,
          "province_2276": null,
          "ruler_2515": null,
          "ruler_2512": null,
          "ruler_2276": null
        },
        "wiki": {
          "title": null,
          "url": null,
          "description": null,
          "image": null
        },
        "svg_layer": "Norsca"
      }
    },
    {
      "type": "Feature",
      "id": "copy_text_15034",
      "geometry": {
        "type": "Point",
        "coordinates": [
          -11.480198,
          61.959863
        ]
      },
      "properties": {
        "id": "copy_text_15034",
        "name": "Bjorkom",
        "category": "settlement",
        "dataset": "norsca",
        "in_gazetteer": false,
        "type": null,
        "region": "Norsca",
        "province": null,
        "estate": null,
        "population": 115,
        "population_estimated": true,
        "size_category": 1,
        "trade": null,
        "source": null,
        "tags": [],
        "notes": [],
        "history": {
          "province_2512": null,
          "province_2276": null,
          "ruler_2515": null,
          "ruler_2512": null,
          "ruler_2276": null
        },
        "wiki": {
          "title": null,
          "url": null,
          "description": null,
          "image": null
        },
        "svg_layer": "Norsca"
      }
    },
    {
      "type": "Feature",
      "id": "copy_text_15035",
      "geometry": {
        "type": "Point",
        "coordinates": [
          -11.409172,
          61.942043
        ]
      },
      "properties": {
        "id": "copy_text_15035",
        "name": "Nyhemmanet",
        "category": "settlement",
        "dataset": "norsca",
        "in_gazetteer": false,
        "type": null,
        "region": "Norsca",
        "province": null,
        "estate": null,
        "population": 223,
        "population_estimated": true,
        "size_category": 1,
        "trade": null,
        "source": null,
        "tags": [],
        "notes": [],
        "history": {
          "province_2512": null,
          "province_2276": null,
          "ruler_2515": null,
          "ruler_2512": null,
          "ruler_2276": null
        },
        "wiki": {
          "title": null,
          "url": null,
          "description": null,
          "image": null
        },
        "svg_layer": "Norsca"
      }
    },
    {
      "type": "Feature",
      "id": "copy_text_15036",
      "geometry": {
        "type": "Point",
        "coordinates": [
          -10.789994,
          61.080256
        ]
      },
      "properties": {
        "id": "copy_text_15036",
        "name": "Storsela",
        "category": "settlement",
        "dataset": "norsca",
        "in_gazetteer": false,
        "type": null,
        "region": "Norsca",
        "province": null,
        "estate": null,
        "population": 199,
        "population_estimated": true,
        "size_category": 1,
        "trade": null,
        "source": null,
        "tags": [],
        "notes": [],
        "history": {
          "province_2512": null,
          "province_2276": null,
          "ruler_2515": null,
          "ruler_2512": null,
          "ruler_2276": null
        },
        "wiki": {
          "title": null,
          "url": null,
          "description": null,
          "image": null
        },
        "svg_layer": "Norsca"
      }
    },
    {
      "type": "Feature",
      "id": "copy_text_15037",
      "geometry": {
        "type": "Point",
        "coordinates": [
          -10.667999,
          61.050794
        ]
      },
      "properties": {
        "id": "copy_text_15037",
        "name": "Nastvattnet",
        "category": "settlement",
        "dataset": "norsca",
        "in_gazetteer": false,
        "type": null,
        "region": "Norsca",
        "province": null,
        "estate": null,
        "population": 150,
        "population_estimated": true,
        "size_category": 1,
        "trade": null,
        "source": null,
        "tags": [],
        "notes": [],
        "history": {
          "province_2512": null,
          "province_2276": null,
          "ruler_2515": null,
          "ruler_2512": null,
          "ruler_2276": null
        },
        "wiki": {
          "title": null,
          "url": null,
          "description": null,
          "image": null
        },
        "svg_layer": "Norsca"
      }
    },
    {
      "type": "Feature",
      "id": "copy_text_15038",
      "geometry": {
        "type": "Point",
        "coordinates": [
          -10.621964,
          61.536009
        ]
      },
      "properties": {
        "id": "copy_text_15038",
        "name": "Hansjon",
        "category": "settlement",
        "dataset": "norsca",
        "in_gazetteer": false,
        "type": null,
        "region": "Norsca",
        "province": null,
        "estate": null,
        "population": 223,
        "population_estimated": true,
        "size_category": 1,
        "trade": null,
        "source": null,
        "tags": [],
        "notes": [],
        "history": {
          "province_2512": null,
          "province_2276": null,
          "ruler_2515": null,
          "ruler_2512": null,
          "ruler_2276": null
        },
        "wiki": {
          "title": null,
          "url": null,
          "description": null,
          "image": null
        },
        "svg_layer": "Norsca"
      }
    },
    {
      "type": "Feature",
      "id": "copy_text_15039",
      "geometry": {
        "type": "Point",
        "coordinates": [
          -10.902582,
          61.705898
        ]
      },
      "properties": {
        "id": "copy_text_15039",
        "name": "Hyndtjarn",
        "category": "settlement",
        "dataset": "norsca",
        "in_gazetteer": false,
        "type": null,
        "region": "Norsca",
        "province": null,
        "estate": null,
        "population": 176,
        "population_estimated": true,
        "size_category": 1,
        "trade": null,
        "source": null,
        "tags": [],
        "notes": [],
        "history": {
          "province_2512": null,
          "province_2276": null,
          "ruler_2515": null,
          "ruler_2512": null,
          "ruler_2276": null
        },
        "wiki": {
          "title": null,
          "url": null,
          "description": null,
          "image": null
        },
        "svg_layer": "Norsca"
      }
    },
    {
      "type": "Feature",
      "id": "copy_text_15040",
      "geometry": {
        "type": "Point",
        "coordinates": [
          -10.435519,
          61.66767
        ]
      },
      "properties": {
        "id": "copy_text_15040",
        "name": "Gastjarnberget",
        "category": "settlement",
        "dataset": "norsca",
        "in_gazetteer": false,
        "type": null,
        "region": "Norsca",
        "province": null,
        "estate": null,
        "population": 245,
        "population_estimated": true,
        "size_category": 1,
        "trade": null,
        "source": null,
        "tags": [],
        "notes": [],
        "history": {
          "province_2512": null,
          "province_2276": null,
          "ruler_2515": null,
          "ruler_2512": null,
          "ruler_2276": null
        },
        "wiki": {
          "title": null,
          "url": null,
          "description": null,
          "image": null
        },
        "svg_layer": "Norsca"
      }
    },
    {
      "type": "Feature",
      "id": "copy_text_15041",
      "geometry": {
        "type": "Point",
        "coordinates": [
          -13.297493,
          61.464152
        ]
      },
      "properties": {
        "id": "copy_text_15041",
        "name": "Fangsjobacken",
        "category": "settlement",
        "dataset": "norsca",
        "in_gazetteer": false,
        "type": null,
        "region": "Norsca",
        "province": null,
        "estate": null,
        "population": 70,
        "population_estimated": true,
        "size_category": 1,
        "trade": null,
        "source": null,
        "tags": [],
        "notes": [],
        "history": {
          "province_2512": null,
          "province_2276": null,
          "ruler_2515": null,
          "ruler_2512": null,
          "ruler_2276": null
        },
        "wiki": {
          "title": null,
          "url": null,
          "description": null,
          "image": null
        },
        "svg_layer": "Norsca"
      }
    },
    {
      "type": "Feature",
      "id": "copy_text_15042",
      "geometry": {
        "type": "Point",
        "coordinates": [
          -13.669238,
          61.145141
        ]
      },
      "properties": {
        "id": "copy_text_15042",
        "name": "Svartviken",
        "category": "settlement",
        "dataset": "norsca",
        "in_gazetteer": false,
        "type": null,
        "region": "Norsca",
        "province": null,
        "estate": null,
        "population": 81,
        "population_estimated": true,
        "size_category": 1,
        "trade": null,
        "source": null,
        "tags": [],
        "notes": [],
        "history": {
          "province_2512": null,
          "province_2276": null,
          "ruler_2515": null,
          "ruler_2512": null,
          "ruler_2276": null
        },
        "wiki": {
          "title": null,
          "url": null,
          "description": null,
          "image": null
        },
        "svg_layer": "Norsca"
      }
    },
    {
      "type": "Feature",
      "id": "copy_text_15043",
      "geometry": {
        "type": "Point",
        "coordinates": [
          -13.06442,
          61.184204
        ]
      },
      "properties": {
        "id": "copy_text_15043",
        "name": "Osterflygge",
        "category": "settlement",
        "dataset": "norsca",
        "in_gazetteer": false,
        "type": null,
        "region": "Norsca",
        "province": null,
        "estate": null,
        "population": 386,
        "population_estimated": true,
        "size_category": 2,
        "trade": null,
        "source": null,
        "tags": [],
        "notes": [],
        "history": {
          "province_2512": null,
          "province_2276": null,
          "ruler_2515": null,
          "ruler_2512": null,
          "ruler_2276": null
        },
        "wiki": {
          "title": null,
          "url": null,
          "description": null,
          "image": null
        },
        "svg_layer": "Norsca"
      }
    },
    {
      "type": "Feature",
      "id": "copy_text_15044",
      "geometry": {
        "type": "Point",
        "coordinates": [
          -13.373991,
          61.039672
        ]
      },
      "properties": {
        "id": "copy_text_15044",
        "name": "Lofsatt",
        "category": "settlement",
        "dataset": "norsca",
        "in_gazetteer": false,
        "type": null,
        "region": "Norsca",
        "province": null,
        "estate": null,
        "population": 394,
        "population_estimated": true,
        "size_category": 2,
        "trade": null,
        "source": null,
        "tags": [],
        "notes": [],
        "history": {
          "province_2512": null,
          "province_2276": null,
          "ruler_2515": null,
          "ruler_2512": null,
          "ruler_2276": null
        },
        "wiki": {
          "title": null,
          "url": null,
          "description": null,
          "image": null
        },
        "svg_layer": "Norsca"
      }
    },
    {
      "type": "Feature",
      "id": "copy_text_15045",
      "geometry": {
        "type": "Point",
        "coordinates": [
          -13.372168,
          61.342453
        ]
      },
      "properties": {
        "id": "copy_text_15045",
        "name": "Angebo",
        "category": "settlement",
        "dataset": "norsca",
        "in_gazetteer": false,
        "type": null,
        "region": "Norsca",
        "province": null,
        "estate": null,
        "population": 123,
        "population_estimated": true,
        "size_category": 1,
        "trade": null,
        "source": null,
        "tags": [],
        "notes": [],
        "history": {
          "province_2512": null,
          "province_2276": null,
          "ruler_2515": null,
          "ruler_2512": null,
          "ruler_2276": null
        },
        "wiki": {
          "title": null,
          "url": null,
          "description": null,
          "image": null
        },
        "svg_layer": "Norsca"
      }
    },
    {
      "type": "Feature",
      "id": "copy_text_15046",
      "geometry": {
        "type": "Point",
        "coordinates": [
          -13.157519,
          61.402954
        ]
      },
      "properties": {
        "id": "copy_text_15046",
        "name": "Nysater",
        "category": "settlement",
        "dataset": "norsca",
        "in_gazetteer": false,
        "type": null,
        "region": "Norsca",
        "province": null,
        "estate": null,
        "population": 181,
        "population_estimated": true,
        "size_category": 1,
        "trade": null,
        "source": null,
        "tags": [],
        "notes": [],
        "history": {
          "province_2512": null,
          "province_2276": null,
          "ruler_2515": null,
          "ruler_2512": null,
          "ruler_2276": null
        },
        "wiki": {
          "title": null,
          "url": null,
          "description": null,
          "image": null
        },
        "svg_layer": "Norsca"
      }
    },
    {
      "type": "Feature",
      "id": "copy_text_15047",
      "geometry": {
        "type": "Point",
        "coordinates": [
          -13.382127,
          60.790974
        ]
      },
      "properties": {
        "id": "copy_text_15047",
        "name": "Tjarnsjo",
        "category": "settlement",
        "dataset": "norsca",
        "in_gazetteer": false,
        "type": null,
        "region": "Norsca",
        "province": null,
        "estate": null,
        "population": 243,
        "population_estimated": true,
        "size_category": 1,
        "trade": null,
        "source": null,
        "tags": [],
        "notes": [],
        "history": {
          "province_2512": null,
          "province_2276": null,
          "ruler_2515": null,
          "ruler_2512": null,
          "ruler_2276": null
        },
        "wiki": {
          "title": null,
          "url": null,
          "description": null,
          "image": null
        },
        "svg_layer": "Norsca"
      }
    },
    {
      "type": "Feature",
      "id": "copy_text_15048",
      "geometry": {
        "type": "Point",
        "coordinates": [
          -12.472298,
          60.964152
        ]
      },
      "properties": {
        "id": "copy_text_15048",
        "name": "Leringsforsen",
        "category": "settlement",
        "dataset": "norsca",
        "in_gazetteer": false,
        "type": null,
        "region": "Norsca",
        "province": null,
        "estate": null,
        "population": 173,
        "population_estimated": true,
        "size_category": 1,
        "trade": null,
        "source": null,
        "tags": [],
        "notes": [],
        "history": {
          "province_2512": null,
          "province_2276": null,
          "ruler_2515": null,
          "ruler_2512": null,
          "ruler_2276": null
        },
        "wiki": {
          "title": null,
          "url": null,
          "description": null,
          "image": null
        },
        "svg_layer": "Norsca"
      }
    },
    {
      "type": "Feature",
      "id": "copy_text_15049",
      "geometry": {
        "type": "Point",
        "coordinates": [
          -11.798173,
          60.293047
        ]
      },
      "properties": {
        "id": "copy_text_15049",
        "name": "Ostansjo",
        "category": "settlement",
        "dataset": "norsca",
        "in_gazetteer": false,
        "type": null,
        "region": "Norsca",
        "province": null,
        "estate": null,
        "population": 248,
        "population_estimated": true,
        "size_category": 1,
        "trade": null,
        "source": null,
        "tags": [],
        "notes": [],
        "history": {
          "province_2512": null,
          "province_2276": null,
          "ruler_2515": null,
          "ruler_2512": null,
          "ruler_2276": null
        },
        "wiki": {
          "title": null,
          "url": null,
          "description": null,
          "image": null
        },
        "svg_layer": "Norsca"
      }
    },
    {
      "type": "Feature",
      "id": "copy_text_15050",
      "geometry": {
        "type": "Point",
        "coordinates": [
          -11.837303,
          59.845581
        ]
      },
      "properties": {
        "id": "copy_text_15050",
        "name": "Krokvag",
        "category": "settlement",
        "dataset": "norsca",
        "in_gazetteer": false,
        "type": null,
        "region": "Norsca",
        "province": null,
        "estate": null,
        "population": 119,
        "population_estimated": true,
        "size_category": 1,
        "trade": null,
        "source": null,
        "tags": [],
        "notes": [],
        "history": {
          "province_2512": null,
          "province_2276": null,
          "ruler_2515": null,
          "ruler_2512": null,
          "ruler_2276": null
        },
        "wiki": {
          "title": null,
          "url": null,
          "description": null,
          "image": null
        },
        "svg_layer": "Norsca"
      }
    },
    {
      "type": "Feature",
      "id": "copy_text_15051",
      "geometry": {
        "type": "Point",
        "coordinates": [
          -11.645105,
          59.975402
        ]
      },
      "properties": {
        "id": "copy_text_15051",
        "name": "Viksjoerg",
        "category": "settlement",
        "dataset": "norsca",
        "in_gazetteer": false,
        "type": null,
        "region": "Norsca",
        "province": null,
        "estate": null,
        "population": 85,
        "population_estimated": true,
        "size_category": 1,
        "trade": null,
        "source": null,
        "tags": [],
        "notes": [],
        "history": {
          "province_2512": null,
          "province_2276": null,
          "ruler_2515": null,
          "ruler_2512": null,
          "ruler_2276": null
        },
        "wiki": {
          "title": null,
          "url": null,
          "description": null,
          "image": null
        },
        "svg_layer": "Norsca"
      }
    },
    {
      "type": "Feature",
      "id": "copy_text_15052",
      "geometry": {
        "type": "Point",
        "coordinates": [
          -11.366589,
          59.964353
        ]
      },
      "properties": {
        "id": "copy_text_15052",
        "name": "Selsviken",
        "category": "settlement",
        "dataset": "norsca",
        "in_gazetteer": false,
        "type": null,
        "region": "Norsca",
        "province": null,
        "estate": null,
        "population": 162,
        "population_estimated": true,
        "size_category": 1,
        "trade": null,
        "source": null,
        "tags": [],
        "notes": [],
        "history": {
          "province_2512": null,
          "province_2276": null,
          "ruler_2515": null,
          "ruler_2512": null,
          "ruler_2276": null
        },
        "wiki": {
          "title": null,
          "url": null,
          "description": null,
          "image": null
        },
        "svg_layer": "Norsca"
      }
    },
    {
      "type": "Feature",
      "id": "copy_text_15053",
      "geometry": {
        "type": "Point",
        "coordinates": [
          -11.342421,
          60.026041
        ]
      },
      "properties": {
        "id": "copy_text_15053",
        "name": "Dockmyr",
        "category": "settlement",
        "dataset": "norsca",
        "in_gazetteer": false,
        "type": null,
        "region": "Norsca",
        "province": null,
        "estate": null,
        "population": 108,
        "population_estimated": true,
        "size_category": 1,
        "trade": null,
        "source": null,
        "tags": [],
        "notes": [],
        "history": {
          "province_2512": null,
          "province_2276": null,
          "ruler_2515": null,
          "ruler_2512": null,
          "ruler_2276": null
        },
        "wiki": {
          "title": null,
          "url": null,
          "description": null,
          "image": null
        },
        "svg_layer": "Norsca"
      }
    },
    {
      "type": "Feature",
      "id": "copy_text_15054",
      "geometry": {
        "type": "Point",
        "coordinates": [
          -11.163034,
          60.331639
        ]
      },
      "properties": {
        "id": "copy_text_15054",
        "name": "Ovsjobyn",
        "category": "settlement",
        "dataset": "norsca",
        "in_gazetteer": false,
        "type": null,
        "region": "Norsca",
        "province": null,
        "estate": null,
        "population": 146,
        "population_estimated": true,
        "size_category": 1,
        "trade": null,
        "source": null,
        "tags": [],
        "notes": [],
        "history": {
          "province_2512": null,
          "province_2276": null,
          "ruler_2515": null,
          "ruler_2512": null,
          "ruler_2276": null
        },
        "wiki": {
          "title": null,
          "url": null,
          "description": null,
          "image": null
        },
        "svg_layer": "Norsca"
      }
    },
    {
      "type": "Feature",
      "id": "copy_text_15055",
      "geometry": {
        "type": "Point",
        "coordinates": [
          -11.165184,
          60.291206
        ]
      },
      "properties": {
        "id": "copy_text_15055",
        "name": "Marktjarn",
        "category": "settlement",
        "dataset": "norsca",
        "in_gazetteer": false,
        "type": null,
        "region": "Norsca",
        "province": null,
        "estate": null,
        "population": 230,
        "population_estimated": true,
        "size_category": 1,
        "trade": null,
        "source": null,
        "tags": [],
        "notes": [],
        "history": {
          "province_2512": null,
          "province_2276": null,
          "ruler_2515": null,
          "ruler_2512": null,
          "ruler_2276": null
        },
        "wiki": {
          "title": null,
          "url": null,
          "description": null,
          "image": null
        },
        "svg_layer": "Norsca"
      }
    },
    {
      "type": "Feature",
      "id": "copy_text_15056",
      "geometry": {
        "type": "Point",
        "coordinates": [
          -11.56109,
          60.078521
        ]
      },
      "properties": {
        "id": "copy_text_15056",
        "name": "Brockling",
        "category": "settlement",
        "dataset": "norsca",
        "in_gazetteer": false,
        "type": null,
        "region": "Norsca",
        "province": null,
        "estate": null,
        "population": 111,
        "population_estimated": true,
        "size_category": 1,
        "trade": null,
        "source": null,
        "tags": [],
        "notes": [],
        "history": {
          "province_2512": null,
          "province_2276": null,
          "ruler_2515": null,
          "ruler_2512": null,
          "ruler_2276": null
        },
        "wiki": {
          "title": null,
          "url": null,
          "description": null,
          "image": null
        },
        "svg_layer": "Norsca"
      }
    },
    {
      "type": "Feature",
      "id": "copy_text_15057",
      "geometry": {
        "type": "Point",
        "coordinates": [
          -11.470169,
          60.624504
        ]
      },
      "properties": {
        "id": "copy_text_15057",
        "name": "Oratjarnsdalen",
        "category": "settlement",
        "dataset": "norsca",
        "in_gazetteer": false,
        "type": null,
        "region": "Norsca",
        "province": null,
        "estate": null,
        "population": 135,
        "population_estimated": true,
        "size_category": 1,
        "trade": null,
        "source": null,
        "tags": [],
        "notes": [],
        "history": {
          "province_2512": null,
          "province_2276": null,
          "ruler_2515": null,
          "ruler_2512": null,
          "ruler_2276": null
        },
        "wiki": {
          "title": null,
          "url": null,
          "description": null,
          "image": null
        },
        "svg_layer": "Norsca"
      }
    },
    {
      "type": "Feature",
      "id": "copy_text_15058",
      "geometry": {
        "type": "Point",
        "coordinates": [
          -11.259557,
          60.654887
        ]
      },
      "properties": {
        "id": "copy_text_15058",
        "name": "Holmsnas",
        "category": "settlement",
        "dataset": "norsca",
        "in_gazetteer": false,
        "type": null,
        "region": "Norsca",
        "province": null,
        "estate": null,
        "population": 107,
        "population_estimated": true,
        "size_category": 1,
        "trade": null,
        "source": null,
        "tags": [],
        "notes": [],
        "history": {
          "province_2512": null,
          "province_2276": null,
          "ruler_2515": null,
          "ruler_2512": null,
          "ruler_2276": null
        },
        "wiki": {
          "title": null,
          "url": null,
          "description": null,
          "image": null
        },
        "svg_layer": "Norsca"
      }
    },
    {
      "type": "Feature",
      "id": "copy_text_15059",
      "geometry": {
        "type": "Point",
        "coordinates": [
          -11.437945,
          60.700002
        ]
      },
      "properties": {
        "id": "copy_text_15059",
        "name": "Ramsjo",
        "category": "settlement",
        "dataset": "norsca",
        "in_gazetteer": false,
        "type": null,
        "region": "Norsca",
        "province": null,
        "estate": null,
        "population": 116,
        "population_estimated": true,
        "size_category": 1,
        "trade": null,
        "source": null,
        "tags": [],
        "notes": [],
        "history": {
          "province_2512": null,
          "province_2276": null,
          "ruler_2515": null,
          "ruler_2512": null,
          "ruler_2276": null
        },
        "wiki": {
          "title": null,
          "url": null,
          "description": null,
          "image": null
        },
        "svg_layer": "Norsca"
      }
    },
    {
      "type": "Feature",
      "id": "copy_text_15060",
      "geometry": {
        "type": "Point",
        "coordinates": [
          -11.649708,
          60.384199
        ]
      },
      "properties": {
        "id": "copy_text_15060",
        "name": "Stromsta",
        "category": "settlement",
        "dataset": "norsca",
        "in_gazetteer": false,
        "type": null,
        "region": "Norsca",
        "province": null,
        "estate": null,
        "population": 121,
        "population_estimated": true,
        "size_category": 1,
        "trade": null,
        "source": null,
        "tags": [],
        "notes": [],
        "history": {
          "province_2512": null,
          "province_2276": null,
          "ruler_2515": null,
          "ruler_2512": null,
          "ruler_2276": null
        },
        "wiki": {
          "title": null,
          "url": null,
          "description": null,
          "image": null
        },
        "svg_layer": "Norsca"
      }
    },
    {
      "type": "Feature",
      "id": "copy_text_15061",
      "geometry": {
        "type": "Point",
        "coordinates": [
          -10.692169,
          60.285681
        ]
      },
      "properties": {
        "id": "copy_text_15061",
        "name": "Stromfelsvag",
        "category": "settlement",
        "dataset": "norsca",
        "in_gazetteer": false,
        "type": null,
        "region": "Norsca",
        "province": null,
        "estate": null,
        "population": 144,
        "population_estimated": true,
        "size_category": 1,
        "trade": null,
        "source": null,
        "tags": [],
        "notes": [],
        "history": {
          "province_2512": null,
          "province_2276": null,
          "ruler_2515": null,
          "ruler_2512": null,
          "ruler_2276": null
        },
        "wiki": {
          "title": null,
          "url": null,
          "description": null,
          "image": null
        },
        "svg_layer": "Norsca"
      }
    },
    {
      "type": "Feature",
      "id": "copy_text_15062",
      "geometry": {
        "type": "Point",
        "coordinates": [
          -10.288205,
          60.259902
        ]
      },
      "properties": {
        "id": "copy_text_15062",
        "name": "Saterbodarna",
        "category": "settlement",
        "dataset": "norsca",
        "in_gazetteer": false,
        "type": null,
        "region": "Norsca",
        "province": null,
        "estate": null,
        "population": 106,
        "population_estimated": true,
        "size_category": 1,
        "trade": null,
        "source": null,
        "tags": [],
        "notes": [],
        "history": {
          "province_2512": null,
          "province_2276": null,
          "ruler_2515": null,
          "ruler_2512": null,
          "ruler_2276": null
        },
        "wiki": {
          "title": null,
          "url": null,
          "description": null,
          "image": null
        },
        "svg_layer": "Norsca"
      }
    },
    {
      "type": "Feature",
      "id": "copy_text_15063",
      "geometry": {
        "type": "Point",
        "coordinates": [
          -10.276697,
          60.300412
        ]
      },
      "properties": {
        "id": "copy_text_15063",
        "name": "Smabodarna",
        "category": "settlement",
        "dataset": "norsca",
        "in_gazetteer": false,
        "type": null,
        "region": "Norsca",
        "province": null,
        "estate": null,
        "population": 113,
        "population_estimated": true,
        "size_category": 1,
        "trade": null,
        "source": null,
        "tags": [],
        "notes": [],
        "history": {
          "province_2512": null,
          "province_2276": null,
          "ruler_2515": null,
          "ruler_2512": null,
          "ruler_2276": null
        },
        "wiki": {
          "title": null,
          "url": null,
          "description": null,
          "image": null
        },
        "svg_layer": "Norsca"
      }
    },
    {
      "type": "Feature",
      "id": "copy_text_15064",
      "geometry": {
        "type": "Point",
        "coordinates": [
          -9.870432,
          60.514018
        ]
      },
      "properties": {
        "id": "copy_text_15064",
        "name": "Doviken",
        "category": "settlement",
        "dataset": "norsca",
        "in_gazetteer": false,
        "type": null,
        "region": "Norsca",
        "province": null,
        "estate": null,
        "population": 59,
        "population_estimated": true,
        "size_category": 1,
        "trade": null,
        "source": null,
        "tags": [],
        "notes": [],
        "history": {
          "province_2512": null,
          "province_2276": null,
          "ruler_2515": null,
          "ruler_2512": null,
          "ruler_2276": null
        },
        "wiki": {
          "title": null,
          "url": null,
          "description": null,
          "image": null
        },
        "svg_layer": "Norsca"
      }
    },
    {
      "type": "Feature",
      "id": "copy_text_15065",
      "geometry": {
        "type": "Point",
        "coordinates": [
          -9.797927,
          60.452331
        ]
      },
      "properties": {
        "id": "copy_text_15065",
        "name": "Refsund",
        "category": "settlement",
        "dataset": "norsca",
        "in_gazetteer": false,
        "type": null,
        "region": "Norsca",
        "province": null,
        "estate": null,
        "population": 140,
        "population_estimated": true,
        "size_category": 1,
        "trade": null,
        "source": null,
        "tags": [],
        "notes": [],
        "history": {
          "province_2512": null,
          "province_2276": null,
          "ruler_2515": null,
          "ruler_2512": null,
          "ruler_2276": null
        },
        "wiki": {
          "title": null,
          "url": null,
          "description": null,
          "image": null
        },
        "svg_layer": "Norsca"
      }
    },
    {
      "type": "Feature",
      "id": "copy_text_15066",
      "geometry": {
        "type": "Point",
        "coordinates": [
          -10.016595,
          60.417343
        ]
      },
      "properties": {
        "id": "copy_text_15066",
        "name": "Pilgrimstad",
        "category": "settlement",
        "dataset": "norsca",
        "in_gazetteer": false,
        "type": null,
        "region": "Norsca",
        "province": null,
        "estate": null,
        "population": 137,
        "population_estimated": true,
        "size_category": 1,
        "trade": null,
        "source": null,
        "tags": [],
        "notes": [],
        "history": {
          "province_2512": null,
          "province_2276": null,
          "ruler_2515": null,
          "ruler_2512": null,
          "ruler_2276": null
        },
        "wiki": {
          "title": null,
          "url": null,
          "description": null,
          "image": null
        },
        "svg_layer": "Norsca"
      }
    },
    {
      "type": "Feature",
      "id": "copy_text_15067",
      "geometry": {
        "type": "Point",
        "coordinates": [
          -10.04882,
          60.356576
        ]
      },
      "properties": {
        "id": "copy_text_15067",
        "name": "Fjallandet",
        "category": "settlement",
        "dataset": "norsca",
        "in_gazetteer": false,
        "type": null,
        "region": "Norsca",
        "province": null,
        "estate": null,
        "population": 163,
        "population_estimated": true,
        "size_category": 1,
        "trade": null,
        "source": null,
        "tags": [],
        "notes": [],
        "history": {
          "province_2512": null,
          "province_2276": null,
          "ruler_2515": null,
          "ruler_2512": null,
          "ruler_2276": null
        },
        "wiki": {
          "title": null,
          "url": null,
          "description": null,
          "image": null
        },
        "svg_layer": "Norsca"
      }
    },
    {
      "type": "Feature",
      "id": "copy_text_15068",
      "geometry": {
        "type": "Point",
        "coordinates": [
          -12.221647,
          60.552693
        ]
      },
      "properties": {
        "id": "copy_text_15068",
        "name": "Brynje",
        "category": "settlement",
        "dataset": "norsca",
        "in_gazetteer": false,
        "type": null,
        "region": "Norsca",
        "province": null,
        "estate": null,
        "population": 162,
        "population_estimated": true,
        "size_category": 1,
        "trade": null,
        "source": null,
        "tags": [],
        "notes": [],
        "history": {
          "province_2512": null,
          "province_2276": null,
          "ruler_2515": null,
          "ruler_2512": null,
          "ruler_2276": null
        },
        "wiki": {
          "title": null,
          "url": null,
          "description": null,
          "image": null
        },
        "svg_layer": "Norsca"
      }
    },
    {
      "type": "Feature",
      "id": "copy_text_15069",
      "geometry": {
        "type": "Point",
        "coordinates": [
          -3.004524,
          65.936808
        ]
      },
      "properties": {
        "id": "copy_text_15069",
        "name": "Salhus",
        "category": "settlement",
        "dataset": "norsca",
        "in_gazetteer": false,
        "type": null,
        "region": "Norsca",
        "province": null,
        "estate": null,
        "population": 115,
        "population_estimated": true,
        "size_category": 1,
        "trade": null,
        "source": null,
        "tags": [],
        "notes": [],
        "history": {
          "province_2512": null,
          "province_2276": null,
          "ruler_2515": null,
          "ruler_2512": null,
          "ruler_2276": null
        },
        "wiki": {
          "title": null,
          "url": null,
          "description": null,
          "image": null
        },
        "svg_layer": "Norsca"
      }
    },
    {
      "type": "Feature",
      "id": "copy_text_15070",
      "geometry": {
        "type": "Point",
        "coordinates": [
          -3.050097,
          66.145142
        ]
      },
      "properties": {
        "id": "copy_text_15070",
        "name": "Trofors",
        "category": "settlement",
        "dataset": "norsca",
        "in_gazetteer": false,
        "type": null,
        "region": "Norsca",
        "province": null,
        "estate": null,
        "population": 167,
        "population_estimated": true,
        "size_category": 1,
        "trade": null,
        "source": null,
        "tags": [],
        "notes": [],
        "history": {
          "province_2512": null,
          "province_2276": null,
          "ruler_2515": null,
          "ruler_2512": null,
          "ruler_2276": null
        },
        "wiki": {
          "title": null,
          "url": null,
          "description": null,
          "image": null
        },
        "svg_layer": "Norsca"
      }
    },
    {
      "type": "Feature",
      "id": "copy_text_15071",
      "geometry": {
        "type": "Point",
        "coordinates": [
          -2.677375,
          65.883422
        ]
      },
      "properties": {
        "id": "copy_text_15071",
        "name": "Hattfjelldal",
        "category": "settlement",
        "dataset": "norsca",
        "in_gazetteer": false,
        "type": null,
        "region": "Norsca",
        "province": null,
        "estate": null,
        "population": 142,
        "population_estimated": true,
        "size_category": 1,
        "trade": null,
        "source": null,
        "tags": [],
        "notes": [],
        "history": {
          "province_2512": null,
          "province_2276": null,
          "ruler_2515": null,
          "ruler_2512": null,
          "ruler_2276": null
        },
        "wiki": {
          "title": null,
          "url": null,
          "description": null,
          "image": null
        },
        "svg_layer": "Norsca"
      }
    },
    {
      "type": "Feature",
      "id": "copy_text_15072",
      "geometry": {
        "type": "Point",
        "coordinates": [
          -1.946581,
          65.4316
        ]
      },
      "properties": {
        "id": "copy_text_15072",
        "name": "Ylvingen",
        "category": "settlement",
        "dataset": "norsca",
        "in_gazetteer": false,
        "type": null,
        "region": "Norsca",
        "province": null,
        "estate": null,
        "population": 167,
        "population_estimated": true,
        "size_category": 1,
        "trade": null,
        "source": null,
        "tags": [],
        "notes": [],
        "history": {
          "province_2512": null,
          "province_2276": null,
          "ruler_2515": null,
          "ruler_2512": null,
          "ruler_2276": null
        },
        "wiki": {
          "title": null,
          "url": null,
          "description": null,
          "image": null
        },
        "svg_layer": "Norsca"
      }
    },
    {
      "type": "Feature",
      "id": "copy_text_15073",
      "geometry": {
        "type": "Point",
        "coordinates": [
          -3.196422,
          64.70602
        ]
      },
      "properties": {
        "id": "copy_text_15073",
        "name": "Høyholm",
        "category": "settlement",
        "dataset": "norsca",
        "in_gazetteer": false,
        "type": null,
        "region": "Norsca",
        "province": null,
        "estate": null,
        "population": 401,
        "population_estimated": true,
        "size_category": 2,
        "trade": null,
        "source": null,
        "tags": [],
        "notes": [],
        "history": {
          "province_2512": null,
          "province_2276": null,
          "ruler_2515": null,
          "ruler_2512": null,
          "ruler_2276": null
        },
        "wiki": {
          "title": null,
          "url": null,
          "description": null,
          "image": null
        },
        "svg_layer": "Norsca"
      }
    },
    {
      "type": "Feature",
      "id": "copy_text_15074",
      "geometry": {
        "type": "Point",
        "coordinates": [
          -3.035297,
          64.868986
        ]
      },
      "properties": {
        "id": "copy_text_15074",
        "name": "Gråbpoe",
        "category": "settlement",
        "dataset": "norsca",
        "in_gazetteer": false,
        "type": null,
        "region": "Norsca",
        "province": null,
        "estate": null,
        "population": 397,
        "population_estimated": true,
        "size_category": 2,
        "trade": null,
        "source": null,
        "tags": [],
        "notes": [],
        "history": {
          "province_2512": null,
          "province_2276": null,
          "ruler_2515": null,
          "ruler_2512": null,
          "ruler_2276": null
        },
        "wiki": {
          "title": null,
          "url": null,
          "description": null,
          "image": null
        },
        "svg_layer": "Norsca"
      }
    },
    {
      "type": "Feature",
      "id": "copy_text_15075",
      "geometry": {
        "type": "Point",
        "coordinates": [
          -3.480691,
          64.449141
        ]
      },
      "properties": {
        "id": "copy_text_15075",
        "name": "Gladstad",
        "category": "settlement",
        "dataset": "norsca",
        "in_gazetteer": false,
        "type": null,
        "region": "Norsca",
        "province": null,
        "estate": null,
        "population": 95,
        "population_estimated": true,
        "size_category": 1,
        "trade": null,
        "source": null,
        "tags": [],
        "notes": [],
        "history": {
          "province_2512": null,
          "province_2276": null,
          "ruler_2515": null,
          "ruler_2512": null,
          "ruler_2276": null
        },
        "wiki": {
          "title": null,
          "url": null,
          "description": null,
          "image": null
        },
        "svg_layer": "Norsca"
      }
    },
    {
      "type": "Feature",
      "id": "copy_text_15076",
      "geometry": {
        "type": "Point",
        "coordinates": [
          -3.076729,
          64.39574
        ]
      },
      "properties": {
        "id": "copy_text_15076",
        "name": "Igerøy",
        "category": "settlement",
        "dataset": "norsca",
        "in_gazetteer": false,
        "type": null,
        "region": "Norsca",
        "province": null,
        "estate": null,
        "population": 164,
        "population_estimated": true,
        "size_category": 1,
        "trade": null,
        "source": null,
        "tags": [],
        "notes": [],
        "history": {
          "province_2512": null,
          "province_2276": null,
          "ruler_2515": null,
          "ruler_2512": null,
          "ruler_2276": null
        },
        "wiki": {
          "title": null,
          "url": null,
          "description": null,
          "image": null
        },
        "svg_layer": "Norsca"
      }
    },
    {
      "type": "Feature",
      "id": "copy_text_15077",
      "geometry": {
        "type": "Point",
        "coordinates": [
          -3.616496,
          65.111133
        ]
      },
      "properties": {
        "id": "copy_text_15077",
        "name": "Krutåga",
        "category": "settlement",
        "dataset": "norsca",
        "in_gazetteer": false,
        "type": null,
        "region": "Norsca",
        "province": null,
        "estate": null,
        "population": 157,
        "population_estimated": true,
        "size_category": 1,
        "trade": null,
        "source": null,
        "tags": [],
        "notes": [],
        "history": {
          "province_2512": null,
          "province_2276": null,
          "ruler_2515": null,
          "ruler_2512": null,
          "ruler_2276": null
        },
        "wiki": {
          "title": null,
          "url": null,
          "description": null,
          "image": null
        },
        "svg_layer": "Norsca"
      }
    },
    {
      "type": "Feature",
      "id": "copy_text_15078",
      "geometry": {
        "type": "Point",
        "coordinates": [
          -3.618798,
          65.00433
        ]
      },
      "properties": {
        "id": "copy_text_15078",
        "name": "Vevelstad",
        "category": "settlement",
        "dataset": "norsca",
        "in_gazetteer": false,
        "type": null,
        "region": "Norsca",
        "province": null,
        "estate": null,
        "population": 100,
        "population_estimated": true,
        "size_category": 1,
        "trade": null,
        "source": null,
        "tags": [],
        "notes": [],
        "history": {
          "province_2512": null,
          "province_2276": null,
          "ruler_2515": null,
          "ruler_2512": null,
          "ruler_2276": null
        },
        "wiki": {
          "title": null,
          "url": null,
          "description": null,
          "image": null
        },
        "svg_layer": "Norsca"
      }
    },
    {
      "type": "Feature",
      "id": "copy_text_15079",
      "geometry": {
        "type": "Point",
        "coordinates": [
          -4.382989,
          64.956914
        ]
      },
      "properties": {
        "id": "copy_text_15079",
        "name": "Kjerkøya",
        "category": "settlement",
        "dataset": "norsca",
        "in_gazetteer": false,
        "type": null,
        "region": "Norsca",
        "province": null,
        "estate": null,
        "population": 115,
        "population_estimated": true,
        "size_category": 1,
        "trade": null,
        "source": null,
        "tags": [],
        "notes": [],
        "history": {
          "province_2512": null,
          "province_2276": null,
          "ruler_2515": null,
          "ruler_2512": null,
          "ruler_2276": null
        },
        "wiki": {
          "title": null,
          "url": null,
          "description": null,
          "image": null
        },
        "svg_layer": "Norsca"
      }
    },
    {
      "type": "Feature",
      "id": "copy_text_15080",
      "geometry": {
        "type": "Point",
        "coordinates": [
          -4.463671,
          65.001912
        ]
      },
      "properties": {
        "id": "copy_text_15080",
        "name": "Åkervika",
        "category": "settlement",
        "dataset": "norsca",
        "in_gazetteer": false,
        "type": null,
        "region": "Norsca",
        "province": null,
        "estate": null,
        "population": 211,
        "population_estimated": true,
        "size_category": 1,
        "trade": null,
        "source": null,
        "tags": [],
        "notes": [],
        "history": {
          "province_2512": null,
          "province_2276": null,
          "ruler_2515": null,
          "ruler_2512": null,
          "ruler_2276": null
        },
        "wiki": {
          "title": null,
          "url": null,
          "description": null,
          "image": null
        },
        "svg_layer": "Norsca"
      }
    },
    {
      "type": "Feature",
      "id": "copy_text_15081",
      "geometry": {
        "type": "Point",
        "coordinates": [
          -4.269172,
          64.932251
        ]
      },
      "properties": {
        "id": "copy_text_15081",
        "name": "Visthus",
        "category": "settlement",
        "dataset": "norsca",
        "in_gazetteer": false,
        "type": null,
        "region": "Norsca",
        "province": null,
        "estate": null,
        "population": 190,
        "population_estimated": true,
        "size_category": 1,
        "trade": null,
        "source": null,
        "tags": [],
        "notes": [],
        "history": {
          "province_2512": null,
          "province_2276": null,
          "ruler_2515": null,
          "ruler_2512": null,
          "ruler_2276": null
        },
        "wiki": {
          "title": null,
          "url": null,
          "description": null,
          "image": null
        },
        "svg_layer": "Norsca"
      }
    },
    {
      "type": "Feature",
      "id": "copy_text_15082",
      "geometry": {
        "type": "Point",
        "coordinates": [
          -4.603645,
          64.93811
        ]
      },
      "properties": {
        "id": "copy_text_15082",
        "name": "Stokka",
        "category": "settlement",
        "dataset": "norsca",
        "in_gazetteer": false,
        "type": null,
        "region": "Norsca",
        "province": null,
        "estate": null,
        "population": 228,
        "population_estimated": true,
        "size_category": 1,
        "trade": null,
        "source": null,
        "tags": [],
        "notes": [],
        "history": {
          "province_2512": null,
          "province_2276": null,
          "ruler_2515": null,
          "ruler_2512": null,
          "ruler_2276": null
        },
        "wiki": {
          "title": null,
          "url": null,
          "description": null,
          "image": null
        },
        "svg_layer": "Norsca"
      }
    },
    {
      "type": "Feature",
      "id": "copy_text_15083",
      "geometry": {
        "type": "Point",
        "coordinates": [
          -4.702928,
          64.863891
        ]
      },
      "properties": {
        "id": "copy_text_15083",
        "name": "Tjøtta",
        "category": "settlement",
        "dataset": "norsca",
        "in_gazetteer": false,
        "type": null,
        "region": "Norsca",
        "province": null,
        "estate": null,
        "population": 82,
        "population_estimated": true,
        "size_category": 1,
        "trade": null,
        "source": null,
        "tags": [],
        "notes": [],
        "history": {
          "province_2512": null,
          "province_2276": null,
          "ruler_2515": null,
          "ruler_2512": null,
          "ruler_2276": null
        },
        "wiki": {
          "title": null,
          "url": null,
          "description": null,
          "image": null
        },
        "svg_layer": "Norsca"
      }
    },
    {
      "type": "Feature",
      "id": "copy_text_15084",
      "geometry": {
        "type": "Point",
        "coordinates": [
          -4.12519,
          66.068674
        ]
      },
      "properties": {
        "id": "copy_text_15084",
        "name": "Vargtresk",
        "category": "settlement",
        "dataset": "norsca",
        "in_gazetteer": false,
        "type": null,
        "region": "Norsca",
        "province": null,
        "estate": null,
        "population": 103,
        "population_estimated": true,
        "size_category": 1,
        "trade": null,
        "source": null,
        "tags": [],
        "notes": [],
        "history": {
          "province_2512": null,
          "province_2276": null,
          "ruler_2515": null,
          "ruler_2512": null,
          "ruler_2276": null
        },
        "wiki": {
          "title": null,
          "url": null,
          "description": null,
          "image": null
        },
        "svg_layer": "Norsca"
      }
    },
    {
      "type": "Feature",
      "id": "copy_text_15085",
      "geometry": {
        "type": "Point",
        "coordinates": [
          -3.837467,
          65.910311
        ]
      },
      "properties": {
        "id": "copy_text_15085",
        "name": "Husvik",
        "category": "settlement",
        "dataset": "norsca",
        "in_gazetteer": false,
        "type": null,
        "region": "Norsca",
        "province": null,
        "estate": null,
        "population": 130,
        "population_estimated": true,
        "size_category": 1,
        "trade": null,
        "source": null,
        "tags": [],
        "notes": [],
        "history": {
          "province_2512": null,
          "province_2276": null,
          "ruler_2515": null,
          "ruler_2512": null,
          "ruler_2276": null
        },
        "wiki": {
          "title": null,
          "url": null,
          "description": null,
          "image": null
        },
        "svg_layer": "Norsca"
      }
    },
    {
      "type": "Feature",
      "id": "copy_text_15086",
      "geometry": {
        "type": "Point",
        "coordinates": [
          -3.567008,
          65.824685
        ]
      },
      "properties": {
        "id": "copy_text_15086",
        "name": "Bærøyvårgen",
        "category": "settlement",
        "dataset": "norsca",
        "in_gazetteer": false,
        "type": null,
        "region": "Norsca",
        "province": null,
        "estate": null,
        "population": 220,
        "population_estimated": true,
        "size_category": 1,
        "trade": null,
        "source": null,
        "tags": [],
        "notes": [],
        "history": {
          "province_2512": null,
          "province_2276": null,
          "ruler_2515": null,
          "ruler_2512": null,
          "ruler_2276": null
        },
        "wiki": {
          "title": null,
          "url": null,
          "description": null,
          "image": null
        },
        "svg_layer": "Norsca"
      }
    },
    {
      "type": "Feature",
      "id": "copy_text_15087",
      "geometry": {
        "type": "Point",
        "coordinates": [
          -4.023912,
          66.345808
        ]
      },
      "properties": {
        "id": "copy_text_15087",
        "name": "Sandværet",
        "category": "settlement",
        "dataset": "norsca",
        "in_gazetteer": false,
        "type": null,
        "region": "Norsca",
        "province": null,
        "estate": null,
        "population": 123,
        "population_estimated": true,
        "size_category": 1,
        "trade": null,
        "source": null,
        "tags": [],
        "notes": [],
        "history": {
          "province_2512": null,
          "province_2276": null,
          "ruler_2515": null,
          "ruler_2512": null,
          "ruler_2276": null
        },
        "wiki": {
          "title": null,
          "url": null,
          "description": null,
          "image": null
        },
        "svg_layer": "Norsca"
      }
    },
    {
      "type": "Feature",
      "id": "copy_text_15088",
      "geometry": {
        "type": "Point",
        "coordinates": [
          -4.426723,
          66.279517
        ]
      },
      "properties": {
        "id": "copy_text_15088",
        "name": "Bleikvasslia",
        "category": "settlement",
        "dataset": "norsca",
        "in_gazetteer": false,
        "type": null,
        "region": "Norsca",
        "province": null,
        "estate": null,
        "population": 119,
        "population_estimated": true,
        "size_category": 1,
        "trade": null,
        "source": null,
        "tags": [],
        "notes": [],
        "history": {
          "province_2512": null,
          "province_2276": null,
          "ruler_2515": null,
          "ruler_2512": null,
          "ruler_2276": null
        },
        "wiki": {
          "title": null,
          "url": null,
          "description": null,
          "image": null
        },
        "svg_layer": "Norsca"
      }
    },
    {
      "type": "Feature",
      "id": "copy_text_15089",
      "geometry": {
        "type": "Point",
        "coordinates": [
          -5.545388,
          64.858858
        ]
      },
      "properties": {
        "id": "copy_text_15089",
        "name": "Prestøya",
        "category": "settlement",
        "dataset": "norsca",
        "in_gazetteer": false,
        "type": null,
        "region": "Norsca",
        "province": null,
        "estate": null,
        "population": 174,
        "population_estimated": true,
        "size_category": 1,
        "trade": null,
        "source": null,
        "tags": [],
        "notes": [],
        "history": {
          "province_2512": null,
          "province_2276": null,
          "ruler_2515": null,
          "ruler_2512": null,
          "ruler_2276": null
        },
        "wiki": {
          "title": null,
          "url": null,
          "description": null,
          "image": null
        },
        "svg_layer": "Norsca"
      }
    },
    {
      "type": "Feature",
      "id": "copy_text_15090",
      "geometry": {
        "type": "Point",
        "coordinates": [
          -6.029912,
          64.955533
        ]
      },
      "properties": {
        "id": "copy_text_15090",
        "name": "Brasøya",
        "category": "settlement",
        "dataset": "norsca",
        "in_gazetteer": false,
        "type": null,
        "region": "Norsca",
        "province": null,
        "estate": null,
        "population": 198,
        "population_estimated": true,
        "size_category": 1,
        "trade": null,
        "source": null,
        "tags": [],
        "notes": [],
        "history": {
          "province_2512": null,
          "province_2276": null,
          "ruler_2515": null,
          "ruler_2512": null,
          "ruler_2276": null
        },
        "wiki": {
          "title": null,
          "url": null,
          "description": null,
          "image": null
        },
        "svg_layer": "Norsca"
      }
    },
    {
      "type": "Feature",
      "id": "copy_text_15091",
      "geometry": {
        "type": "Point",
        "coordinates": [
          -2.898341,
          65.868879
        ]
      },
      "properties": {
        "id": "copy_text_15091",
        "name": "Husvær",
        "category": "settlement",
        "dataset": "norsca",
        "in_gazetteer": false,
        "type": null,
        "region": "Norsca",
        "province": null,
        "estate": null,
        "population": 79,
        "population_estimated": true,
        "size_category": 1,
        "trade": null,
        "source": null,
        "tags": [],
        "notes": [],
        "history": {
          "province_2512": null,
          "province_2276": null,
          "ruler_2515": null,
          "ruler_2512": null,
          "ruler_2276": null
        },
        "wiki": {
          "title": null,
          "url": null,
          "description": null,
          "image": null
        },
        "svg_layer": "Norsca"
      }
    },
    {
      "type": "Feature",
      "id": "copy_text_15092",
      "geometry": {
        "type": "Point",
        "coordinates": [
          -3.082483,
          66.082484
        ]
      },
      "properties": {
        "id": "copy_text_15092",
        "name": "Austbø",
        "category": "settlement",
        "dataset": "norsca",
        "in_gazetteer": false,
        "type": null,
        "region": "Norsca",
        "province": null,
        "estate": null,
        "population": 133,
        "population_estimated": true,
        "size_category": 1,
        "trade": null,
        "source": null,
        "tags": [],
        "notes": [],
        "history": {
          "province_2512": null,
          "province_2276": null,
          "ruler_2515": null,
          "ruler_2512": null,
          "ruler_2276": null
        },
        "wiki": {
          "title": null,
          "url": null,
          "description": null,
          "image": null
        },
        "svg_layer": "Norsca"
      }
    },
    {
      "type": "Feature",
      "id": "copy_text_15093",
      "geometry": {
        "type": "Point",
        "coordinates": [
          -2.96164,
          66.003303
        ]
      },
      "properties": {
        "id": "copy_text_15093",
        "name": "Søvika",
        "category": "settlement",
        "dataset": "norsca",
        "in_gazetteer": false,
        "type": null,
        "region": "Norsca",
        "province": null,
        "estate": null,
        "population": 89,
        "population_estimated": true,
        "size_category": 1,
        "trade": null,
        "source": null,
        "tags": [],
        "notes": [],
        "history": {
          "province_2512": null,
          "province_2276": null,
          "ruler_2515": null,
          "ruler_2512": null,
          "ruler_2276": null
        },
        "wiki": {
          "title": null,
          "url": null,
          "description": null,
          "image": null
        },
        "svg_layer": "Norsca"
      }
    },
    {
      "type": "Feature",
      "id": "copy_text_15094",
      "geometry": {
        "type": "Point",
        "coordinates": [
          0.187208,
          65.772746
        ]
      },
      "properties": {
        "id": "copy_text_15094",
        "name": "Holandsvika",
        "category": "settlement",
        "dataset": "norsca",
        "in_gazetteer": false,
        "type": null,
        "region": "Norsca",
        "province": null,
        "estate": null,
        "population": 251,
        "population_estimated": true,
        "size_category": 1,
        "trade": null,
        "source": null,
        "tags": [],
        "notes": [],
        "history": {
          "province_2512": null,
          "province_2276": null,
          "ruler_2515": null,
          "ruler_2512": null,
          "ruler_2276": null
        },
        "wiki": {
          "title": null,
          "url": null,
          "description": null,
          "image": null
        },
        "svg_layer": "Norsca"
      }
    },
    {
      "type": "Feature",
      "id": "copy_text_15095",
      "geometry": {
        "type": "Point",
        "coordinates": [
          0.167677,
          65.675089
        ]
      },
      "properties": {
        "id": "copy_text_15095",
        "name": "Granmoen",
        "category": "settlement",
        "dataset": "norsca",
        "in_gazetteer": false,
        "type": null,
        "region": "Norsca",
        "province": null,
        "estate": null,
        "population": 124,
        "population_estimated": true,
        "size_category": 1,
        "trade": null,
        "source": null,
        "tags": [],
        "notes": [],
        "history": {
          "province_2512": null,
          "province_2276": null,
          "ruler_2515": null,
          "ruler_2512": null,
          "ruler_2276": null
        },
        "wiki": {
          "title": null,
          "url": null,
          "description": null,
          "image": null
        },
        "svg_layer": "Norsca"
      }
    },
    {
      "type": "Feature",
      "id": "copy_text_15096",
      "geometry": {
        "type": "Point",
        "coordinates": [
          0.356479,
          65.565714
        ]
      },
      "properties": {
        "id": "copy_text_15096",
        "name": "Silvalen",
        "category": "settlement",
        "dataset": "norsca",
        "in_gazetteer": false,
        "type": null,
        "region": "Norsca",
        "province": null,
        "estate": null,
        "population": 145,
        "population_estimated": true,
        "size_category": 1,
        "trade": null,
        "source": null,
        "tags": [],
        "notes": [],
        "history": {
          "province_2512": null,
          "province_2276": null,
          "ruler_2515": null,
          "ruler_2512": null,
          "ruler_2276": null
        },
        "wiki": {
          "title": null,
          "url": null,
          "description": null,
          "image": null
        },
        "svg_layer": "Norsca"
      }
    },
    {
      "type": "Feature",
      "id": "copy_text_15097",
      "geometry": {
        "type": "Point",
        "coordinates": [
          0.400424,
          65.363892
        ]
      },
      "properties": {
        "id": "copy_text_15097",
        "name": "Åkvik",
        "category": "settlement",
        "dataset": "norsca",
        "in_gazetteer": false,
        "type": null,
        "region": "Norsca",
        "province": null,
        "estate": null,
        "population": 151,
        "population_estimated": true,
        "size_category": 1,
        "trade": null,
        "source": null,
        "tags": [],
        "notes": [],
        "history": {
          "province_2512": null,
          "province_2276": null,
          "ruler_2515": null,
          "ruler_2512": null,
          "ruler_2276": null
        },
        "wiki": {
          "title": null,
          "url": null,
          "description": null,
          "image": null
        },
        "svg_layer": "Norsca"
      }
    },
    {
      "type": "Feature",
      "id": "copy_text_15098",
      "geometry": {
        "type": "Point",
        "coordinates": [
          0.323927,
          65.632121
        ]
      },
      "properties": {
        "id": "copy_text_15098",
        "name": "Sundøya",
        "category": "settlement",
        "dataset": "norsca",
        "in_gazetteer": false,
        "type": null,
        "region": "Norsca",
        "province": null,
        "estate": null,
        "population": 179,
        "population_estimated": true,
        "size_category": 1,
        "trade": null,
        "source": null,
        "tags": [],
        "notes": [],
        "history": {
          "province_2512": null,
          "province_2276": null,
          "ruler_2515": null,
          "ruler_2512": null,
          "ruler_2276": null
        },
        "wiki": {
          "title": null,
          "url": null,
          "description": null,
          "image": null
        },
        "svg_layer": "Norsca"
      }
    },
    {
      "type": "Feature",
      "id": "copy_text_15099",
      "geometry": {
        "type": "Point",
        "coordinates": [
          0.107455,
          65.766235
        ]
      },
      "properties": {
        "id": "copy_text_15099",
        "name": "Drevjemoen",
        "category": "settlement",
        "dataset": "norsca",
        "in_gazetteer": false,
        "type": null,
        "region": "Norsca",
        "province": null,
        "estate": null,
        "population": 198,
        "population_estimated": true,
        "size_category": 1,
        "trade": null,
        "source": null,
        "tags": [],
        "notes": [],
        "history": {
          "province_2512": null,
          "province_2276": null,
          "ruler_2515": null,
          "ruler_2512": null,
          "ruler_2276": null
        },
        "wiki": {
          "title": null,
          "url": null,
          "description": null,
          "image": null
        },
        "svg_layer": "Norsca"
      }
    },
    {
      "type": "Feature",
      "id": "copy_text_15100",
      "geometry": {
        "type": "Point",
        "coordinates": [
          -0.366177,
          66.873006
        ]
      },
      "properties": {
        "id": "copy_text_15100",
        "name": "Ytre Øksningan",
        "category": "settlement",
        "dataset": "norsca",
        "in_gazetteer": false,
        "type": null,
        "region": "Norsca",
        "province": null,
        "estate": null,
        "population": 132,
        "population_estimated": true,
        "size_category": 1,
        "trade": null,
        "source": null,
        "tags": [],
        "notes": [],
        "history": {
          "province_2512": null,
          "province_2276": null,
          "ruler_2515": null,
          "ruler_2512": null,
          "ruler_2276": null
        },
        "wiki": {
          "title": null,
          "url": null,
          "description": null,
          "image": null
        },
        "svg_layer": "Norsca"
      }
    },
    {
      "type": "Feature",
      "id": "copy_text_15101",
      "geometry": {
        "type": "Point",
        "coordinates": [
          -0.351529,
          66.994099
        ]
      },
      "properties": {
        "id": "copy_text_15101",
        "name": "Seløya",
        "category": "settlement",
        "dataset": "norsca",
        "in_gazetteer": false,
        "type": null,
        "region": "Norsca",
        "province": null,
        "estate": null,
        "population": 217,
        "population_estimated": true,
        "size_category": 1,
        "trade": null,
        "source": null,
        "tags": [],
        "notes": [],
        "history": {
          "province_2512": null,
          "province_2276": null,
          "ruler_2515": null,
          "ruler_2512": null,
          "ruler_2276": null
        },
        "wiki": {
          "title": null,
          "url": null,
          "description": null,
          "image": null
        },
        "svg_layer": "Norsca"
      }
    },
    {
      "type": "Feature",
      "id": "copy_text_15102",
      "geometry": {
        "type": "Point",
        "coordinates": [
          0.083041,
          66.294881
        ]
      },
      "properties": {
        "id": "copy_text_15102",
        "name": "Kviting",
        "category": "settlement",
        "dataset": "norsca",
        "in_gazetteer": false,
        "type": null,
        "region": "Norsca",
        "province": null,
        "estate": null,
        "population": 485,
        "population_estimated": true,
        "size_category": 2,
        "trade": null,
        "source": null,
        "tags": [],
        "notes": [],
        "history": {
          "province_2512": null,
          "province_2276": null,
          "ruler_2515": null,
          "ruler_2512": null,
          "ruler_2276": null
        },
        "wiki": {
          "title": null,
          "url": null,
          "description": null,
          "image": null
        },
        "svg_layer": "Norsca"
      }
    },
    {
      "type": "Feature",
      "id": "copy_text_15103",
      "geometry": {
        "type": "Point",
        "coordinates": [
          0.048862,
          66.195923
        ]
      },
      "properties": {
        "id": "copy_text_15103",
        "name": "Nordstaulen",
        "category": "settlement",
        "dataset": "norsca",
        "in_gazetteer": false,
        "type": null,
        "region": "Norsca",
        "province": null,
        "estate": null,
        "population": 106,
        "population_estimated": true,
        "size_category": 1,
        "trade": null,
        "source": null,
        "tags": [],
        "notes": [],
        "history": {
          "province_2512": null,
          "province_2276": null,
          "ruler_2515": null,
          "ruler_2512": null,
          "ruler_2276": null
        },
        "wiki": {
          "title": null,
          "url": null,
          "description": null,
          "image": null
        },
        "svg_layer": "Norsca"
      }
    },
    {
      "type": "Feature",
      "id": "copy_text_15104",
      "geometry": {
        "type": "Point",
        "coordinates": [
          0.372488,
          65.304483
        ]
      },
      "properties": {
        "id": "copy_text_15104",
        "name": "Leines",
        "category": "settlement",
        "dataset": "norsca",
        "in_gazetteer": false,
        "type": null,
        "region": "Norsca",
        "province": null,
        "estate": null,
        "population": 239,
        "population_estimated": true,
        "size_category": 1,
        "trade": null,
        "source": null,
        "tags": [],
        "notes": [],
        "history": {
          "province_2512": null,
          "province_2276": null,
          "ruler_2515": null,
          "ruler_2512": null,
          "ruler_2276": null
        },
        "wiki": {
          "title": null,
          "url": null,
          "description": null,
          "image": null
        },
        "svg_layer": "Norsca"
      }
    },
    {
      "type": "Feature",
      "id": "copy_text_15105",
      "geometry": {
        "type": "Point",
        "coordinates": [
          -1.298794,
          66.349568
        ]
      },
      "properties": {
        "id": "copy_text_15105",
        "name": "Hestad",
        "category": "settlement",
        "dataset": "norsca",
        "in_gazetteer": false,
        "type": null,
        "region": "Norsca",
        "province": null,
        "estate": null,
        "population": 136,
        "population_estimated": true,
        "size_category": 1,
        "trade": null,
        "source": null,
        "tags": [],
        "notes": [],
        "history": {
          "province_2512": null,
          "province_2276": null,
          "ruler_2515": null,
          "ruler_2512": null,
          "ruler_2276": null
        },
        "wiki": {
          "title": null,
          "url": null,
          "description": null,
          "image": null
        },
        "svg_layer": "Norsca"
      }
    },
    {
      "type": "Feature",
      "id": "copy_text_15106",
      "geometry": {
        "type": "Point",
        "coordinates": [
          1.247165,
          66.416703
        ]
      },
      "properties": {
        "id": "copy_text_15106",
        "name": "Drevvassbygda",
        "category": "settlement",
        "dataset": "norsca",
        "in_gazetteer": false,
        "type": null,
        "region": "Norsca",
        "province": null,
        "estate": null,
        "population": 230,
        "population_estimated": true,
        "size_category": 1,
        "trade": null,
        "source": null,
        "tags": [],
        "notes": [],
        "history": {
          "province_2512": null,
          "province_2276": null,
          "ruler_2515": null,
          "ruler_2512": null,
          "ruler_2276": null
        },
        "wiki": {
          "title": null,
          "url": null,
          "description": null,
          "image": null
        },
        "svg_layer": "Norsca"
      }
    },
    {
      "type": "Feature",
      "id": "copy_text_15107",
      "geometry": {
        "type": "Point",
        "coordinates": [
          1.551,
          66.351332
        ]
      },
      "properties": {
        "id": "copy_text_15107",
        "name": "Leira",
        "category": "settlement",
        "dataset": "norsca",
        "in_gazetteer": false,
        "type": null,
        "region": "Norsca",
        "province": null,
        "estate": null,
        "population": 219,
        "population_estimated": true,
        "size_category": 1,
        "trade": null,
        "source": null,
        "tags": [],
        "notes": [],
        "history": {
          "province_2512": null,
          "province_2276": null,
          "ruler_2515": null,
          "ruler_2512": null,
          "ruler_2276": null
        },
        "wiki": {
          "title": null,
          "url": null,
          "description": null,
          "image": null
        },
        "svg_layer": "Norsca"
      }
    },
    {
      "type": "Feature",
      "id": "copy_text_15108",
      "geometry": {
        "type": "Point",
        "coordinates": [
          1.241411,
          66.526268
        ]
      },
      "properties": {
        "id": "copy_text_15108",
        "name": "Bjørn",
        "category": "settlement",
        "dataset": "norsca",
        "in_gazetteer": false,
        "type": null,
        "region": "Norsca",
        "province": null,
        "estate": null,
        "population": 167,
        "population_estimated": true,
        "size_category": 1,
        "trade": null,
        "source": null,
        "tags": [],
        "notes": [],
        "history": {
          "province_2512": null,
          "province_2276": null,
          "ruler_2515": null,
          "ruler_2512": null,
          "ruler_2276": null
        },
        "wiki": {
          "title": null,
          "url": null,
          "description": null,
          "image": null
        },
        "svg_layer": "Norsca"
      }
    },
    {
      "type": "Feature",
      "id": "copy_text_15109",
      "geometry": {
        "type": "Point",
        "coordinates": [
          1.262127,
          66.021717
        ]
      },
      "properties": {
        "id": "copy_text_15109",
        "name": "Hølen",
        "category": "settlement",
        "dataset": "norsca",
        "in_gazetteer": false,
        "type": null,
        "region": "Norsca",
        "province": null,
        "estate": null,
        "population": 85,
        "population_estimated": true,
        "size_category": 1,
        "trade": null,
        "source": null,
        "tags": [],
        "notes": [],
        "history": {
          "province_2512": null,
          "province_2276": null,
          "ruler_2515": null,
          "ruler_2512": null,
          "ruler_2276": null
        },
        "wiki": {
          "title": null,
          "url": null,
          "description": null,
          "image": null
        },
        "svg_layer": "Norsca"
      }
    },
    {
      "type": "Feature",
      "id": "copy_text_15110",
      "geometry": {
        "type": "Point",
        "coordinates": [
          1.226449,
          65.972919
        ]
      },
      "properties": {
        "id": "copy_text_15110",
        "name": "Solfelsfjord",
        "category": "settlement",
        "dataset": "norsca",
        "in_gazetteer": false,
        "type": null,
        "region": "Norsca",
        "province": null,
        "estate": null,
        "population": 58,
        "population_estimated": true,
        "size_category": 1,
        "trade": null,
        "source": null,
        "tags": [],
        "notes": [],
        "history": {
          "province_2512": null,
          "province_2276": null,
          "ruler_2515": null,
          "ruler_2512": null,
          "ruler_2276": null
        },
        "wiki": {
          "title": null,
          "url": null,
          "description": null,
          "image": null
        },
        "svg_layer": "Norsca"
      }
    },
    {
      "type": "Feature",
      "id": "copy_text_15111",
      "geometry": {
        "type": "Point",
        "coordinates": [
          1.401384,
          65.874403
        ]
      },
      "properties": {
        "id": "copy_text_15111",
        "name": "Solfjellsjøen",
        "category": "settlement",
        "dataset": "norsca",
        "in_gazetteer": false,
        "type": null,
        "region": "Norsca",
        "province": null,
        "estate": null,
        "population": 337,
        "population_estimated": true,
        "size_category": 2,
        "trade": null,
        "source": null,
        "tags": [],
        "notes": [],
        "history": {
          "province_2512": null,
          "province_2276": null,
          "ruler_2515": null,
          "ruler_2512": null,
          "ruler_2276": null
        },
        "wiki": {
          "title": null,
          "url": null,
          "description": null,
          "image": null
        },
        "svg_layer": "Norsca"
      }
    },
    {
      "type": "Feature",
      "id": "copy_text_15112",
      "geometry": {
        "type": "Point",
        "coordinates": [
          1.656882,
          65.848623
        ]
      },
      "properties": {
        "id": "copy_text_15112",
        "name": "Skipbåtsvær",
        "category": "settlement",
        "dataset": "norsca",
        "in_gazetteer": false,
        "type": null,
        "region": "Norsca",
        "province": null,
        "estate": null,
        "population": 433,
        "population_estimated": true,
        "size_category": 2,
        "trade": null,
        "source": null,
        "tags": [],
        "notes": [],
        "history": {
          "province_2512": null,
          "province_2276": null,
          "ruler_2515": null,
          "ruler_2512": null,
          "ruler_2276": null
        },
        "wiki": {
          "title": null,
          "url": null,
          "description": null,
          "image": null
        },
        "svg_layer": "Norsca"
      }
    },
    {
      "type": "Feature",
      "id": "copy_text_15113",
      "geometry": {
        "type": "Point",
        "coordinates": [
          2.053938,
          66.68555
        ]
      },
      "properties": {
        "id": "copy_text_15113",
        "name": "Bjerka",
        "category": "settlement",
        "dataset": "norsca",
        "in_gazetteer": false,
        "type": null,
        "region": "Norsca",
        "province": null,
        "estate": null,
        "population": 186,
        "population_estimated": true,
        "size_category": 1,
        "trade": null,
        "source": null,
        "tags": [],
        "notes": [],
        "history": {
          "province_2512": null,
          "province_2276": null,
          "ruler_2515": null,
          "ruler_2512": null,
          "ruler_2276": null
        },
        "wiki": {
          "title": null,
          "url": null,
          "description": null,
          "image": null
        },
        "svg_layer": "Norsca"
      }
    },
    {
      "type": "Feature",
      "id": "copy_text_15114",
      "geometry": {
        "type": "Point",
        "coordinates": [
          2.543067,
          67.239819
        ]
      },
      "properties": {
        "id": "copy_text_15114",
        "name": "Sandåker",
        "category": "settlement",
        "dataset": "norsca",
        "in_gazetteer": false,
        "type": null,
        "region": "Norsca",
        "province": null,
        "estate": null,
        "population": 79,
        "population_estimated": true,
        "size_category": 1,
        "trade": null,
        "source": null,
        "tags": [],
        "notes": [],
        "history": {
          "province_2512": null,
          "province_2276": null,
          "ruler_2515": null,
          "ruler_2512": null,
          "ruler_2276": null
        },
        "wiki": {
          "title": null,
          "url": null,
          "description": null,
          "image": null
        },
        "svg_layer": "Norsca"
      }
    },
    {
      "type": "Feature",
      "id": "copy_text_15115",
      "geometry": {
        "type": "Point",
        "coordinates": [
          2.737568,
          67.115523
        ]
      },
      "properties": {
        "id": "copy_text_15115",
        "name": "Indre Låvong",
        "category": "settlement",
        "dataset": "norsca",
        "in_gazetteer": false,
        "type": null,
        "region": "Norsca",
        "province": null,
        "estate": null,
        "population": 293,
        "population_estimated": true,
        "size_category": 1,
        "trade": null,
        "source": null,
        "tags": [],
        "notes": [],
        "history": {
          "province_2512": null,
          "province_2276": null,
          "ruler_2515": null,
          "ruler_2512": null,
          "ruler_2276": null
        },
        "wiki": {
          "title": null,
          "url": null,
          "description": null,
          "image": null
        },
        "svg_layer": "Norsca"
      }
    },
    {
      "type": "Feature",
      "id": "copy_text_15116",
      "geometry": {
        "type": "Point",
        "coordinates": [
          3.777703,
          67.86259
        ]
      },
      "properties": {
        "id": "copy_text_15116",
        "name": "Vandved",
        "category": "settlement",
        "dataset": "norsca",
        "in_gazetteer": false,
        "type": null,
        "region": "Norsca",
        "province": null,
        "estate": null,
        "population": 193,
        "population_estimated": true,
        "size_category": 1,
        "trade": null,
        "source": null,
        "tags": [],
        "notes": [],
        "history": {
          "province_2512": null,
          "province_2276": null,
          "ruler_2515": null,
          "ruler_2512": null,
          "ruler_2276": null
        },
        "wiki": {
          "title": null,
          "url": null,
          "description": null,
          "image": null
        },
        "svg_layer": "Norsca"
      }
    },
    {
      "type": "Feature",
      "id": "copy_text_15117",
      "geometry": {
        "type": "Point",
        "coordinates": [
          4.738965,
          67.342018
        ]
      },
      "properties": {
        "id": "copy_text_15117",
        "name": "Finneidfjord",
        "category": "settlement",
        "dataset": "norsca",
        "in_gazetteer": false,
        "type": null,
        "region": "Norsca",
        "province": null,
        "estate": null,
        "population": 99,
        "population_estimated": true,
        "size_category": 1,
        "trade": null,
        "source": null,
        "tags": [],
        "notes": [],
        "history": {
          "province_2512": null,
          "province_2276": null,
          "ruler_2515": null,
          "ruler_2512": null,
          "ruler_2276": null
        },
        "wiki": {
          "title": null,
          "url": null,
          "description": null,
          "image": null
        },
        "svg_layer": "Norsca"
      }
    },
    {
      "type": "Feature",
      "id": "copy_text_15118",
      "geometry": {
        "type": "Point",
        "coordinates": [
          5.014603,
          66.929539
        ]
      },
      "properties": {
        "id": "copy_text_15118",
        "name": "Dønnes",
        "category": "settlement",
        "dataset": "norsca",
        "in_gazetteer": false,
        "type": null,
        "region": "Norsca",
        "province": null,
        "estate": null,
        "population": 234,
        "population_estimated": true,
        "size_category": 1,
        "trade": null,
        "source": null,
        "tags": [],
        "notes": [],
        "history": {
          "province_2512": null,
          "province_2276": null,
          "ruler_2515": null,
          "ruler_2512": null,
          "ruler_2276": null
        },
        "wiki": {
          "title": null,
          "url": null,
          "description": null,
          "image": null
        },
        "svg_layer": "Norsca"
      }
    },
    {
      "type": "Feature",
      "id": "copy_text_15119",
      "geometry": {
        "type": "Point",
        "coordinates": [
          5.212436,
          66.753214
        ]
      },
      "properties": {
        "id": "copy_text_15119",
        "name": "Vikholmen",
        "category": "settlement",
        "dataset": "norsca",
        "in_gazetteer": false,
        "type": null,
        "region": "Norsca",
        "province": null,
        "estate": null,
        "population": 354,
        "population_estimated": true,
        "size_category": 2,
        "trade": null,
        "source": null,
        "tags": [],
        "notes": [],
        "history": {
          "province_2512": null,
          "province_2276": null,
          "ruler_2515": null,
          "ruler_2512": null,
          "ruler_2276": null
        },
        "wiki": {
          "title": null,
          "url": null,
          "description": null,
          "image": null
        },
        "svg_layer": "Norsca"
      }
    },
    {
      "type": "Feature",
      "id": "copy_text_15120",
      "geometry": {
        "type": "Point",
        "coordinates": [
          5.476108,
          66.694621
        ]
      },
      "properties": {
        "id": "copy_text_15120",
        "name": "Bardal Indre",
        "category": "settlement",
        "dataset": "norsca",
        "in_gazetteer": false,
        "type": null,
        "region": "Norsca",
        "province": null,
        "estate": null,
        "population": 198,
        "population_estimated": true,
        "size_category": 1,
        "trade": null,
        "source": null,
        "tags": [],
        "notes": [],
        "history": {
          "province_2512": null,
          "province_2276": null,
          "ruler_2515": null,
          "ruler_2512": null,
          "ruler_2276": null
        },
        "wiki": {
          "title": null,
          "url": null,
          "description": null,
          "image": null
        },
        "svg_layer": "Norsca"
      }
    },
    {
      "type": "Feature",
      "id": "copy_text_15121",
      "geometry": {
        "type": "Point",
        "coordinates": [
          6.284213,
          66.4316
        ]
      },
      "properties": {
        "id": "copy_text_15121",
        "name": "Husby",
        "category": "settlement",
        "dataset": "norsca",
        "in_gazetteer": false,
        "type": null,
        "region": "Norsca",
        "province": null,
        "estate": null,
        "population": 119,
        "population_estimated": true,
        "size_category": 1,
        "trade": null,
        "source": null,
        "tags": [],
        "notes": [],
        "history": {
          "province_2512": null,
          "province_2276": null,
          "ruler_2515": null,
          "ruler_2512": null,
          "ruler_2276": null
        },
        "wiki": {
          "title": null,
          "url": null,
          "description": null,
          "image": null
        },
        "svg_layer": "Norsca"
      }
    },
    {
      "type": "Feature",
      "id": "copy_text_15122",
      "geometry": {
        "type": "Point",
        "coordinates": [
          5.529005,
          66.224568
        ]
      },
      "properties": {
        "id": "copy_text_15122",
        "name": "Hemnesberget",
        "category": "settlement",
        "dataset": "norsca",
        "in_gazetteer": false,
        "type": null,
        "region": "Norsca",
        "province": null,
        "estate": null,
        "population": 123,
        "population_estimated": true,
        "size_category": 1,
        "trade": null,
        "source": null,
        "tags": [],
        "notes": [],
        "history": {
          "province_2512": null,
          "province_2276": null,
          "ruler_2515": null,
          "ruler_2512": null,
          "ruler_2276": null
        },
        "wiki": {
          "title": null,
          "url": null,
          "description": null,
          "image": null
        },
        "svg_layer": "Norsca"
      }
    },
    {
      "type": "Feature",
      "id": "copy_text_15123",
      "geometry": {
        "type": "Point",
        "coordinates": [
          5.198602,
          65.828735
        ]
      },
      "properties": {
        "id": "copy_text_15123",
        "name": "Øverdal",
        "category": "settlement",
        "dataset": "norsca",
        "in_gazetteer": false,
        "type": null,
        "region": "Norsca",
        "province": null,
        "estate": null,
        "population": 233,
        "population_estimated": true,
        "size_category": 1,
        "trade": null,
        "source": null,
        "tags": [],
        "notes": [],
        "history": {
          "province_2512": null,
          "province_2276": null,
          "ruler_2515": null,
          "ruler_2512": null,
          "ruler_2276": null
        },
        "wiki": {
          "title": null,
          "url": null,
          "description": null,
          "image": null
        },
        "svg_layer": "Norsca"
      }
    },
    {
      "type": "Feature",
      "id": "copy_text_15124",
      "geometry": {
        "type": "Point",
        "coordinates": [
          5.112338,
          65.910767
        ]
      },
      "properties": {
        "id": "copy_text_15124",
        "name": "Dalsgrenda",
        "category": "settlement",
        "dataset": "norsca",
        "in_gazetteer": false,
        "type": null,
        "region": "Norsca",
        "province": null,
        "estate": null,
        "population": 142,
        "population_estimated": true,
        "size_category": 1,
        "trade": null,
        "source": null,
        "tags": [],
        "notes": [],
        "history": {
          "province_2512": null,
          "province_2276": null,
          "ruler_2515": null,
          "ruler_2512": null,
          "ruler_2276": null
        },
        "wiki": {
          "title": null,
          "url": null,
          "description": null,
          "image": null
        },
        "svg_layer": "Norsca"
      }
    },
    {
      "type": "Feature",
      "id": "copy_text_15125",
      "geometry": {
        "type": "Point",
        "coordinates": [
          5.445997,
          66.051391
        ]
      },
      "properties": {
        "id": "copy_text_15125",
        "name": "Hauknes",
        "category": "settlement",
        "dataset": "norsca",
        "in_gazetteer": false,
        "type": null,
        "region": "Norsca",
        "province": null,
        "estate": null,
        "population": 407,
        "population_estimated": true,
        "size_category": 2,
        "trade": null,
        "source": null,
        "tags": [],
        "notes": [],
        "history": {
          "province_2512": null,
          "province_2276": null,
          "ruler_2515": null,
          "ruler_2512": null,
          "ruler_2276": null
        },
        "wiki": {
          "title": null,
          "url": null,
          "description": null,
          "image": null
        },
        "svg_layer": "Norsca"
      }
    },
    {
      "type": "Feature",
      "id": "copy_text_15126",
      "geometry": {
        "type": "Point",
        "coordinates": [
          6.72204,
          66.356079
        ]
      },
      "properties": {
        "id": "copy_text_15126",
        "name": "Utskarpen",
        "category": "settlement",
        "dataset": "norsca",
        "in_gazetteer": false,
        "type": null,
        "region": "Norsca",
        "province": null,
        "estate": null,
        "population": 349,
        "population_estimated": true,
        "size_category": 2,
        "trade": null,
        "source": null,
        "tags": [],
        "notes": [],
        "history": {
          "province_2512": null,
          "province_2276": null,
          "ruler_2515": null,
          "ruler_2512": null,
          "ruler_2276": null
        },
        "wiki": {
          "title": null,
          "url": null,
          "description": null,
          "image": null
        },
        "svg_layer": "Norsca"
      }
    },
    {
      "type": "Feature",
      "id": "copy_text_15127",
      "geometry": {
        "type": "Point",
        "coordinates": [
          7.306349,
          65.908162
        ]
      },
      "properties": {
        "id": "copy_text_15127",
        "name": "Myklebustad",
        "category": "settlement",
        "dataset": "norsca",
        "in_gazetteer": false,
        "type": null,
        "region": "Norsca",
        "province": null,
        "estate": null,
        "population": 182,
        "population_estimated": true,
        "size_category": 1,
        "trade": null,
        "source": null,
        "tags": [],
        "notes": [],
        "history": {
          "province_2512": null,
          "province_2276": null,
          "ruler_2515": null,
          "ruler_2512": null,
          "ruler_2276": null
        },
        "wiki": {
          "title": null,
          "url": null,
          "description": null,
          "image": null
        },
        "svg_layer": "Norsca"
      }
    },
    {
      "type": "Feature",
      "id": "copy_text_15128",
      "geometry": {
        "type": "Point",
        "coordinates": [
          7.577059,
          66.000541
        ]
      },
      "properties": {
        "id": "copy_text_15128",
        "name": "Mæla",
        "category": "settlement",
        "dataset": "norsca",
        "in_gazetteer": false,
        "type": null,
        "region": "Norsca",
        "province": null,
        "estate": null,
        "population": 519,
        "population_estimated": true,
        "size_category": 2,
        "trade": null,
        "source": null,
        "tags": [],
        "notes": [],
        "history": {
          "province_2512": null,
          "province_2276": null,
          "ruler_2515": null,
          "ruler_2512": null,
          "ruler_2276": null
        },
        "wiki": {
          "title": null,
          "url": null,
          "description": null,
          "image": null
        },
        "svg_layer": "Norsca"
      }
    },
    {
      "type": "Feature",
      "id": "copy_text_15129",
      "geometry": {
        "type": "Point",
        "coordinates": [
          7.742788,
          65.993175
        ]
      },
      "properties": {
        "id": "copy_text_15129",
        "name": "Alterneset",
        "category": "settlement",
        "dataset": "norsca",
        "in_gazetteer": false,
        "type": null,
        "region": "Norsca",
        "province": null,
        "estate": null,
        "population": 146,
        "population_estimated": true,
        "size_category": 1,
        "trade": null,
        "source": null,
        "tags": [],
        "notes": [],
        "history": {
          "province_2512": null,
          "province_2276": null,
          "ruler_2515": null,
          "ruler_2512": null,
          "ruler_2276": null
        },
        "wiki": {
          "title": null,
          "url": null,
          "description": null,
          "image": null
        },
        "svg_layer": "Norsca"
      }
    },
    {
      "type": "Feature",
      "id": "copy_text_15130",
      "geometry": {
        "type": "Point",
        "coordinates": [
          7.848669,
          65.943457
        ]
      },
      "properties": {
        "id": "copy_text_15130",
        "name": "Selfors",
        "category": "settlement",
        "dataset": "norsca",
        "in_gazetteer": false,
        "type": null,
        "region": "Norsca",
        "province": null,
        "estate": null,
        "population": 109,
        "population_estimated": true,
        "size_category": 1,
        "trade": null,
        "source": null,
        "tags": [],
        "notes": [],
        "history": {
          "province_2512": null,
          "province_2276": null,
          "ruler_2515": null,
          "ruler_2512": null,
          "ruler_2276": null
        },
        "wiki": {
          "title": null,
          "url": null,
          "description": null,
          "image": null
        },
        "svg_layer": "Norsca"
      }
    },
    {
      "type": "Feature",
      "id": "copy_text_15131",
      "geometry": {
        "type": "Point",
        "coordinates": [
          8.131788,
          65.808112
        ]
      },
      "properties": {
        "id": "copy_text_15131",
        "name": "Båsmoen",
        "category": "settlement",
        "dataset": "norsca",
        "in_gazetteer": false,
        "type": null,
        "region": "Norsca",
        "province": null,
        "estate": null,
        "population": 81,
        "population_estimated": true,
        "size_category": 1,
        "trade": null,
        "source": null,
        "tags": [],
        "notes": [],
        "history": {
          "province_2512": null,
          "province_2276": null,
          "ruler_2515": null,
          "ruler_2512": null,
          "ruler_2276": null
        },
        "wiki": {
          "title": null,
          "url": null,
          "description": null,
          "image": null
        },
        "svg_layer": "Norsca"
      }
    },
    {
      "type": "Feature",
      "id": "copy_text_15132",
      "geometry": {
        "type": "Point",
        "coordinates": [
          8.097262,
          65.795222
        ]
      },
      "properties": {
        "id": "copy_text_15132",
        "name": "Flostrand",
        "category": "settlement",
        "dataset": "norsca",
        "in_gazetteer": false,
        "type": null,
        "region": "Norsca",
        "province": null,
        "estate": null,
        "population": 215,
        "population_estimated": true,
        "size_category": 1,
        "trade": null,
        "source": null,
        "tags": [],
        "notes": [],
        "history": {
          "province_2512": null,
          "province_2276": null,
          "ruler_2515": null,
          "ruler_2512": null,
          "ruler_2276": null
        },
        "wiki": {
          "title": null,
          "url": null,
          "description": null,
          "image": null
        },
        "svg_layer": "Norsca"
      }
    },
    {
      "type": "Feature",
      "id": "copy_text_15133",
      "geometry": {
        "type": "Point",
        "coordinates": [
          8.283707,
          65.681054
        ]
      },
      "properties": {
        "id": "copy_text_15133",
        "name": "Stokkvågen",
        "category": "settlement",
        "dataset": "norsca",
        "in_gazetteer": false,
        "type": null,
        "region": "Norsca",
        "province": null,
        "estate": null,
        "population": 130,
        "population_estimated": true,
        "size_category": 1,
        "trade": null,
        "source": null,
        "tags": [],
        "notes": [],
        "history": {
          "province_2512": null,
          "province_2276": null,
          "ruler_2515": null,
          "ruler_2512": null,
          "ruler_2276": null
        },
        "wiki": {
          "title": null,
          "url": null,
          "description": null,
          "image": null
        },
        "svg_layer": "Norsca"
      }
    },
    {
      "type": "Feature",
      "id": "copy_text_15134",
      "geometry": {
        "type": "Point",
        "coordinates": [
          9.122755,
          64.741495
        ]
      },
      "properties": {
        "id": "copy_text_15134",
        "name": "Ytteren",
        "category": "settlement",
        "dataset": "norsca",
        "in_gazetteer": false,
        "type": null,
        "region": "Norsca",
        "province": null,
        "estate": null,
        "population": 124,
        "population_estimated": true,
        "size_category": 1,
        "trade": null,
        "source": null,
        "tags": [],
        "notes": [],
        "history": {
          "province_2512": null,
          "province_2276": null,
          "ruler_2515": null,
          "ruler_2512": null,
          "ruler_2276": null
        },
        "wiki": {
          "title": null,
          "url": null,
          "description": null,
          "image": null
        },
        "svg_layer": "Norsca"
      }
    },
    {
      "type": "Feature",
      "id": "copy_text_15135",
      "geometry": {
        "type": "Point",
        "coordinates": [
          9.074367,
          65.218856
        ]
      },
      "properties": {
        "id": "copy_text_15135",
        "name": "Skonseng",
        "category": "settlement",
        "dataset": "norsca",
        "in_gazetteer": false,
        "type": null,
        "region": "Norsca",
        "province": null,
        "estate": null,
        "population": 184,
        "population_estimated": true,
        "size_category": 1,
        "trade": null,
        "source": null,
        "tags": [],
        "notes": [],
        "history": {
          "province_2512": null,
          "province_2276": null,
          "ruler_2515": null,
          "ruler_2512": null,
          "ruler_2276": null
        },
        "wiki": {
          "title": null,
          "url": null,
          "description": null,
          "image": null
        },
        "svg_layer": "Norsca"
      }
    },
    {
      "type": "Feature",
      "id": "copy_text_15136",
      "geometry": {
        "type": "Point",
        "coordinates": [
          9.092783,
          65.555837
        ]
      },
      "properties": {
        "id": "copy_text_15136",
        "name": "Røssvoll",
        "category": "settlement",
        "dataset": "norsca",
        "in_gazetteer": false,
        "type": null,
        "region": "Norsca",
        "province": null,
        "estate": null,
        "population": 204,
        "population_estimated": true,
        "size_category": 1,
        "trade": null,
        "source": null,
        "tags": [],
        "notes": [],
        "history": {
          "province_2512": null,
          "province_2276": null,
          "ruler_2515": null,
          "ruler_2512": null,
          "ruler_2276": null
        },
        "wiki": {
          "title": null,
          "url": null,
          "description": null,
          "image": null
        },
        "svg_layer": "Norsca"
      }
    },
    {
      "type": "Feature",
      "id": "copy_text_15137",
      "geometry": {
        "type": "Point",
        "coordinates": [
          -9.551635,
          64.452824
        ]
      },
      "properties": {
        "id": "copy_text_15137",
        "name": "Sleneset",
        "category": "settlement",
        "dataset": "norsca",
        "in_gazetteer": false,
        "type": null,
        "region": "Norsca",
        "province": null,
        "estate": null,
        "population": 257,
        "population_estimated": true,
        "size_category": 1,
        "trade": null,
        "source": null,
        "tags": [],
        "notes": [],
        "history": {
          "province_2512": null,
          "province_2276": null,
          "ruler_2515": null,
          "ruler_2512": null,
          "ruler_2276": null
        },
        "wiki": {
          "title": null,
          "url": null,
          "description": null,
          "image": null
        },
        "svg_layer": "Norsca"
      }
    },
    {
      "type": "Feature",
      "id": "copy_text_15138",
      "geometry": {
        "type": "Point",
        "coordinates": [
          -9.200614,
          64.635125
        ]
      },
      "properties": {
        "id": "copy_text_15138",
        "name": "Lovund",
        "category": "settlement",
        "dataset": "norsca",
        "in_gazetteer": false,
        "type": null,
        "region": "Norsca",
        "province": null,
        "estate": null,
        "population": 149,
        "population_estimated": true,
        "size_category": 1,
        "trade": null,
        "source": null,
        "tags": [],
        "notes": [],
        "history": {
          "province_2512": null,
          "province_2276": null,
          "ruler_2515": null,
          "ruler_2512": null,
          "ruler_2276": null
        },
        "wiki": {
          "title": null,
          "url": null,
          "description": null,
          "image": null
        },
        "svg_layer": "Norsca"
      }
    },
    {
      "type": "Feature",
      "id": "copy_text_15139",
      "geometry": {
        "type": "Point",
        "coordinates": [
          -9.228236,
          64.511749
        ]
      },
      "properties": {
        "id": "copy_text_15139",
        "name": "Nevernes",
        "category": "settlement",
        "dataset": "norsca",
        "in_gazetteer": false,
        "type": null,
        "region": "Norsca",
        "province": null,
        "estate": null,
        "population": 130,
        "population_estimated": true,
        "size_category": 1,
        "trade": null,
        "source": null,
        "tags": [],
        "notes": [],
        "history": {
          "province_2512": null,
          "province_2276": null,
          "ruler_2515": null,
          "ruler_2512": null,
          "ruler_2276": null
        },
        "wiki": {
          "title": null,
          "url": null,
          "description": null,
          "image": null
        },
        "svg_layer": "Norsca"
      }
    },
    {
      "type": "Feature",
      "id": "copy_text_15140",
      "geometry": {
        "type": "Point",
        "coordinates": [
          -9.703554,
          64.297224
        ]
      },
      "properties": {
        "id": "copy_text_15140",
        "name": "Haugland",
        "category": "settlement",
        "dataset": "norsca",
        "in_gazetteer": false,
        "type": null,
        "region": "Norsca",
        "province": null,
        "estate": null,
        "population": 183,
        "population_estimated": true,
        "size_category": 1,
        "trade": null,
        "source": null,
        "tags": [],
        "notes": [],
        "history": {
          "province_2512": null,
          "province_2276": null,
          "ruler_2515": null,
          "ruler_2512": null,
          "ruler_2276": null
        },
        "wiki": {
          "title": null,
          "url": null,
          "description": null,
          "image": null
        },
        "svg_layer": "Norsca"
      }
    },
    {
      "type": "Feature",
      "id": "copy_text_15141",
      "geometry": {
        "type": "Point",
        "coordinates": [
          -9.809436,
          64.157276
        ]
      },
      "properties": {
        "id": "copy_text_15141",
        "name": "Eiteråga",
        "category": "settlement",
        "dataset": "norsca",
        "in_gazetteer": false,
        "type": null,
        "region": "Norsca",
        "province": null,
        "estate": null,
        "population": 115,
        "population_estimated": true,
        "size_category": 1,
        "trade": null,
        "source": null,
        "tags": [],
        "notes": [],
        "history": {
          "province_2512": null,
          "province_2276": null,
          "ruler_2515": null,
          "ruler_2512": null,
          "ruler_2276": null
        },
        "wiki": {
          "title": null,
          "url": null,
          "description": null,
          "image": null
        },
        "svg_layer": "Norsca"
      }
    },
    {
      "type": "Feature",
      "id": "copy_text_15142",
      "geometry": {
        "type": "Point",
        "coordinates": [
          -8.91059,
          64.462952
        ]
      },
      "properties": {
        "id": "copy_text_15142",
        "name": "Aldra",
        "category": "settlement",
        "dataset": "norsca",
        "in_gazetteer": false,
        "type": null,
        "region": "Norsca",
        "province": null,
        "estate": null,
        "population": 144,
        "population_estimated": true,
        "size_category": 1,
        "trade": null,
        "source": null,
        "tags": [],
        "notes": [],
        "history": {
          "province_2512": null,
          "province_2276": null,
          "ruler_2515": null,
          "ruler_2512": null,
          "ruler_2276": null
        },
        "wiki": {
          "title": null,
          "url": null,
          "description": null,
          "image": null
        },
        "svg_layer": "Norsca"
      }
    },
    {
      "type": "Feature",
      "id": "copy_text_15143",
      "geometry": {
        "type": "Point",
        "coordinates": [
          -9.864678,
          64.053235
        ]
      },
      "properties": {
        "id": "copy_text_15143",
        "name": "Storforshei",
        "category": "settlement",
        "dataset": "norsca",
        "in_gazetteer": false,
        "type": null,
        "region": "Norsca",
        "province": null,
        "estate": null,
        "population": 93,
        "population_estimated": true,
        "size_category": 1,
        "trade": null,
        "source": null,
        "tags": [],
        "notes": [],
        "history": {
          "province_2512": null,
          "province_2276": null,
          "ruler_2515": null,
          "ruler_2512": null,
          "ruler_2276": null
        },
        "wiki": {
          "title": null,
          "url": null,
          "description": null,
          "image": null
        },
        "svg_layer": "Norsca"
      }
    },
    {
      "type": "Feature",
      "id": "copy_text_15144",
      "geometry": {
        "type": "Point",
        "coordinates": [
          -8.596397,
          64.413233
        ]
      },
      "properties": {
        "id": "copy_text_15144",
        "name": "Stuvland",
        "category": "settlement",
        "dataset": "norsca",
        "in_gazetteer": false,
        "type": null,
        "region": "Norsca",
        "province": null,
        "estate": null,
        "population": 336,
        "population_estimated": true,
        "size_category": 2,
        "trade": null,
        "source": null,
        "tags": [],
        "notes": [],
        "history": {
          "province_2512": null,
          "province_2276": null,
          "ruler_2515": null,
          "ruler_2512": null,
          "ruler_2276": null
        },
        "wiki": {
          "title": null,
          "url": null,
          "description": null,
          "image": null
        },
        "svg_layer": "Norsca"
      }
    },
    {
      "type": "Feature",
      "id": "copy_text_15145",
      "geometry": {
        "type": "Point",
        "coordinates": [
          -8.766729,
          65.129547
        ]
      },
      "properties": {
        "id": "copy_text_15145",
        "name": "Øresvika",
        "category": "settlement",
        "dataset": "norsca",
        "in_gazetteer": false,
        "type": null,
        "region": "Norsca",
        "province": null,
        "estate": null,
        "population": 447,
        "population_estimated": true,
        "size_category": 2,
        "trade": null,
        "source": null,
        "tags": [],
        "notes": [],
        "history": {
          "province_2512": null,
          "province_2276": null,
          "ruler_2515": null,
          "ruler_2512": null,
          "ruler_2276": null
        },
        "wiki": {
          "title": null,
          "url": null,
          "description": null,
          "image": null
        },
        "svg_layer": "Norsca"
      }
    },
    {
      "type": "Feature",
      "id": "copy_text_15146",
      "geometry": {
        "type": "Point",
        "coordinates": [
          -9.926725,
          63.830037
        ]
      },
      "properties": {
        "id": "copy_text_15146",
        "name": "Sørfjorden",
        "category": "settlement",
        "dataset": "norsca",
        "in_gazetteer": false,
        "type": null,
        "region": "Norsca",
        "province": null,
        "estate": null,
        "population": 100,
        "population_estimated": true,
        "size_category": 1,
        "trade": null,
        "source": null,
        "tags": [],
        "notes": [],
        "history": {
          "province_2512": null,
          "province_2276": null,
          "ruler_2515": null,
          "ruler_2512": null,
          "ruler_2276": null
        },
        "wiki": {
          "title": null,
          "url": null,
          "description": null,
          "image": null
        },
        "svg_layer": "Norsca"
      }
    },
    {
      "type": "Feature",
      "id": "copy_text_15147",
      "geometry": {
        "type": "Point",
        "coordinates": [
          -10.380827,
          63.701131
        ]
      },
      "properties": {
        "id": "copy_text_15147",
        "name": "Kilboghamn",
        "category": "settlement",
        "dataset": "norsca",
        "in_gazetteer": false,
        "type": null,
        "region": "Norsca",
        "province": null,
        "estate": null,
        "population": 149,
        "population_estimated": true,
        "size_category": 1,
        "trade": null,
        "source": null,
        "tags": [],
        "notes": [],
        "history": {
          "province_2512": null,
          "province_2276": null,
          "ruler_2515": null,
          "ruler_2512": null,
          "ruler_2276": null
        },
        "wiki": {
          "title": null,
          "url": null,
          "description": null,
          "image": null
        },
        "svg_layer": "Norsca"
      }
    },
    {
      "type": "Feature",
      "id": "copy_text_15148",
      "geometry": {
        "type": "Point",
        "coordinates": [
          -10.527311,
          63.783162
        ]
      },
      "properties": {
        "id": "copy_text_15148",
        "name": "Innerkvarøya",
        "category": "settlement",
        "dataset": "norsca",
        "in_gazetteer": false,
        "type": null,
        "region": "Norsca",
        "province": null,
        "estate": null,
        "population": 163,
        "population_estimated": true,
        "size_category": 1,
        "trade": null,
        "source": null,
        "tags": [],
        "notes": [],
        "history": {
          "province_2512": null,
          "province_2276": null,
          "ruler_2515": null,
          "ruler_2512": null,
          "ruler_2276": null
        },
        "wiki": {
          "title": null,
          "url": null,
          "description": null,
          "image": null
        },
        "svg_layer": "Norsca"
      }
    },
    {
      "type": "Feature",
      "id": "copy_text_15149",
      "geometry": {
        "type": "Point",
        "coordinates": [
          -11.059537,
          63.832641
        ]
      },
      "properties": {
        "id": "copy_text_15149",
        "name": "Husøya",
        "category": "settlement",
        "dataset": "norsca",
        "in_gazetteer": false,
        "type": null,
        "region": "Norsca",
        "province": null,
        "estate": null,
        "population": 526,
        "population_estimated": true,
        "size_category": 2,
        "trade": null,
        "source": null,
        "tags": [],
        "notes": [],
        "history": {
          "province_2512": null,
          "province_2276": null,
          "ruler_2515": null,
          "ruler_2512": null,
          "ruler_2276": null
        },
        "wiki": {
          "title": null,
          "url": null,
          "description": null,
          "image": null
        },
        "svg_layer": "Norsca"
      }
    },
    {
      "type": "Feature",
      "id": "copy_text_15150",
      "geometry": {
        "type": "Point",
        "coordinates": [
          -11.469693,
          64.159464
        ]
      },
      "properties": {
        "id": "copy_text_15150",
        "name": "Konsvikosen",
        "category": "settlement",
        "dataset": "norsca",
        "in_gazetteer": false,
        "type": null,
        "region": "Norsca",
        "province": null,
        "estate": null,
        "population": 140,
        "population_estimated": true,
        "size_category": 1,
        "trade": null,
        "source": null,
        "tags": [],
        "notes": [],
        "history": {
          "province_2512": null,
          "province_2276": null,
          "ruler_2515": null,
          "ruler_2512": null,
          "ruler_2276": null
        },
        "wiki": {
          "title": null,
          "url": null,
          "description": null,
          "image": null
        },
        "svg_layer": "Norsca"
      }
    },
    {
      "type": "Feature",
      "id": "copy_text_15151",
      "geometry": {
        "type": "Point",
        "coordinates": [
          -11.577115,
          63.918579
        ]
      },
      "properties": {
        "id": "copy_text_15151",
        "name": "Oldervika",
        "category": "settlement",
        "dataset": "norsca",
        "in_gazetteer": false,
        "type": null,
        "region": "Norsca",
        "province": null,
        "estate": null,
        "population": 91,
        "population_estimated": true,
        "size_category": 1,
        "trade": null,
        "source": null,
        "tags": [],
        "notes": [],
        "history": {
          "province_2512": null,
          "province_2276": null,
          "ruler_2515": null,
          "ruler_2512": null,
          "ruler_2276": null
        },
        "wiki": {
          "title": null,
          "url": null,
          "description": null,
          "image": null
        },
        "svg_layer": "Norsca"
      }
    },
    {
      "type": "Feature",
      "id": "copy_text_15152",
      "geometry": {
        "type": "Point",
        "coordinates": [
          -11.240201,
          63.511027
        ]
      },
      "properties": {
        "id": "copy_text_15152",
        "name": "Melfjordbotn",
        "category": "settlement",
        "dataset": "norsca",
        "in_gazetteer": false,
        "type": null,
        "region": "Norsca",
        "province": null,
        "estate": null,
        "population": 100,
        "population_estimated": true,
        "size_category": 1,
        "trade": null,
        "source": null,
        "tags": [],
        "notes": [],
        "history": {
          "province_2512": null,
          "province_2276": null,
          "ruler_2515": null,
          "ruler_2512": null,
          "ruler_2276": null
        },
        "wiki": {
          "title": null,
          "url": null,
          "description": null,
          "image": null
        },
        "svg_layer": "Norsca"
      }
    },
    {
      "type": "Feature",
      "id": "copy_text_15153",
      "geometry": {
        "type": "Point",
        "coordinates": [
          3.071323,
          61.367797
        ]
      },
      "properties": {
        "id": "copy_text_15153",
        "name": "Torvvær",
        "category": "settlement",
        "dataset": "norsca",
        "in_gazetteer": false,
        "type": null,
        "region": "Norsca",
        "province": null,
        "estate": null,
        "population": 90,
        "population_estimated": true,
        "size_category": 1,
        "trade": null,
        "source": null,
        "tags": [],
        "notes": [],
        "history": {
          "province_2512": null,
          "province_2276": null,
          "ruler_2515": null,
          "ruler_2512": null,
          "ruler_2276": null
        },
        "wiki": {
          "title": null,
          "url": null,
          "description": null,
          "image": null
        },
        "svg_layer": "Norsca"
      }
    },
    {
      "type": "Feature",
      "id": "copy_text_15154",
      "geometry": {
        "type": "Point",
        "coordinates": [
          -9.381477,
          63.655558
        ]
      },
      "properties": {
        "id": "copy_text_15154",
        "name": "Selsøya",
        "category": "settlement",
        "dataset": "norsca",
        "in_gazetteer": false,
        "type": null,
        "region": "Norsca",
        "province": null,
        "estate": null,
        "population": 385,
        "population_estimated": true,
        "size_category": 2,
        "trade": null,
        "source": null,
        "tags": [],
        "notes": [],
        "history": {
          "province_2512": null,
          "province_2276": null,
          "ruler_2515": null,
          "ruler_2512": null,
          "ruler_2276": null
        },
        "wiki": {
          "title": null,
          "url": null,
          "description": null,
          "image": null
        },
        "svg_layer": "Norsca"
      }
    },
    {
      "type": "Feature",
      "id": "copy_text_15155",
      "geometry": {
        "type": "Point",
        "coordinates": [
          -8.987597,
          63.673787
        ]
      },
      "properties": {
        "id": "copy_text_15155",
        "name": "Gjerdøya",
        "category": "settlement",
        "dataset": "norsca",
        "in_gazetteer": false,
        "type": null,
        "region": "Norsca",
        "province": null,
        "estate": null,
        "population": 471,
        "population_estimated": true,
        "size_category": 2,
        "trade": null,
        "source": null,
        "tags": [],
        "notes": [],
        "history": {
          "province_2512": null,
          "province_2276": null,
          "ruler_2515": null,
          "ruler_2512": null,
          "ruler_2276": null
        },
        "wiki": {
          "title": null,
          "url": null,
          "description": null,
          "image": null
        },
        "svg_layer": "Norsca"
      }
    },
    {
      "type": "Feature",
      "id": "copy_text_15156",
      "geometry": {
        "type": "Point",
        "coordinates": [
          -9.986946,
          63.995402
        ]
      },
      "properties": {
        "id": "copy_text_15156",
        "name": "Jektvika",
        "category": "settlement",
        "dataset": "norsca",
        "in_gazetteer": false,
        "type": null,
        "region": "Norsca",
        "province": null,
        "estate": null,
        "population": 374,
        "population_estimated": true,
        "size_category": 2,
        "trade": null,
        "source": null,
        "tags": [],
        "notes": [],
        "history": {
          "province_2512": null,
          "province_2276": null,
          "ruler_2515": null,
          "ruler_2512": null,
          "ruler_2276": null
        },
        "wiki": {
          "title": null,
          "url": null,
          "description": null,
          "image": null
        },
        "svg_layer": "Norsca"
      }
    },
    {
      "type": "Feature",
      "id": "copy_text_15157",
      "geometry": {
        "type": "Point",
        "coordinates": [
          -8.61162,
          63.731079
        ]
      },
      "properties": {
        "id": "copy_text_15157",
        "name": "Ågskardet",
        "category": "settlement",
        "dataset": "norsca",
        "in_gazetteer": false,
        "type": null,
        "region": "Norsca",
        "province": null,
        "estate": null,
        "population": 179,
        "population_estimated": true,
        "size_category": 1,
        "trade": null,
        "source": null,
        "tags": [],
        "notes": [],
        "history": {
          "province_2512": null,
          "province_2276": null,
          "ruler_2515": null,
          "ruler_2512": null,
          "ruler_2276": null
        },
        "wiki": {
          "title": null,
          "url": null,
          "description": null,
          "image": null
        },
        "svg_layer": "Norsca"
      }
    },
    {
      "type": "Feature",
      "id": "copy_text_15158",
      "geometry": {
        "type": "Point",
        "coordinates": [
          -9.894602,
          63.053342
        ]
      },
      "properties": {
        "id": "copy_text_15158",
        "name": "Lønsdal",
        "category": "settlement",
        "dataset": "norsca",
        "in_gazetteer": false,
        "type": null,
        "region": "Norsca",
        "province": null,
        "estate": null,
        "population": 122,
        "population_estimated": true,
        "size_category": 1,
        "trade": null,
        "source": null,
        "tags": [],
        "notes": [],
        "history": {
          "province_2512": null,
          "province_2276": null,
          "ruler_2515": null,
          "ruler_2512": null,
          "ruler_2276": null
        },
        "wiki": {
          "title": null,
          "url": null,
          "description": null,
          "image": null
        },
        "svg_layer": "Norsca"
      }
    },
    {
      "type": "Feature",
      "id": "copy_text_15159",
      "geometry": {
        "type": "Point",
        "coordinates": [
          11.498143,
          65.111133
        ]
      },
      "properties": {
        "id": "copy_text_15159",
        "name": "Høyforsmoen",
        "category": "settlement",
        "dataset": "norsca",
        "in_gazetteer": false,
        "type": null,
        "region": "Norsca",
        "province": null,
        "estate": null,
        "population": 516,
        "population_estimated": true,
        "size_category": 2,
        "trade": null,
        "source": null,
        "tags": [],
        "notes": [],
        "history": {
          "province_2512": null,
          "province_2276": null,
          "ruler_2515": null,
          "ruler_2512": null,
          "ruler_2276": null
        },
        "wiki": {
          "title": null,
          "url": null,
          "description": null,
          "image": null
        },
        "svg_layer": "Norsca"
      }
    },
    {
      "type": "Feature",
      "id": "copy_text_15160",
      "geometry": {
        "type": "Point",
        "coordinates": [
          11.19661,
          65.242795
        ]
      },
      "properties": {
        "id": "copy_text_15160",
        "name": "Reipå",
        "category": "settlement",
        "dataset": "norsca",
        "in_gazetteer": false,
        "type": null,
        "region": "Norsca",
        "province": null,
        "estate": null,
        "population": 169,
        "population_estimated": true,
        "size_category": 1,
        "trade": null,
        "source": null,
        "tags": [],
        "notes": [],
        "history": {
          "province_2512": null,
          "province_2276": null,
          "ruler_2515": null,
          "ruler_2512": null,
          "ruler_2276": null
        },
        "wiki": {
          "title": null,
          "url": null,
          "description": null,
          "image": null
        },
        "svg_layer": "Norsca"
      }
    },
    {
      "type": "Feature",
      "id": "copy_text_15161",
      "geometry": {
        "type": "Point",
        "coordinates": [
          11.295585,
          65.258447
        ]
      },
      "properties": {
        "id": "copy_text_15161",
        "name": "Støtt",
        "category": "settlement",
        "dataset": "norsca",
        "in_gazetteer": false,
        "type": null,
        "region": "Norsca",
        "province": null,
        "estate": null,
        "population": 101,
        "population_estimated": true,
        "size_category": 1,
        "trade": null,
        "source": null,
        "tags": [],
        "notes": [],
        "history": {
          "province_2512": null,
          "province_2276": null,
          "ruler_2515": null,
          "ruler_2512": null,
          "ruler_2276": null
        },
        "wiki": {
          "title": null,
          "url": null,
          "description": null,
          "image": null
        },
        "svg_layer": "Norsca"
      }
    },
    {
      "type": "Feature",
      "id": "copy_text_15162",
      "geometry": {
        "type": "Point",
        "coordinates": [
          15.384698,
          62.336107
        ]
      },
      "properties": {
        "id": "copy_text_15162",
        "name": "Russånes",
        "category": "settlement",
        "dataset": "norsca",
        "in_gazetteer": false,
        "type": null,
        "region": "Norsca",
        "province": null,
        "estate": null,
        "population": 211,
        "population_estimated": true,
        "size_category": 1,
        "trade": null,
        "source": null,
        "tags": [],
        "notes": [],
        "history": {
          "province_2512": null,
          "province_2276": null,
          "ruler_2515": null,
          "ruler_2512": null,
          "ruler_2276": null
        },
        "wiki": {
          "title": null,
          "url": null,
          "description": null,
          "image": null
        },
        "svg_layer": "Norsca"
      }
    },
    {
      "type": "Feature",
      "id": "copy_text_15163",
      "geometry": {
        "type": "Point",
        "coordinates": [
          15.187895,
          62.099484
        ]
      },
      "properties": {
        "id": "copy_text_15163",
        "name": "Mevik",
        "category": "settlement",
        "dataset": "norsca",
        "in_gazetteer": false,
        "type": null,
        "region": "Norsca",
        "province": null,
        "estate": null,
        "population": 196,
        "population_estimated": true,
        "size_category": 1,
        "trade": null,
        "source": null,
        "tags": [],
        "notes": [],
        "history": {
          "province_2512": null,
          "province_2276": null,
          "ruler_2515": null,
          "ruler_2512": null,
          "ruler_2276": null
        },
        "wiki": {
          "title": null,
          "url": null,
          "description": null,
          "image": null
        },
        "svg_layer": "Norsca"
      }
    },
    {
      "type": "Feature",
      "id": "copy_text_15164",
      "geometry": {
        "type": "Point",
        "coordinates": [
          15.128051,
          62.34071
        ]
      },
      "properties": {
        "id": "copy_text_15164",
        "name": "Storvika",
        "category": "settlement",
        "dataset": "norsca",
        "in_gazetteer": false,
        "type": null,
        "region": "Norsca",
        "province": null,
        "estate": null,
        "population": 69,
        "population_estimated": true,
        "size_category": 1,
        "trade": null,
        "source": null,
        "tags": [],
        "notes": [],
        "history": {
          "province_2512": null,
          "province_2276": null,
          "ruler_2515": null,
          "ruler_2512": null,
          "ruler_2276": null
        },
        "wiki": {
          "title": null,
          "url": null,
          "description": null,
          "image": null
        },
        "svg_layer": "Norsca"
      }
    },
    {
      "type": "Feature",
      "id": "copy_text_15165",
      "geometry": {
        "type": "Point",
        "coordinates": [
          14.870248,
          62.128947
        ]
      },
      "properties": {
        "id": "copy_text_15165",
        "name": "Sørfinnset",
        "category": "settlement",
        "dataset": "norsca",
        "in_gazetteer": false,
        "type": null,
        "region": "Norsca",
        "province": null,
        "estate": null,
        "population": 114,
        "population_estimated": true,
        "size_category": 1,
        "trade": null,
        "source": null,
        "tags": [],
        "notes": [],
        "history": {
          "province_2512": null,
          "province_2276": null,
          "ruler_2515": null,
          "ruler_2512": null,
          "ruler_2276": null
        },
        "wiki": {
          "title": null,
          "url": null,
          "description": null,
          "image": null
        },
        "svg_layer": "Norsca"
      }
    },
    {
      "type": "Feature",
      "id": "copy_text_15166",
      "geometry": {
        "type": "Point",
        "coordinates": [
          14.987642,
          62.26153
        ]
      },
      "properties": {
        "id": "copy_text_15166",
        "name": "Røkland",
        "category": "settlement",
        "dataset": "norsca",
        "in_gazetteer": false,
        "type": null,
        "region": "Norsca",
        "province": null,
        "estate": null,
        "population": 245,
        "population_estimated": true,
        "size_category": 1,
        "trade": null,
        "source": null,
        "tags": [],
        "notes": [],
        "history": {
          "province_2512": null,
          "province_2276": null,
          "ruler_2515": null,
          "ruler_2512": null,
          "ruler_2276": null
        },
        "wiki": {
          "title": null,
          "url": null,
          "description": null,
          "image": null
        },
        "svg_layer": "Norsca"
      }
    },
    {
      "type": "Feature",
      "id": "copy_text_15167",
      "geometry": {
        "type": "Point",
        "coordinates": [
          11.262786,
          63.457535
        ]
      },
      "properties": {
        "id": "copy_text_15167",
        "name": "Forstranda",
        "category": "settlement",
        "dataset": "norsca",
        "in_gazetteer": false,
        "type": null,
        "region": "Norsca",
        "province": null,
        "estate": null,
        "population": 129,
        "population_estimated": true,
        "size_category": 1,
        "trade": null,
        "source": null,
        "tags": [],
        "notes": [],
        "history": {
          "province_2512": null,
          "province_2276": null,
          "ruler_2515": null,
          "ruler_2512": null,
          "ruler_2276": null
        },
        "wiki": {
          "title": null,
          "url": null,
          "description": null,
          "image": null
        },
        "svg_layer": "Norsca"
      }
    },
    {
      "type": "Feature",
      "id": "copy_text_15168",
      "geometry": {
        "type": "Point",
        "coordinates": [
          11.927117,
          63.715454
        ]
      },
      "properties": {
        "id": "copy_text_15168",
        "name": "Drageid",
        "category": "settlement",
        "dataset": "norsca",
        "in_gazetteer": false,
        "type": null,
        "region": "Norsca",
        "province": null,
        "estate": null,
        "population": 186,
        "population_estimated": true,
        "size_category": 1,
        "trade": null,
        "source": null,
        "tags": [],
        "notes": [],
        "history": {
          "province_2512": null,
          "province_2276": null,
          "ruler_2515": null,
          "ruler_2512": null,
          "ruler_2276": null
        },
        "wiki": {
          "title": null,
          "url": null,
          "description": null,
          "image": null
        },
        "svg_layer": "Norsca"
      }
    },
    {
      "type": "Feature",
      "id": "copy_text_15169",
      "geometry": {
        "type": "Point",
        "coordinates": [
          12.365757,
          64.343058
        ]
      },
      "properties": {
        "id": "copy_text_15169",
        "name": "Arstad",
        "category": "settlement",
        "dataset": "norsca",
        "in_gazetteer": false,
        "type": null,
        "region": "Norsca",
        "province": null,
        "estate": null,
        "population": 273,
        "population_estimated": true,
        "size_category": 1,
        "trade": null,
        "source": null,
        "tags": [],
        "notes": [],
        "history": {
          "province_2512": null,
          "province_2276": null,
          "ruler_2515": null,
          "ruler_2512": null,
          "ruler_2276": null
        },
        "wiki": {
          "title": null,
          "url": null,
          "description": null,
          "image": null
        },
        "svg_layer": "Norsca"
      }
    },
    {
      "type": "Feature",
      "id": "copy_text_15170",
      "geometry": {
        "type": "Point",
        "coordinates": [
          12.108112,
          64.636966
        ]
      },
      "properties": {
        "id": "copy_text_15170",
        "name": "Inndyr",
        "category": "settlement",
        "dataset": "norsca",
        "in_gazetteer": false,
        "type": null,
        "region": "Norsca",
        "province": null,
        "estate": null,
        "population": 124,
        "population_estimated": true,
        "size_category": 1,
        "trade": null,
        "source": null,
        "tags": [],
        "notes": [],
        "history": {
          "province_2512": null,
          "province_2276": null,
          "ruler_2515": null,
          "ruler_2512": null,
          "ruler_2276": null
        },
        "wiki": {
          "title": null,
          "url": null,
          "description": null,
          "image": null
        },
        "svg_layer": "Norsca"
      }
    },
    {
      "type": "Feature",
      "id": "copy_text_15171",
      "geometry": {
        "type": "Point",
        "coordinates": [
          12.307218,
          64.65446
        ]
      },
      "properties": {
        "id": "copy_text_15171",
        "name": "Tverrvika",
        "category": "settlement",
        "dataset": "norsca",
        "in_gazetteer": false,
        "type": null,
        "region": "Norsca",
        "province": null,
        "estate": null,
        "population": 115,
        "population_estimated": true,
        "size_category": 1,
        "trade": null,
        "source": null,
        "tags": [],
        "notes": [],
        "history": {
          "province_2512": null,
          "province_2276": null,
          "ruler_2515": null,
          "ruler_2512": null,
          "ruler_2276": null
        },
        "wiki": {
          "title": null,
          "url": null,
          "description": null,
          "image": null
        },
        "svg_layer": "Norsca"
      }
    },
    {
      "type": "Feature",
      "id": "copy_text_15172",
      "geometry": {
        "type": "Point",
        "coordinates": [
          12.483305,
          64.578041
        ]
      },
      "properties": {
        "id": "copy_text_15172",
        "name": "Sørfugløy",
        "category": "settlement",
        "dataset": "norsca",
        "in_gazetteer": false,
        "type": null,
        "region": "Norsca",
        "province": null,
        "estate": null,
        "population": 183,
        "population_estimated": true,
        "size_category": 1,
        "trade": null,
        "source": null,
        "tags": [],
        "notes": [],
        "history": {
          "province_2512": null,
          "province_2276": null,
          "ruler_2515": null,
          "ruler_2512": null,
          "ruler_2276": null
        },
        "wiki": {
          "title": null,
          "url": null,
          "description": null,
          "image": null
        },
        "svg_layer": "Norsca"
      }
    },
    {
      "type": "Feature",
      "id": "copy_text_15173",
      "geometry": {
        "type": "Point",
        "coordinates": [
          16.149122,
          61.996703
        ]
      },
      "properties": {
        "id": "copy_text_15173",
        "name": "Soksenvika",
        "category": "settlement",
        "dataset": "norsca",
        "in_gazetteer": false,
        "type": null,
        "region": "Norsca",
        "province": null,
        "estate": null,
        "population": 149,
        "population_estimated": true,
        "size_category": 1,
        "trade": null,
        "source": null,
        "tags": [],
        "notes": [],
        "history": {
          "province_2512": null,
          "province_2276": null,
          "ruler_2515": null,
          "ruler_2512": null,
          "ruler_2276": null
        },
        "wiki": {
          "title": null,
          "url": null,
          "description": null,
          "image": null
        },
        "svg_layer": "Norsca"
      }
    },
    {
      "type": "Feature",
      "id": "copy_text_15174",
      "geometry": {
        "type": "Point",
        "coordinates": [
          16.027051,
          61.918579
        ]
      },
      "properties": {
        "id": "copy_text_15174",
        "name": "Lekanger",
        "category": "settlement",
        "dataset": "norsca",
        "in_gazetteer": false,
        "type": null,
        "region": "Norsca",
        "province": null,
        "estate": null,
        "population": 193,
        "population_estimated": true,
        "size_category": 1,
        "trade": null,
        "source": null,
        "tags": [],
        "notes": [],
        "history": {
          "province_2512": null,
          "province_2276": null,
          "ruler_2515": null,
          "ruler_2512": null,
          "ruler_2276": null
        },
        "wiki": {
          "title": null,
          "url": null,
          "description": null,
          "image": null
        },
        "svg_layer": "Norsca"
      }
    },
    {
      "type": "Feature",
      "id": "copy_text_15175",
      "geometry": {
        "type": "Point",
        "coordinates": [
          16.567417,
          61.831339
        ]
      },
      "properties": {
        "id": "copy_text_15175",
        "name": "Misvær",
        "category": "settlement",
        "dataset": "norsca",
        "in_gazetteer": false,
        "type": null,
        "region": "Norsca",
        "province": null,
        "estate": null,
        "population": 122,
        "population_estimated": true,
        "size_category": 1,
        "trade": null,
        "source": null,
        "tags": [],
        "notes": [],
        "history": {
          "province_2512": null,
          "province_2276": null,
          "ruler_2515": null,
          "ruler_2512": null,
          "ruler_2276": null
        },
        "wiki": {
          "title": null,
          "url": null,
          "description": null,
          "image": null
        },
        "svg_layer": "Norsca"
      }
    },
    {
      "type": "Feature",
      "id": "copy_text_15177",
      "geometry": {
        "type": "Point",
        "coordinates": [
          16.736688,
          61.21936
        ]
      },
      "properties": {
        "id": "copy_text_15177",
        "name": "Vik i Saltdal",
        "category": "settlement",
        "dataset": "norsca",
        "in_gazetteer": false,
        "type": null,
        "region": "Norsca",
        "province": null,
        "estate": null,
        "population": 99,
        "population_estimated": true,
        "size_category": 1,
        "trade": null,
        "source": null,
        "tags": [],
        "notes": [],
        "history": {
          "province_2512": null,
          "province_2276": null,
          "ruler_2515": null,
          "ruler_2512": null,
          "ruler_2276": null
        },
        "wiki": {
          "title": null,
          "url": null,
          "description": null,
          "image": null
        },
        "svg_layer": "Norsca"
      }
    },
    {
      "type": "Feature",
      "id": "copy_text_15178",
      "geometry": {
        "type": "Point",
        "coordinates": [
          17.457718,
          61.185506
        ]
      },
      "properties": {
        "id": "copy_text_15178",
        "name": "Ertenvåg",
        "category": "settlement",
        "dataset": "norsca",
        "in_gazetteer": false,
        "type": null,
        "region": "Norsca",
        "province": null,
        "estate": null,
        "population": 185,
        "population_estimated": true,
        "size_category": 1,
        "trade": null,
        "source": null,
        "tags": [],
        "notes": [],
        "history": {
          "province_2512": null,
          "province_2276": null,
          "ruler_2515": null,
          "ruler_2512": null,
          "ruler_2276": null
        },
        "wiki": {
          "title": null,
          "url": null,
          "description": null,
          "image": null
        },
        "svg_layer": "Norsca"
      }
    },
    {
      "type": "Feature",
      "id": "copy_text_15179",
      "geometry": {
        "type": "Point",
        "coordinates": [
          18.014357,
          60.940714
        ]
      },
      "properties": {
        "id": "copy_text_15179",
        "name": "Sørarnøy",
        "category": "settlement",
        "dataset": "norsca",
        "in_gazetteer": false,
        "type": null,
        "region": "Norsca",
        "province": null,
        "estate": null,
        "population": 232,
        "population_estimated": true,
        "size_category": 1,
        "trade": null,
        "source": null,
        "tags": [],
        "notes": [],
        "history": {
          "province_2512": null,
          "province_2276": null,
          "ruler_2515": null,
          "ruler_2512": null,
          "ruler_2276": null
        },
        "wiki": {
          "title": null,
          "url": null,
          "description": null,
          "image": null
        },
        "svg_layer": "Norsca"
      }
    },
    {
      "type": "Feature",
      "id": "copy_text_15180",
      "geometry": {
        "type": "Point",
        "coordinates": [
          17.745802,
          61.098267
        ]
      },
      "properties": {
        "id": "copy_text_15180",
        "name": "Langset",
        "category": "settlement",
        "dataset": "norsca",
        "in_gazetteer": false,
        "type": null,
        "region": "Norsca",
        "province": null,
        "estate": null,
        "population": 117,
        "population_estimated": true,
        "size_category": 1,
        "trade": null,
        "source": null,
        "tags": [],
        "notes": [],
        "history": {
          "province_2512": null,
          "province_2276": null,
          "ruler_2515": null,
          "ruler_2512": null,
          "ruler_2276": null
        },
        "wiki": {
          "title": null,
          "url": null,
          "description": null,
          "image": null
        },
        "svg_layer": "Norsca"
      }
    },
    {
      "type": "Feature",
      "id": "copy_text_15181",
      "geometry": {
        "type": "Point",
        "coordinates": [
          17.408889,
          61.468058
        ]
      },
      "properties": {
        "id": "copy_text_15181",
        "name": "Mårnes",
        "category": "settlement",
        "dataset": "norsca",
        "in_gazetteer": false,
        "type": null,
        "region": "Norsca",
        "province": null,
        "estate": null,
        "population": 94,
        "population_estimated": true,
        "size_category": 1,
        "trade": null,
        "source": null,
        "tags": [],
        "notes": [],
        "history": {
          "province_2512": null,
          "province_2276": null,
          "ruler_2515": null,
          "ruler_2512": null,
          "ruler_2276": null
        },
        "wiki": {
          "title": null,
          "url": null,
          "description": null,
          "image": null
        },
        "svg_layer": "Norsca"
      }
    },
    {
      "type": "Feature",
      "id": "copy_text_15182",
      "geometry": {
        "type": "Point",
        "coordinates": [
          17.343786,
          61.60805
        ]
      },
      "properties": {
        "id": "copy_text_15182",
        "name": "Nordarnøya",
        "category": "settlement",
        "dataset": "norsca",
        "in_gazetteer": false,
        "type": null,
        "region": "Norsca",
        "province": null,
        "estate": null,
        "population": 96,
        "population_estimated": true,
        "size_category": 1,
        "trade": null,
        "source": null,
        "tags": [],
        "notes": [],
        "history": {
          "province_2512": null,
          "province_2276": null,
          "ruler_2515": null,
          "ruler_2512": null,
          "ruler_2276": null
        },
        "wiki": {
          "title": null,
          "url": null,
          "description": null,
          "image": null
        },
        "svg_layer": "Norsca"
      }
    },
    {
      "type": "Feature",
      "id": "copy_text_15183",
      "geometry": {
        "type": "Point",
        "coordinates": [
          17.524448,
          61.386027
        ]
      },
      "properties": {
        "id": "copy_text_15183",
        "name": "Bursimarka",
        "category": "settlement",
        "dataset": "norsca",
        "in_gazetteer": false,
        "type": null,
        "region": "Norsca",
        "province": null,
        "estate": null,
        "population": 345,
        "population_estimated": true,
        "size_category": 2,
        "trade": null,
        "source": null,
        "tags": [],
        "notes": [],
        "history": {
          "province_2512": null,
          "province_2276": null,
          "ruler_2515": null,
          "ruler_2512": null,
          "ruler_2276": null
        },
        "wiki": {
          "title": null,
          "url": null,
          "description": null,
          "image": null
        },
        "svg_layer": "Norsca"
      }
    },
    {
      "type": "Feature",
      "id": "copy_text_15184",
      "geometry": {
        "type": "Point",
        "coordinates": [
          12.408888,
          62.71936
        ]
      },
      "properties": {
        "id": "copy_text_15184",
        "name": "Setså",
        "category": "settlement",
        "dataset": "norsca",
        "in_gazetteer": false,
        "type": null,
        "region": "Norsca",
        "province": null,
        "estate": null,
        "population": 91,
        "population_estimated": true,
        "size_category": 1,
        "trade": null,
        "source": null,
        "tags": [],
        "notes": [],
        "history": {
          "province_2512": null,
          "province_2276": null,
          "ruler_2515": null,
          "ruler_2512": null,
          "ruler_2276": null
        },
        "wiki": {
          "title": null,
          "url": null,
          "description": null,
          "image": null
        },
        "svg_layer": "Norsca"
      }
    },
    {
      "type": "Feature",
      "id": "copy_text_15185",
      "geometry": {
        "type": "Point",
        "coordinates": [
          12.15661,
          62.737339
        ]
      },
      "properties": {
        "id": "copy_text_15185",
        "name": "Sandvika",
        "category": "settlement",
        "dataset": "norsca",
        "in_gazetteer": false,
        "type": null,
        "region": "Norsca",
        "province": null,
        "estate": null,
        "population": 186,
        "population_estimated": true,
        "size_category": 1,
        "trade": null,
        "source": null,
        "tags": [],
        "notes": [],
        "history": {
          "province_2512": null,
          "province_2276": null,
          "ruler_2515": null,
          "ruler_2512": null,
          "ruler_2276": null
        },
        "wiki": {
          "title": null,
          "url": null,
          "description": null,
          "image": null
        },
        "svg_layer": "Norsca"
      }
    },
    {
      "type": "Feature",
      "id": "copy_text_15186",
      "geometry": {
        "type": "Point",
        "coordinates": [
          11.95104,
          62.840138
        ]
      },
      "properties": {
        "id": "copy_text_15186",
        "name": "Båtsvika",
        "category": "settlement",
        "dataset": "norsca",
        "in_gazetteer": false,
        "type": null,
        "region": "Norsca",
        "province": null,
        "estate": null,
        "population": 629,
        "population_estimated": true,
        "size_category": 2,
        "trade": null,
        "source": null,
        "tags": [],
        "notes": [],
        "history": {
          "province_2512": null,
          "province_2276": null,
          "ruler_2515": null,
          "ruler_2512": null,
          "ruler_2276": null
        },
        "wiki": {
          "title": null,
          "url": null,
          "description": null,
          "image": null
        },
        "svg_layer": "Norsca"
      }
    },
    {
      "type": "Feature",
      "id": "copy_text_15187",
      "geometry": {
        "type": "Point",
        "coordinates": [
          13.32523,
          62.113891
        ]
      },
      "properties": {
        "id": "copy_text_15187",
        "name": "Skjerstad",
        "category": "settlement",
        "dataset": "norsca",
        "in_gazetteer": false,
        "type": null,
        "region": "Norsca",
        "province": null,
        "estate": null,
        "population": 158,
        "population_estimated": true,
        "size_category": 1,
        "trade": null,
        "source": null,
        "tags": [],
        "notes": [],
        "history": {
          "province_2512": null,
          "province_2276": null,
          "ruler_2515": null,
          "ruler_2512": null,
          "ruler_2276": null
        },
        "wiki": {
          "title": null,
          "url": null,
          "description": null,
          "image": null
        },
        "svg_layer": "Norsca"
      }
    },
    {
      "type": "Feature",
      "id": "copy_text_15188",
      "geometry": {
        "type": "Point",
        "coordinates": [
          13.265009,
          62.165974
        ]
      },
      "properties": {
        "id": "copy_text_15188",
        "name": "Godøynes",
        "category": "settlement",
        "dataset": "norsca",
        "in_gazetteer": false,
        "type": null,
        "region": "Norsca",
        "province": null,
        "estate": null,
        "population": 102,
        "population_estimated": true,
        "size_category": 1,
        "trade": null,
        "source": null,
        "tags": [],
        "notes": [],
        "history": {
          "province_2512": null,
          "province_2276": null,
          "ruler_2515": null,
          "ruler_2512": null,
          "ruler_2276": null
        },
        "wiki": {
          "title": null,
          "url": null,
          "description": null,
          "image": null
        },
        "svg_layer": "Norsca"
      }
    },
    {
      "type": "Feature",
      "id": "copy_text_15189",
      "geometry": {
        "type": "Point",
        "coordinates": [
          11.519293,
          62.807217
        ]
      },
      "properties": {
        "id": "copy_text_15189",
        "name": "Vinnskor",
        "category": "settlement",
        "dataset": "norsca",
        "in_gazetteer": true,
        "type": null,
        "region": "Norsca",
        "province": null,
        "estate": null,
        "population": 816,
        "population_estimated": false,
        "size_category": 2,
        "trade": null,
        "source": "Palace of the Plague Lord (Novel) by C.L. Werner",
        "tags": [],
        "notes": [],
        "history": {
          "province_2512": null,
          "province_2276": null,
          "ruler_2515": null,
          "ruler_2512": null,
          "ruler_2276": null
        },
        "wiki": {
          "title": null,
          "url": "https://warhammerfantasy.fandom.com/wiki/Vinnskor",
          "description": null,
          "image": null
        },
        "svg_layer": "Norsca"
      }
    },
    {
      "type": "Feature",
      "id": "copy_text_15190",
      "geometry": {
        "type": "Point",
        "coordinates": [
          13.839553,
          61.893839
        ]
      },
      "properties": {
        "id": "copy_text_15190",
        "name": "Naurstad",
        "category": "settlement",
        "dataset": "norsca",
        "in_gazetteer": false,
        "type": null,
        "region": "Norsca",
        "province": null,
        "estate": null,
        "population": 69,
        "population_estimated": true,
        "size_category": 1,
        "trade": null,
        "source": null,
        "tags": [],
        "notes": [],
        "history": {
          "province_2512": null,
          "province_2276": null,
          "ruler_2515": null,
          "ruler_2512": null,
          "ruler_2276": null
        },
        "wiki": {
          "title": null,
          "url": null,
          "description": null,
          "image": null
        },
        "svg_layer": "Norsca"
      }
    },
    {
      "type": "Feature",
      "id": "copy_text_15191",
      "geometry": {
        "type": "Point",
        "coordinates": [
          14.205763,
          61.918579
        ]
      },
      "properties": {
        "id": "copy_text_15191",
        "name": "Bliksvær",
        "category": "settlement",
        "dataset": "norsca",
        "in_gazetteer": false,
        "type": null,
        "region": "Norsca",
        "province": null,
        "estate": null,
        "population": 214,
        "population_estimated": true,
        "size_category": 1,
        "trade": null,
        "source": null,
        "tags": [],
        "notes": [],
        "history": {
          "province_2512": null,
          "province_2276": null,
          "ruler_2515": null,
          "ruler_2512": null,
          "ruler_2276": null
        },
        "wiki": {
          "title": null,
          "url": null,
          "description": null,
          "image": null
        },
        "svg_layer": "Norsca"
      }
    },
    {
      "type": "Feature",
      "id": "copy_text_15192",
      "geometry": {
        "type": "Point",
        "coordinates": [
          14.414096,
          61.75061
        ]
      },
      "properties": {
        "id": "copy_text_15192",
        "name": "Hjemås",
        "category": "settlement",
        "dataset": "norsca",
        "in_gazetteer": false,
        "type": null,
        "region": "Norsca",
        "province": null,
        "estate": null,
        "population": 173,
        "population_estimated": true,
        "size_category": 1,
        "trade": null,
        "source": null,
        "tags": [],
        "notes": [],
        "history": {
          "province_2512": null,
          "province_2276": null,
          "ruler_2515": null,
          "ruler_2512": null,
          "ruler_2276": null
        },
        "wiki": {
          "title": null,
          "url": null,
          "description": null,
          "image": null
        },
        "svg_layer": "Norsca"
      }
    },
    {
      "type": "Feature",
      "id": "copy_text_15193",
      "geometry": {
        "type": "Point",
        "coordinates": [
          14.501987,
          61.785766
        ]
      },
      "properties": {
        "id": "copy_text_15193",
        "name": "Valnesfjord",
        "category": "settlement",
        "dataset": "norsca",
        "in_gazetteer": false,
        "type": null,
        "region": "Norsca",
        "province": null,
        "estate": null,
        "population": 174,
        "population_estimated": true,
        "size_category": 1,
        "trade": null,
        "source": null,
        "tags": [],
        "notes": [],
        "history": {
          "province_2512": null,
          "province_2276": null,
          "ruler_2515": null,
          "ruler_2512": null,
          "ruler_2276": null
        },
        "wiki": {
          "title": null,
          "url": null,
          "description": null,
          "image": null
        },
        "svg_layer": "Norsca"
      }
    },
    {
      "type": "Feature",
      "id": "copy_text_15194",
      "geometry": {
        "type": "Point",
        "coordinates": [
          14.951204,
          61.965453
        ]
      },
      "properties": {
        "id": "copy_text_15194",
        "name": "Løding",
        "category": "settlement",
        "dataset": "norsca",
        "in_gazetteer": false,
        "type": null,
        "region": "Norsca",
        "province": null,
        "estate": null,
        "population": 153,
        "population_estimated": true,
        "size_category": 1,
        "trade": null,
        "source": null,
        "tags": [],
        "notes": [],
        "history": {
          "province_2512": null,
          "province_2276": null,
          "ruler_2515": null,
          "ruler_2512": null,
          "ruler_2276": null
        },
        "wiki": {
          "title": null,
          "url": null,
          "description": null,
          "image": null
        },
        "svg_layer": "Norsca"
      }
    },
    {
      "type": "Feature",
      "id": "copy_text_15195",
      "geometry": {
        "type": "Point",
        "coordinates": [
          14.679397,
          61.922485
        ]
      },
      "properties": {
        "id": "copy_text_15195",
        "name": "Givær",
        "category": "settlement",
        "dataset": "norsca",
        "in_gazetteer": false,
        "type": null,
        "region": "Norsca",
        "province": null,
        "estate": null,
        "population": 210,
        "population_estimated": true,
        "size_category": 1,
        "trade": null,
        "source": null,
        "tags": [],
        "notes": [],
        "history": {
          "province_2512": null,
          "province_2276": null,
          "ruler_2515": null,
          "ruler_2512": null,
          "ruler_2276": null
        },
        "wiki": {
          "title": null,
          "url": null,
          "description": null,
          "image": null
        },
        "svg_layer": "Norsca"
      }
    },
    {
      "type": "Feature",
      "id": "copy_text_15196",
      "geometry": {
        "type": "Point",
        "coordinates": [
          9.083693,
          64.870402
        ]
      },
      "properties": {
        "id": "copy_text_15196",
        "name": "Løpsmarka",
        "category": "settlement",
        "dataset": "norsca",
        "in_gazetteer": false,
        "type": null,
        "region": "Norsca",
        "province": null,
        "estate": null,
        "population": 129,
        "population_estimated": true,
        "size_category": 1,
        "trade": null,
        "source": null,
        "tags": [],
        "notes": [],
        "history": {
          "province_2512": null,
          "province_2276": null,
          "ruler_2515": null,
          "ruler_2512": null,
          "ruler_2276": null
        },
        "wiki": {
          "title": null,
          "url": null,
          "description": null,
          "image": null
        },
        "svg_layer": "Norsca"
      }
    },
    {
      "type": "Feature",
      "id": "copy_text_15197",
      "geometry": {
        "type": "Point",
        "coordinates": [
          8.907911,
          65.218058
        ]
      },
      "properties": {
        "id": "copy_text_15197",
        "name": "Kvitblik",
        "category": "settlement",
        "dataset": "norsca",
        "in_gazetteer": false,
        "type": null,
        "region": "Norsca",
        "province": null,
        "estate": null,
        "population": 56,
        "population_estimated": true,
        "size_category": 1,
        "trade": null,
        "source": null,
        "tags": [],
        "notes": [],
        "history": {
          "province_2512": null,
          "province_2276": null,
          "ruler_2515": null,
          "ruler_2512": null,
          "ruler_2276": null
        },
        "wiki": {
          "title": null,
          "url": null,
          "description": null,
          "image": null
        },
        "svg_layer": "Norsca"
      }
    },
    {
      "type": "Feature",
      "id": "copy_text_15198",
      "geometry": {
        "type": "Point",
        "coordinates": [
          10.244174,
          65.587849
        ]
      },
      "properties": {
        "id": "copy_text_15198",
        "name": "Myklebostad",
        "category": "settlement",
        "dataset": "norsca",
        "in_gazetteer": false,
        "type": null,
        "region": "Norsca",
        "province": null,
        "estate": null,
        "population": 316,
        "population_estimated": true,
        "size_category": 2,
        "trade": null,
        "source": null,
        "tags": [],
        "notes": [],
        "history": {
          "province_2512": null,
          "province_2276": null,
          "ruler_2515": null,
          "ruler_2512": null,
          "ruler_2276": null
        },
        "wiki": {
          "title": null,
          "url": null,
          "description": null,
          "image": null
        },
        "svg_layer": "Norsca"
      }
    },
    {
      "type": "Feature",
      "id": "copy_text_15199",
      "geometry": {
        "type": "Point",
        "coordinates": [
          10.252313,
          65.537068
        ]
      },
      "properties": {
        "id": "copy_text_15199",
        "name": "Helland",
        "category": "settlement",
        "dataset": "norsca",
        "in_gazetteer": false,
        "type": null,
        "region": "Norsca",
        "province": null,
        "estate": null,
        "population": 169,
        "population_estimated": true,
        "size_category": 1,
        "trade": null,
        "source": null,
        "tags": [],
        "notes": [],
        "history": {
          "province_2512": null,
          "province_2276": null,
          "ruler_2515": null,
          "ruler_2512": null,
          "ruler_2276": null
        },
        "wiki": {
          "title": null,
          "url": null,
          "description": null,
          "image": null
        },
        "svg_layer": "Norsca"
      }
    },
    {
      "type": "Feature",
      "id": "copy_text_15200",
      "geometry": {
        "type": "Point",
        "coordinates": [
          8.616571,
          64.389933
        ]
      },
      "properties": {
        "id": "copy_text_15200",
        "name": "Øvre Kvarv",
        "category": "settlement",
        "dataset": "norsca",
        "in_gazetteer": false,
        "type": null,
        "region": "Norsca",
        "province": null,
        "estate": null,
        "population": 269,
        "population_estimated": true,
        "size_category": 1,
        "trade": null,
        "source": null,
        "tags": [],
        "notes": [],
        "history": {
          "province_2512": null,
          "province_2276": null,
          "ruler_2515": null,
          "ruler_2512": null,
          "ruler_2276": null
        },
        "wiki": {
          "title": null,
          "url": null,
          "description": null,
          "image": null
        },
        "svg_layer": "Norsca"
      }
    },
    {
      "type": "Feature",
      "id": "copy_text_15201",
      "geometry": {
        "type": "Point",
        "coordinates": [
          9.141728,
          64.928884
        ]
      },
      "properties": {
        "id": "copy_text_15201",
        "name": "Aspfjord",
        "category": "settlement",
        "dataset": "norsca",
        "in_gazetteer": false,
        "type": null,
        "region": "Norsca",
        "province": null,
        "estate": null,
        "population": 166,
        "population_estimated": true,
        "size_category": 1,
        "trade": null,
        "source": null,
        "tags": [],
        "notes": [],
        "history": {
          "province_2512": null,
          "province_2276": null,
          "ruler_2515": null,
          "ruler_2512": null,
          "ruler_2276": null
        },
        "wiki": {
          "title": null,
          "url": null,
          "description": null,
          "image": null
        },
        "svg_layer": "Norsca"
      }
    },
    {
      "type": "Feature",
      "id": "copy_text_15203",
      "geometry": {
        "type": "Point",
        "coordinates": [
          4.510126,
          66.03837
        ]
      },
      "properties": {
        "id": "copy_text_15203",
        "name": "Styrkesvik",
        "category": "settlement",
        "dataset": "norsca",
        "in_gazetteer": false,
        "type": null,
        "region": "Norsca",
        "province": null,
        "estate": null,
        "population": 147,
        "population_estimated": true,
        "size_category": 1,
        "trade": null,
        "source": null,
        "tags": [],
        "notes": [],
        "history": {
          "province_2512": null,
          "province_2276": null,
          "ruler_2515": null,
          "ruler_2512": null,
          "ruler_2276": null
        },
        "wiki": {
          "title": null,
          "url": null,
          "description": null,
          "image": null
        },
        "svg_layer": "Norsca"
      }
    },
    {
      "type": "Feature",
      "id": "copy_text_15204",
      "geometry": {
        "type": "Point",
        "coordinates": [
          5.076531,
          65.169881
        ]
      },
      "properties": {
        "id": "copy_text_15204",
        "name": "Kjerringøy",
        "category": "settlement",
        "dataset": "norsca",
        "in_gazetteer": false,
        "type": null,
        "region": "Norsca",
        "province": null,
        "estate": null,
        "population": 118,
        "population_estimated": true,
        "size_category": 1,
        "trade": null,
        "source": null,
        "tags": [],
        "notes": [],
        "history": {
          "province_2512": null,
          "province_2276": null,
          "ruler_2515": null,
          "ruler_2512": null,
          "ruler_2276": null
        },
        "wiki": {
          "title": null,
          "url": null,
          "description": null,
          "image": null
        },
        "svg_layer": "Norsca"
      }
    },
    {
      "type": "Feature",
      "id": "copy_text_15205",
      "geometry": {
        "type": "Point",
        "coordinates": [
          5.643751,
          66.294881
        ]
      },
      "properties": {
        "id": "copy_text_15205",
        "name": "Leirfjordgården",
        "category": "settlement",
        "dataset": "norsca",
        "in_gazetteer": false,
        "type": null,
        "region": "Norsca",
        "province": null,
        "estate": null,
        "population": 165,
        "population_estimated": true,
        "size_category": 1,
        "trade": null,
        "source": null,
        "tags": [],
        "notes": [],
        "history": {
          "province_2512": null,
          "province_2276": null,
          "ruler_2515": null,
          "ruler_2512": null,
          "ruler_2276": null
        },
        "wiki": {
          "title": null,
          "url": null,
          "description": null,
          "image": null
        },
        "svg_layer": "Norsca"
      }
    },
    {
      "type": "Feature",
      "id": "copy_text_15206",
      "geometry": {
        "type": "Point",
        "coordinates": [
          4.746128,
          65.934204
        ]
      },
      "properties": {
        "id": "copy_text_15206",
        "name": "Rørstad",
        "category": "settlement",
        "dataset": "norsca",
        "in_gazetteer": false,
        "type": null,
        "region": "Norsca",
        "province": null,
        "estate": null,
        "population": 89,
        "population_estimated": true,
        "size_category": 1,
        "trade": null,
        "source": null,
        "tags": [],
        "notes": [],
        "history": {
          "province_2512": null,
          "province_2276": null,
          "ruler_2515": null,
          "ruler_2512": null,
          "ruler_2276": null
        },
        "wiki": {
          "title": null,
          "url": null,
          "description": null,
          "image": null
        },
        "svg_layer": "Norsca"
      }
    },
    {
      "type": "Feature",
      "id": "copy_text_15207",
      "geometry": {
        "type": "Point",
        "coordinates": [
          4.458042,
          67.145141
        ]
      },
      "properties": {
        "id": "copy_text_15207",
        "name": "Røssnesvågen",
        "category": "settlement",
        "dataset": "norsca",
        "in_gazetteer": false,
        "type": null,
        "region": "Norsca",
        "province": null,
        "estate": null,
        "population": 307,
        "population_estimated": true,
        "size_category": 2,
        "trade": null,
        "source": null,
        "tags": [],
        "notes": [],
        "history": {
          "province_2512": null,
          "province_2276": null,
          "ruler_2515": null,
          "ruler_2512": null,
          "ruler_2276": null
        },
        "wiki": {
          "title": null,
          "url": null,
          "description": null,
          "image": null
        },
        "svg_layer": "Norsca"
      }
    },
    {
      "type": "Feature",
      "id": "copy_text_15208",
      "geometry": {
        "type": "Point",
        "coordinates": [
          1.099851,
          64.613949
        ]
      },
      "properties": {
        "id": "copy_text_15208",
        "name": "Stamsvika",
        "category": "settlement",
        "dataset": "norsca",
        "in_gazetteer": false,
        "type": null,
        "region": "Norsca",
        "province": null,
        "estate": null,
        "population": 123,
        "population_estimated": true,
        "size_category": 1,
        "trade": null,
        "source": null,
        "tags": [],
        "notes": [],
        "history": {
          "province_2512": null,
          "province_2276": null,
          "ruler_2515": null,
          "ruler_2512": null,
          "ruler_2276": null
        },
        "wiki": {
          "title": null,
          "url": null,
          "description": null,
          "image": null
        },
        "svg_layer": "Norsca"
      }
    },
    {
      "type": "Feature",
      "id": "copy_text_15209",
      "geometry": {
        "type": "Point",
        "coordinates": [
          1.262127,
          64.543974
        ]
      },
      "properties": {
        "id": "copy_text_15209",
        "name": "Sørskot",
        "category": "settlement",
        "dataset": "norsca",
        "in_gazetteer": false,
        "type": null,
        "region": "Norsca",
        "province": null,
        "estate": null,
        "population": 450,
        "population_estimated": true,
        "size_category": 2,
        "trade": null,
        "source": null,
        "tags": [],
        "notes": [],
        "history": {
          "province_2512": null,
          "province_2276": null,
          "ruler_2515": null,
          "ruler_2512": null,
          "ruler_2276": null
        },
        "wiki": {
          "title": null,
          "url": null,
          "description": null,
          "image": null
        },
        "svg_layer": "Norsca"
      }
    },
    {
      "type": "Feature",
      "id": "copy_text_15210",
      "geometry": {
        "type": "Point",
        "coordinates": [
          3.105277,
          64.39528
        ]
      },
      "properties": {
        "id": "copy_text_15210",
        "name": "Hellmobotn",
        "category": "settlement",
        "dataset": "norsca",
        "in_gazetteer": false,
        "type": null,
        "region": "Norsca",
        "province": null,
        "estate": null,
        "population": 139,
        "population_estimated": true,
        "size_category": 1,
        "trade": null,
        "source": null,
        "tags": [],
        "notes": [],
        "history": {
          "province_2512": null,
          "province_2276": null,
          "ruler_2515": null,
          "ruler_2512": null,
          "ruler_2276": null
        },
        "wiki": {
          "title": null,
          "url": null,
          "description": null,
          "image": null
        },
        "svg_layer": "Norsca"
      }
    },
    {
      "type": "Feature",
      "id": "copy_text_15211",
      "geometry": {
        "type": "Point",
        "coordinates": [
          3.050977,
          64.989543
        ]
      },
      "properties": {
        "id": "copy_text_15211",
        "name": "Sørvågen",
        "category": "settlement",
        "dataset": "norsca",
        "in_gazetteer": false,
        "type": null,
        "region": "Norsca",
        "province": null,
        "estate": null,
        "population": 132,
        "population_estimated": true,
        "size_category": 1,
        "trade": null,
        "source": null,
        "tags": [],
        "notes": [],
        "history": {
          "province_2512": null,
          "province_2276": null,
          "ruler_2515": null,
          "ruler_2512": null,
          "ruler_2276": null
        },
        "wiki": {
          "title": null,
          "url": null,
          "description": null,
          "image": null
        },
        "svg_layer": "Norsca"
      }
    },
    {
      "type": "Feature",
      "id": "copy_text_15212",
      "geometry": {
        "type": "Point",
        "coordinates": [
          2.775547,
          65.63778
        ]
      },
      "properties": {
        "id": "copy_text_15212",
        "name": "Tømmerneset",
        "category": "settlement",
        "dataset": "norsca",
        "in_gazetteer": false,
        "type": null,
        "region": "Norsca",
        "province": null,
        "estate": null,
        "population": 115,
        "population_estimated": true,
        "size_category": 1,
        "trade": null,
        "source": null,
        "tags": [],
        "notes": [],
        "history": {
          "province_2512": null,
          "province_2276": null,
          "ruler_2515": null,
          "ruler_2512": null,
          "ruler_2276": null
        },
        "wiki": {
          "title": null,
          "url": null,
          "description": null,
          "image": null
        },
        "svg_layer": "Norsca"
      }
    },
    {
      "type": "Feature",
      "id": "copy_text_15213",
      "geometry": {
        "type": "Point",
        "coordinates": [
          3.08974,
          65.36617
        ]
      },
      "properties": {
        "id": "copy_text_15213",
        "name": "Ålstad",
        "category": "settlement",
        "dataset": "norsca",
        "in_gazetteer": false,
        "type": null,
        "region": "Norsca",
        "province": null,
        "estate": null,
        "population": 108,
        "population_estimated": true,
        "size_category": 1,
        "trade": null,
        "source": null,
        "tags": [],
        "notes": [],
        "history": {
          "province_2512": null,
          "province_2276": null,
          "ruler_2515": null,
          "ruler_2512": null,
          "ruler_2276": null
        },
        "wiki": {
          "title": null,
          "url": null,
          "description": null,
          "image": null
        },
        "svg_layer": "Norsca"
      }
    },
    {
      "type": "Feature",
      "id": "copy_text_15214",
      "geometry": {
        "type": "Point",
        "coordinates": [
          2.103427,
          66.808926
        ]
      },
      "properties": {
        "id": "copy_text_15214",
        "name": "Hamnøya",
        "category": "settlement",
        "dataset": "norsca",
        "in_gazetteer": false,
        "type": null,
        "region": "Norsca",
        "province": null,
        "estate": null,
        "population": 220,
        "population_estimated": true,
        "size_category": 1,
        "trade": null,
        "source": null,
        "tags": [],
        "notes": [],
        "history": {
          "province_2512": null,
          "province_2276": null,
          "ruler_2515": null,
          "ruler_2512": null,
          "ruler_2276": null
        },
        "wiki": {
          "title": null,
          "url": null,
          "description": null,
          "image": null
        },
        "svg_layer": "Norsca"
      }
    },
    {
      "type": "Feature",
      "id": "copy_text_15215",
      "geometry": {
        "type": "Point",
        "coordinates": [
          -0.348273,
          62.16337
        ]
      },
      "properties": {
        "id": "copy_text_15215",
        "name": "Vindstad",
        "category": "settlement",
        "dataset": "norsca",
        "in_gazetteer": false,
        "type": null,
        "region": "Norsca",
        "province": null,
        "estate": null,
        "population": 96,
        "population_estimated": true,
        "size_category": 1,
        "trade": null,
        "source": null,
        "tags": [],
        "notes": [],
        "history": {
          "province_2512": null,
          "province_2276": null,
          "ruler_2515": null,
          "ruler_2512": null,
          "ruler_2276": null
        },
        "wiki": {
          "title": null,
          "url": null,
          "description": null,
          "image": null
        },
        "svg_layer": "Norsca"
      }
    },
    {
      "type": "Feature",
      "id": "copy_text_15216",
      "geometry": {
        "type": "Point",
        "coordinates": [
          4.668761,
          63.771497
        ]
      },
      "properties": {
        "id": "copy_text_15216",
        "name": "Karlsøy",
        "category": "settlement",
        "dataset": "norsca",
        "in_gazetteer": false,
        "type": null,
        "region": "Norsca",
        "province": null,
        "estate": null,
        "population": 443,
        "population_estimated": true,
        "size_category": 2,
        "trade": null,
        "source": null,
        "tags": [],
        "notes": [],
        "history": {
          "province_2512": null,
          "province_2276": null,
          "ruler_2515": null,
          "ruler_2512": null,
          "ruler_2276": null
        },
        "wiki": {
          "title": null,
          "url": null,
          "description": null,
          "image": null
        },
        "svg_layer": "Norsca"
      }
    },
    {
      "type": "Feature",
      "id": "copy_text_15217",
      "geometry": {
        "type": "Point",
        "coordinates": [
          9.002313,
          64.611287
        ]
      },
      "properties": {
        "id": "copy_text_15217",
        "name": "Finnøya",
        "category": "settlement",
        "dataset": "norsca",
        "in_gazetteer": false,
        "type": null,
        "region": "Norsca",
        "province": null,
        "estate": null,
        "population": 260,
        "population_estimated": true,
        "size_category": 1,
        "trade": null,
        "source": null,
        "tags": [],
        "notes": [],
        "history": {
          "province_2512": null,
          "province_2276": null,
          "ruler_2515": null,
          "ruler_2512": null,
          "ruler_2276": null
        },
        "wiki": {
          "title": null,
          "url": null,
          "description": null,
          "image": null
        },
        "svg_layer": "Norsca"
      }
    },
    {
      "type": "Feature",
      "id": "copy_text_15218",
      "geometry": {
        "type": "Point",
        "coordinates": [
          11.426786,
          63.445565
        ]
      },
      "properties": {
        "id": "copy_text_15218",
        "name": "Skutvika",
        "category": "settlement",
        "dataset": "norsca",
        "in_gazetteer": false,
        "type": null,
        "region": "Norsca",
        "province": null,
        "estate": null,
        "population": 132,
        "population_estimated": true,
        "size_category": 1,
        "trade": null,
        "source": null,
        "tags": [],
        "notes": [],
        "history": {
          "province_2512": null,
          "province_2276": null,
          "ruler_2515": null,
          "ruler_2512": null,
          "ruler_2276": null
        },
        "wiki": {
          "title": null,
          "url": null,
          "description": null,
          "image": null
        },
        "svg_layer": "Norsca"
      }
    },
    {
      "type": "Feature",
      "id": "copy_text_15219",
      "geometry": {
        "type": "Point",
        "coordinates": [
          9.30915,
          66.222433
        ]
      },
      "properties": {
        "id": "copy_text_15219",
        "name": "Kaldvåg",
        "category": "settlement",
        "dataset": "norsca",
        "in_gazetteer": false,
        "type": null,
        "region": "Norsca",
        "province": null,
        "estate": null,
        "population": 197,
        "population_estimated": true,
        "size_category": 1,
        "trade": null,
        "source": null,
        "tags": [],
        "notes": [],
        "history": {
          "province_2512": null,
          "province_2276": null,
          "ruler_2515": null,
          "ruler_2512": null,
          "ruler_2276": null
        },
        "wiki": {
          "title": null,
          "url": null,
          "description": null,
          "image": null
        },
        "svg_layer": "Norsca"
      }
    },
    {
      "type": "Feature",
      "id": "copy_text_15220",
      "geometry": {
        "type": "Point",
        "coordinates": [
          13.56284,
          61.833399
        ]
      },
      "properties": {
        "id": "copy_text_15220",
        "name": "Kjøpsvik",
        "category": "settlement",
        "dataset": "norsca",
        "in_gazetteer": false,
        "type": null,
        "region": "Norsca",
        "province": null,
        "estate": null,
        "population": 387,
        "population_estimated": true,
        "size_category": 2,
        "trade": null,
        "source": null,
        "tags": [],
        "notes": [],
        "history": {
          "province_2512": null,
          "province_2276": null,
          "ruler_2515": null,
          "ruler_2512": null,
          "ruler_2276": null
        },
        "wiki": {
          "title": null,
          "url": null,
          "description": null,
          "image": null
        },
        "svg_layer": "Norsca"
      }
    },
    {
      "type": "Feature",
      "id": "copy_text_15221",
      "geometry": {
        "type": "Point",
        "coordinates": [
          17.475621,
          61.04488
        ]
      },
      "properties": {
        "id": "copy_text_15221",
        "name": "Ulvsvåg",
        "category": "settlement",
        "dataset": "norsca",
        "in_gazetteer": false,
        "type": null,
        "region": "Norsca",
        "province": null,
        "estate": null,
        "population": 222,
        "population_estimated": true,
        "size_category": 1,
        "trade": null,
        "source": null,
        "tags": [],
        "notes": [],
        "history": {
          "province_2512": null,
          "province_2276": null,
          "ruler_2515": null,
          "ruler_2512": null,
          "ruler_2276": null
        },
        "wiki": {
          "title": null,
          "url": null,
          "description": null,
          "image": null
        },
        "svg_layer": "Norsca"
      }
    },
    {
      "type": "Feature",
      "id": "copy_text_15222",
      "geometry": {
        "type": "Point",
        "coordinates": [
          17.382848,
          61.082641
        ]
      },
      "properties": {
        "id": "copy_text_15222",
        "name": "Nusfjord",
        "category": "settlement",
        "dataset": "norsca",
        "in_gazetteer": false,
        "type": null,
        "region": "Norsca",
        "province": null,
        "estate": null,
        "population": 187,
        "population_estimated": true,
        "size_category": 1,
        "trade": null,
        "source": null,
        "tags": [],
        "notes": [],
        "history": {
          "province_2512": null,
          "province_2276": null,
          "ruler_2515": null,
          "ruler_2512": null,
          "ruler_2276": null
        },
        "wiki": {
          "title": null,
          "url": null,
          "description": null,
          "image": null
        },
        "svg_layer": "Norsca"
      }
    },
    {
      "type": "Feature",
      "id": "copy_text_15223",
      "geometry": {
        "type": "Point",
        "coordinates": [
          -5.463675,
          60.7488
        ]
      },
      "properties": {
        "id": "copy_text_15223",
        "name": "Ørsvåg",
        "category": "settlement",
        "dataset": "norsca",
        "in_gazetteer": false,
        "type": null,
        "region": "Norsca",
        "province": null,
        "estate": null,
        "population": 229,
        "population_estimated": true,
        "size_category": 1,
        "trade": null,
        "source": null,
        "tags": [],
        "notes": [],
        "history": {
          "province_2512": null,
          "province_2276": null,
          "ruler_2515": null,
          "ruler_2512": null,
          "ruler_2276": null
        },
        "wiki": {
          "title": null,
          "url": null,
          "description": null,
          "image": null
        },
        "svg_layer": "Norsca"
      }
    },
    {
      "type": "Feature",
      "id": "copy_text_15224",
      "geometry": {
        "type": "Point",
        "coordinates": [
          -4.267545,
          66.442667
        ]
      },
      "properties": {
        "id": "copy_text_15224",
        "name": "Rauðalækur",
        "category": "settlement",
        "dataset": "norsca",
        "in_gazetteer": false,
        "type": null,
        "region": "Norsca",
        "province": null,
        "estate": null,
        "population": 91,
        "population_estimated": true,
        "size_category": 1,
        "trade": null,
        "source": null,
        "tags": [],
        "notes": [],
        "history": {
          "province_2512": null,
          "province_2276": null,
          "ruler_2515": null,
          "ruler_2512": null,
          "ruler_2276": null
        },
        "wiki": {
          "title": null,
          "url": null,
          "description": null,
          "image": null
        },
        "svg_layer": "Norsca"
      }
    },
    {
      "type": "Feature",
      "id": "copy_text_15225",
      "geometry": {
        "type": "Point",
        "coordinates": [
          -3.553027,
          66.537069
        ]
      },
      "properties": {
        "id": "copy_text_15225",
        "name": "Reykholt",
        "category": "settlement",
        "dataset": "norsca",
        "in_gazetteer": false,
        "type": null,
        "region": "Norsca",
        "province": null,
        "estate": null,
        "population": 202,
        "population_estimated": true,
        "size_category": 1,
        "trade": null,
        "source": null,
        "tags": [],
        "notes": [],
        "history": {
          "province_2512": null,
          "province_2276": null,
          "ruler_2515": null,
          "ruler_2512": null,
          "ruler_2276": null
        },
        "wiki": {
          "title": null,
          "url": null,
          "description": null,
          "image": null
        },
        "svg_layer": "Norsca"
      }
    },
    {
      "type": "Feature",
      "id": "copy_text_15226",
      "geometry": {
        "type": "Point",
        "coordinates": [
          4.957635,
          68.218536
        ]
      },
      "properties": {
        "id": "copy_text_15226",
        "name": "Laugarbakki",
        "category": "settlement",
        "dataset": "norsca",
        "in_gazetteer": false,
        "type": null,
        "region": "Norsca",
        "province": null,
        "estate": null,
        "population": 188,
        "population_estimated": true,
        "size_category": 1,
        "trade": null,
        "source": null,
        "tags": [],
        "notes": [],
        "history": {
          "province_2512": null,
          "province_2276": null,
          "ruler_2515": null,
          "ruler_2512": null,
          "ruler_2276": null
        },
        "wiki": {
          "title": null,
          "url": null,
          "description": null,
          "image": null
        },
        "svg_layer": "Norsca"
      }
    },
    {
      "type": "Feature",
      "id": "copy_text_15227",
      "geometry": {
        "type": "Point",
        "coordinates": [
          5.133721,
          68.253523
        ]
      },
      "properties": {
        "id": "copy_text_15227",
        "name": "Kleppjárnsreykir",
        "category": "settlement",
        "dataset": "norsca",
        "in_gazetteer": false,
        "type": null,
        "region": "Norsca",
        "province": null,
        "estate": null,
        "population": 115,
        "population_estimated": true,
        "size_category": 1,
        "trade": null,
        "source": null,
        "tags": [],
        "notes": [],
        "history": {
          "province_2512": null,
          "province_2276": null,
          "ruler_2515": null,
          "ruler_2512": null,
          "ruler_2276": null
        },
        "wiki": {
          "title": null,
          "url": null,
          "description": null,
          "image": null
        },
        "svg_layer": "Norsca"
      }
    },
    {
      "type": "Feature",
      "id": "copy_text_15228",
      "geometry": {
        "type": "Point",
        "coordinates": [
          13.712599,
          67.392537
        ]
      },
      "properties": {
        "id": "copy_text_15228",
        "name": "Snaegrvold",
        "category": "settlement",
        "dataset": "norsca",
        "in_gazetteer": false,
        "type": null,
        "region": "Norsca",
        "province": null,
        "estate": null,
        "population": 176,
        "population_estimated": true,
        "size_category": 1,
        "trade": null,
        "source": null,
        "tags": [],
        "notes": [],
        "history": {
          "province_2512": null,
          "province_2276": null,
          "ruler_2515": null,
          "ruler_2512": null,
          "ruler_2276": null
        },
        "wiki": {
          "title": null,
          "url": null,
          "description": null,
          "image": null
        },
        "svg_layer": "Norsca"
      }
    },
    {
      "type": "Feature",
      "id": "copy_text_15230",
      "geometry": {
        "type": "Point",
        "coordinates": [
          -10.691017,
          68.658636
        ]
      },
      "properties": {
        "id": "copy_text_15230",
        "name": "Keldevind",
        "category": "settlement",
        "dataset": "norsca",
        "in_gazetteer": false,
        "type": null,
        "region": "Norsca",
        "province": null,
        "estate": null,
        "population": 126,
        "population_estimated": true,
        "size_category": 1,
        "trade": null,
        "source": null,
        "tags": [],
        "notes": [],
        "history": {
          "province_2512": null,
          "province_2276": null,
          "ruler_2515": null,
          "ruler_2512": null,
          "ruler_2276": null
        },
        "wiki": {
          "title": null,
          "url": null,
          "description": null,
          "image": null
        },
        "svg_layer": "Norsca"
      }
    },
    {
      "type": "Feature",
      "id": "copy_text_15231",
      "geometry": {
        "type": "Point",
        "coordinates": [
          -7.968011,
          69.183442
        ]
      },
      "properties": {
        "id": "copy_text_15231",
        "name": "Vestligkyst",
        "category": "settlement",
        "dataset": "norsca",
        "in_gazetteer": false,
        "type": null,
        "region": "Norsca",
        "province": null,
        "estate": null,
        "population": 284,
        "population_estimated": true,
        "size_category": 1,
        "trade": null,
        "source": null,
        "tags": [],
        "notes": [],
        "history": {
          "province_2512": null,
          "province_2276": null,
          "ruler_2515": null,
          "ruler_2512": null,
          "ruler_2276": null
        },
        "wiki": {
          "title": null,
          "url": null,
          "description": null,
          "image": null
        },
        "svg_layer": "Norsca"
      }
    },
    {
      "type": "Feature",
      "id": "copy_text_15232",
      "geometry": {
        "type": "Point",
        "coordinates": [
          13.686558,
          67.190714
        ]
      },
      "properties": {
        "id": "copy_text_15232",
        "name": "Árbæjarhverfi",
        "category": "settlement",
        "dataset": "norsca",
        "in_gazetteer": false,
        "type": null,
        "region": "Norsca",
        "province": null,
        "estate": null,
        "population": 203,
        "population_estimated": true,
        "size_category": 1,
        "trade": null,
        "source": null,
        "tags": [],
        "notes": [],
        "history": {
          "province_2512": null,
          "province_2276": null,
          "ruler_2515": null,
          "ruler_2512": null,
          "ruler_2276": null
        },
        "wiki": {
          "title": null,
          "url": null,
          "description": null,
          "image": null
        },
        "svg_layer": "Norsca"
      }
    },
    {
      "type": "Feature",
      "id": "copy_text_15233",
      "geometry": {
        "type": "Point",
        "coordinates": [
          12.575376,
          67.406468
        ]
      },
      "properties": {
        "id": "copy_text_15233",
        "name": "Brautarholt",
        "category": "settlement",
        "dataset": "norsca",
        "in_gazetteer": false,
        "type": null,
        "region": "Norsca",
        "province": null,
        "estate": null,
        "population": 150,
        "population_estimated": true,
        "size_category": 1,
        "trade": null,
        "source": null,
        "tags": [],
        "notes": [],
        "history": {
          "province_2512": null,
          "province_2276": null,
          "ruler_2515": null,
          "ruler_2512": null,
          "ruler_2276": null
        },
        "wiki": {
          "title": null,
          "url": null,
          "description": null,
          "image": null
        },
        "svg_layer": "Norsca"
      }
    },
    {
      "type": "Feature",
      "id": "copy_text_15234",
      "geometry": {
        "type": "Point",
        "coordinates": [
          12.094303,
          67.62928
        ]
      },
      "properties": {
        "id": "copy_text_15234",
        "name": "Drangsnes",
        "category": "settlement",
        "dataset": "norsca",
        "in_gazetteer": false,
        "type": null,
        "region": "Norsca",
        "province": null,
        "estate": null,
        "population": 101,
        "population_estimated": true,
        "size_category": 1,
        "trade": null,
        "source": null,
        "tags": [],
        "notes": [],
        "history": {
          "province_2512": null,
          "province_2276": null,
          "ruler_2515": null,
          "ruler_2512": null,
          "ruler_2276": null
        },
        "wiki": {
          "title": null,
          "url": null,
          "description": null,
          "image": null
        },
        "svg_layer": "Norsca"
      }
    },
    {
      "type": "Feature",
      "id": "copy_text_15235",
      "geometry": {
        "type": "Point",
        "coordinates": [
          11.613232,
          67.839202
        ]
      },
      "properties": {
        "id": "copy_text_15235",
        "name": "Nesjahverfi",
        "category": "settlement",
        "dataset": "norsca",
        "in_gazetteer": false,
        "type": null,
        "region": "Norsca",
        "province": null,
        "estate": null,
        "population": 295,
        "population_estimated": true,
        "size_category": 1,
        "trade": null,
        "source": null,
        "tags": [],
        "notes": [],
        "history": {
          "province_2512": null,
          "province_2276": null,
          "ruler_2515": null,
          "ruler_2512": null,
          "ruler_2276": null
        },
        "wiki": {
          "title": null,
          "url": null,
          "description": null,
          "image": null
        },
        "svg_layer": "Norsca"
      }
    },
    {
      "type": "Feature",
      "id": "copy_text_15236",
      "geometry": {
        "type": "Point",
        "coordinates": [
          11.392261,
          68.104368
        ]
      },
      "properties": {
        "id": "copy_text_15236",
        "name": "Hafnir",
        "category": "settlement",
        "dataset": "norsca",
        "in_gazetteer": false,
        "type": null,
        "region": "Norsca",
        "province": null,
        "estate": null,
        "population": 236,
        "population_estimated": true,
        "size_category": 1,
        "trade": null,
        "source": null,
        "tags": [],
        "notes": [],
        "history": {
          "province_2512": null,
          "province_2276": null,
          "ruler_2515": null,
          "ruler_2512": null,
          "ruler_2276": null
        },
        "wiki": {
          "title": null,
          "url": null,
          "description": null,
          "image": null
        },
        "svg_layer": "Norsca"
      }
    },
    {
      "type": "Feature",
      "id": "copy_text_15237",
      "geometry": {
        "type": "Point",
        "coordinates": [
          11.475125,
          68.030711
        ]
      },
      "properties": {
        "id": "copy_text_15237",
        "name": "Hólar",
        "category": "settlement",
        "dataset": "norsca",
        "in_gazetteer": false,
        "type": null,
        "region": "Norsca",
        "province": null,
        "estate": null,
        "population": 148,
        "population_estimated": true,
        "size_category": 1,
        "trade": null,
        "source": null,
        "tags": [],
        "notes": [],
        "history": {
          "province_2512": null,
          "province_2276": null,
          "ruler_2515": null,
          "ruler_2512": null,
          "ruler_2276": null
        },
        "wiki": {
          "title": null,
          "url": null,
          "description": null,
          "image": null
        },
        "svg_layer": "Norsca"
      }
    },
    {
      "type": "Feature",
      "id": "copy_text_15238",
      "geometry": {
        "type": "Point",
        "coordinates": [
          11.472202,
          68.157511
        ]
      },
      "properties": {
        "id": "copy_text_15238",
        "name": "Bakkafjörður",
        "category": "settlement",
        "dataset": "norsca",
        "in_gazetteer": false,
        "type": null,
        "region": "Norsca",
        "province": null,
        "estate": null,
        "population": 131,
        "population_estimated": true,
        "size_category": 1,
        "trade": null,
        "source": null,
        "tags": [],
        "notes": [],
        "history": {
          "province_2512": null,
          "province_2276": null,
          "ruler_2515": null,
          "ruler_2512": null,
          "ruler_2276": null
        },
        "wiki": {
          "title": null,
          "url": null,
          "description": null,
          "image": null
        },
        "svg_layer": "Norsca"
      }
    },
    {
      "type": "Feature",
      "id": "copy_text_15239",
      "geometry": {
        "type": "Point",
        "coordinates": [
          15.715004,
          64.787963
        ]
      },
      "properties": {
        "id": "copy_text_15239",
        "name": "Tjarnabyggð",
        "category": "settlement",
        "dataset": "norsca",
        "in_gazetteer": false,
        "type": null,
        "region": "Norsca",
        "province": null,
        "estate": null,
        "population": 69,
        "population_estimated": true,
        "size_category": 1,
        "trade": null,
        "source": null,
        "tags": [],
        "notes": [],
        "history": {
          "province_2512": null,
          "province_2276": null,
          "ruler_2515": null,
          "ruler_2512": null,
          "ruler_2276": null
        },
        "wiki": {
          "title": null,
          "url": null,
          "description": null,
          "image": null
        },
        "svg_layer": "Norsca"
      }
    },
    {
      "type": "Feature",
      "id": "copy_text_15240",
      "geometry": {
        "type": "Point",
        "coordinates": [
          15.567688,
          64.908576
        ]
      },
      "properties": {
        "id": "copy_text_15240",
        "name": "Borgarfjörður eystri",
        "category": "settlement",
        "dataset": "norsca",
        "in_gazetteer": false,
        "type": null,
        "region": "Norsca",
        "province": null,
        "estate": null,
        "population": 319,
        "population_estimated": true,
        "size_category": 2,
        "trade": null,
        "source": null,
        "tags": [],
        "notes": [],
        "history": {
          "province_2512": null,
          "province_2276": null,
          "ruler_2515": null,
          "ruler_2512": null,
          "ruler_2276": null
        },
        "wiki": {
          "title": null,
          "url": null,
          "description": null,
          "image": null
        },
        "svg_layer": "Norsca"
      }
    },
    {
      "type": "Feature",
      "id": "copy_text_15241",
      "geometry": {
        "type": "Point",
        "coordinates": [
          18.486363,
          63.039672
        ]
      },
      "properties": {
        "id": "copy_text_15241",
        "name": "Stormvrack Mount",
        "category": "settlement",
        "dataset": "norsca",
        "in_gazetteer": false,
        "type": null,
        "region": "Norsca",
        "province": null,
        "estate": null,
        "population": 411,
        "population_estimated": true,
        "size_category": 2,
        "trade": null,
        "source": null,
        "tags": [],
        "notes": [],
        "history": {
          "province_2512": null,
          "province_2276": null,
          "ruler_2515": null,
          "ruler_2512": null,
          "ruler_2276": null
        },
        "wiki": {
          "title": null,
          "url": null,
          "description": null,
          "image": null
        },
        "svg_layer": "Norsca"
      }
    },
    {
      "type": "Feature",
      "id": "copy_text_15242",
      "geometry": {
        "type": "Point",
        "coordinates": [
          19.049516,
          63.581339
        ]
      },
      "properties": {
        "id": "copy_text_15242",
        "name": "Monolith of Bubonicus",
        "category": "settlement",
        "dataset": "norsca",
        "in_gazetteer": false,
        "type": null,
        "region": "Norsca",
        "province": null,
        "estate": null,
        "population": 110,
        "population_estimated": true,
        "size_category": 1,
        "trade": null,
        "source": null,
        "tags": [],
        "notes": [],
        "history": {
          "province_2512": null,
          "province_2276": null,
          "ruler_2515": null,
          "ruler_2512": null,
          "ruler_2276": null
        },
        "wiki": {
          "title": null,
          "url": null,
          "description": null,
          "image": null
        },
        "svg_layer": "Norsca"
      }
    },
    {
      "type": "Feature",
      "id": "copy_text_15243",
      "geometry": {
        "type": "Point",
        "coordinates": [
          18.363968,
          64.332641
        ]
      },
      "properties": {
        "id": "copy_text_15243",
        "name": "Monolith of Festerlung",
        "category": "settlement",
        "dataset": "norsca",
        "in_gazetteer": false,
        "type": null,
        "region": "Norsca",
        "province": null,
        "estate": null,
        "population": 395,
        "population_estimated": true,
        "size_category": 2,
        "trade": null,
        "source": null,
        "tags": [],
        "notes": [],
        "history": {
          "province_2512": null,
          "province_2276": null,
          "ruler_2515": null,
          "ruler_2512": null,
          "ruler_2276": null
        },
        "wiki": {
          "title": null,
          "url": null,
          "description": null,
          "image": null
        },
        "svg_layer": "Norsca"
      }
    },
    {
      "type": "Feature",
      "id": "copy_text_15244",
      "geometry": {
        "type": "Point",
        "coordinates": [
          14.076466,
          66.563624
        ]
      },
      "properties": {
        "id": "copy_text_15244",
        "name": "The Tower of Torment",
        "category": "settlement",
        "dataset": "norsca",
        "in_gazetteer": false,
        "type": null,
        "region": "Norsca",
        "province": null,
        "estate": null,
        "population": 253,
        "population_estimated": true,
        "size_category": 1,
        "trade": null,
        "source": null,
        "tags": [],
        "notes": [],
        "history": {
          "province_2512": null,
          "province_2276": null,
          "ruler_2515": null,
          "ruler_2512": null,
          "ruler_2276": null
        },
        "wiki": {
          "title": null,
          "url": null,
          "description": null,
          "image": null
        },
        "svg_layer": "Norsca"
      }
    },
    {
      "type": "Feature",
      "id": "copy_text_15245",
      "geometry": {
        "type": "Point",
        "coordinates": [
          18.276403,
          61.93811
        ]
      },
      "properties": {
        "id": "copy_text_15245",
        "name": "Dharko Wharf",
        "category": "settlement",
        "dataset": "norsca",
        "in_gazetteer": false,
        "type": null,
        "region": "Norsca",
        "province": null,
        "estate": null,
        "population": 272,
        "population_estimated": true,
        "size_category": 1,
        "trade": null,
        "source": null,
        "tags": [],
        "notes": [],
        "history": {
          "province_2512": null,
          "province_2276": null,
          "ruler_2515": null,
          "ruler_2512": null,
          "ruler_2276": null
        },
        "wiki": {
          "title": null,
          "url": null,
          "description": null,
          "image": null
        },
        "svg_layer": "Norsca"
      }
    },
    {
      "type": "Feature",
      "id": "copy_text_15246",
      "geometry": {
        "type": "Point",
        "coordinates": [
          17.788906,
          63.575385
        ]
      },
      "properties": {
        "id": "copy_text_15246",
        "name": "Glut-Port",
        "category": "settlement",
        "dataset": "norsca",
        "in_gazetteer": false,
        "type": null,
        "region": "Norsca",
        "province": null,
        "estate": null,
        "population": 117,
        "population_estimated": true,
        "size_category": 1,
        "trade": null,
        "source": null,
        "tags": [],
        "notes": [],
        "history": {
          "province_2512": null,
          "province_2276": null,
          "ruler_2515": null,
          "ruler_2512": null,
          "ruler_2276": null
        },
        "wiki": {
          "title": null,
          "url": null,
          "description": null,
          "image": null
        },
        "svg_layer": "Norsca"
      }
    },
    {
      "type": "Feature",
      "id": "copy_text_15247",
      "geometry": {
        "type": "Point",
        "coordinates": [
          -5.669101,
          69.078282
        ]
      },
      "properties": {
        "id": "copy_text_15247",
        "name": "Monolith of Kjarl Deathaxe",
        "category": "settlement",
        "dataset": "norsca",
        "in_gazetteer": false,
        "type": null,
        "region": "Norsca",
        "province": null,
        "estate": null,
        "population": 82,
        "population_estimated": true,
        "size_category": 1,
        "trade": null,
        "source": null,
        "tags": [],
        "notes": [],
        "history": {
          "province_2512": null,
          "province_2276": null,
          "ruler_2515": null,
          "ruler_2512": null,
          "ruler_2276": null
        },
        "wiki": {
          "title": null,
          "url": null,
          "description": null,
          "image": null
        },
        "svg_layer": "Norsca"
      }
    },
    {
      "type": "Feature",
      "id": "copy_text_15248",
      "geometry": {
        "type": "Point",
        "coordinates": [
          11.046396,
          69.011729
        ]
      },
      "properties": {
        "id": "copy_text_15248",
        "name": "Port of Secrets",
        "category": "settlement",
        "dataset": "norsca",
        "in_gazetteer": false,
        "type": null,
        "region": "Norsca",
        "province": null,
        "estate": null,
        "population": 170,
        "population_estimated": true,
        "size_category": 1,
        "trade": null,
        "source": null,
        "tags": [],
        "notes": [],
        "history": {
          "province_2512": null,
          "province_2276": null,
          "ruler_2515": null,
          "ruler_2512": null,
          "ruler_2276": null
        },
        "wiki": {
          "title": null,
          "url": null,
          "description": null,
          "image": null
        },
        "svg_layer": "Norsca"
      }
    },
    {
      "type": "Feature",
      "id": "copy_text_15249",
      "geometry": {
        "type": "Point",
        "coordinates": [
          8.977042,
          69.071253
        ]
      },
      "properties": {
        "id": "copy_text_15249",
        "name": "Tower of Flies",
        "category": "settlement",
        "dataset": "norsca",
        "in_gazetteer": false,
        "type": null,
        "region": "Norsca",
        "province": null,
        "estate": null,
        "population": 268,
        "population_estimated": true,
        "size_category": 1,
        "trade": null,
        "source": null,
        "tags": [],
        "notes": [],
        "history": {
          "province_2512": null,
          "province_2276": null,
          "ruler_2515": null,
          "ruler_2512": null,
          "ruler_2276": null
        },
        "wiki": {
          "title": null,
          "url": null,
          "description": null,
          "image": null
        },
        "svg_layer": "Norsca"
      }
    },
    {
      "type": "Feature",
      "id": "copy_text_15250",
      "geometry": {
        "type": "Point",
        "coordinates": [
          10.617711,
          68.915514
        ]
      },
      "properties": {
        "id": "copy_text_15250",
        "name": "Hauganes",
        "category": "settlement",
        "dataset": "norsca",
        "in_gazetteer": false,
        "type": null,
        "region": "Norsca",
        "province": null,
        "estate": null,
        "population": 239,
        "population_estimated": true,
        "size_category": 1,
        "trade": null,
        "source": null,
        "tags": [],
        "notes": [],
        "history": {
          "province_2512": null,
          "province_2276": null,
          "ruler_2515": null,
          "ruler_2512": null,
          "ruler_2276": null
        },
        "wiki": {
          "title": null,
          "url": null,
          "description": null,
          "image": null
        },
        "svg_layer": "Norsca"
      }
    },
    {
      "type": "Feature",
      "id": "copy_text_15251",
      "geometry": {
        "type": "Point",
        "coordinates": [
          10.77308,
          68.876845
        ]
      },
      "properties": {
        "id": "copy_text_15251",
        "name": "Kirkjubæjarklaustur",
        "category": "settlement",
        "dataset": "norsca",
        "in_gazetteer": false,
        "type": null,
        "region": "Norsca",
        "province": null,
        "estate": null,
        "population": 154,
        "population_estimated": true,
        "size_category": 1,
        "trade": null,
        "source": null,
        "tags": [],
        "notes": [],
        "history": {
          "province_2512": null,
          "province_2276": null,
          "ruler_2515": null,
          "ruler_2512": null,
          "ruler_2276": null
        },
        "wiki": {
          "title": null,
          "url": null,
          "description": null,
          "image": null
        },
        "svg_layer": "Norsca"
      }
    },
    {
      "type": "Feature",
      "id": "copy_text_15252",
      "geometry": {
        "type": "Point",
        "coordinates": [
          16.73239,
          63.333238
        ]
      },
      "properties": {
        "id": "copy_text_15252",
        "name": "Tribeslaughter",
        "category": "settlement",
        "dataset": "norsca",
        "in_gazetteer": false,
        "type": null,
        "region": "Norsca",
        "province": null,
        "estate": null,
        "population": 355,
        "population_estimated": true,
        "size_category": 2,
        "trade": null,
        "source": null,
        "tags": [],
        "notes": [],
        "history": {
          "province_2512": null,
          "province_2276": null,
          "ruler_2515": null,
          "ruler_2512": null,
          "ruler_2276": null
        },
        "wiki": {
          "title": null,
          "url": null,
          "description": null,
          "image": null
        },
        "svg_layer": "Norsca"
      }
    },
    {
      "type": "Feature",
      "id": "text16869",
      "geometry": {
        "type": "Point",
        "coordinates": [
          8.565105,
          63.480104
        ]
      },
      "properties": {
        "id": "text16869",
        "name": "Untam",
        "category": "settlement",
        "dataset": "norsca",
        "in_gazetteer": false,
        "type": null,
        "region": "Norsca",
        "province": null,
        "estate": null,
        "population": 158,
        "population_estimated": true,
        "size_category": 1,
        "trade": null,
        "source": null,
        "tags": [],
        "notes": [],
        "history": {
          "province_2512": null,
          "province_2276": null,
          "ruler_2515": null,
          "ruler_2512": null,
          "ruler_2276": null
        },
        "wiki": {
          "title": null,
          "url": null,
          "description": null,
          "image": null
        },
        "svg_layer": "Norsca"
      }
    },
    {
      "type": "Feature",
      "id": "text16870",
      "geometry": {
        "type": "Point",
        "coordinates": [
          8.393229,
          64.170208
        ]
      },
      "properties": {
        "id": "text16870",
        "name": "Ysgrimmheim",
        "category": "settlement",
        "dataset": "norsca",
        "in_gazetteer": false,
        "type": null,
        "region": "Norsca",
        "province": null,
        "estate": null,
        "population": 80,
        "population_estimated": true,
        "size_category": 1,
        "trade": null,
        "source": null,
        "tags": [],
        "notes": [],
        "history": {
          "province_2512": null,
          "province_2276": null,
          "ruler_2515": null,
          "ruler_2512": null,
          "ruler_2276": null
        },
        "wiki": {
          "title": null,
          "url": null,
          "description": null,
          "image": null
        },
        "svg_layer": "Norsca"
      }
    },
    {
      "type": "Feature",
      "id": "text16871",
      "geometry": {
        "type": "Point",
        "coordinates": [
          8.854167,
          63.947551
        ]
      },
      "properties": {
        "id": "text16871",
        "name": "Jotunnmoðrhamr",
        "category": "settlement",
        "dataset": "norsca",
        "in_gazetteer": false,
        "type": null,
        "region": "Norsca",
        "province": null,
        "estate": null,
        "population": 142,
        "population_estimated": true,
        "size_category": 1,
        "trade": null,
        "source": null,
        "tags": [],
        "notes": [],
        "history": {
          "province_2512": null,
          "province_2276": null,
          "ruler_2515": null,
          "ruler_2512": null,
          "ruler_2276": null
        },
        "wiki": {
          "title": null,
          "url": null,
          "description": null,
          "image": null
        },
        "svg_layer": "Norsca"
      }
    },
    {
      "type": "Feature",
      "id": "text20466",
      "geometry": {
        "type": "Point",
        "coordinates": [
          3.312684,
          61.020771
        ]
      },
      "properties": {
        "id": "text20466",
        "name": "Selthis Lysk",
        "category": "settlement",
        "dataset": "norsca",
        "in_gazetteer": false,
        "type": null,
        "region": "Norsca",
        "province": null,
        "estate": null,
        "population": 180,
        "population_estimated": true,
        "size_category": 1,
        "trade": null,
        "source": null,
        "tags": [],
        "notes": [],
        "history": {
          "province_2512": null,
          "province_2276": null,
          "ruler_2515": null,
          "ruler_2512": null,
          "ruler_2276": null
        },
        "wiki": {
          "title": null,
          "url": null,
          "description": null,
          "image": null
        },
        "svg_layer": "Norsca"
      }
    },
    {
      "type": "Feature",
      "id": "text20467",
      "geometry": {
        "type": "Point",
        "coordinates": [
          3.8231,
          61.130146
        ]
      },
      "properties": {
        "id": "text20467",
        "name": "Tyvfjord",
        "category": "settlement",
        "dataset": "norsca",
        "in_gazetteer": false,
        "type": null,
        "region": "Norsca",
        "province": null,
        "estate": null,
        "population": 384,
        "population_estimated": true,
        "size_category": 2,
        "trade": null,
        "source": null,
        "tags": [],
        "notes": [],
        "history": {
          "province_2512": null,
          "province_2276": null,
          "ruler_2515": null,
          "ruler_2512": null,
          "ruler_2276": null
        },
        "wiki": {
          "title": null,
          "url": null,
          "description": null,
          "image": null
        },
        "svg_layer": "Norsca"
      }
    },
    {
      "type": "Feature",
      "id": "text20468",
      "geometry": {
        "type": "Point",
        "coordinates": [
          4.431641,
          61.43583
        ]
      },
      "properties": {
        "id": "text20468",
        "name": "Holmsteinn",
        "category": "settlement",
        "dataset": "norsca",
        "in_gazetteer": false,
        "type": null,
        "region": "Norsca",
        "province": null,
        "estate": null,
        "population": 163,
        "population_estimated": true,
        "size_category": 1,
        "trade": null,
        "source": null,
        "tags": [],
        "notes": [],
        "history": {
          "province_2512": null,
          "province_2276": null,
          "ruler_2515": null,
          "ruler_2512": null,
          "ruler_2276": null
        },
        "wiki": {
          "title": null,
          "url": null,
          "description": null,
          "image": null
        },
        "svg_layer": "Norsca"
      }
    },
    {
      "type": "Feature",
      "id": "text20469",
      "geometry": {
        "type": "Point",
        "coordinates": [
          4.891276,
          61.615518
        ]
      },
      "properties": {
        "id": "text20469",
        "name": "Ulfenwyr",
        "category": "settlement",
        "dataset": "norsca",
        "in_gazetteer": false,
        "type": null,
        "region": "Norsca",
        "province": null,
        "estate": null,
        "population": 191,
        "population_estimated": true,
        "size_category": 1,
        "trade": null,
        "source": null,
        "tags": [],
        "notes": [],
        "history": {
          "province_2512": null,
          "province_2276": null,
          "ruler_2515": null,
          "ruler_2512": null,
          "ruler_2276": null
        },
        "wiki": {
          "title": null,
          "url": null,
          "description": null,
          "image": null
        },
        "svg_layer": "Norsca"
      }
    },
    {
      "type": "Feature",
      "id": "text20470",
      "geometry": {
        "type": "Point",
        "coordinates": [
          3.306641,
          60.520466
        ]
      },
      "properties": {
        "id": "text20470",
        "name": "Graennae",
        "category": "settlement",
        "dataset": "norsca",
        "in_gazetteer": false,
        "type": null,
        "region": "Norsca",
        "province": null,
        "estate": null,
        "population": 155,
        "population_estimated": true,
        "size_category": 1,
        "trade": null,
        "source": null,
        "tags": [],
        "notes": [],
        "history": {
          "province_2512": null,
          "province_2276": null,
          "ruler_2515": null,
          "ruler_2512": null,
          "ruler_2276": null
        },
        "wiki": {
          "title": null,
          "url": null,
          "description": null,
          "image": null
        },
        "svg_layer": "Norsca"
      }
    },
    {
      "type": "Feature",
      "id": "text20471",
      "geometry": {
        "type": "Point",
        "coordinates": [
          3.524089,
          59.998981
        ]
      },
      "properties": {
        "id": "text20471",
        "name": "Jaarpen",
        "category": "settlement",
        "dataset": "norsca",
        "in_gazetteer": false,
        "type": null,
        "region": "Norsca",
        "province": null,
        "estate": null,
        "population": 111,
        "population_estimated": true,
        "size_category": 1,
        "trade": null,
        "source": null,
        "tags": [],
        "notes": [],
        "history": {
          "province_2512": null,
          "province_2276": null,
          "ruler_2515": null,
          "ruler_2512": null,
          "ruler_2276": null
        },
        "wiki": {
          "title": null,
          "url": null,
          "description": null,
          "image": null
        },
        "svg_layer": "Norsca"
      }
    },
    {
      "type": "Feature",
      "id": "text20472",
      "geometry": {
        "type": "Point",
        "coordinates": [
          4.258293,
          59.762506
        ]
      },
      "properties": {
        "id": "text20472",
        "name": "Angvold",
        "category": "settlement",
        "dataset": "norsca",
        "in_gazetteer": false,
        "type": null,
        "region": "Norsca",
        "province": null,
        "estate": null,
        "population": 174,
        "population_estimated": true,
        "size_category": 1,
        "trade": null,
        "source": null,
        "tags": [],
        "notes": [],
        "history": {
          "province_2512": null,
          "province_2276": null,
          "ruler_2515": null,
          "ruler_2512": null,
          "ruler_2276": null
        },
        "wiki": {
          "title": null,
          "url": null,
          "description": null,
          "image": null
        },
        "svg_layer": "Norsca"
      }
    },
    {
      "type": "Feature",
      "id": "text550",
      "geometry": {
        "type": "Point",
        "coordinates": [
          -13.637757,
          62.320455
        ]
      },
      "properties": {
        "id": "text550",
        "name": "Horvenghaast",
        "category": "settlement",
        "dataset": "norsca",
        "in_gazetteer": true,
        "type": null,
        "region": "Norsca",
        "province": null,
        "estate": null,
        "population": 72,
        "population_estimated": true,
        "size_category": 1,
        "trade": null,
        "source": "Warhammer Fantasy Roleplay 4e: Sea of Claws",
        "tags": [],
        "notes": [],
        "history": {
          "province_2512": null,
          "province_2276": null,
          "ruler_2515": null,
          "ruler_2512": null,
          "ruler_2276": null
        },
        "wiki": {
          "title": null,
          "url": null,
          "description": null,
          "image": null
        },
        "svg_layer": "Norsca"
      }
    },
    {
      "type": "Feature",
      "id": "text25008",
      "geometry": {
        "type": "Point",
        "coordinates": [
          -2.179688,
          70.170206
        ]
      },
      "properties": {
        "id": "text25008",
        "name": "Hrakorn",
        "category": "settlement",
        "dataset": "norsca",
        "in_gazetteer": false,
        "type": null,
        "region": "Norsca",
        "province": null,
        "estate": null,
        "population": 204,
        "population_estimated": true,
        "size_category": 1,
        "trade": null,
        "source": null,
        "tags": [],
        "notes": [],
        "history": {
          "province_2512": null,
          "province_2276": null,
          "ruler_2515": null,
          "ruler_2512": null,
          "ruler_2276": null
        },
        "wiki": {
          "title": null,
          "url": null,
          "description": null,
          "image": null
        },
        "svg_layer": "Norsca"
      }
    },
    {
      "type": "Feature",
      "id": "text25009",
      "geometry": {
        "type": "Point",
        "coordinates": [
          -0.093913,
          70.650847
        ]
      },
      "properties": {
        "id": "text25009",
        "name": "Swarvik",
        "category": "settlement",
        "dataset": "norsca",
        "in_gazetteer": false,
        "type": null,
        "region": "Norsca",
        "province": null,
        "estate": null,
        "population": 175,
        "population_estimated": true,
        "size_category": 1,
        "trade": null,
        "source": null,
        "tags": [],
        "notes": [],
        "history": {
          "province_2512": null,
          "province_2276": null,
          "ruler_2515": null,
          "ruler_2512": null,
          "ruler_2276": null
        },
        "wiki": {
          "title": null,
          "url": null,
          "description": null,
          "image": null
        },
        "svg_layer": "Norsca"
      }
    },
    {
      "type": "Feature",
      "id": "text2197",
      "geometry": {
        "type": "Point",
        "coordinates": [
          11.441766,
          70.573527
        ]
      },
      "properties": {
        "id": "text2197",
        "name": "Snaegervold",
        "category": "settlement",
        "dataset": "norsca",
        "in_gazetteer": false,
        "type": null,
        "region": "Norsca",
        "province": null,
        "estate": null,
        "population": 299,
        "population_estimated": true,
        "size_category": 1,
        "trade": null,
        "source": null,
        "tags": [],
        "notes": [],
        "history": {
          "province_2512": null,
          "province_2276": null,
          "ruler_2515": null,
          "ruler_2512": null,
          "ruler_2276": null
        },
        "wiki": {
          "title": null,
          "url": null,
          "description": null,
          "image": null
        },
        "svg_layer": "Norsca"
      }
    },
    {
      "type": "Feature",
      "id": "text467",
      "geometry": {
        "type": "Point",
        "coordinates": [
          -23.844411,
          64.435112
        ]
      },
      "properties": {
        "id": "text467",
        "name": "Funninguur",
        "category": "settlement",
        "dataset": "norsca",
        "in_gazetteer": false,
        "type": null,
        "region": "Norsca",
        "province": null,
        "estate": null,
        "population": 131,
        "population_estimated": true,
        "size_category": 1,
        "trade": null,
        "source": null,
        "tags": [],
        "notes": [],
        "history": {
          "province_2512": null,
          "province_2276": null,
          "ruler_2515": null,
          "ruler_2512": null,
          "ruler_2276": null
        },
        "wiki": {
          "title": null,
          "url": null,
          "description": null,
          "image": null
        },
        "svg_layer": "Norsca"
      }
    },
    {
      "type": "Feature",
      "id": "text867",
      "geometry": {
        "type": "Point",
        "coordinates": [
          13.217482,
          62.366496
        ]
      },
      "properties": {
        "id": "text867",
        "name": "Røvika",
        "category": "settlement",
        "dataset": "norsca",
        "in_gazetteer": false,
        "type": null,
        "region": "Norsca",
        "province": null,
        "estate": null,
        "population": 97,
        "population_estimated": true,
        "size_category": 1,
        "trade": null,
        "source": null,
        "tags": [],
        "notes": [],
        "history": {
          "province_2512": null,
          "province_2276": null,
          "ruler_2515": null,
          "ruler_2512": null,
          "ruler_2276": null
        },
        "wiki": {
          "title": null,
          "url": null,
          "description": null,
          "image": null
        },
        "svg_layer": "Norsca"
      }
    },
    {
      "type": "Feature",
      "id": "text1067",
      "geometry": {
        "type": "Point",
        "coordinates": [
          2.173743,
          60.570837
        ]
      },
      "properties": {
        "id": "text1067",
        "name": "Traktatsey",
        "category": "settlement",
        "dataset": "norsca",
        "in_gazetteer": true,
        "type": null,
        "region": "Norsca",
        "province": null,
        "estate": null,
        "population": 561,
        "population_estimated": true,
        "size_category": 2,
        "trade": null,
        "source": "Warhammer Fantasy Roleplay 4e: Sea of Claws",
        "tags": [],
        "notes": [],
        "history": {
          "province_2512": null,
          "province_2276": null,
          "ruler_2515": null,
          "ruler_2512": null,
          "ruler_2276": null
        },
        "wiki": {
          "title": null,
          "url": null,
          "description": null,
          "image": null
        },
        "svg_layer": "Norsca"
      }
    }
  ]
}