{
  "type": "FeatureCollection",
  "features": [
    {
      "type": "Feature",
      "geometry": {
        "type": "Point",
        "coordinates": [
          1.7728030195200006,
          56.198919856959996
        ]
      },
      "properties": {
        "name": "Messersee",
        "type": "Lake",
        "description": null,
        "wiki": {
          "title": null,
          "url": null,
          "description": null,
          "image": null
        }
      }
    },
    {
      "type": "Feature",
      "geometry": {
        "type": "Point",
        "coordinates": [
          3.0517679625600005,
          56.27813123327999
        ]
      },
      "properties": {
        "name": "Öbelsee",
        "type": "Lake",
        "description": null,
        "wiki": {
          "title": null,
          "url": null,
          "description": null,
          "image": null
        }
      }
    },
    {
      "type": "Feature",
      "geometry": {
        "type": "Point",
        "coordinates": [
          4.45360608448,
          56.24368791232
        ]
      },
      "properties": {
        "name": "Barmsee",
        "type": "Lake",
        "description": null,
        "wiki": {
          "title": null,
          "url": null,
          "description": null,
          "image": null
        }
      }
    },
    {
      "type": "Feature",
      "geometry": {
        "type": "Point",
        "coordinates": [
          4.49454041376,
          56.70625316735999
        ]
      },
      "properties": {
        "name": "Kaltsee",
        "type": "Lake",
        "description": null,
        "wiki": {
          "title": null,
          "url": null,
          "description": null,
          "image": null
        }
      }
    },
    {
      "type": "Feature",
      "geometry": {
        "type": "Point",
        "coordinates": [
          3.921451051839999,
          55.578903321279995
        ]
      },
      "properties": {
        "name": "Wolfsee",
        "type": "Lake",
        "description": null,
        "wiki": {
          "title": null,
          "url": null,
          "description": null,
          "image": null
        }
      }
    },
    {
      "type": "Feature",
      "geometry": {
        "type": "Point",
        "coordinates": [
          -1.7669323529599994,
          49.29788821376
        ]
      },
      "properties": {
        "name": "Bögensee",
        "type": "Lake",
        "description": null,
        "wiki": {
          "title": null,
          "url": null,
          "description": null,
          "image": null
        }
      }
    },
    {
      "type": "Feature",
      "geometry": {
        "type": "Point",
        "coordinates": [
          -0.7001029369599997,
          48.932936640319994
        ]
      },
      "properties": {
        "name": "Frugelsee",
        "type": "Lake",
        "description": null,
        "wiki": {
          "title": null,
          "url": null,
          "description": null,
          "image": null
        }
      }
    },
    {
      "type": "Feature",
      "geometry": {
        "type": "Point",
        "coordinates": [
          -0.7279223942399995,
          48.73030088416
        ]
      },
      "properties": {
        "name": "Gargrimvarn",
        "type": "Lake",
        "description": null,
        "wiki": {
          "title": null,
          "url": null,
          "description": null,
          "image": null
        }
      }
    },
    {
      "type": "Feature",
      "geometry": {
        "type": "Point",
        "coordinates": [
          0.7710482243200006,
          46.82744717055999
        ]
      },
      "properties": {
        "name": "Glanzsee",
        "type": "Lake",
        "description": null,
        "wiki": {
          "title": null,
          "url": null,
          "description": null,
          "image": null
        }
      }
    },
    {
      "type": "Feature",
      "geometry": {
        "type": "Point",
        "coordinates": [
          7.88814329216,
          49.79502474399999
        ]
      },
      "properties": {
        "name": "Svarsee",
        "type": "Lake",
        "description": null,
        "wiki": {
          "title": null,
          "url": null,
          "description": null,
          "image": null
        }
      }
    },
    {
      "type": "Feature",
      "geometry": {
        "type": "Point",
        "coordinates": [
          9.16294700928,
          49.248530084479995
        ]
      },
      "properties": {
        "name": "Helsee",
        "type": "Lake",
        "description": null,
        "wiki": {
          "title": null,
          "url": null,
          "description": null,
          "image": null
        }
      }
    },
    {
      "type": "Feature",
      "geometry": {
        "type": "Point",
        "coordinates": [
          0.7903631881600004,
          54.24058931584
        ]
      },
      "properties": {
        "name": "Delbsee",
        "type": "Lake",
        "description": null,
        "wiki": {
          "title": null,
          "url": null,
          "description": null,
          "image": null
        }
      }
    },
    {
      "type": "Feature",
      "geometry": {
        "type": "Point",
        "coordinates": [
          1.6341212780800005,
          53.85966796799999
        ]
      },
      "properties": {
        "name": "Untzensee",
        "type": "Lake",
        "description": null,
        "wiki": {
          "title": null,
          "url": null,
          "description": null,
          "image": null
        }
      }
    },
    {
      "type": "Feature",
      "geometry": {
        "type": "Point",
        "coordinates": [
          2.2998663135999995,
          54.12538673983999
        ]
      },
      "properties": {
        "name": "Ulfensee",
        "type": "Lake",
        "description": null,
        "wiki": {
          "title": null,
          "url": null,
          "description": null,
          "image": null
        }
      }
    },
    {
      "type": "Feature",
      "geometry": {
        "type": "Point",
        "coordinates": [
          -1.9023746291199997,
          52.179646125759994
        ]
      },
      "properties": {
        "name": "Myrkelmere",
        "type": "Lake",
        "description": null,
        "wiki": {
          "title": null,
          "url": null,
          "description": null,
          "image": null
        }
      }
    },
    {
      "type": "Feature",
      "geometry": {
        "type": "Point",
        "coordinates": [
          -1.5409208799999994,
          52.69041057024
        ]
      },
      "properties": {
        "name": "Glimmersee",
        "type": "Lake",
        "description": null,
        "wiki": {
          "title": null,
          "url": null,
          "description": null,
          "image": null
        }
      }
    },
    {
      "type": "Feature",
      "geometry": {
        "type": "Point",
        "coordinates": [
          -1.378203871039999,
          52.43415761151999
        ]
      },
      "properties": {
        "name": "Spiegelsee",
        "type": "Lake",
        "description": null,
        "wiki": {
          "title": null,
          "url": null,
          "description": null,
          "image": null
        }
      }
    },
    {
      "type": "Feature",
      "geometry": {
        "type": "Point",
        "coordinates": [
          -1.2564227667199999,
          52.10012860447999
        ]
      },
      "properties": {
        "name": "Dornsee",
        "type": "Lake",
        "description": null,
        "wiki": {
          "title": null,
          "url": null,
          "description": null,
          "image": null
        }
      }
    },
    {
      "type": "Feature",
      "geometry": {
        "type": "Point",
        "coordinates": [
          -1.7148947113599997,
          52.132876487999994
        ]
      },
      "properties": {
        "name": "Brachsee",
        "type": "Lake",
        "description": null,
        "wiki": {
          "title": null,
          "url": null,
          "description": null,
          "image": null
        }
      }
    },
    {
      "type": "Feature",
      "geometry": {
        "type": "Point",
        "coordinates": [
          -1.7210351145599996,
          52.328545477119995
        ]
      },
      "properties": {
        "name": "Riedsee",
        "type": "Lake",
        "description": null,
        "wiki": {
          "title": null,
          "url": null,
          "description": null,
          "image": null
        }
      }
    },
    {
      "type": "Feature",
      "geometry": {
        "type": "Point",
        "coordinates": [
          -0.948386849599999,
          52.495559893119996
        ]
      },
      "properties": {
        "name": "Nomensee",
        "type": "Lake",
        "description": null,
        "wiki": {
          "title": null,
          "url": null,
          "description": null,
          "image": null
        }
      }
    },
    {
      "type": "Feature",
      "geometry": {
        "type": "Point",
        "coordinates": [
          -0.9565738204799997,
          52.76163749695999
        ]
      },
      "properties": {
        "name": "Ehrlersee",
        "type": "Lake",
        "description": null,
        "wiki": {
          "title": null,
          "url": null,
          "description": null,
          "image": null
        }
      }
    },
    {
      "type": "Feature",
      "geometry": {
        "type": "Point",
        "coordinates": [
          0.4344489299200007,
          53.58649424255999
        ]
      },
      "properties": {
        "name": "Wyrmsee",
        "type": "Lake",
        "description": null,
        "wiki": {
          "title": null,
          "url": null,
          "description": null,
          "image": null
        }
      }
    },
    {
      "type": "Feature",
      "geometry": {
        "type": "Point",
        "coordinates": [
          -3.0187899014399995,
          50.56014943967999
        ]
      },
      "properties": {
        "name": "Maissee",
        "type": "Lake",
        "description": null,
        "wiki": {
          "title": null,
          "url": null,
          "description": null,
          "image": null
        }
      }
    },
    {
      "type": "Feature",
      "geometry": {
        "type": "Point",
        "coordinates": [
          -0.5215495340799999,
          54.95898008191999
        ]
      },
      "properties": {
        "name": "Schadensumpf",
        "type": "Large Marsh",
        "description": null,
        "wiki": {
          "title": null,
          "url": null,
          "description": null,
          "image": null
        }
      }
    },
    {
      "type": "Feature",
      "geometry": {
        "type": "Point",
        "coordinates": [
          -3.245670272959999,
          53.46277404511999
        ]
      },
      "properties": {
        "name": "Cursed Marshes",
        "type": "Large Marsh",
        "description": null,
        "wiki": {
          "title": null,
          "url": null,
          "description": null,
          "image": null
        }
      }
    },
    {
      "type": "Feature",
      "geometry": {
        "type": "Point",
        "coordinates": [
          -1.5662752489599991,
          51.991066256639996
        ]
      },
      "properties": {
        "name": "Midden Marshes",
        "type": "Large Marsh",
        "description": null,
        "wiki": {
          "title": null,
          "url": null,
          "description": null,
          "image": null
        }
      }
    },
    {
      "type": "Feature",
      "geometry": {
        "type": "Point",
        "coordinates": [
          7.895556586239999,
          48.204632833919995
        ]
      },
      "properties": {
        "name": "Bylorhof Marsh",
        "type": "Large Marsh",
        "description": null,
        "wiki": {
          "title": null,
          "url": null,
          "description": null,
          "image": null
        }
      }
    },
    {
      "type": "Feature",
      "geometry": {
        "type": "Point",
        "coordinates": [
          7.00235162176,
          57.211720253791995
        ]
      },
      "properties": {
        "name": "Czarnebłota (The Blight)",
        "type": "Large Marsh",
        "description": null,
        "wiki": {
          "title": null,
          "url": null,
          "description": null,
          "image": null
        }
      }
    },
    {
      "type": "Feature",
      "geometry": {
        "type": "Point",
        "coordinates": [
          -1.3871930502399992,
          52.590359281599994
        ]
      },
      "properties": {
        "name": "Mirror Moors",
        "type": "Small Marsh",
        "description": null,
        "wiki": {
          "title": null,
          "url": null,
          "description": null,
          "image": null
        }
      }
    },
    {
      "type": "Feature",
      "geometry": {
        "type": "Point",
        "coordinates": [
          9.1664492096,
          49.27845807359999
        ]
      },
      "properties": {
        "name": "Grimmoor",
        "type": "Small Marsh",
        "description": null,
        "wiki": {
          "title": null,
          "url": null,
          "description": null,
          "image": null
        }
      }
    },
    {
      "type": "Feature",
      "geometry": {
        "type": "Point",
        "coordinates": [
          9.9390652672,
          49.3223344752
        ]
      },
      "properties": {
        "name": "Dunkelmoor",
        "type": "Small Marsh",
        "description": null,
        "wiki": {
          "title": null,
          "url": null,
          "description": null,
          "image": null
        }
      }
    },
    {
      "type": "Feature",
      "geometry": {
        "type": "Point",
        "coordinates": [
          7.886371887359999,
          49.740812405439996
        ]
      },
      "properties": {
        "name": "Morrsfenn",
        "type": "Small Marsh",
        "description": null,
        "wiki": {
          "title": null,
          "url": null,
          "description": null,
          "image": null
        }
      }
    },
    {
      "type": "Feature",
      "geometry": {
        "type": "Point",
        "coordinates": [
          8.32189503776,
          50.43822252704
        ]
      },
      "properties": {
        "name": "Totensümpfe",
        "type": "Small Marsh",
        "description": null,
        "wiki": {
          "title": null,
          "url": null,
          "description": null,
          "image": null
        }
      }
    },
    {
      "type": "Feature",
      "geometry": {
        "type": "Point",
        "coordinates": [
          9.61893776192,
          50.293834306559994
        ]
      },
      "properties": {
        "name": "Hel Fenn",
        "type": "Small Marsh",
        "description": null,
        "wiki": {
          "title": null,
          "url": null,
          "description": null,
          "image": null
        }
      }
    },
    {
      "type": "Feature",
      "geometry": {
        "type": "Point",
        "coordinates": [
          7.994267768639999,
          47.402538639999996
        ]
      },
      "properties": {
        "name": "Albenmoor",
        "type": "Small Marsh",
        "description": null,
        "wiki": {
          "title": null,
          "url": null,
          "description": null,
          "image": null
        }
      }
    },
    {
      "type": "Feature",
      "geometry": {
        "type": "Point",
        "coordinates": [
          -2.9823455231999993,
          51.834947380479996
        ]
      },
      "properties": {
        "name": "Grootscher Marsh",
        "type": "Small Marsh",
        "description": null,
        "wiki": {
          "title": null,
          "url": null,
          "description": null,
          "image": null
        }
      }
    },
    {
      "type": "Feature",
      "geometry": {
        "type": "Point",
        "coordinates": [
          -3.6761935807999992,
          51.48208809535999
        ]
      },
      "properties": {
        "name": "Uhland Bogs",
        "type": "Small Marsh",
        "description": null,
        "wiki": {
          "title": null,
          "url": null,
          "description": null,
          "image": null
        }
      }
    },
    {
      "type": "Feature",
      "geometry": {
        "type": "Point",
        "coordinates": [
          -0.7616958371199992,
          51.65632518687999
        ]
      },
      "properties": {
        "name": "The Furdienst",
        "type": "Small Marsh",
        "description": null,
        "wiki": {
          "title": null,
          "url": null,
          "description": null,
          "image": null
        }
      }
    },
    {
      "type": "Feature",
      "geometry": {
        "type": "Point",
        "coordinates": [
          -0.08931433503999991,
          51.512879906879995
        ]
      },
      "properties": {
        "name": "Altdorf Flats",
        "type": "Small Marsh",
        "description": null,
        "wiki": {
          "title": null,
          "url": null,
          "description": null,
          "image": null
        }
      }
    },
    {
      "type": "Feature",
      "geometry": {
        "type": "Point",
        "coordinates": [
          0.68858863072,
          50.84533038399999
        ]
      },
      "properties": {
        "name": "Reiker Marshes",
        "type": "Small Marsh",
        "description": null,
        "wiki": {
          "title": null,
          "url": null,
          "description": null,
          "image": null
        }
      }
    },
    {
      "type": "Feature",
      "geometry": {
        "type": "Point",
        "coordinates": [
          -0.9558323510399992,
          51.54533127264
        ]
      },
      "properties": {
        "name": "Drakon Marsh",
        "type": "Small Marsh",
        "description": null,
        "wiki": {
          "title": null,
          "url": null,
          "description": null,
          "image": null
        }
      }
    },
    {
      "type": "Feature",
      "geometry": {
        "type": "Point",
        "coordinates": [
          0.4070054585600009,
          49.522354783679994
        ]
      },
      "properties": {
        "name": "The Oberslecht",
        "type": "Small Marsh",
        "description": null,
        "wiki": {
          "title": null,
          "url": null,
          "description": null,
          "image": null
        }
      }
    },
    {
      "type": "Feature",
      "geometry": {
        "type": "Point",
        "coordinates": [
          1.4350341078400006,
          57.51557922639999
        ]
      },
      "properties": {
        "name": "Teufelsumpf",
        "type": "Small Marsh",
        "description": null,
        "wiki": {
          "title": null,
          "url": null,
          "description": null,
          "image": null
        }
      }
    },
    {
      "type": "Feature",
      "geometry": {
        "type": "Point",
        "coordinates": [
          0.20091406272000015,
          57.21307467830399
        ]
      },
      "properties": {
        "name": "Hargensumpf",
        "type": "Small Marsh",
        "description": null,
        "wiki": {
          "title": null,
          "url": null,
          "description": null,
          "image": null
        }
      }
    },
    {
      "type": "Feature",
      "geometry": {
        "type": "Point",
        "coordinates": [
          -0.3184399446399999,
          49.102067639999994
        ]
      },
      "properties": {
        "name": "Ortschlamm",
        "type": "Small Marsh",
        "description": null,
        "wiki": {
          "title": null,
          "url": null,
          "description": null,
          "image": null
        }
      }
    },
    {
      "type": "Feature",
      "geometry": {
        "type": "Point",
        "coordinates": [
          0.3558048582400003,
          57.586728487871994
        ]
      },
      "properties": {
        "name": "Eiger Bay",
        "type": "Small Sea",
        "description": null,
        "wiki": {
          "title": null,
          "url": null,
          "description": null,
          "image": null
        }
      }
    },
    {
      "type": "Feature",
      "geometry": {
        "type": "Point",
        "coordinates": [
          2.1008138012800006,
          57.677040655936
        ]
      },
      "properties": {
        "name": "Drosselspule Bay",
        "type": "Small Sea",
        "description": null,
        "wiki": {
          "title": null,
          "url": null,
          "description": null,
          "image": null
        }
      }
    },
    {
      "type": "Feature",
      "geometry": {
        "type": "Point",
        "coordinates": [
          2.7636645504,
          57.437372579679995
        ]
      },
      "properties": {
        "name": "Kreideklippe Bight",
        "type": "Small Sea",
        "description": null,
        "wiki": {
          "title": null,
          "url": null,
          "description": null,
          "image": null
        }
      }
    },
    {
      "type": "Feature",
      "geometry": {
        "type": "Point",
        "coordinates": [
          -0.5702143299199991,
          57.667653768352
        ]
      },
      "properties": {
        "name": "Klarwasser Bay",
        "type": "Small Sea",
        "description": null,
        "wiki": {
          "title": null,
          "url": null,
          "description": null,
          "image": null
        }
      }
    },
    {
      "type": "Feature",
      "geometry": {
        "type": "Point",
        "coordinates": [
          5.2457326256000005,
          57.35516714415999
        ]
      },
      "properties": {
        "name": "Starivoda Bay (Altwasser)",
        "type": "Small Sea",
        "description": null,
        "wiki": {
          "title": null,
          "url": null,
          "description": null,
          "image": null
        }
      }
    },
    {
      "type": "Feature",
      "geometry": {
        "type": "Point",
        "coordinates": [
          -12.442688643199999,
          61.56805305695999
        ]
      },
      "properties": {
        "name": "Troll Fjord",
        "type": "Small Sea",
        "description": null,
        "wiki": {
          "title": null,
          "url": null,
          "description": null,
          "image": null
        }
      }
    },
    {
      "type": "Feature",
      "geometry": {
        "type": "Point",
        "coordinates": [
          -12.549786342079999,
          61.07713884863999
        ]
      },
      "properties": {
        "name": "Clawfjord",
        "type": "Small Sea",
        "description": null,
        "wiki": {
          "title": null,
          "url": null,
          "description": null,
          "image": null
        }
      }
    },
    {
      "type": "Feature",
      "geometry": {
        "type": "Point",
        "coordinates": [
          -12.70898679744,
          62.346106031999994
        ]
      },
      "properties": {
        "name": "Midfjord",
        "type": "Small Sea",
        "description": null,
        "wiki": {
          "title": null,
          "url": null,
          "description": null,
          "image": null
        }
      }
    },
    {
      "type": "Feature",
      "geometry": {
        "type": "Point",
        "coordinates": [
          -12.245859488959999,
          62.78376064448
        ]
      },
      "properties": {
        "name": "Amfjord",
        "type": "Small Sea",
        "description": null,
        "wiki": {
          "title": null,
          "url": null,
          "description": null,
          "image": null
        }
      }
    },
    {
      "type": "Feature",
      "geometry": {
        "type": "Point",
        "coordinates": [
          -9.582877771519998,
          60.00140770342399
        ]
      },
      "properties": {
        "name": "Pack Ice Bay",
        "type": "Small Sea",
        "description": null,
        "wiki": {
          "title": null,
          "url": null,
          "description": null,
          "image": null
        }
      }
    },
    {
      "type": "Feature",
      "geometry": {
        "type": "Point",
        "coordinates": [
          -7.122895770911999,
          59.555192392159995
        ]
      },
      "properties": {
        "name": "Icedrake Fjord",
        "type": "Small Sea",
        "description": null,
        "wiki": {
          "title": null,
          "url": null,
          "description": null,
          "image": null
        }
      }
    },
    {
      "type": "Feature",
      "geometry": {
        "type": "Point",
        "coordinates": [
          0.81067640512,
          61.088151490239994
        ]
      },
      "properties": {
        "name": "Fjaergardfjord",
        "type": "Small Sea",
        "description": null,
        "wiki": {
          "title": null,
          "url": null,
          "description": null,
          "image": null
        }
      }
    },
    {
      "type": "Feature",
      "geometry": {
        "type": "Point",
        "coordinates": [
          1.0106331740800003,
          61.75747749407999
        ]
      },
      "properties": {
        "name": "Bay Of Blades",
        "type": "Small Sea",
        "description": null,
        "wiki": {
          "title": null,
          "url": null,
          "description": null,
          "image": null
        }
      }
    },
    {
      "type": "Feature",
      "geometry": {
        "type": "Point",
        "coordinates": [
          2.894426432000001,
          61.144980676799996
        ]
      },
      "properties": {
        "name": "Dypvannfjord",
        "type": "Small Sea",
        "description": null,
        "wiki": {
          "title": null,
          "url": null,
          "description": null,
          "image": null
        }
      }
    },
    {
      "type": "Feature",
      "geometry": {
        "type": "Point",
        "coordinates": [
          11.897692851199999,
          63.23083345919999
        ]
      },
      "properties": {
        "name": "Drakfjord",
        "type": "Small Sea",
        "description": null,
        "wiki": {
          "title": null,
          "url": null,
          "description": null,
          "image": null
        }
      }
    },
    {
      "type": "Feature",
      "geometry": {
        "type": "Point",
        "coordinates": [
          13.985057104000001,
          62.14436350495999
        ]
      },
      "properties": {
        "name": "Ursfjord",
        "type": "Small Sea",
        "description": null,
        "wiki": {
          "title": null,
          "url": null,
          "description": null,
          "image": null
        }
      }
    },
    {
      "type": "Feature",
      "geometry": {
        "type": "Point",
        "coordinates": [
          4.7744974643199996,
          68.32878103808
        ]
      },
      "properties": {
        "name": "Bloodfjord",
        "type": "Small Sea",
        "description": null,
        "wiki": {
          "title": null,
          "url": null,
          "description": null,
          "image": null
        }
      }
    },
    {
      "type": "Feature",
      "geometry": {
        "type": "Point",
        "coordinates": [
          -3.0960784633599996,
          57.41038542009599
        ]
      },
      "properties": {
        "name": "Bay of Aarnau",
        "type": "Medium Sea",
        "description": null,
        "wiki": {
          "title": null,
          "url": null,
          "description": null,
          "image": null
        }
      }
    },
    {
      "type": "Feature",
      "geometry": {
        "type": "Point",
        "coordinates": [
          10.4981780352,
          46.77416271904
        ]
      },
      "properties": {
        "name": "Varn Drazh (Black Water)",
        "type": "Medium Sea",
        "description": null,
        "wiki": {
          "title": null,
          "url": null,
          "description": null,
          "image": null
        }
      }
    },
    {
      "type": "Feature",
      "geometry": {
        "type": "Point",
        "coordinates": [
          -5.917382583007998,
          40.60716901759999
        ]
      },
      "properties": {
        "name": "Bay of Pearls",
        "type": "Medium Sea",
        "description": null,
        "wiki": {
          "title": null,
          "url": null,
          "description": null,
          "image": null
        }
      }
    },
    {
      "type": "Feature",
      "geometry": {
        "type": "Point",
        "coordinates": [
          -4.0375832652799994,
          55.03943021631999
        ]
      },
      "properties": {
        "name": "Manannspoort Sea",
        "type": "Medium Sea",
        "description": null,
        "wiki": {
          "title": null,
          "url": null,
          "description": null,
          "image": null
        }
      }
    },
    {
      "type": "Feature",
      "geometry": {
        "type": "Point",
        "coordinates": [
          -11.55939951968,
          46.68413001984
        ]
      },
      "properties": {
        "name": "Gulf of Bidouze",
        "type": "Medium Sea",
        "description": null,
        "wiki": {
          "title": null,
          "url": null,
          "description": null,
          "image": null
        }
      }
    },
    {
      "type": "Feature",
      "geometry": {
        "type": "Point",
        "coordinates": [
          -7.358257926182398,
          39.08727044159999
        ]
      },
      "properties": {
        "name": "Baia di Remas",
        "type": "Medium Sea",
        "description": null,
        "wiki": {
          "title": null,
          "url": null,
          "description": null,
          "image": null
        }
      }
    },
    {
      "type": "Feature",
      "geometry": {
        "type": "Point",
        "coordinates": [
          -8.375664420096,
          36.499150006399994
        ]
      },
      "properties": {
        "name": "Baia di Verezzo",
        "type": "Medium Sea",
        "description": null,
        "wiki": {
          "title": null,
          "url": null,
          "description": null,
          "image": null
        }
      }
    },
    {
      "type": "Feature",
      "geometry": {
        "type": "Point",
        "coordinates": [
          -10.871781835839998,
          50.315713781439996
        ]
      },
      "properties": {
        "name": "Moussille Bay",
        "type": "Medium Sea",
        "description": null,
        "wiki": {
          "title": null,
          "url": null,
          "description": null,
          "image": null
        }
      }
    },
    {
      "type": "Feature",
      "geometry": {
        "type": "Point",
        "coordinates": [
          -10.641180464,
          56.25209963456
        ]
      },
      "properties": {
        "name": "Bay of L'Anguille",
        "type": "Medium Sea",
        "description": null,
        "wiki": {
          "title": null,
          "url": null,
          "description": null,
          "image": null
        }
      }
    },
    {
      "type": "Feature",
      "geometry": {
        "type": "Point",
        "coordinates": [
          -19.795757410559997,
          45.582072403519994
        ]
      },
      "properties": {
        "name": "Bahía de Muros",
        "type": "Medium Sea",
        "description": null,
        "wiki": {
          "title": null,
          "url": null,
          "description": null,
          "image": null
        }
      }
    },
    {
      "type": "Feature",
      "geometry": {
        "type": "Point",
        "coordinates": [
          -19.68569400896,
          41.406284030719995
        ]
      },
      "properties": {
        "name": "Gulfo Naranja",
        "type": "Medium Sea",
        "description": null,
        "wiki": {
          "title": null,
          "url": null,
          "description": null,
          "image": null
        }
      }
    },
    {
      "type": "Feature",
      "geometry": {
        "type": "Point",
        "coordinates": [
          -13.515382249279998,
          38.5851629504
        ]
      },
      "properties": {
        "name": "Bahía de las Águilas",
        "type": "Medium Sea",
        "description": null,
        "wiki": {
          "title": null,
          "url": null,
          "description": null,
          "image": null
        }
      }
    },
    {
      "type": "Feature",
      "geometry": {
        "type": "Point",
        "coordinates": [
          -6.845765178751999,
          40.246961203199994
        ]
      },
      "properties": {
        "name": "Golfo di Miragliano",
        "type": "Medium Sea",
        "description": null,
        "wiki": {
          "title": null,
          "url": null,
          "description": null,
          "image": null
        }
      }
    },
    {
      "type": "Feature",
      "geometry": {
        "type": "Point",
        "coordinates": [
          -7.2902112907199985,
          37.3385665792
        ]
      },
      "properties": {
        "name": "Baia di Olesi",
        "type": "Medium Sea",
        "description": null,
        "wiki": {
          "title": null,
          "url": null,
          "description": null,
          "image": null
        }
      }
    },
    {
      "type": "Feature",
      "geometry": {
        "type": "Point",
        "coordinates": [
          -14.086820984,
          53.6111873104
        ]
      },
      "properties": {
        "name": "Lyonen Bay",
        "type": "Medium Sea",
        "description": null,
        "wiki": {
          "title": null,
          "url": null,
          "description": null,
          "image": null
        }
      }
    },
    {
      "type": "Feature",
      "geometry": {
        "type": "Point",
        "coordinates": [
          -9.047275728671998,
          33.58596978879999
        ]
      },
      "properties": {
        "name": "Pirate's Current",
        "type": "Medium Sea",
        "description": null,
        "wiki": {
          "title": null,
          "url": null,
          "description": null,
          "image": null
        }
      }
    },
    {
      "type": "Feature",
      "geometry": {
        "type": "Point",
        "coordinates": [
          -9.465605347519999,
          41.0001670752
        ]
      },
      "properties": {
        "name": "Golfo di Fodore",
        "type": "Medium Sea",
        "description": null,
        "wiki": {
          "title": null,
          "url": null,
          "description": null,
          "image": null
        }
      }
    },
    {
      "type": "Feature",
      "geometry": {
        "type": "Point",
        "coordinates": [
          -16.204251157439998,
          40.8920903776
        ]
      },
      "properties": {
        "name": "Bahía de la Quietud",
        "type": "Medium Sea",
        "description": null,
        "wiki": {
          "title": null,
          "url": null,
          "description": null,
          "image": null
        }
      }
    },
    {
      "type": "Feature",
      "geometry": {
        "type": "Point",
        "coordinates": [
          -16.50458356416,
          47.710691833919995
        ]
      },
      "properties": {
        "name": "Bahía de Bilbali",
        "type": "Medium Sea",
        "description": null,
        "wiki": {
          "title": null,
          "url": null,
          "description": null,
          "image": null
        }
      }
    },
    {
      "type": "Feature",
      "geometry": {
        "type": "Point",
        "coordinates": [
          -1.6821158457599994,
          36.0744942144
        ]
      },
      "properties": {
        "name": "Laguna de la Lagrime",
        "type": "Medium Sea",
        "description": null,
        "wiki": {
          "title": null,
          "url": null,
          "description": null,
          "image": null
        }
      }
    },
    {
      "type": "Feature",
      "geometry": {
        "type": "Point",
        "coordinates": [
          1.5930792991999996,
          60.95793573343999
        ]
      },
      "properties": {
        "name": "Gulf of the Maelstrom",
        "type": "Medium Sea",
        "description": null,
        "wiki": {
          "title": null,
          "url": null,
          "description": null,
          "image": null
        }
      }
    },
    {
      "type": "Feature",
      "geometry": {
        "type": "Point",
        "coordinates": [
          -12.672574976639998,
          60.078432147487995
        ]
      },
      "properties": {
        "name": "Bay of Taaketskog",
        "type": "Medium Sea",
        "description": null,
        "wiki": {
          "title": null,
          "url": null,
          "description": null,
          "image": null
        }
      }
    },
    {
      "type": "Feature",
      "geometry": {
        "type": "Point",
        "coordinates": [
          -0.42207727775999954,
          59.96810627340799
        ]
      },
      "properties": {
        "name": "Sea of Soerligslette",
        "type": "Medium Sea",
        "description": null,
        "wiki": {
          "title": null,
          "url": null,
          "description": null,
          "image": null
        }
      }
    },
    {
      "type": "Feature",
      "geometry": {
        "type": "Point",
        "coordinates": [
          -5.4946372300799995,
          65.62579917983999
        ]
      },
      "properties": {
        "name": "Varg Sea",
        "type": "Medium Sea",
        "description": null,
        "wiki": {
          "title": null,
          "url": null,
          "description": null,
          "image": null
        }
      }
    },
    {
      "type": "Feature",
      "geometry": {
        "type": "Point",
        "coordinates": [
          1.1190951347200007,
          66.78860215264
        ]
      },
      "properties": {
        "name": "Nordlig Sea",
        "type": "Medium Sea",
        "description": null,
        "wiki": {
          "title": null,
          "url": null,
          "description": null,
          "image": null
        }
      }
    },
    {
      "type": "Feature",
      "geometry": {
        "type": "Point",
        "coordinates": [
          -5.69081698592,
          57.024698608255996
        ]
      },
      "properties": {
        "name": "Sea of Couronne",
        "type": "Large Sea",
        "description": null,
        "wiki": {
          "title": null,
          "url": null,
          "description": null,
          "image": null
        }
      }
    },
    {
      "type": "Feature",
      "geometry": {
        "type": "Point",
        "coordinates": [
          -13.864962335039998,
          57.44666410547199
        ]
      },
      "properties": {
        "name": "Middle Sea",
        "type": "Large Sea",
        "description": null,
        "wiki": {
          "title": null,
          "url": null,
          "description": null,
          "image": null
        }
      }
    },
    {
      "type": "Feature",
      "geometry": {
        "type": "Point",
        "coordinates": [
          -12.22086255168,
          48.258229206719996
        ]
      },
      "properties": {
        "name": "The Silent Sea",
        "type": "Large Sea",
        "description": null,
        "wiki": {
          "title": null,
          "url": null,
          "description": null,
          "image": null
        }
      }
    },
    {
      "type": "Feature",
      "geometry": {
        "type": "Point",
        "coordinates": [
          -2.4950492166399996,
          33.808953244799994
        ]
      },
      "properties": {
        "name": "The Black Gulf",
        "type": "Large Sea",
        "description": null,
        "wiki": {
          "title": null,
          "url": null,
          "description": null,
          "image": null
        }
      }
    },
    {
      "type": "Feature",
      "geometry": {
        "type": "Point",
        "coordinates": [
          -2.1892312313599995,
          67.95355514175999
        ]
      },
      "properties": {
        "name": "Kraken Sea",
        "type": "Large Sea",
        "description": null,
        "wiki": {
          "title": null,
          "url": null,
          "description": null,
          "image": null
        }
      }
    },
    {
      "type": "Feature",
      "geometry": {
        "type": "Point",
        "coordinates": [
          11.655006892800001,
          66.49368530848
        ]
      },
      "properties": {
        "name": "The Frozen Sea",
        "type": "Large Sea",
        "description": null,
        "wiki": {
          "title": null,
          "url": null,
          "description": null,
          "image": null
        }
      }
    },
    {
      "type": "Feature",
      "geometry": {
        "type": "Point",
        "coordinates": [
          -4.286442709439999,
          58.51149888991039
        ]
      },
      "properties": {
        "name": "Sea of Claws",
        "type": "Major Sea",
        "description": null,
        "wiki": {
          "title": null,
          "url": null,
          "description": null,
          "image": null
        }
      }
    },
    {
      "type": "Feature",
      "geometry": {
        "type": "Point",
        "coordinates": [
          -9.041196764512,
          37.795900588799995
        ]
      },
      "properties": {
        "name": "Tilean Sea",
        "type": "Major Sea",
        "description": null,
        "wiki": {
          "title": null,
          "url": null,
          "description": null,
          "image": null
        }
      }
    },
    {
      "type": "Feature",
      "geometry": {
        "type": "Point",
        "coordinates": [
          -14.84607781376,
          65.64833733024
        ]
      },
      "properties": {
        "name": "Sea of Chaos",
        "type": "Major Sea",
        "description": null,
        "wiki": {
          "title": null,
          "url": null,
          "description": null,
          "image": null
        }
      }
    },
    {
      "type": "Feature",
      "geometry": {
        "type": "Point",
        "coordinates": [
          -19.74251794432,
          32.726336096
        ]
      },
      "properties": {
        "name": "The Southern Sea",
        "type": "Ocean",
        "description": null,
        "wiki": {
          "title": null,
          "url": null,
          "description": null,
          "image": null
        }
      }
    },
    {
      "type": "Feature",
      "geometry": {
        "type": "Point",
        "coordinates": [
          -22.675623840319997,
          51.69893359872
        ]
      },
      "properties": {
        "name": "The Great Ocean",
        "type": "Ocean",
        "description": null,
        "wiki": {
          "title": null,
          "url": null,
          "description": null,
          "image": null
        }
      }
    },
    {
      "type": "Feature",
      "geometry": {
        "type": "Point",
        "coordinates": [
          19.7501360352,
          58.301624510336
        ]
      },
      "properties": {
        "name": "Ozergrany",
        "type": "Lake",
        "description": null,
        "wiki": {
          "title": null,
          "url": null,
          "description": null,
          "image": null
        }
      }
    },
    {
      "type": "Feature",
      "geometry": {
        "type": "Point",
        "coordinates": [
          21.703536924799998,
          58.239673023231994
        ]
      },
      "properties": {
        "name": "Ozeryatruk",
        "type": "Lake",
        "description": null,
        "wiki": {
          "title": null,
          "url": null,
          "description": null,
          "image": null
        }
      }
    },
    {
      "type": "Feature",
      "geometry": {
        "type": "Point",
        "coordinates": [
          -0.8693737935999998,
          48.809889471679995
        ]
      },
      "properties": {
        "name": "Copper Tarn",
        "type": "Lake",
        "description": null,
        "wiki": {
          "title": null,
          "url": null,
          "description": null,
          "image": null
        }
      }
    },
    {
      "type": "Feature",
      "geometry": {
        "type": "Point",
        "coordinates": [
          9.43099206272,
          61.75319794111999
        ]
      },
      "properties": {
        "name": "Korv Ozero",
        "type": "Lake",
        "description": null,
        "wiki": {
          "title": null,
          "url": null,
          "description": null,
          "image": null
        }
      }
    },
    {
      "type": "Feature",
      "geometry": {
        "type": "Point",
        "coordinates": [
          21.2165581408,
          57.90894381775999
        ]
      },
      "properties": {
        "name": "Ozertemnyy",
        "type": "Lake",
        "description": null,
        "wiki": {
          "title": null,
          "url": null,
          "description": null,
          "image": null
        }
      }
    },
    {
      "type": "Feature",
      "geometry": {
        "type": "Point",
        "coordinates": [
          0.40692739072,
          56.964952222559994
        ]
      },
      "properties": {
        "name": "Soldersø",
        "type": "Lake",
        "description": null,
        "wiki": {
          "title": null,
          "url": null,
          "description": null,
          "image": null
        }
      }
    },
    {
      "type": "Feature",
      "geometry": {
        "type": "Point",
        "coordinates": [
          0.7254940643200003,
          56.73017063296
        ]
      },
      "properties": {
        "name": "Trolvedsø",
        "type": "Lake",
        "description": null,
        "wiki": {
          "title": null,
          "url": null,
          "description": null,
          "image": null
        }
      }
    },
    {
      "type": "Feature",
      "geometry": {
        "type": "Point",
        "coordinates": [
          0.30564907168000044,
          56.75272803776
        ]
      },
      "properties": {
        "name": "Ammensø",
        "type": "Lake",
        "description": null,
        "wiki": {
          "title": null,
          "url": null,
          "description": null,
          "image": null
        }
      }
    },
    {
      "type": "Feature",
      "geometry": {
        "type": "Point",
        "coordinates": [
          1.2987831468800004,
          56.89446814809599
        ]
      },
      "properties": {
        "name": "Ormsdeep",
        "type": "Lake",
        "description": null,
        "wiki": {
          "title": null,
          "url": null,
          "description": null,
          "image": null
        }
      }
    },
    {
      "type": "Feature",
      "geometry": {
        "type": "Point",
        "coordinates": [
          1.5272982169599996,
          57.09303581712
        ]
      },
      "properties": {
        "name": "Lützelsee",
        "type": "Lake",
        "description": null,
        "wiki": {
          "title": null,
          "url": null,
          "description": null,
          "image": null
        }
      }
    },
    {
      "type": "Feature",
      "geometry": {
        "type": "Point",
        "coordinates": [
          4.101910815360001,
          52.88489996479999
        ]
      },
      "properties": {
        "name": "Kratersee",
        "type": "Lake",
        "description": null,
        "wiki": {
          "title": null,
          "url": null,
          "description": null,
          "image": null
        }
      }
    },
    {
      "type": "Feature",
      "geometry": {
        "type": "Point",
        "coordinates": [
          -2.416619919039999,
          45.48385273344
        ]
      },
      "properties": {
        "name": "Mirror Pools of Ithorien",
        "type": "Lake",
        "description": null,
        "wiki": {
          "title": null,
          "url": null,
          "description": null,
          "image": null
        }
      }
    },
    {
      "type": "Feature",
      "geometry": {
        "type": "Point",
        "coordinates": [
          -0.34403149279999995,
          42.98513327807999
        ]
      },
      "properties": {
        "name": "Crystal Mere",
        "type": "Lake",
        "description": null,
        "wiki": {
          "title": null,
          "url": null,
          "description": null,
          "image": null
        }
      }
    },
    {
      "type": "Feature",
      "geometry": {
        "type": "Point",
        "coordinates": [
          -0.4456527151999994,
          56.04439471999999
        ]
      },
      "properties": {
        "name": "Tarn of Tears",
        "type": "Lake",
        "description": null,
        "wiki": {
          "title": null,
          "url": null,
          "description": null,
          "image": null
        }
      }
    },
    {
      "type": "Feature",
      "geometry": {
        "type": "Point",
        "coordinates": [
          1.9164138873599994,
          44.092933256639995
        ]
      },
      "properties": {
        "name": "Ellsee",
        "type": "Lake",
        "description": null,
        "wiki": {
          "title": null,
          "url": null,
          "description": null,
          "image": null
        }
      }
    },
    {
      "type": "Feature",
      "geometry": {
        "type": "Point",
        "coordinates": [
          9.669317424639999,
          51.56264552928
        ]
      },
      "properties": {
        "name": "Luisksee",
        "type": "Lake",
        "description": null,
        "wiki": {
          "title": null,
          "url": null,
          "description": null,
          "image": null
        }
      }
    },
    {
      "type": "Feature",
      "geometry": {
        "type": "Point",
        "coordinates": [
          10.1038934336,
          51.82781029951999
        ]
      },
      "properties": {
        "name": "Volensee",
        "type": "Lake",
        "description": null,
        "wiki": {
          "title": null,
          "url": null,
          "description": null,
          "image": null
        }
      }
    },
    {
      "type": "Feature",
      "geometry": {
        "type": "Point",
        "coordinates": [
          9.77980179744,
          52.290006570239996
        ]
      },
      "properties": {
        "name": "Felsensee",
        "type": "Lake",
        "description": null,
        "wiki": {
          "title": null,
          "url": null,
          "description": null,
          "image": null
        }
      }
    },
    {
      "type": "Feature",
      "geometry": {
        "type": "Point",
        "coordinates": [
          9.06717194784,
          52.348933611199996
        ]
      },
      "properties": {
        "name": "Zhylweiher",
        "type": "Lake",
        "description": null,
        "wiki": {
          "title": null,
          "url": null,
          "description": null,
          "image": null
        }
      }
    },
    {
      "type": "Feature",
      "geometry": {
        "type": "Point",
        "coordinates": [
          8.604973926720001,
          52.00642706687999
        ]
      },
      "properties": {
        "name": "Ziegelsee",
        "type": "Lake",
        "description": null,
        "wiki": {
          "title": null,
          "url": null,
          "description": null,
          "image": null
        }
      }
    },
    {
      "type": "Feature",
      "geometry": {
        "type": "Point",
        "coordinates": [
          8.496330449599999,
          53.091027243839996
        ]
      },
      "properties": {
        "name": "Grysee",
        "type": "Lake",
        "description": null,
        "wiki": {
          "title": null,
          "url": null,
          "description": null,
          "image": null
        }
      }
    },
    {
      "type": "Feature",
      "geometry": {
        "type": "Point",
        "coordinates": [
          4.690452883520001,
          50.99036870303999
        ]
      },
      "properties": {
        "name": "Eggersee",
        "type": "Lake",
        "description": null,
        "wiki": {
          "title": null,
          "url": null,
          "description": null,
          "image": null
        }
      }
    },
    {
      "type": "Feature",
      "geometry": {
        "type": "Point",
        "coordinates": [
          -8.210536935295998,
          40.718641491199996
        ]
      },
      "properties": {
        "name": "BLIGHTED MARSHES",
        "type": "Large Marsh",
        "description": null,
        "wiki": {
          "title": null,
          "url": null,
          "description": null,
          "image": null
        }
      }
    },
    {
      "type": "Feature",
      "geometry": {
        "type": "Point",
        "coordinates": [
          2.129092213440001,
          28.682985612799996
        ]
      },
      "properties": {
        "name": "MARSHES OF MADNESS",
        "type": "Large Marsh",
        "description": null,
        "wiki": {
          "title": null,
          "url": null,
          "description": null,
          "image": null
        }
      }
    },
    {
      "type": "Feature",
      "geometry": {
        "type": "Point",
        "coordinates": [
          11.4512323264,
          72.64285363647998
        ]
      },
      "properties": {
        "name": "Blood Marshes",
        "type": "Large Marsh",
        "description": null,
        "wiki": {
          "title": null,
          "url": null,
          "description": null,
          "image": null
        }
      }
    },
    {
      "type": "Feature",
      "geometry": {
        "type": "Point",
        "coordinates": [
          -6.997004709887999,
          25.427348387199995
        ]
      },
      "properties": {
        "name": "MORTIS DELTA",
        "type": "Large Marsh",
        "description": null,
        "wiki": {
          "title": null,
          "url": null,
          "description": null,
          "image": null
        }
      }
    },
    {
      "type": "Feature",
      "geometry": {
        "type": "Point",
        "coordinates": [
          3.911458543360001,
          60.140256643072
        ]
      },
      "properties": {
        "name": "Bile Marshes",
        "type": "Small Marsh",
        "description": null,
        "wiki": {
          "title": null,
          "url": null,
          "description": null,
          "image": null
        }
      }
    },
    {
      "type": "Feature",
      "geometry": {
        "type": "Point",
        "coordinates": [
          4.662759980160001,
          59.04911075779199
        ]
      },
      "properties": {
        "name": "Tobol Saltmarshes",
        "type": "Small Marsh",
        "description": null,
        "wiki": {
          "title": null,
          "url": null,
          "description": null,
          "image": null
        }
      }
    },
    {
      "type": "Feature",
      "geometry": {
        "type": "Point",
        "coordinates": [
          -17.24867545344,
          58.4870544506368
        ]
      },
      "properties": {
        "name": "Black Bog",
        "type": "Small Marsh",
        "description": null,
        "wiki": {
          "title": null,
          "url": null,
          "description": null,
          "image": null
        }
      }
    },
    {
      "type": "Feature",
      "geometry": {
        "type": "Point",
        "coordinates": [
          -19.384153826239995,
          58.814655985376
        ]
      },
      "properties": {
        "name": "Bleak Moor",
        "type": "Small Marsh",
        "description": null,
        "wiki": {
          "title": null,
          "url": null,
          "description": null,
          "image": null
        }
      }
    },
    {
      "type": "Feature",
      "geometry": {
        "type": "Point",
        "coordinates": [
          -12.692675169919998,
          52.88330762591999
        ]
      },
      "properties": {
        "name": "The Dullian Mires",
        "type": "Small Marsh",
        "description": null,
        "wiki": {
          "title": null,
          "url": null,
          "description": null,
          "image": null
        }
      }
    },
    {
      "type": "Feature",
      "geometry": {
        "type": "Point",
        "coordinates": [
          -9.835245367359999,
          54.99910362591999
        ]
      },
      "properties": {
        "name": "The Mourning Meadows",
        "type": "Small Marsh",
        "description": null,
        "wiki": {
          "title": null,
          "url": null,
          "description": null,
          "image": null
        }
      }
    },
    {
      "type": "Feature",
      "geometry": {
        "type": "Point",
        "coordinates": [
          -5.999307849503999,
          55.66316617696
        ]
      },
      "properties": {
        "name": "Le Mollier Marshes",
        "type": "Small Marsh",
        "description": null,
        "wiki": {
          "title": null,
          "url": null,
          "description": null,
          "image": null
        }
      }
    },
    {
      "type": "Feature",
      "geometry": {
        "type": "Point",
        "coordinates": [
          -4.819875884159999,
          55.41549455424
        ]
      },
      "properties": {
        "name": "Theronde Bogs",
        "type": "Small Marsh",
        "description": null,
        "wiki": {
          "title": null,
          "url": null,
          "description": null,
          "image": null
        }
      }
    },
    {
      "type": "Feature",
      "geometry": {
        "type": "Point",
        "coordinates": [
          -9.82418546496,
          50.298672237119995
        ]
      },
      "properties": {
        "name": "Moussillon Marshes",
        "type": "Small Marsh",
        "description": null,
        "wiki": {
          "title": null,
          "url": null,
          "description": null,
          "image": null
        }
      }
    },
    {
      "type": "Feature",
      "geometry": {
        "type": "Point",
        "coordinates": [
          -9.506477187519998,
          49.90023463647999
        ]
      },
      "properties": {
        "name": "Forsaken Marshes",
        "type": "Small Marsh",
        "description": null,
        "wiki": {
          "title": null,
          "url": null,
          "description": null,
          "image": null
        }
      }
    },
    {
      "type": "Feature",
      "geometry": {
        "type": "Point",
        "coordinates": [
          -8.158820929695999,
          50.6476305808
        ]
      },
      "properties": {
        "name": "Marais de la Lune",
        "type": "Small Marsh",
        "description": null,
        "wiki": {
          "title": null,
          "url": null,
          "description": null,
          "image": null
        }
      }
    },
    {
      "type": "Feature",
      "geometry": {
        "type": "Point",
        "coordinates": [
          -7.355435488451199,
          51.186693216959995
        ]
      },
      "properties": {
        "name": "Rangonges Marsh",
        "type": "Small Marsh",
        "description": null,
        "wiki": {
          "title": null,
          "url": null,
          "description": null,
          "image": null
        }
      }
    },
    {
      "type": "Feature",
      "geometry": {
        "type": "Point",
        "coordinates": [
          -6.321581275168,
          51.75049530656
        ]
      },
      "properties": {
        "name": "Le Bunard",
        "type": "Small Marsh",
        "description": null,
        "wiki": {
          "title": null,
          "url": null,
          "description": null,
          "image": null
        }
      }
    },
    {
      "type": "Feature",
      "geometry": {
        "type": "Point",
        "coordinates": [
          -5.0846021792,
          50.42757886975999
        ]
      },
      "properties": {
        "name": "Maresquet Mires",
        "type": "Small Marsh",
        "description": null,
        "wiki": {
          "title": null,
          "url": null,
          "description": null,
          "image": null
        }
      }
    },
    {
      "type": "Feature",
      "geometry": {
        "type": "Point",
        "coordinates": [
          -3.0533524246399995,
          48.522631152639995
        ]
      },
      "properties": {
        "name": "Halluin Morass",
        "type": "Small Marsh",
        "description": null,
        "wiki": {
          "title": null,
          "url": null,
          "description": null,
          "image": null
        }
      }
    },
    {
      "type": "Feature",
      "geometry": {
        "type": "Point",
        "coordinates": [
          -9.479133663999999,
          45.10335970847999
        ]
      },
      "properties": {
        "name": "Engoumois Marsh",
        "type": "Small Marsh",
        "description": null,
        "wiki": {
          "title": null,
          "url": null,
          "description": null,
          "image": null
        }
      }
    },
    {
      "type": "Feature",
      "geometry": {
        "type": "Point",
        "coordinates": [
          2.9459876147199995,
          43.56759218112
        ]
      },
      "properties": {
        "name": "Geltensumpf",
        "type": "Small Marsh",
        "description": null,
        "wiki": {
          "title": null,
          "url": null,
          "description": null,
          "image": null
        }
      }
    },
    {
      "type": "Feature",
      "geometry": {
        "type": "Point",
        "coordinates": [
          -1.1321884767999995,
          57.477818407327995
        ]
      },
      "properties": {
        "name": "Schaukeln Bay",
        "type": "Small Sea",
        "description": null,
        "wiki": {
          "title": null,
          "url": null,
          "description": null,
          "image": null
        }
      }
    },
    {
      "type": "Feature",
      "geometry": {
        "type": "Point",
        "coordinates": [
          -1.556577157759999,
          57.77992659484799
        ]
      },
      "properties": {
        "name": "Hochfelson Bay",
        "type": "Small Sea",
        "description": null,
        "wiki": {
          "title": null,
          "url": null,
          "description": null,
          "image": null
        }
      }
    },
    {
      "type": "Feature",
      "geometry": {
        "type": "Point",
        "coordinates": [
          -2.3062946575999996,
          57.54087177123199
        ]
      },
      "properties": {
        "name": "Ertsund Bight",
        "type": "Small Sea",
        "description": null,
        "wiki": {
          "title": null,
          "url": null,
          "description": null,
          "image": null
        }
      }
    },
    {
      "type": "Feature",
      "geometry": {
        "type": "Point",
        "coordinates": [
          -2.4120862079999994,
          57.32317858416
        ]
      },
      "properties": {
        "name": "Dundal Bay",
        "type": "Small Sea",
        "description": null,
        "wiki": {
          "title": null,
          "url": null,
          "description": null,
          "image": null
        }
      }
    },
    {
      "type": "Feature",
      "geometry": {
        "type": "Point",
        "coordinates": [
          -2.3825867167999997,
          57.173642594815995
        ]
      },
      "properties": {
        "name": "Rotsen Bay",
        "type": "Small Sea",
        "description": null,
        "wiki": {
          "title": null,
          "url": null,
          "description": null,
          "image": null
        }
      }
    },
    {
      "type": "Feature",
      "geometry": {
        "type": "Point",
        "coordinates": [
          -2.11783661632,
          57.79694415868799
        ]
      },
      "properties": {
        "name": "Ruimer's Bay",
        "type": "Small Sea",
        "description": null,
        "wiki": {
          "title": null,
          "url": null,
          "description": null,
          "image": null
        }
      }
    },
    {
      "type": "Feature",
      "geometry": {
        "type": "Point",
        "coordinates": [
          -3.4795786755199996,
          56.41039950911999
        ]
      },
      "properties": {
        "name": "Noordwijk Bay",
        "type": "Small Sea",
        "description": null,
        "wiki": {
          "title": null,
          "url": null,
          "description": null,
          "image": null
        }
      }
    },
    {
      "type": "Feature",
      "geometry": {
        "type": "Point",
        "coordinates": [
          8.767484213440001,
          65.93395850015999
        ]
      },
      "properties": {
        "name": "TALDURSFJORD",
        "type": "Small Sea",
        "description": null,
        "wiki": {
          "title": null,
          "url": null,
          "description": null,
          "image": null
        }
      }
    },
    {
      "type": "Feature",
      "geometry": {
        "type": "Point",
        "coordinates": [
          -12.080715550399999,
          56.40506901599999
        ]
      },
      "properties": {
        "name": "DRAGON'S MAW",
        "type": "Small Sea",
        "description": null,
        "wiki": {
          "title": null,
          "url": null,
          "description": null,
          "image": null
        }
      }
    },
    {
      "type": "Feature",
      "geometry": {
        "type": "Point",
        "coordinates": [
          -1.0545092256,
          57.770773560703994
        ]
      },
      "properties": {
        "name": "Manann's Teeth",
        "type": "Small Sea",
        "description": null,
        "wiki": {
          "title": null,
          "url": null,
          "description": null,
          "image": null
        }
      }
    },
    {
      "type": "Feature",
      "geometry": {
        "type": "Point",
        "coordinates": [
          -3.7016694275199993,
          34.677107884799995
        ]
      },
      "properties": {
        "name": "Bay of Wrecks",
        "type": "Medium Sea",
        "description": null,
        "wiki": {
          "title": null,
          "url": null,
          "description": null,
          "image": null
        }
      }
    },
    {
      "type": "Feature",
      "geometry": {
        "type": "Point",
        "coordinates": [
          -8.196175568448,
          26.305051459199994
        ]
      },
      "properties": {
        "name": "THE CHARNAL DEEPS",
        "type": "Medium Sea",
        "description": null,
        "wiki": {
          "title": null,
          "url": null,
          "description": null,
          "image": null
        }
      }
    },
    {
      "type": "Feature",
      "geometry": {
        "type": "Point",
        "coordinates": [
          -21.943141654079998,
          29.310504012799996
        ]
      },
      "properties": {
        "name": "Bay of Al-Haikk",
        "type": "Medium Sea",
        "description": null,
        "wiki": {
          "title": null,
          "url": null,
          "description": null,
          "image": null
        }
      }
    },
    {
      "type": "Feature",
      "geometry": {
        "type": "Point",
        "coordinates": [
          10.5055717248,
          68.20577972992
        ]
      },
      "properties": {
        "name": "FELL WATERS",
        "type": "Medium Sea",
        "description": null,
        "wiki": {
          "title": null,
          "url": null,
          "description": null,
          "image": null
        }
      }
    },
    {
      "type": "Feature",
      "geometry": {
        "type": "Point",
        "coordinates": [
          -7.20276200688,
          69.2057800992
        ]
      },
      "properties": {
        "name": "KRAKEN BAY",
        "type": "Medium Sea",
        "description": null,
        "wiki": {
          "title": null,
          "url": null,
          "description": null,
          "image": null
        }
      }
    },
    {
      "type": "Feature",
      "geometry": {
        "type": "Point",
        "coordinates": [
          -16.455698568,
          27.807901139199995
        ]
      },
      "properties": {
        "name": "The Pirate Coast",
        "type": "Medium Sea",
        "description": null,
        "wiki": {
          "title": null,
          "url": null,
          "description": null,
          "image": null
        }
      }
    },
    {
      "type": "Feature",
      "geometry": {
        "type": "Point",
        "coordinates": [
          -35.7843566624,
          21.746503993599998
        ]
      },
      "properties": {
        "name": "Shark Straits",
        "type": "Medium Sea",
        "description": null,
        "wiki": {
          "title": null,
          "url": null,
          "description": null,
          "image": null
        }
      }
    },
    {
      "type": "Feature",
      "geometry": {
        "type": "Point",
        "coordinates": [
          -53.29730820799999,
          32.727171036799994
        ]
      },
      "properties": {
        "name": "Elaranna Bay",
        "type": "Medium Sea",
        "description": null,
        "wiki": {
          "title": null,
          "url": null,
          "description": null,
          "image": null
        }
      }
    },
    {
      "type": "Feature",
      "geometry": {
        "type": "Point",
        "coordinates": [
          -50.7708736192,
          24.985823990399997
        ]
      },
      "properties": {
        "name": "Bay of Tears",
        "type": "Medium Sea",
        "description": null,
        "wiki": {
          "title": null,
          "url": null,
          "description": null,
          "image": null
        }
      }
    },
    {
      "type": "Feature",
      "geometry": {
        "type": "Point",
        "coordinates": [
          -56.906499977599985,
          22.908697827199997
        ]
      },
      "properties": {
        "name": "Straits of Lothern",
        "type": "Medium Sea",
        "description": null,
        "wiki": {
          "title": null,
          "url": null,
          "description": null,
          "image": null
        }
      }
    },
    {
      "type": "Feature",
      "geometry": {
        "type": "Point",
        "coordinates": [
          3.1183951881600014,
          58.43286041951039
        ]
      },
      "properties": {
        "name": "GULF OF KISLEV",
        "type": "Large Sea",
        "description": null,
        "wiki": {
          "title": null,
          "url": null,
          "description": null,
          "image": null
        }
      }
    },
    {
      "type": "Feature",
      "geometry": {
        "type": "Point",
        "coordinates": [
          10.0604082464,
          29.1003667424
        ]
      },
      "properties": {
        "name": "The Sour Sea",
        "type": "Large Sea",
        "description": null,
        "wiki": {
          "title": null,
          "url": null,
          "description": null,
          "image": null
        }
      }
    },
    {
      "type": "Feature",
      "geometry": {
        "type": "Point",
        "coordinates": [
          16.0812433728,
          25.433698838399998
        ]
      },
      "properties": {
        "name": "The Straits of Nagash",
        "type": "Large Sea",
        "description": null,
        "wiki": {
          "title": null,
          "url": null,
          "description": null,
          "image": null
        }
      }
    },
    {
      "type": "Feature",
      "geometry": {
        "type": "Point",
        "coordinates": [
          -8.899525094816,
          27.311718751999997
        ]
      },
      "properties": {
        "name": "GULF OF NEHEKHARA",
        "type": "Large Sea",
        "description": null,
        "wiki": {
          "title": null,
          "url": null,
          "description": null,
          "image": null
        }
      }
    },
    {
      "type": "Feature",
      "geometry": {
        "type": "Point",
        "coordinates": [
          -19.5803708656,
          29.170713567999996
        ]
      },
      "properties": {
        "name": "SEA OF ARABY",
        "type": "Large Sea",
        "description": null,
        "wiki": {
          "title": null,
          "url": null,
          "description": null,
          "image": null
        }
      }
    },
    {
      "type": "Feature",
      "geometry": {
        "type": "Point",
        "coordinates": [
          -32.749341603199994,
          24.585365728
        ]
      },
      "properties": {
        "name": "BAY OF CORSAIRS",
        "type": "Large Sea",
        "description": null,
        "wiki": {
          "title": null,
          "url": null,
          "description": null,
          "image": null
        }
      }
    },
    {
      "type": "Feature",
      "geometry": {
        "type": "Point",
        "coordinates": [
          20.9867901344,
          15.983970144
        ]
      },
      "properties": {
        "name": "Gulf of Fear",
        "type": "Large Sea",
        "description": null,
        "wiki": {
          "title": null,
          "url": null,
          "description": null,
          "image": null
        }
      }
    },
    {
      "type": "Feature",
      "geometry": {
        "type": "Point",
        "coordinates": [
          20.163872832,
          21.348554054399994
        ]
      },
      "properties": {
        "name": "Bitter Sea",
        "type": "Large Sea",
        "description": null,
        "wiki": {
          "title": null,
          "url": null,
          "description": null,
          "image": null
        }
      }
    },
    {
      "type": "Feature",
      "geometry": {
        "type": "Point",
        "coordinates": [
          -59.7519852256,
          31.081910563199997
        ]
      },
      "properties": {
        "name": "SEA OF DUSK",
        "type": "Large Sea",
        "description": null,
        "wiki": {
          "title": null,
          "url": null,
          "description": null,
          "image": null
        }
      }
    },
    {
      "type": "Feature",
      "geometry": {
        "type": "Point",
        "coordinates": [
          -54.50761003519999,
          29.107902214399996
        ]
      },
      "properties": {
        "name": "SEA OF DREAMS",
        "type": "Large Sea",
        "description": null,
        "wiki": {
          "title": null,
          "url": null,
          "description": null,
          "image": null
        }
      }
    },
    {
      "type": "Feature",
      "geometry": {
        "type": "Point",
        "coordinates": [
          35.02784603519999,
          28.110261734399995
        ]
      },
      "properties": {
        "name": "Sea of Storms",
        "type": "Large Sea",
        "description": null,
        "wiki": {
          "title": null,
          "url": null,
          "description": null,
          "image": null
        }
      }
    },
    {
      "type": "Feature",
      "geometry": {
        "type": "Point",
        "coordinates": [
          -11.48660738528,
          6.035018617599998
        ]
      },
      "properties": {
        "name": "GULF OF MEDES",
        "type": "Major Sea",
        "description": null,
        "wiki": {
          "title": null,
          "url": null,
          "description": null,
          "image": null
        }
      }
    },
    {
      "type": "Feature",
      "geometry": {
        "type": "Point",
        "coordinates": [
          31.028190787199996,
          20.2655483168
        ]
      },
      "properties": {
        "name": "SEA OF DREAD",
        "type": "Major Sea",
        "description": null,
        "wiki": {
          "title": null,
          "url": null,
          "description": null,
          "image": null
        }
      }
    },
    {
      "type": "Feature",
      "geometry": {
        "type": "Point",
        "coordinates": [
          -72.87580176959999,
          57.391913098816
        ]
      },
      "properties": {
        "name": "SEA OF CHILL",
        "type": "Major Sea",
        "description": null,
        "wiki": {
          "title": null,
          "url": null,
          "description": null,
          "image": null
        }
      }
    },
    {
      "type": "Feature",
      "geometry": {
        "type": "Point",
        "coordinates": [
          -89.3423606944,
          52.78226701119999
        ]
      },
      "properties": {
        "name": "SEA OF MALICE",
        "type": "Ocean",
        "description": null,
        "wiki": {
          "title": null,
          "url": null,
          "description": null,
          "image": null
        }
      }
    },
    {
      "type": "Feature",
      "geometry": {
        "type": "Point",
        "coordinates": [
          0.4217791846400009,
          42.561449658239994
        ]
      },
      "properties": {
        "name": "The Wildwood",
        "type": "Forest Labels",
        "description": null,
        "wiki": {
          "title": null,
          "url": null,
          "description": null,
          "image": null
        }
      }
    },
    {
      "type": "Feature",
      "geometry": {
        "type": "Point",
        "coordinates": [
          1.1561539033600008,
          48.81926216352
        ]
      },
      "properties": {
        "name": "The Grissenwald",
        "type": "Forest Labels",
        "description": null,
        "wiki": {
          "title": null,
          "url": null,
          "description": null,
          "image": null
        }
      }
    },
    {
      "type": "Feature",
      "geometry": {
        "type": "Point",
        "coordinates": [
          1.99209120608,
          48.702074984
        ]
      },
      "properties": {
        "name": "Nattern Forest",
        "type": "Forest Labels",
        "description": null,
        "wiki": {
          "title": null,
          "url": null,
          "description": null,
          "image": null
        }
      }
    },
    {
      "type": "Feature",
      "geometry": {
        "type": "Point",
        "coordinates": [
          2.19261160384,
          49.623949399999994
        ]
      },
      "properties": {
        "name": "Southern Great Forest",
        "type": "Forest Labels",
        "description": null,
        "wiki": {
          "title": null,
          "url": null,
          "description": null,
          "image": null
        }
      }
    },
    {
      "type": "Feature",
      "geometry": {
        "type": "Point",
        "coordinates": [
          -0.5338543209599999,
          50.245725437759994
        ]
      },
      "properties": {
        "name": "The Reikwald",
        "type": "Forest Labels",
        "description": null,
        "wiki": {
          "title": null,
          "url": null,
          "description": null,
          "image": null
        }
      }
    },
    {
      "type": "Feature",
      "geometry": {
        "type": "Point",
        "coordinates": [
          -3.369887759039999,
          50.457282982719995
        ]
      },
      "properties": {
        "name": "Maiswald",
        "type": "Forest Labels",
        "description": null,
        "wiki": {
          "title": null,
          "url": null,
          "description": null,
          "image": null
        }
      }
    },
    {
      "type": "Feature",
      "geometry": {
        "type": "Point",
        "coordinates": [
          -9.575616937279998,
          52.94426180511999
        ]
      },
      "properties": {
        "name": "Forest of Arden",
        "type": "Forest Labels",
        "description": null,
        "wiki": {
          "title": null,
          "url": null,
          "description": null,
          "image": null
        }
      }
    },
    {
      "type": "Feature",
      "geometry": {
        "type": "Point",
        "coordinates": [
          -3.786554550399999,
          39.9338444
        ]
      },
      "properties": {
        "name": "Tettoverde Wood",
        "type": "Forest Labels",
        "description": null,
        "wiki": {
          "title": null,
          "url": null,
          "description": null,
          "image": null
        }
      }
    },
    {
      "type": "Feature",
      "geometry": {
        "type": "Point",
        "coordinates": [
          -4.429783840639999,
          39.337488371199996
        ]
      },
      "properties": {
        "name": "Appentine Forest",
        "type": "Forest Labels",
        "description": null,
        "wiki": {
          "title": null,
          "url": null,
          "description": null,
          "image": null
        }
      }
    },
    {
      "type": "Feature",
      "geometry": {
        "type": "Point",
        "coordinates": [
          -0.03255236383999912,
          51.17280869407999
        ]
      },
      "properties": {
        "name": "Bloodpine Woods",
        "type": "Forest Labels",
        "description": null,
        "wiki": {
          "title": null,
          "url": null,
          "description": null,
          "image": null
        }
      }
    },
    {
      "type": "Feature",
      "geometry": {
        "type": "Point",
        "coordinates": [
          0.7226559657599999,
          51.42671506656
        ]
      },
      "properties": {
        "name": "Taal's Triangle",
        "type": "Forest Labels",
        "description": null,
        "wiki": {
          "title": null,
          "url": null,
          "description": null,
          "image": null
        }
      }
    },
    {
      "type": "Feature",
      "geometry": {
        "type": "Point",
        "coordinates": [
          8.32291534592,
          50.92280886431999
        ]
      },
      "properties": {
        "name": "Dead Wood",
        "type": "Forest Labels",
        "description": null,
        "wiki": {
          "title": null,
          "url": null,
          "description": null,
          "image": null
        }
      }
    },
    {
      "type": "Feature",
      "geometry": {
        "type": "Point",
        "coordinates": [
          7.348802342399999,
          50.2157018768
        ]
      },
      "properties": {
        "name": "Hundsheimerwald",
        "type": "Forest Labels",
        "description": null,
        "wiki": {
          "title": null,
          "url": null,
          "description": null,
          "image": null
        }
      }
    },
    {
      "type": "Feature",
      "geometry": {
        "type": "Point",
        "coordinates": [
          8.27687965088,
          50.07943638751999
        ]
      },
      "properties": {
        "name": "Hunger Wood",
        "type": "Forest Labels",
        "description": null,
        "wiki": {
          "title": null,
          "url": null,
          "description": null,
          "image": null
        }
      }
    },
    {
      "type": "Feature",
      "geometry": {
        "type": "Point",
        "coordinates": [
          9.26940703744,
          49.83084405439999
        ]
      },
      "properties": {
        "name": "Grim Wood",
        "type": "Forest Labels",
        "description": null,
        "wiki": {
          "title": null,
          "url": null,
          "description": null,
          "image": null
        }
      }
    },
    {
      "type": "Feature",
      "geometry": {
        "type": "Point",
        "coordinates": [
          10.3853087424,
          49.619080837439995
        ]
      },
      "properties": {
        "name": "Verbogenwald",
        "type": "Forest Labels",
        "description": null,
        "wiki": {
          "title": null,
          "url": null,
          "description": null,
          "image": null
        }
      }
    },
    {
      "type": "Feature",
      "geometry": {
        "type": "Point",
        "coordinates": [
          8.67094405216,
          48.42583770847999
        ]
      },
      "properties": {
        "name": "Ghoul Wood",
        "type": "Forest Labels",
        "description": null,
        "wiki": {
          "title": null,
          "url": null,
          "description": null,
          "image": null
        }
      }
    },
    {
      "type": "Feature",
      "geometry": {
        "type": "Point",
        "coordinates": [
          -7.199241637407999,
          48.85927543232
        ]
      },
      "properties": {
        "name": "Forest of Châlons",
        "type": "Forest Labels",
        "description": null,
        "wiki": {
          "title": null,
          "url": null,
          "description": null,
          "image": null
        }
      }
    },
    {
      "type": "Feature",
      "geometry": {
        "type": "Point",
        "coordinates": [
          -0.12874104479999954,
          53.026275571839996
        ]
      },
      "properties": {
        "name": "The Drakwald",
        "type": "Forest Labels",
        "description": null,
        "wiki": {
          "title": null,
          "url": null,
          "description": null,
          "image": null
        }
      }
    },
    {
      "type": "Feature",
      "geometry": {
        "type": "Point",
        "coordinates": [
          3.358915901759999,
          56.6060035584
        ]
      },
      "properties": {
        "name": "Forest of Shadows",
        "type": "Forest Labels",
        "description": null,
        "wiki": {
          "title": null,
          "url": null,
          "description": null,
          "image": null
        }
      }
    },
    {
      "type": "Feature",
      "geometry": {
        "type": "Point",
        "coordinates": [
          -1.0844398403199995,
          56.637307887039995
        ]
      },
      "properties": {
        "name": "Laurelorn Forest",
        "type": "Forest Labels",
        "description": null,
        "wiki": {
          "title": null,
          "url": null,
          "description": null,
          "image": null
        }
      }
    },
    {
      "type": "Feature",
      "geometry": {
        "type": "Point",
        "coordinates": [
          -9.604708060159998,
          64.55358903423999
        ]
      },
      "properties": {
        "name": "Forest of Nilfheim",
        "type": "Forest Labels",
        "description": null,
        "wiki": {
          "title": null,
          "url": null,
          "description": null,
          "image": null
        }
      }
    },
    {
      "type": "Feature",
      "geometry": {
        "type": "Point",
        "coordinates": [
          -8.186811733631998,
          65.07655359168
        ]
      },
      "properties": {
        "name": "Forest of Landring",
        "type": "Forest Labels",
        "description": null,
        "wiki": {
          "title": null,
          "url": null,
          "description": null,
          "image": null
        }
      }
    },
    {
      "type": "Feature",
      "geometry": {
        "type": "Point",
        "coordinates": [
          7.943586862079999,
          65.22200377984
        ]
      },
      "properties": {
        "name": "Forest of Knives",
        "type": "Forest Labels",
        "description": null,
        "wiki": {
          "title": null,
          "url": null,
          "description": null,
          "image": null
        }
      }
    },
    {
      "type": "Feature",
      "geometry": {
        "type": "Point",
        "coordinates": [
          1.589284432000001,
          70.53993883007999
        ]
      },
      "properties": {
        "name": "Shard Woods",
        "type": "Forest Labels",
        "description": null,
        "wiki": {
          "title": null,
          "url": null,
          "description": null,
          "image": null
        }
      }
    },
    {
      "type": "Feature",
      "geometry": {
        "type": "Point",
        "coordinates": [
          -1.1496354137599993,
          37.6873075232
        ]
      },
      "properties": {
        "name": "Kharnos Forest",
        "type": "Forest Labels",
        "description": null,
        "wiki": {
          "title": null,
          "url": null,
          "description": null,
          "image": null
        }
      }
    },
    {
      "type": "Feature",
      "geometry": {
        "type": "Point",
        "coordinates": [
          6.66536758944,
          42.23930621727999
        ]
      },
      "properties": {
        "name": "Hvargir Forest",
        "type": "Forest Labels",
        "description": null,
        "wiki": {
          "title": null,
          "url": null,
          "description": null,
          "image": null
        }
      }
    },
    {
      "type": "Feature",
      "geometry": {
        "type": "Point",
        "coordinates": [
          10.712817334399999,
          43.27050379071999
        ]
      },
      "properties": {
        "name": "Forest of Gloom",
        "type": "Forest Labels",
        "description": null,
        "wiki": {
          "title": null,
          "url": null,
          "description": null,
          "image": null
        }
      }
    },
    {
      "type": "Feature",
      "geometry": {
        "type": "Point",
        "coordinates": [
          -17.35549116288,
          44.557192023679995
        ]
      },
      "properties": {
        "name": "Piña Wood",
        "type": "Forest Labels",
        "description": null,
        "wiki": {
          "title": null,
          "url": null,
          "description": null,
          "image": null
        }
      }
    },
    {
      "type": "Feature",
      "geometry": {
        "type": "Point",
        "coordinates": [
          -13.057608014079998,
          41.82820149696
        ]
      },
      "properties": {
        "name": "Sombra Wood",
        "type": "Forest Labels",
        "description": null,
        "wiki": {
          "title": null,
          "url": null,
          "description": null,
          "image": null
        }
      }
    },
    {
      "type": "Feature",
      "geometry": {
        "type": "Point",
        "coordinates": [
          -6.307720907807999,
          34.1148461472
        ]
      },
      "properties": {
        "name": "Sussurrio Wood",
        "type": "Forest Labels",
        "description": null,
        "wiki": {
          "title": null,
          "url": null,
          "description": null,
          "image": null
        }
      }
    },
    {
      "type": "Feature",
      "geometry": {
        "type": "Point",
        "coordinates": [
          3.987533377920001,
          53.03671023135999
        ]
      },
      "properties": {
        "name": "Taalgrunhaar",
        "type": "Forest Labels",
        "description": null,
        "wiki": {
          "title": null,
          "url": null,
          "description": null,
          "image": null
        }
      }
    },
    {
      "type": "Feature",
      "geometry": {
        "type": "Point",
        "coordinates": [
          9.31917546048,
          53.224192249599994
        ]
      },
      "properties": {
        "name": "Gryphon's Wood",
        "type": "Forest Labels",
        "description": null,
        "wiki": {
          "title": null,
          "url": null,
          "description": null,
          "image": null
        }
      }
    },
    {
      "type": "Feature",
      "geometry": {
        "type": "Point",
        "coordinates": [
          5.462404489280001,
          57.794504766239996
        ]
      },
      "properties": {
        "name": "Grovod Wood",
        "type": "Forest Labels",
        "description": null,
        "wiki": {
          "title": null,
          "url": null,
          "description": null,
          "image": null
        }
      }
    },
    {
      "type": "Feature",
      "geometry": {
        "type": "Point",
        "coordinates": [
          12.928800979199998,
          58.265335445088
        ]
      },
      "properties": {
        "name": "Dukhly's Forest",
        "type": "Forest Labels",
        "description": null,
        "wiki": {
          "title": null,
          "url": null,
          "description": null,
          "image": null
        }
      }
    },
    {
      "type": "Feature",
      "geometry": {
        "type": "Point",
        "coordinates": [
          10.735810588800001,
          57.814042520992
        ]
      },
      "properties": {
        "name": "Staslav Forest",
        "type": "Forest Labels",
        "description": null,
        "wiki": {
          "title": null,
          "url": null,
          "description": null,
          "image": null
        }
      }
    },
    {
      "type": "Feature",
      "geometry": {
        "type": "Point",
        "coordinates": [
          6.748862019520001,
          55.255442354239996
        ]
      },
      "properties": {
        "name": "Osterwald",
        "type": "Forest Labels",
        "description": null,
        "wiki": {
          "title": null,
          "url": null,
          "description": null,
          "image": null
        }
      }
    },
    {
      "type": "Feature",
      "geometry": {
        "type": "Point",
        "coordinates": [
          9.24039993376,
          54.44554505216
        ]
      },
      "properties": {
        "name": "Shirokij Forest",
        "type": "Forest Labels",
        "description": null,
        "wiki": {
          "title": null,
          "url": null,
          "description": null,
          "image": null
        }
      }
    },
    {
      "type": "Feature",
      "geometry": {
        "type": "Point",
        "coordinates": [
          4.54053007328,
          59.695546430751996
        ]
      },
      "properties": {
        "name": "The Angskog",
        "type": "Forest Labels",
        "description": null,
        "wiki": {
          "title": null,
          "url": null,
          "description": null,
          "image": null
        }
      }
    },
    {
      "type": "Feature",
      "geometry": {
        "type": "Point",
        "coordinates": [
          4.1837588191999995,
          61.19033809184
        ]
      },
      "properties": {
        "name": "Wulfsiege Forest",
        "type": "Forest Labels",
        "description": null,
        "wiki": {
          "title": null,
          "url": null,
          "description": null,
          "image": null
        }
      }
    },
    {
      "type": "Feature",
      "geometry": {
        "type": "Point",
        "coordinates": [
          4.8113633388800015,
          61.521067244799994
        ]
      },
      "properties": {
        "name": "Gotland Forest",
        "type": "Forest Labels",
        "description": null,
        "wiki": {
          "title": null,
          "url": null,
          "description": null,
          "image": null
        }
      }
    },
    {
      "type": "Feature",
      "geometry": {
        "type": "Point",
        "coordinates": [
          4.256675407040001,
          62.284088134719994
        ]
      },
      "properties": {
        "name": "Askreved Forest",
        "type": "Forest Labels",
        "description": null,
        "wiki": {
          "title": null,
          "url": null,
          "description": null,
          "image": null
        }
      }
    },
    {
      "type": "Feature",
      "geometry": {
        "type": "Point",
        "coordinates": [
          -6.743250499679999,
          62.86971683711999
        ]
      },
      "properties": {
        "name": "Tanngnjóst Forest",
        "type": "Forest Labels",
        "description": null,
        "wiki": {
          "title": null,
          "url": null,
          "description": null,
          "image": null
        }
      }
    },
    {
      "type": "Feature",
      "geometry": {
        "type": "Point",
        "coordinates": [
          -8.645441319296,
          63.63390734431999
        ]
      },
      "properties": {
        "name": "The Ågskarskog",
        "type": "Forest Labels",
        "description": null,
        "wiki": {
          "title": null,
          "url": null,
          "description": null,
          "image": null
        }
      }
    },
    {
      "type": "Feature",
      "geometry": {
        "type": "Point",
        "coordinates": [
          -11.39023316192,
          61.68599063296
        ]
      },
      "properties": {
        "name": "Kalevala Wood",
        "type": "Forest Labels",
        "description": null,
        "wiki": {
          "title": null,
          "url": null,
          "description": null,
          "image": null
        }
      }
    },
    {
      "type": "Feature",
      "geometry": {
        "type": "Point",
        "coordinates": [
          -12.387629111039997,
          60.74328225599999
        ]
      },
      "properties": {
        "name": "The Taaketskog",
        "type": "Forest Labels",
        "description": null,
        "wiki": {
          "title": null,
          "url": null,
          "description": null,
          "image": null
        }
      }
    },
    {
      "type": "Feature",
      "geometry": {
        "type": "Point",
        "coordinates": [
          -11.521976492799999,
          63.012324550719995
        ]
      },
      "properties": {
        "name": "Forest of Bøydetrær",
        "type": "Forest Labels",
        "description": null,
        "wiki": {
          "title": null,
          "url": null,
          "description": null,
          "image": null
        }
      }
    },
    {
      "type": "Feature",
      "geometry": {
        "type": "Point",
        "coordinates": [
          -1.9553888188799995,
          61.395903842559996
        ]
      },
      "properties": {
        "name": "The Vargarskog (Forest of Wolves)",
        "type": "Forest Labels",
        "description": null,
        "wiki": {
          "title": null,
          "url": null,
          "description": null,
          "image": null
        }
      }
    },
    {
      "type": "Feature",
      "geometry": {
        "type": "Point",
        "coordinates": [
          0.7478216416000006,
          65.02719161152
        ]
      },
      "properties": {
        "name": "The Åskskogen",
        "type": "Forest Labels",
        "description": null,
        "wiki": {
          "title": null,
          "url": null,
          "description": null,
          "image": null
        }
      }
    },
    {
      "type": "Feature",
      "geometry": {
        "type": "Point",
        "coordinates": [
          4.382792077120001,
          64.37532742303999
        ]
      },
      "properties": {
        "name": "The Mammoth Woods",
        "type": "Forest Labels",
        "description": null,
        "wiki": {
          "title": null,
          "url": null,
          "description": null,
          "image": null
        }
      }
    },
    {
      "type": "Feature",
      "geometry": {
        "type": "Point",
        "coordinates": [
          -0.6530437830399993,
          60.61802065632
        ]
      },
      "properties": {
        "name": "Forest of Olricsraseri",
        "type": "Forest Labels",
        "description": null,
        "wiki": {
          "title": null,
          "url": null,
          "description": null,
          "image": null
        }
      }
    },
    {
      "type": "Feature",
      "geometry": {
        "type": "Point",
        "coordinates": [
          -4.781516043199999,
          60.11162914864
        ]
      },
      "properties": {
        "name": "The Skuggskog",
        "type": "Forest Labels",
        "description": null,
        "wiki": {
          "title": null,
          "url": null,
          "description": null,
          "image": null
        }
      }
    },
    {
      "type": "Feature",
      "geometry": {
        "type": "Point",
        "coordinates": [
          0.5435711414400006,
          62.051614535039995
        ]
      },
      "properties": {
        "name": "The Ormswood",
        "type": "Forest Labels",
        "description": null,
        "wiki": {
          "title": null,
          "url": null,
          "description": null,
          "image": null
        }
      }
    },
    {
      "type": "Feature",
      "geometry": {
        "type": "Point",
        "coordinates": [
          3.7591180806399995,
          40.59868307839999
        ]
      },
      "properties": {
        "name": "Hvargir Forest",
        "type": "Forest Labels",
        "description": null,
        "wiki": {
          "title": null,
          "url": null,
          "description": null,
          "image": null
        }
      }
    },
    {
      "type": "Feature",
      "geometry": {
        "type": "Point",
        "coordinates": [
          -4.7252832179199995,
          45.22385899488
        ]
      },
      "properties": {
        "name": "Bois Oelouere",
        "type": "Forest Labels",
        "description": null,
        "wiki": {
          "title": null,
          "url": null,
          "description": null,
          "image": null
        }
      }
    },
    {
      "type": "Feature",
      "geometry": {
        "type": "Point",
        "coordinates": [
          0.32198853056000043,
          49.247392324479996
        ]
      },
      "properties": {
        "name": "Westlaufholz",
        "type": "Forest Labels",
        "description": null,
        "wiki": {
          "title": null,
          "url": null,
          "description": null,
          "image": null
        }
      }
    },
    {
      "type": "Feature",
      "geometry": {
        "type": "Point",
        "coordinates": [
          -4.048177386239999,
          51.120725191999995
        ]
      },
      "properties": {
        "name": "Geetwald",
        "type": "Forest Labels",
        "description": null,
        "wiki": {
          "title": null,
          "url": null,
          "description": null,
          "image": null
        }
      }
    },
    {
      "type": "Feature",
      "geometry": {
        "type": "Point",
        "coordinates": [
          6.074993202559999,
          70.01697374752
        ]
      },
      "properties": {
        "name": "The Forest of Decay",
        "type": "Forest Labels",
        "description": null,
        "wiki": {
          "title": null,
          "url": null,
          "description": null,
          "image": null
        }
      }
    },
    {
      "type": "Feature",
      "geometry": {
        "type": "Point",
        "coordinates": [
          20.590487321599998,
          66.23846963679999
        ]
      },
      "properties": {
        "name": "Forest of Beasts",
        "type": "Forest Labels",
        "description": null,
        "wiki": {
          "title": null,
          "url": null,
          "description": null,
          "image": null
        }
      }
    },
    {
      "type": "Feature",
      "geometry": {
        "type": "Point",
        "coordinates": [
          -14.254327437439999,
          69.98751259007999
        ]
      },
      "properties": {
        "name": "The Withered Forest",
        "type": "Forest Labels",
        "description": null,
        "wiki": {
          "title": null,
          "url": null,
          "description": null,
          "image": null
        }
      }
    },
    {
      "type": "Feature",
      "geometry": {
        "type": "Point",
        "coordinates": [
          -8.464890394944,
          70.06853598048
        ]
      },
      "properties": {
        "name": "The Withered Forest",
        "type": "Forest Labels",
        "description": null,
        "wiki": {
          "title": null,
          "url": null,
          "description": null,
          "image": null
        }
      }
    },
    {
      "type": "Feature",
      "geometry": {
        "type": "Point",
        "coordinates": [
          30.749611949719416,
          59.71115841769191
        ]
      },
      "properties": {
        "name": "The Withered Forest",
        "type": "Forest Labels",
        "description": null,
        "wiki": {
          "title": null,
          "url": null,
          "description": null,
          "image": null
        }
      }
    },
    {
      "type": "Feature",
      "geometry": {
        "type": "Point",
        "coordinates": [
          -2.2766210015999992,
          49.78395381407999
        ]
      },
      "properties": {
        "name": "Teutenwald",
        "type": "Forest Labels",
        "description": null,
        "wiki": {
          "title": null,
          "url": null,
          "description": null,
          "image": null
        }
      }
    },
    {
      "type": "Feature",
      "geometry": {
        "type": "Point",
        "coordinates": [
          0.6333677116800008,
          48.02291995903999
        ]
      },
      "properties": {
        "name": "Bluteichenwald",
        "type": "Forest Labels",
        "description": null,
        "wiki": {
          "title": null,
          "url": null,
          "description": null,
          "image": null
        }
      }
    },
    {
      "type": "Feature",
      "geometry": {
        "type": "Point",
        "coordinates": [
          -4.71489021792,
          69.70916118144
        ]
      },
      "properties": {
        "name": "Agvald Forest",
        "type": "Forest Labels",
        "description": null,
        "wiki": {
          "title": null,
          "url": null,
          "description": null,
          "image": null
        }
      }
    },
    {
      "type": "Feature",
      "geometry": {
        "type": "Point",
        "coordinates": [
          4.1218676508800005,
          73.70968200223999
        ]
      },
      "properties": {
        "name": "The Blighted Grove",
        "type": "Forest Labels",
        "description": null,
        "wiki": {
          "title": null,
          "url": null,
          "description": null,
          "image": null
        }
      }
    },
    {
      "type": "Feature",
      "geometry": {
        "type": "Point",
        "coordinates": [
          10.5094856192,
          48.389378976959996
        ]
      },
      "properties": {
        "name": "The Unclean Wood",
        "type": "Forest Labels",
        "description": null,
        "wiki": {
          "title": null,
          "url": null,
          "description": null,
          "image": null
        }
      }
    },
    {
      "type": "Feature",
      "geometry": {
        "type": "Point",
        "coordinates": [
          9.4183405216,
          47.52479515295999
        ]
      },
      "properties": {
        "name": "Forsaken Forest",
        "type": "Forest Labels",
        "description": null,
        "wiki": {
          "title": null,
          "url": null,
          "description": null,
          "image": null
        }
      }
    },
    {
      "type": "Feature",
      "geometry": {
        "type": "Point",
        "coordinates": [
          -4.14715830528,
          45.838442288959996
        ]
      },
      "properties": {
        "name": "Notnam Forest",
        "type": "Forest Labels",
        "description": null,
        "wiki": {
          "title": null,
          "url": null,
          "description": null,
          "image": null
        }
      }
    },
    {
      "type": "Feature",
      "geometry": {
        "type": "Point",
        "coordinates": [
          4.26366790496,
          43.637032299519994
        ]
      },
      "properties": {
        "name": "Martinswald",
        "type": "Forest Labels",
        "description": null,
        "wiki": {
          "title": null,
          "url": null,
          "description": null,
          "image": null
        }
      }
    },
    {
      "type": "Feature",
      "geometry": {
        "type": "Point",
        "coordinates": [
          5.156758568320001,
          43.416061278399994
        ]
      },
      "properties": {
        "name": "Aschwald",
        "type": "Forest Labels",
        "description": null,
        "wiki": {
          "title": null,
          "url": null,
          "description": null,
          "image": null
        }
      }
    },
    {
      "type": "Feature",
      "geometry": {
        "type": "Point",
        "coordinates": [
          3.0759502636800002,
          42.27621917759999
        ]
      },
      "properties": {
        "name": "Brenzwald",
        "type": "Forest Labels",
        "description": null,
        "wiki": {
          "title": null,
          "url": null,
          "description": null,
          "image": null
        }
      }
    },
    {
      "type": "Feature",
      "geometry": {
        "type": "Point",
        "coordinates": [
          -1.4636373942399994,
          46.18124150015999
        ]
      },
      "properties": {
        "name": "Deep Forests of Durthu",
        "type": "Forest Labels",
        "description": null,
        "wiki": {
          "title": null,
          "url": null,
          "description": null,
          "image": null
        }
      }
    },
    {
      "type": "Feature",
      "geometry": {
        "type": "Point",
        "coordinates": [
          -0.23554327615999932,
          56.379508449919996
        ]
      },
      "properties": {
        "name": "Golden Wood",
        "type": "Forest Labels",
        "description": null,
        "wiki": {
          "title": null,
          "url": null,
          "description": null,
          "image": null
        }
      }
    },
    {
      "type": "Feature",
      "geometry": {
        "type": "Point",
        "coordinates": [
          -0.712471788479999,
          56.885900167647996
        ]
      },
      "properties": {
        "name": "Silver Wood",
        "type": "Forest Labels",
        "description": null,
        "wiki": {
          "title": null,
          "url": null,
          "description": null,
          "image": null
        }
      }
    },
    {
      "type": "Feature",
      "geometry": {
        "type": "Point",
        "coordinates": [
          -0.9316013887999997,
          56.14012357087999
        ]
      },
      "properties": {
        "name": "Wishing Wood",
        "type": "Forest Labels",
        "description": null,
        "wiki": {
          "title": null,
          "url": null,
          "description": null,
          "image": null
        }
      }
    },
    {
      "type": "Feature",
      "geometry": {
        "type": "Point",
        "coordinates": [
          5.840215901439999,
          47.006566127679996
        ]
      },
      "properties": {
        "name": "Wailing Woods",
        "type": "Forest Labels",
        "description": null,
        "wiki": {
          "title": null,
          "url": null,
          "description": null,
          "image": null
        }
      }
    },
    {
      "type": "Feature",
      "geometry": {
        "type": "Point",
        "coordinates": [
          2.3205593673599996,
          44.523754482559994
        ]
      },
      "properties": {
        "name": "Eppiswald",
        "type": "Forest Labels",
        "description": null,
        "wiki": {
          "title": null,
          "url": null,
          "description": null,
          "image": null
        }
      }
    },
    {
      "type": "Feature",
      "geometry": {
        "type": "Point",
        "coordinates": [
          3.221600872640001,
          44.26984828511999
        ]
      },
      "properties": {
        "name": "Morgenwald",
        "type": "Forest Labels",
        "description": null,
        "wiki": {
          "title": null,
          "url": null,
          "description": null,
          "image": null
        }
      }
    },
    {
      "type": "Feature",
      "geometry": {
        "type": "Point",
        "coordinates": [
          2.3113522633600003,
          43.17214951488
        ]
      },
      "properties": {
        "name": "Tapfwald",
        "type": "Forest Labels",
        "description": null,
        "wiki": {
          "title": null,
          "url": null,
          "description": null,
          "image": null
        }
      }
    },
    {
      "type": "Feature",
      "geometry": {
        "type": "Point",
        "coordinates": [
          2.5787657724800006,
          42.47693386976
        ]
      },
      "properties": {
        "name": "Geistenwald",
        "type": "Forest Labels",
        "description": null,
        "wiki": {
          "title": null,
          "url": null,
          "description": null,
          "image": null
        }
      }
    },
    {
      "type": "Feature",
      "geometry": {
        "type": "Point",
        "coordinates": [
          1.9983100271999998,
          43.69879726399999
        ]
      },
      "properties": {
        "name": "Ziertwald",
        "type": "Forest Labels",
        "description": null,
        "wiki": {
          "title": null,
          "url": null,
          "description": null,
          "image": null
        }
      }
    },
    {
      "type": "Feature",
      "geometry": {
        "type": "Point",
        "coordinates": [
          1.6519554035200008,
          44.30296410272
        ]
      },
      "properties": {
        "name": "Dietenwald",
        "type": "Forest Labels",
        "description": null,
        "wiki": {
          "title": null,
          "url": null,
          "description": null,
          "image": null
        }
      }
    },
    {
      "type": "Feature",
      "geometry": {
        "type": "Point",
        "coordinates": [
          5.81835515584,
          44.77635523167999
        ]
      },
      "properties": {
        "name": "Dämulwald",
        "type": "Forest Labels",
        "description": null,
        "wiki": {
          "title": null,
          "url": null,
          "description": null,
          "image": null
        }
      }
    },
    {
      "type": "Feature",
      "geometry": {
        "type": "Point",
        "coordinates": [
          4.75845924928,
          45.263334890879996
        ]
      },
      "properties": {
        "name": "Marschwald",
        "type": "Forest Labels",
        "description": null,
        "wiki": {
          "title": null,
          "url": null,
          "description": null,
          "image": null
        }
      }
    },
    {
      "type": "Feature",
      "geometry": {
        "type": "Point",
        "coordinates": [
          4.077468929919999,
          45.3740114576
        ]
      },
      "properties": {
        "name": "Habichtwald",
        "type": "Forest Labels",
        "description": null,
        "wiki": {
          "title": null,
          "url": null,
          "description": null,
          "image": null
        }
      }
    },
    {
      "type": "Feature",
      "geometry": {
        "type": "Point",
        "coordinates": [
          3.501947912320001,
          45.501615267519995
        ]
      },
      "properties": {
        "name": "Finnwald",
        "type": "Forest Labels",
        "description": null,
        "wiki": {
          "title": null,
          "url": null,
          "description": null,
          "image": null
        }
      }
    },
    {
      "type": "Feature",
      "geometry": {
        "type": "Point",
        "coordinates": [
          4.40819878304,
          44.83885536416
        ]
      },
      "properties": {
        "name": "Obernwald",
        "type": "Forest Labels",
        "description": null,
        "wiki": {
          "title": null,
          "url": null,
          "description": null,
          "image": null
        }
      }
    },
    {
      "type": "Feature",
      "geometry": {
        "type": "Point",
        "coordinates": [
          0.09407174720000008,
          55.35751815551999
        ]
      },
      "properties": {
        "name": "Elsterwald",
        "type": "Forest Labels",
        "description": null,
        "wiki": {
          "title": null,
          "url": null,
          "description": null,
          "image": null
        }
      }
    },
    {
      "type": "Feature",
      "geometry": {
        "type": "Point",
        "coordinates": [
          3.7959914819200002,
          55.499611251519994
        ]
      },
      "properties": {
        "name": "Middle Mountains",
        "type": "Mountain Ranges",
        "description": null,
        "wiki": {
          "title": null,
          "url": null,
          "description": null,
          "image": null
        }
      }
    },
    {
      "type": "Feature",
      "geometry": {
        "type": "Point",
        "coordinates": [
          0.1250000899200001,
          41.15197821695999
        ]
      },
      "properties": {
        "name": "The Vaults",
        "type": "Mountain Ranges",
        "description": null,
        "wiki": {
          "title": null,
          "url": null,
          "description": null,
          "image": null
        }
      }
    },
    {
      "type": "Feature",
      "geometry": {
        "type": "Point",
        "coordinates": [
          -4.489583455999999,
          48.46968645376
        ]
      },
      "properties": {
        "name": "Massif Orcal",
        "type": "Mountain Ranges",
        "description": null,
        "wiki": {
          "title": null,
          "url": null,
          "description": null,
          "image": null
        }
      }
    },
    {
      "type": "Feature",
      "geometry": {
        "type": "Point",
        "coordinates": [
          -5.745242698239999,
          53.3175235776
        ]
      },
      "properties": {
        "name": "The Pale Sisters",
        "type": "Mountain Ranges",
        "description": null,
        "wiki": {
          "title": null,
          "url": null,
          "description": null,
          "image": null
        }
      }
    },
    {
      "type": "Feature",
      "geometry": {
        "type": "Point",
        "coordinates": [
          -2.1507831702399995,
          49.28848891583999
        ]
      },
      "properties": {
        "name": "Grey Mountains",
        "type": "Mountain Ranges",
        "description": null,
        "wiki": {
          "title": null,
          "url": null,
          "description": null,
          "image": null
        }
      }
    },
    {
      "type": "Feature",
      "geometry": {
        "type": "Point",
        "coordinates": [
          1.0606603062400006,
          45.41413272608
        ]
      },
      "properties": {
        "name": "Grey Mountains",
        "type": "Mountain Ranges",
        "description": null,
        "wiki": {
          "title": null,
          "url": null,
          "description": null,
          "image": null
        }
      }
    },
    {
      "type": "Feature",
      "geometry": {
        "type": "Point",
        "coordinates": [
          6.6954172313599996,
          43.30017744672
        ]
      },
      "properties": {
        "name": "Black Mountains",
        "type": "Mountain Ranges",
        "description": null,
        "wiki": {
          "title": null,
          "url": null,
          "description": null,
          "image": null
        }
      }
    },
    {
      "type": "Feature",
      "geometry": {
        "type": "Point",
        "coordinates": [
          13.2766649728,
          47.80982503775999
        ]
      },
      "properties": {
        "name": "World's Edge Mountains",
        "type": "Mountain Ranges",
        "description": null,
        "wiki": {
          "title": null,
          "url": null,
          "description": null,
          "image": null
        }
      }
    },
    {
      "type": "Feature",
      "geometry": {
        "type": "Point",
        "coordinates": [
          15.6447373728,
          54.98217130656
        ]
      },
      "properties": {
        "name": "Northern World's Edge Mountains",
        "type": "Mountain Ranges",
        "description": null,
        "wiki": {
          "title": null,
          "url": null,
          "description": null,
          "image": null
        }
      }
    },
    {
      "type": "Feature",
      "geometry": {
        "type": "Point",
        "coordinates": [
          14.724021721599998,
          40.081368112
        ]
      },
      "properties": {
        "name": "World's Edge Mountains",
        "type": "Mountain Ranges",
        "description": null,
        "wiki": {
          "title": null,
          "url": null,
          "description": null,
          "image": null
        }
      }
    },
    {
      "type": "Feature",
      "geometry": {
        "type": "Point",
        "coordinates": [
          11.615696409599998,
          33.0618597696
        ]
      },
      "properties": {
        "name": "Southern World's Edge Mountains",
        "type": "Mountain Ranges",
        "description": null,
        "wiki": {
          "title": null,
          "url": null,
          "description": null,
          "image": null
        }
      }
    },
    {
      "type": "Feature",
      "geometry": {
        "type": "Point",
        "coordinates": [
          -2.1998647363199995,
          38.1877223776
        ]
      },
      "properties": {
        "name": "Apuccini Mountains",
        "type": "Mountain Ranges",
        "description": null,
        "wiki": {
          "title": null,
          "url": null,
          "description": null,
          "image": null
        }
      }
    },
    {
      "type": "Feature",
      "geometry": {
        "type": "Point",
        "coordinates": [
          -10.69270856416,
          40.657184947199994
        ]
      },
      "properties": {
        "name": "Abasko Mountains",
        "type": "Mountain Ranges",
        "description": null,
        "wiki": {
          "title": null,
          "url": null,
          "description": null,
          "image": null
        }
      }
    },
    {
      "type": "Feature",
      "geometry": {
        "type": "Point",
        "coordinates": [
          -14.369792048319997,
          43.69885187648
        ]
      },
      "properties": {
        "name": "Western Irrana  Mountains",
        "type": "Mountain Ranges",
        "description": null,
        "wiki": {
          "title": null,
          "url": null,
          "description": null,
          "image": null
        }
      }
    },
    {
      "type": "Feature",
      "geometry": {
        "type": "Point",
        "coordinates": [
          -5.093749769599999,
          42.224894123839995
        ]
      },
      "properties": {
        "name": "Eastern Irrana  Mountains",
        "type": "Mountain Ranges",
        "description": null,
        "wiki": {
          "title": null,
          "url": null,
          "description": null,
          "image": null
        }
      }
    },
    {
      "type": "Feature",
      "geometry": {
        "type": "Point",
        "coordinates": [
          -8.728122986144,
          62.45372622527999
        ]
      },
      "properties": {
        "name": "Mountains of Thjazi",
        "type": "Mountain Ranges",
        "description": null,
        "wiki": {
          "title": null,
          "url": null,
          "description": null,
          "image": null
        }
      }
    },
    {
      "type": "Feature",
      "geometry": {
        "type": "Point",
        "coordinates": [
          -6.024867557887998,
          63.92649510624
        ]
      },
      "properties": {
        "name": "Vanaheim Mountains",
        "type": "Mountain Ranges",
        "description": null,
        "wiki": {
          "title": null,
          "url": null,
          "description": null,
          "image": null
        }
      }
    },
    {
      "type": "Feature",
      "geometry": {
        "type": "Point",
        "coordinates": [
          -2.2094821340799995,
          62.91039910879999
        ]
      },
      "properties": {
        "name": "Ulfwerenar Mountains",
        "type": "Mountain Ranges",
        "description": null,
        "wiki": {
          "title": null,
          "url": null,
          "description": null,
          "image": null
        }
      }
    },
    {
      "type": "Feature",
      "geometry": {
        "type": "Point",
        "coordinates": [
          9.552716629119999,
          63.60230317215999
        ]
      },
      "properties": {
        "name": "Jotunheim Mountains",
        "type": "Mountain Ranges",
        "description": null,
        "wiki": {
          "title": null,
          "url": null,
          "description": null,
          "image": null
        }
      }
    },
    {
      "type": "Feature",
      "geometry": {
        "type": "Point",
        "coordinates": [
          12.204368182399998,
          61.84926741983999
        ]
      },
      "properties": {
        "name": "The Goromadny",
        "type": "Mountain Ranges",
        "description": null,
        "wiki": {
          "title": null,
          "url": null,
          "description": null,
          "image": null
        }
      }
    },
    {
      "type": "Feature",
      "geometry": {
        "type": "Point",
        "coordinates": [
          23.2043683936,
          59.745100674848
        ]
      },
      "properties": {
        "name": "Danyastrona Mountains",
        "type": "Mountain Ranges",
        "description": null,
        "wiki": {
          "title": null,
          "url": null,
          "description": null,
          "image": null
        }
      }
    },
    {
      "type": "Feature",
      "geometry": {
        "type": "Point",
        "coordinates": [
          17.6968205632,
          65.44050516159999
        ]
      },
      "properties": {
        "name": "Northern World's Edge Mountains",
        "type": "Mountain Ranges",
        "description": null,
        "wiki": {
          "title": null,
          "url": null,
          "description": null,
          "image": null
        }
      }
    },
    {
      "type": "Feature",
      "geometry": {
        "type": "Point",
        "coordinates": [
          2.2031252063999998,
          35.12593845119999
        ]
      },
      "properties": {
        "name": "Dragonback Mountains",
        "type": "Mountain Ranges",
        "description": null,
        "wiki": {
          "title": null,
          "url": null,
          "description": null,
          "image": null
        }
      }
    },
    {
      "type": "Feature",
      "geometry": {
        "type": "Point",
        "coordinates": [
          16.2220035392,
          49.14994178015999
        ]
      },
      "properties": {
        "name": "Rib Peaks",
        "type": "Mountain Ranges",
        "description": null,
        "wiki": {
          "title": null,
          "url": null,
          "description": null,
          "image": null
        }
      }
    },
    {
      "type": "Feature",
      "geometry": {
        "type": "Point",
        "coordinates": [
          11.531764729599997,
          49.27806055775999
        ]
      },
      "properties": {
        "name": "Drakenhöhenzug",
        "type": "Mountain Ranges",
        "description": null,
        "wiki": {
          "title": null,
          "url": null,
          "description": null,
          "image": null
        }
      }
    },
    {
      "type": "Feature",
      "geometry": {
        "type": "Point",
        "coordinates": [
          2.5479403532799996,
          62.26174637919999
        ]
      },
      "properties": {
        "name": "Trollheim Mountains",
        "type": "Mountain Ranges",
        "description": null,
        "wiki": {
          "title": null,
          "url": null,
          "description": null,
          "image": null
        }
      }
    },
    {
      "type": "Feature",
      "geometry": {
        "type": "Point",
        "coordinates": [
          -0.34789305023999934,
          61.52216299519999
        ]
      },
      "properties": {
        "name": "Iron Mountains",
        "type": "Mountain Ranges",
        "description": null,
        "wiki": {
          "title": null,
          "url": null,
          "description": null,
          "image": null
        }
      }
    },
    {
      "type": "Feature",
      "geometry": {
        "type": "Point",
        "coordinates": [
          -8.48320087424,
          64.14003672959998
        ]
      },
      "properties": {
        "name": "Helspire Ridge",
        "type": "Mountain Ranges",
        "description": null,
        "wiki": {
          "title": null,
          "url": null,
          "description": null,
          "image": null
        }
      }
    },
    {
      "type": "Feature",
      "geometry": {
        "type": "Point",
        "coordinates": [
          6.14723343584,
          63.815667830079995
        ]
      },
      "properties": {
        "name": "Mountains of Hel",
        "type": "Mountain Ranges",
        "description": null,
        "wiki": {
          "title": null,
          "url": null,
          "description": null,
          "image": null
        }
      }
    },
    {
      "type": "Feature",
      "geometry": {
        "type": "Point",
        "coordinates": [
          -0.5565697868799998,
          63.875028620159995
        ]
      },
      "properties": {
        "name": "Mountains of Naglfari",
        "type": "Mountain Ranges",
        "description": null,
        "wiki": {
          "title": null,
          "url": null,
          "description": null,
          "image": null
        }
      }
    },
    {
      "type": "Feature",
      "geometry": {
        "type": "Point",
        "coordinates": [
          5.467154374720001,
          64.50667621375999
        ]
      },
      "properties": {
        "name": "Skadi Mountains",
        "type": "Mountain Ranges",
        "description": null,
        "wiki": {
          "title": null,
          "url": null,
          "description": null,
          "image": null
        }
      }
    },
    {
      "type": "Feature",
      "geometry": {
        "type": "Point",
        "coordinates": [
          -18.200633819199997,
          58.996475057024
        ]
      },
      "properties": {
        "name": "Beast Peaks",
        "type": "Mountain Ranges",
        "description": null,
        "wiki": {
          "title": null,
          "url": null,
          "description": null,
          "image": null
        }
      }
    },
    {
      "type": "Feature",
      "geometry": {
        "type": "Point",
        "coordinates": [
          5.1451402883199995,
          74.33955031424
        ]
      },
      "properties": {
        "name": "Mountains of Questioning",
        "type": "Mountain Ranges",
        "description": null,
        "wiki": {
          "title": null,
          "url": null,
          "description": null,
          "image": null
        }
      }
    },
    {
      "type": "Feature",
      "geometry": {
        "type": "Point",
        "coordinates": [
          5.82291162208,
          77.75519230399999
        ]
      },
      "properties": {
        "name": "Shard Lands",
        "type": "Mountain Ranges",
        "description": null,
        "wiki": {
          "title": null,
          "url": null,
          "description": null,
          "image": null
        }
      }
    },
    {
      "type": "Feature",
      "geometry": {
        "type": "Point",
        "coordinates": [
          18.584446652799997,
          29.374360355199997
        ]
      },
      "properties": {
        "name": "The Broken Teeth",
        "type": "Mountain Ranges",
        "description": null,
        "wiki": {
          "title": null,
          "url": null,
          "description": null,
          "image": null
        }
      }
    },
    {
      "type": "Feature",
      "geometry": {
        "type": "Point",
        "coordinates": [
          7.8336195574400005,
          69.37507126047998
        ]
      },
      "properties": {
        "name": "The Cold Mires",
        "type": "Mountain Ranges",
        "description": null,
        "wiki": {
          "title": null,
          "url": null,
          "description": null,
          "image": null
        }
      }
    },
    {
      "type": "Feature",
      "geometry": {
        "type": "Point",
        "coordinates": [
          21.7411302656,
          35.59350704959999
        ]
      },
      "properties": {
        "name": "Ash Ridge Mountains",
        "type": "Mountain Ranges",
        "description": null,
        "wiki": {
          "title": null,
          "url": null,
          "description": null,
          "image": null
        }
      }
    },
    {
      "type": "Feature",
      "geometry": {
        "type": "Point",
        "coordinates": [
          -14.182445160959999,
          73.0431881456
        ]
      },
      "properties": {
        "name": "Frostspire Mountains",
        "type": "Mountain Ranges",
        "description": null,
        "wiki": {
          "title": null,
          "url": null,
          "description": null,
          "image": null
        }
      }
    },
    {
      "type": "Feature",
      "geometry": {
        "type": "Point",
        "coordinates": [
          -27.545617702399998,
          22.376793276799997
        ]
      },
      "properties": {
        "name": "Atalan Mountains",
        "type": "Mountain Ranges",
        "description": null,
        "wiki": {
          "title": null,
          "url": null,
          "description": null,
          "image": null
        }
      }
    },
    {
      "type": "Feature",
      "geometry": {
        "type": "Point",
        "coordinates": [
          10.6580560704,
          26.114842492799998
        ]
      },
      "properties": {
        "name": "Southern World's Edge Mountains",
        "type": "Mountain Ranges",
        "description": null,
        "wiki": {
          "title": null,
          "url": null,
          "description": null,
          "image": null
        }
      }
    },
    {
      "type": "Feature",
      "geometry": {
        "type": "Point",
        "coordinates": [
          3.9545252099200003,
          65.45629236927999
        ]
      },
      "properties": {
        "name": "Jagged Tooth Mountains",
        "type": "Mountain Ranges",
        "description": null,
        "wiki": {
          "title": null,
          "url": null,
          "description": null,
          "image": null
        }
      }
    },
    {
      "type": "Feature",
      "geometry": {
        "type": "Point",
        "coordinates": [
          15.4139051232,
          51.49771706687999
        ]
      },
      "properties": {
        "name": "Peak Pass",
        "type": "Mountain Passes",
        "description": null,
        "wiki": {
          "title": null,
          "url": null,
          "description": null,
          "image": null
        }
      }
    },
    {
      "type": "Feature",
      "geometry": {
        "type": "Point",
        "coordinates": [
          16.769740457599998,
          60.144552649792
        ]
      },
      "properties": {
        "name": "Belyevobota Pass (High Pass)",
        "type": "Mountain Passes",
        "description": null,
        "wiki": {
          "title": null,
          "url": null,
          "description": null,
          "image": null
        }
      }
    },
    {
      "type": "Feature",
      "geometry": {
        "type": "Point",
        "coordinates": [
          9.98393204512,
          61.99049896895999
        ]
      },
      "properties": {
        "name": "Black Blood Pass",
        "type": "Mountain Passes",
        "description": null,
        "wiki": {
          "title": null,
          "url": null,
          "description": null,
          "image": null
        }
      }
    },
    {
      "type": "Feature",
      "geometry": {
        "type": "Point",
        "coordinates": [
          7.878749245439999,
          44.25032082271999
        ]
      },
      "properties": {
        "name": "Black Fire Pass",
        "type": "Mountain Passes",
        "description": null,
        "wiki": {
          "title": null,
          "url": null,
          "description": null,
          "image": null
        }
      }
    },
    {
      "type": "Feature",
      "geometry": {
        "type": "Point",
        "coordinates": [
          4.33968585152,
          41.90136174048
        ]
      },
      "properties": {
        "name": "Horn Pass",
        "type": "Mountain Passes",
        "description": null,
        "wiki": {
          "title": null,
          "url": null,
          "description": null,
          "image": null
        }
      }
    },
    {
      "type": "Feature",
      "geometry": {
        "type": "Point",
        "coordinates": [
          2.2520539625600002,
          41.67881290879999
        ]
      },
      "properties": {
        "name": "Winter's Teeth Pass",
        "type": "Mountain Passes",
        "description": null,
        "wiki": {
          "title": null,
          "url": null,
          "description": null,
          "image": null
        }
      }
    },
    {
      "type": "Feature",
      "geometry": {
        "type": "Point",
        "coordinates": [
          1.7876040518399994,
          41.95604896256
        ]
      },
      "properties": {
        "name": "Montdider Pass",
        "type": "Mountain Passes",
        "description": null,
        "wiki": {
          "title": null,
          "url": null,
          "description": null,
          "image": null
        }
      }
    },
    {
      "type": "Feature",
      "geometry": {
        "type": "Point",
        "coordinates": [
          0.1730207385600008,
          40.693027887999996
        ]
      },
      "properties": {
        "name": "Brenheim Pass",
        "type": "Mountain Passes",
        "description": null,
        "wiki": {
          "title": null,
          "url": null,
          "description": null,
          "image": null
        }
      }
    },
    {
      "type": "Feature",
      "geometry": {
        "type": "Point",
        "coordinates": [
          -1.3061462044799999,
          38.92219546879999
        ]
      },
      "properties": {
        "name": "Barbutto Vecchio Pass",
        "type": "Mountain Passes",
        "description": null,
        "wiki": {
          "title": null,
          "url": null,
          "description": null,
          "image": null
        }
      }
    },
    {
      "type": "Feature",
      "geometry": {
        "type": "Point",
        "coordinates": [
          -2.4884376057599993,
          37.87011404799999
        ]
      },
      "properties": {
        "name": "Dark Maiden Pass",
        "type": "Mountain Passes",
        "description": null,
        "wiki": {
          "title": null,
          "url": null,
          "description": null,
          "image": null
        }
      }
    },
    {
      "type": "Feature",
      "geometry": {
        "type": "Point",
        "coordinates": [
          13.6410317376,
          44.45628128863999
        ]
      },
      "properties": {
        "name": "Everpeak Pass (Karaz-a-Karak Kadrin)",
        "type": "Mountain Passes",
        "description": null,
        "wiki": {
          "title": null,
          "url": null,
          "description": null,
          "image": null
        }
      }
    },
    {
      "type": "Feature",
      "geometry": {
        "type": "Point",
        "coordinates": [
          14.174865228799998,
          40.35844417919999
        ]
      },
      "properties": {
        "name": "Mad Dog Pass",
        "type": "Mountain Passes",
        "description": null,
        "wiki": {
          "title": null,
          "url": null,
          "description": null,
          "image": null
        }
      }
    },
    {
      "type": "Feature",
      "geometry": {
        "type": "Point",
        "coordinates": [
          13.891009862399999,
          36.53552856959999
        ]
      },
      "properties": {
        "name": "Death Pass",
        "type": "Mountain Passes",
        "description": null,
        "wiki": {
          "title": null,
          "url": null,
          "description": null,
          "image": null
        }
      }
    },
    {
      "type": "Feature",
      "geometry": {
        "type": "Point",
        "coordinates": [
          -1.1439431129599995,
          49.08972486943999
        ]
      },
      "properties": {
        "name": "Grey Lady Pass",
        "type": "Mountain Passes",
        "description": null,
        "wiki": {
          "title": null,
          "url": null,
          "description": null,
          "image": null
        }
      }
    },
    {
      "type": "Feature",
      "geometry": {
        "type": "Point",
        "coordinates": [
          -3.327872207679999,
          49.892586263679995
        ]
      },
      "properties": {
        "name": "Axe-Bite Pass",
        "type": "Mountain Passes",
        "description": null,
        "wiki": {
          "title": null,
          "url": null,
          "description": null,
          "image": null
        }
      }
    },
    {
      "type": "Feature",
      "geometry": {
        "type": "Point",
        "coordinates": [
          -5.0665084694399996,
          52.43422972799999
        ]
      },
      "properties": {
        "name": "Gisoreux Gap",
        "type": "Mountain Passes",
        "description": null,
        "wiki": {
          "title": null,
          "url": null,
          "description": null,
          "image": null
        }
      }
    },
    {
      "type": "Feature",
      "geometry": {
        "type": "Point",
        "coordinates": [
          5.65171234976,
          62.70314457215999
        ]
      },
      "properties": {
        "name": "Aesir Pass",
        "type": "Mountain Passes",
        "description": null,
        "wiki": {
          "title": null,
          "url": null,
          "description": null,
          "image": null
        }
      }
    },
    {
      "type": "Feature",
      "geometry": {
        "type": "Point",
        "coordinates": [
          0.3255131360000008,
          47.84123894144
        ]
      },
      "properties": {
        "name": "Wut Pass",
        "type": "Mountain Passes",
        "description": null,
        "wiki": {
          "title": null,
          "url": null,
          "description": null,
          "image": null
        }
      }
    },
    {
      "type": "Feature",
      "geometry": {
        "type": "Point",
        "coordinates": [
          -0.9634838745599996,
          48.500469163199995
        ]
      },
      "properties": {
        "name": "Durak Way",
        "type": "Mountain Passes",
        "description": null,
        "wiki": {
          "title": null,
          "url": null,
          "description": null,
          "image": null
        }
      }
    },
    {
      "type": "Feature",
      "geometry": {
        "type": "Point",
        "coordinates": [
          16.969156528,
          43.352114790399995
        ]
      },
      "properties": {
        "name": "Deadrock Gap",
        "type": "Mountain Passes",
        "description": null,
        "wiki": {
          "title": null,
          "url": null,
          "description": null,
          "image": null
        }
      }
    },
    {
      "type": "Feature",
      "geometry": {
        "type": "Point",
        "coordinates": [
          -4.059319557439999,
          50.50858563135999
        ]
      },
      "properties": {
        "name": "Griffon Peak",
        "type": "Mountain Passes",
        "description": null,
        "wiki": {
          "title": null,
          "url": null,
          "description": null,
          "image": null
        }
      }
    },
    {
      "type": "Feature",
      "geometry": {
        "type": "Point",
        "coordinates": [
          -4.799571944319999,
          51.23594824768
        ]
      },
      "properties": {
        "name": "Mont d'Or",
        "type": "Mountain Passes",
        "description": null,
        "wiki": {
          "title": null,
          "url": null,
          "description": null,
          "image": null
        }
      }
    },
    {
      "type": "Feature",
      "geometry": {
        "type": "Point",
        "coordinates": [
          -3.3712504454399994,
          41.57063398783999
        ]
      },
      "properties": {
        "name": "Novalone Pass",
        "type": "Mountain Passes",
        "description": null,
        "wiki": {
          "title": null,
          "url": null,
          "description": null,
          "image": null
        }
      }
    },
    {
      "type": "Feature",
      "geometry": {
        "type": "Point",
        "coordinates": [
          5.9894261238399995,
          42.875319833599995
        ]
      },
      "properties": {
        "name": "Pinetop Pass",
        "type": "Mountain Passes",
        "description": null,
        "wiki": {
          "title": null,
          "url": null,
          "description": null,
          "image": null
        }
      }
    },
    {
      "type": "Feature",
      "geometry": {
        "type": "Point",
        "coordinates": [
          -10.689053904,
          41.0014991296
        ]
      },
      "properties": {
        "name": "Tramoto Pass",
        "type": "Mountain Passes",
        "description": null,
        "wiki": {
          "title": null,
          "url": null,
          "description": null,
          "image": null
        }
      }
    },
    {
      "type": "Feature",
      "geometry": {
        "type": "Point",
        "coordinates": [
          8.96989556832,
          15.318032214399993
        ]
      },
      "properties": {
        "name": "Charnal Valley",
        "type": "Mountain Passes",
        "description": null,
        "wiki": {
          "title": null,
          "url": null,
          "description": null,
          "image": null
        }
      }
    },
    {
      "type": "Feature",
      "geometry": {
        "type": "Point",
        "coordinates": [
          5.719895155840001,
          9.047197958399996
        ]
      },
      "properties": {
        "name": "Golden Pass",
        "type": "Mountain Passes",
        "description": null,
        "wiki": {
          "title": null,
          "url": null,
          "description": null,
          "image": null
        }
      }
    },
    {
      "type": "Feature",
      "geometry": {
        "type": "Point",
        "coordinates": [
          14.8780131616,
          35.393844172799994
        ]
      },
      "properties": {
        "name": "The Lost Pass (Nar Kadrin)",
        "type": "Mountain Passes",
        "description": null,
        "wiki": {
          "title": null,
          "url": null,
          "description": null,
          "image": null
        }
      }
    },
    {
      "type": "Feature",
      "geometry": {
        "type": "Point",
        "coordinates": [
          15.088927609599997,
          41.66833974048
        ]
      },
      "properties": {
        "name": "Blizzard Gap",
        "type": "Mountain Passes",
        "description": null,
        "wiki": {
          "title": null,
          "url": null,
          "description": null,
          "image": null
        }
      }
    },
    {
      "type": "Feature",
      "geometry": {
        "type": "Point",
        "coordinates": [
          12.4321337312,
          48.450841647359994
        ]
      },
      "properties": {
        "name": "King's Way",
        "type": "Mountain Passes",
        "description": null,
        "wiki": {
          "title": null,
          "url": null,
          "description": null,
          "image": null
        }
      }
    },
    {
      "type": "Feature",
      "geometry": {
        "type": "Point",
        "coordinates": [
          -4.473237870719999,
          50.8648578464
        ]
      },
      "properties": {
        "name": "The Crooked Cooridor",
        "type": "Mountain Passes",
        "description": null,
        "wiki": {
          "title": null,
          "url": null,
          "description": null,
          "image": null
        }
      }
    },
    {
      "type": "Feature",
      "geometry": {
        "type": "Point",
        "coordinates": [
          0.14844529760000044,
          48.93000839615999
        ]
      },
      "properties": {
        "name": "Blitzfelsen Ridge",
        "type": "Minor Hills",
        "description": null,
        "wiki": {
          "title": null,
          "url": null,
          "description": null,
          "image": null
        }
      }
    },
    {
      "type": "Feature",
      "geometry": {
        "type": "Point",
        "coordinates": [
          0.0982970377600005,
          49.3129584576
        ]
      },
      "properties": {
        "name": "Blitzfelsen Hills",
        "type": "Minor Hills",
        "description": null,
        "wiki": {
          "title": null,
          "url": null,
          "description": null,
          "image": null
        }
      }
    },
    {
      "type": "Feature",
      "geometry": {
        "type": "Point",
        "coordinates": [
          -0.01795595327999918,
          49.83951501087999
        ]
      },
      "properties": {
        "name": "Sigmar's Seat",
        "type": "Minor Hills",
        "description": null,
        "wiki": {
          "title": null,
          "url": null,
          "description": null,
          "image": null
        }
      }
    },
    {
      "type": "Feature",
      "geometry": {
        "type": "Point",
        "coordinates": [
          0.24190317952000018,
          49.68907023135999
        ]
      },
      "properties": {
        "name": "The Mounds",
        "type": "Minor Hills",
        "description": null,
        "wiki": {
          "title": null,
          "url": null,
          "description": null,
          "image": null
        }
      }
    },
    {
      "type": "Feature",
      "geometry": {
        "type": "Point",
        "coordinates": [
          0.5473520054400007,
          49.98084178175999
        ]
      },
      "properties": {
        "name": "Hammastrat Heights",
        "type": "Minor Hills",
        "description": null,
        "wiki": {
          "title": null,
          "url": null,
          "description": null,
          "image": null
        }
      }
    },
    {
      "type": "Feature",
      "geometry": {
        "type": "Point",
        "coordinates": [
          1.01008354848,
          49.69818806495999
        ]
      },
      "properties": {
        "name": "Oberwalden Hills",
        "type": "Minor Hills",
        "description": null,
        "wiki": {
          "title": null,
          "url": null,
          "description": null,
          "image": null
        }
      }
    },
    {
      "type": "Feature",
      "geometry": {
        "type": "Point",
        "coordinates": [
          0.5897407420800003,
          49.40764074432
        ]
      },
      "properties": {
        "name": "Stimmeswald Heights",
        "type": "Minor Hills",
        "description": null,
        "wiki": {
          "title": null,
          "url": null,
          "description": null,
          "image": null
        }
      }
    },
    {
      "type": "Feature",
      "geometry": {
        "type": "Point",
        "coordinates": [
          0.8961099283200005,
          50.08113777631999
        ]
      },
      "properties": {
        "name": "Rott Hills",
        "type": "Minor Hills",
        "description": null,
        "wiki": {
          "title": null,
          "url": null,
          "description": null,
          "image": null
        }
      }
    },
    {
      "type": "Feature",
      "geometry": {
        "type": "Point",
        "coordinates": [
          0.9120663996800003,
          50.279451444799996
        ]
      },
      "properties": {
        "name": "Dech Hills",
        "type": "Minor Hills",
        "description": null,
        "wiki": {
          "title": null,
          "url": null,
          "description": null,
          "image": null
        }
      }
    },
    {
      "type": "Feature",
      "geometry": {
        "type": "Point",
        "coordinates": [
          0.12793008448000032,
          50.254377664959996
        ]
      },
      "properties": {
        "name": "The Alderns",
        "type": "Minor Hills",
        "description": null,
        "wiki": {
          "title": null,
          "url": null,
          "description": null,
          "image": null
        }
      }
    },
    {
      "type": "Feature",
      "geometry": {
        "type": "Point",
        "coordinates": [
          -0.37811108063999976,
          50.84475887839999
        ]
      },
      "properties": {
        "name": "Steinhaufen Hills",
        "type": "Minor Hills",
        "description": null,
        "wiki": {
          "title": null,
          "url": null,
          "description": null,
          "image": null
        }
      }
    },
    {
      "type": "Feature",
      "geometry": {
        "type": "Point",
        "coordinates": [
          -0.0019994819199993636,
          51.32699967967999
        ]
      },
      "properties": {
        "name": "Amber Hills",
        "type": "Minor Hills",
        "description": null,
        "wiki": {
          "title": null,
          "url": null,
          "description": null,
          "image": null
        }
      }
    },
    {
      "type": "Feature",
      "geometry": {
        "type": "Point",
        "coordinates": [
          -1.606743096639999,
          51.170722217279994
        ]
      },
      "properties": {
        "name": "Prie Ridge",
        "type": "Minor Hills",
        "description": null,
        "wiki": {
          "title": null,
          "url": null,
          "description": null,
          "image": null
        }
      }
    },
    {
      "type": "Feature",
      "geometry": {
        "type": "Point",
        "coordinates": [
          -2.0398415929599993,
          51.074984439359994
        ]
      },
      "properties": {
        "name": "Gient Hallows",
        "type": "Minor Hills",
        "description": null,
        "wiki": {
          "title": null,
          "url": null,
          "description": null,
          "image": null
        }
      }
    },
    {
      "type": "Feature",
      "geometry": {
        "type": "Point",
        "coordinates": [
          -1.8141745987199993,
          50.86527356639999
        ]
      },
      "properties": {
        "name": "Gerlbach Hills",
        "type": "Minor Hills",
        "description": null,
        "wiki": {
          "title": null,
          "url": null,
          "description": null,
          "image": null
        }
      }
    },
    {
      "type": "Feature",
      "geometry": {
        "type": "Point",
        "coordinates": [
          -0.724590157759999,
          51.28241541631999
        ]
      },
      "properties": {
        "name": "Herzogswart Rise",
        "type": "Minor Hills",
        "description": null,
        "wiki": {
          "title": null,
          "url": null,
          "description": null,
          "image": null
        }
      }
    },
    {
      "type": "Feature",
      "geometry": {
        "type": "Point",
        "coordinates": [
          -1.2423085913599992,
          50.74867802208
        ]
      },
      "properties": {
        "name": "Seifenhügel",
        "type": "Minor Hills",
        "description": null,
        "wiki": {
          "title": null,
          "url": null,
          "description": null,
          "image": null
        }
      }
    },
    {
      "type": "Feature",
      "geometry": {
        "type": "Point",
        "coordinates": [
          -1.169365747519999,
          50.52984984063999
        ]
      },
      "properties": {
        "name": "The Heuvals",
        "type": "Minor Hills",
        "description": null,
        "wiki": {
          "title": null,
          "url": null,
          "description": null,
          "image": null
        }
      }
    },
    {
      "type": "Feature",
      "geometry": {
        "type": "Point",
        "coordinates": [
          -2.5347654425599995,
          50.791987819199996
        ]
      },
      "properties": {
        "name": "Vinzenhügel",
        "type": "Minor Hills",
        "description": null,
        "wiki": {
          "title": null,
          "url": null,
          "description": null,
          "image": null
        }
      }
    },
    {
      "type": "Feature",
      "geometry": {
        "type": "Point",
        "coordinates": [
          -3.1980896748799994,
          51.10655395359999
        ]
      },
      "properties": {
        "name": "Morrshöhe",
        "type": "Minor Hills",
        "description": null,
        "wiki": {
          "title": null,
          "url": null,
          "description": null,
          "image": null
        }
      }
    },
    {
      "type": "Feature",
      "geometry": {
        "type": "Point",
        "coordinates": [
          0.0091178336000007,
          50.962946586559994
        ]
      },
      "properties": {
        "name": "Alternhügel",
        "type": "Minor Hills",
        "description": null,
        "wiki": {
          "title": null,
          "url": null,
          "description": null,
          "image": null
        }
      }
    },
    {
      "type": "Feature",
      "geometry": {
        "type": "Point",
        "coordinates": [
          -1.5340801417599996,
          50.09219207744
        ]
      },
      "properties": {
        "name": "Tanzuck Hills",
        "type": "Minor Hills",
        "description": null,
        "wiki": {
          "title": null,
          "url": null,
          "description": null,
          "image": null
        }
      }
    },
    {
      "type": "Feature",
      "geometry": {
        "type": "Point",
        "coordinates": [
          -1.374517528639999,
          49.95086530656
        ]
      },
      "properties": {
        "name": "Amchenhügel",
        "type": "Minor Hills",
        "description": null,
        "wiki": {
          "title": null,
          "url": null,
          "description": null,
          "image": null
        }
      }
    },
    {
      "type": "Feature",
      "geometry": {
        "type": "Point",
        "coordinates": [
          -1.866882118399999,
          50.24035748608
        ]
      },
      "properties": {
        "name": "The Höhenlachs",
        "type": "Minor Hills",
        "description": null,
        "wiki": {
          "title": null,
          "url": null,
          "description": null,
          "image": null
        }
      }
    },
    {
      "type": "Feature",
      "geometry": {
        "type": "Point",
        "coordinates": [
          -3.2436793679999996,
          51.43023844672
        ]
      },
      "properties": {
        "name": "Wallenimhügel",
        "type": "Minor Hills",
        "description": null,
        "wiki": {
          "title": null,
          "url": null,
          "description": null,
          "image": null
        }
      }
    },
    {
      "type": "Feature",
      "geometry": {
        "type": "Point",
        "coordinates": [
          0.8915511865600002,
          50.853876711999995
        ]
      },
      "properties": {
        "name": "Reiker Heights",
        "type": "Minor Hills",
        "description": null,
        "wiki": {
          "title": null,
          "url": null,
          "description": null,
          "image": null
        }
      }
    },
    {
      "type": "Feature",
      "geometry": {
        "type": "Point",
        "coordinates": [
          1.5890675574400013,
          50.61453331743999
        ]
      },
      "properties": {
        "name": "Kemheim Heights",
        "type": "Minor Hills",
        "description": null,
        "wiki": {
          "title": null,
          "url": null,
          "description": null,
          "image": null
        }
      }
    },
    {
      "type": "Feature",
      "geometry": {
        "type": "Point",
        "coordinates": [
          1.130259536,
          48.99505220992
        ]
      },
      "properties": {
        "name": "Gauhügel",
        "type": "Minor Hills",
        "description": null,
        "wiki": {
          "title": null,
          "url": null,
          "description": null,
          "image": null
        }
      }
    },
    {
      "type": "Feature",
      "geometry": {
        "type": "Point",
        "coordinates": [
          1.5509462960000011,
          48.458313754879995
        ]
      },
      "properties": {
        "name": "Black Hills",
        "type": "Minor Hills",
        "description": null,
        "wiki": {
          "title": null,
          "url": null,
          "description": null,
          "image": null
        }
      }
    },
    {
      "type": "Feature",
      "geometry": {
        "type": "Point",
        "coordinates": [
          -2.5104943961599995,
          52.22260426752
        ]
      },
      "properties": {
        "name": "Kriegshang",
        "type": "Minor Hills",
        "description": null,
        "wiki": {
          "title": null,
          "url": null,
          "description": null,
          "image": null
        }
      }
    },
    {
      "type": "Feature",
      "geometry": {
        "type": "Point",
        "coordinates": [
          0.28118740672000037,
          52.48049665087999
        ]
      },
      "properties": {
        "name": "The Five Sisters",
        "type": "Minor Hills",
        "description": null,
        "wiki": {
          "title": null,
          "url": null,
          "description": null,
          "image": null
        }
      }
    },
    {
      "type": "Feature",
      "geometry": {
        "type": "Point",
        "coordinates": [
          -0.4312395715199994,
          52.34187967423999
        ]
      },
      "properties": {
        "name": "Grimmfelsen",
        "type": "Minor Hills",
        "description": null,
        "wiki": {
          "title": null,
          "url": null,
          "description": null,
          "image": null
        }
      }
    },
    {
      "type": "Feature",
      "geometry": {
        "type": "Point",
        "coordinates": [
          0.7131565449600005,
          52.73194143583999
        ]
      },
      "properties": {
        "name": "Pestwen Hills",
        "type": "Minor Hills",
        "description": null,
        "wiki": {
          "title": null,
          "url": null,
          "description": null,
          "image": null
        }
      }
    },
    {
      "type": "Feature",
      "geometry": {
        "type": "Point",
        "coordinates": [
          1.2772957616,
          54.12617074399999
        ]
      },
      "properties": {
        "name": "Cragwrath",
        "type": "Minor Hills",
        "description": null,
        "wiki": {
          "title": null,
          "url": null,
          "description": null,
          "image": null
        }
      }
    },
    {
      "type": "Feature",
      "geometry": {
        "type": "Point",
        "coordinates": [
          1.4529848099200002,
          53.906962550719996
        ]
      },
      "properties": {
        "name": "Donnerschlag Heights",
        "type": "Minor Hills",
        "description": null,
        "wiki": {
          "title": null,
          "url": null,
          "description": null,
          "image": null
        }
      }
    },
    {
      "type": "Feature",
      "geometry": {
        "type": "Point",
        "coordinates": [
          -0.09759145151999991,
          53.35410641248
        ]
      },
      "properties": {
        "name": "Drakkenrückengrat",
        "type": "Minor Hills",
        "description": null,
        "wiki": {
          "title": null,
          "url": null,
          "description": null,
          "image": null
        }
      }
    },
    {
      "type": "Feature",
      "geometry": {
        "type": "Point",
        "coordinates": [
          -0.5865368099199992,
          53.92739234431999
        ]
      },
      "properties": {
        "name": "Wyrmsteige",
        "type": "Minor Hills",
        "description": null,
        "wiki": {
          "title": null,
          "url": null,
          "description": null,
          "image": null
        }
      }
    },
    {
      "type": "Feature",
      "geometry": {
        "type": "Point",
        "coordinates": [
          0.2887780163200004,
          55.25404150911999
        ]
      },
      "properties": {
        "name": "Brachkron Hills",
        "type": "Minor Hills",
        "description": null,
        "wiki": {
          "title": null,
          "url": null,
          "description": null,
          "image": null
        }
      }
    },
    {
      "type": "Feature",
      "geometry": {
        "type": "Point",
        "coordinates": [
          1.6063098726400014,
          56.480394154239995
        ]
      },
      "properties": {
        "name": "Erdel Heights",
        "type": "Minor Hills",
        "description": null,
        "wiki": {
          "title": null,
          "url": null,
          "description": null,
          "image": null
        }
      }
    },
    {
      "type": "Feature",
      "geometry": {
        "type": "Point",
        "coordinates": [
          0.50148312352,
          55.74754595936
        ]
      },
      "properties": {
        "name": "Hohlenhügel",
        "type": "Minor Hills",
        "description": null,
        "wiki": {
          "title": null,
          "url": null,
          "description": null,
          "image": null
        }
      }
    },
    {
      "type": "Feature",
      "geometry": {
        "type": "Point",
        "coordinates": [
          1.1504162672,
          57.132321392128
        ]
      },
      "properties": {
        "name": "Salzhügel",
        "type": "Minor Hills",
        "description": null,
        "wiki": {
          "title": null,
          "url": null,
          "description": null,
          "image": null
        }
      }
    },
    {
      "type": "Feature",
      "geometry": {
        "type": "Point",
        "coordinates": [
          1.545993364160001,
          56.71500569247999
        ]
      },
      "properties": {
        "name": "Beeckerbirge",
        "type": "Minor Hills",
        "description": null,
        "wiki": {
          "title": null,
          "url": null,
          "description": null,
          "image": null
        }
      }
    },
    {
      "type": "Feature",
      "geometry": {
        "type": "Point",
        "coordinates": [
          2.0330178335999998,
          56.77815329791999
        ]
      },
      "properties": {
        "name": "Roteshügel",
        "type": "Minor Hills",
        "description": null,
        "wiki": {
          "title": null,
          "url": null,
          "description": null,
          "image": null
        }
      }
    },
    {
      "type": "Feature",
      "geometry": {
        "type": "Point",
        "coordinates": [
          -1.9929180950399998,
          57.62903219008
        ]
      },
      "properties": {
        "name": "Raven Hills",
        "type": "Minor Hills",
        "description": null,
        "wiki": {
          "title": null,
          "url": null,
          "description": null,
          "image": null
        }
      }
    },
    {
      "type": "Feature",
      "geometry": {
        "type": "Point",
        "coordinates": [
          -1.1541236143999996,
          56.284360206719995
        ]
      },
      "properties": {
        "name": "The Hidden Range",
        "type": "Minor Hills",
        "description": null,
        "wiki": {
          "title": null,
          "url": null,
          "description": null,
          "image": null
        }
      }
    },
    {
      "type": "Feature",
      "geometry": {
        "type": "Point",
        "coordinates": [
          3.781909338880001,
          42.24255093375999
        ]
      },
      "properties": {
        "name": "Bezau Hills",
        "type": "Minor Hills",
        "description": null,
        "wiki": {
          "title": null,
          "url": null,
          "description": null,
          "image": null
        }
      }
    },
    {
      "type": "Feature",
      "geometry": {
        "type": "Point",
        "coordinates": [
          3.390819392320001,
          43.17304694496
        ]
      },
      "properties": {
        "name": "Retten Hills",
        "type": "Minor Hills",
        "description": null,
        "wiki": {
          "title": null,
          "url": null,
          "description": null,
          "image": null
        }
      }
    },
    {
      "type": "Feature",
      "geometry": {
        "type": "Point",
        "coordinates": [
          2.2802331270400003,
          43.828905371199994
        ]
      },
      "properties": {
        "name": "Tann Hills",
        "type": "Minor Hills",
        "description": null,
        "wiki": {
          "title": null,
          "url": null,
          "description": null,
          "image": null
        }
      }
    },
    {
      "type": "Feature",
      "geometry": {
        "type": "Point",
        "coordinates": [
          3.6686665107200005,
          44.43841618112
        ]
      },
      "properties": {
        "name": "Pürn Hills",
        "type": "Minor Hills",
        "description": null,
        "wiki": {
          "title": null,
          "url": null,
          "description": null,
          "image": null
        }
      }
    },
    {
      "type": "Feature",
      "geometry": {
        "type": "Point",
        "coordinates": [
          1.7637144176000008,
          43.50849692672
        ]
      },
      "properties": {
        "name": "Hauns Hills",
        "type": "Minor Hills",
        "description": null,
        "wiki": {
          "title": null,
          "url": null,
          "description": null,
          "image": null
        }
      }
    },
    {
      "type": "Feature",
      "geometry": {
        "type": "Point",
        "coordinates": [
          1.3304979443200007,
          44.25435812032
        ]
      },
      "properties": {
        "name": "Fessen Hills",
        "type": "Minor Hills",
        "description": null,
        "wiki": {
          "title": null,
          "url": null,
          "description": null,
          "image": null
        }
      }
    },
    {
      "type": "Feature",
      "geometry": {
        "type": "Point",
        "coordinates": [
          3.31319772928,
          43.81341625664
        ]
      },
      "properties": {
        "name": "Ichen Hills",
        "type": "Minor Hills",
        "description": null,
        "wiki": {
          "title": null,
          "url": null,
          "description": null,
          "image": null
        }
      }
    },
    {
      "type": "Feature",
      "geometry": {
        "type": "Point",
        "coordinates": [
          3.1199218870399994,
          45.55063591968
        ]
      },
      "properties": {
        "name": "Kolber Hills",
        "type": "Minor Hills",
        "description": null,
        "wiki": {
          "title": null,
          "url": null,
          "description": null,
          "image": null
        }
      }
    },
    {
      "type": "Feature",
      "geometry": {
        "type": "Point",
        "coordinates": [
          2.6853453529599993,
          45.89129946784
        ]
      },
      "properties": {
        "name": "Hasselhügel",
        "type": "Minor Hills",
        "description": null,
        "wiki": {
          "title": null,
          "url": null,
          "description": null,
          "image": null
        }
      }
    },
    {
      "type": "Feature",
      "geometry": {
        "type": "Point",
        "coordinates": [
          4.925530378240001,
          42.73392129632
        ]
      },
      "properties": {
        "name": "Derge Ridge",
        "type": "Minor Hills",
        "description": null,
        "wiki": {
          "title": null,
          "url": null,
          "description": null,
          "image": null
        }
      }
    },
    {
      "type": "Feature",
      "geometry": {
        "type": "Point",
        "coordinates": [
          4.503844664960001,
          42.72839790911999
        ]
      },
      "properties": {
        "name": "Vennhügel",
        "type": "Minor Hills",
        "description": null,
        "wiki": {
          "title": null,
          "url": null,
          "description": null,
          "image": null
        }
      }
    },
    {
      "type": "Feature",
      "geometry": {
        "type": "Point",
        "coordinates": [
          8.98409096224,
          56.47292432224
        ]
      },
      "properties": {
        "name": "Ursun's Perch",
        "type": "Minor Hills",
        "description": null,
        "wiki": {
          "title": null,
          "url": null,
          "description": null,
          "image": null
        }
      }
    },
    {
      "type": "Feature",
      "geometry": {
        "type": "Point",
        "coordinates": [
          6.713615615039999,
          59.68436765868799
        ]
      },
      "properties": {
        "name": "Zamak Spayenya",
        "type": "Minor Hills",
        "description": null,
        "wiki": {
          "title": null,
          "url": null,
          "description": null,
          "image": null
        }
      }
    },
    {
      "type": "Feature",
      "geometry": {
        "type": "Point",
        "coordinates": [
          5.583384435519999,
          48.35312521727999
        ]
      },
      "properties": {
        "name": "Dreihügel",
        "type": "Minor Hills",
        "description": null,
        "wiki": {
          "title": null,
          "url": null,
          "description": null,
          "image": null
        }
      }
    },
    {
      "type": "Feature",
      "geometry": {
        "type": "Point",
        "coordinates": [
          3.08032731392,
          42.005006425279994
        ]
      },
      "properties": {
        "name": "Tierhügel",
        "type": "Minor Hills",
        "description": null,
        "wiki": {
          "title": null,
          "url": null,
          "description": null,
          "image": null
        }
      }
    },
    {
      "type": "Feature",
      "geometry": {
        "type": "Point",
        "coordinates": [
          1.4967185539200007,
          50.038224969919995
        ]
      },
      "properties": {
        "name": "Verloen Range",
        "type": "Minor Hills",
        "description": null,
        "wiki": {
          "title": null,
          "url": null,
          "description": null,
          "image": null
        }
      }
    },
    {
      "type": "Feature",
      "geometry": {
        "type": "Point",
        "coordinates": [
          1.9262705648000003,
          44.829874761919996
        ]
      },
      "properties": {
        "name": "Salmhügel",
        "type": "Minor Hills",
        "description": null,
        "wiki": {
          "title": null,
          "url": null,
          "description": null,
          "image": null
        }
      }
    },
    {
      "type": "Feature",
      "geometry": {
        "type": "Point",
        "coordinates": [
          1.2449441686400005,
          46.512935998719996
        ]
      },
      "properties": {
        "name": "Dotternhügel",
        "type": "Minor Hills",
        "description": null,
        "wiki": {
          "title": null,
          "url": null,
          "description": null,
          "image": null
        }
      }
    },
    {
      "type": "Feature",
      "geometry": {
        "type": "Point",
        "coordinates": [
          1.30571140512,
          45.91815585503999
        ]
      },
      "properties": {
        "name": "Haigenhügel",
        "type": "Minor Hills",
        "description": null,
        "wiki": {
          "title": null,
          "url": null,
          "description": null,
          "image": null
        }
      }
    },
    {
      "type": "Feature",
      "geometry": {
        "type": "Point",
        "coordinates": [
          3.9199681129600004,
          44.99831225312
        ]
      },
      "properties": {
        "name": "Raggel Hills",
        "type": "Minor Hills",
        "description": null,
        "wiki": {
          "title": null,
          "url": null,
          "description": null,
          "image": null
        }
      }
    },
    {
      "type": "Feature",
      "geometry": {
        "type": "Point",
        "coordinates": [
          5.61875459328,
          44.13084499519999
        ]
      },
      "properties": {
        "name": "Raggel Hills",
        "type": "Minor Hills",
        "description": null,
        "wiki": {
          "title": null,
          "url": null,
          "description": null,
          "image": null
        }
      }
    },
    {
      "type": "Feature",
      "geometry": {
        "type": "Point",
        "coordinates": [
          4.8062544464000005,
          43.74542792
        ]
      },
      "properties": {
        "name": "Zemen Hills",
        "type": "Minor Hills",
        "description": null,
        "wiki": {
          "title": null,
          "url": null,
          "description": null,
          "image": null
        }
      }
    },
    {
      "type": "Feature",
      "geometry": {
        "type": "Point",
        "coordinates": [
          1.8437495321599995,
          51.12593665791999
        ]
      },
      "properties": {
        "name": "Barren Hills",
        "type": "Hills",
        "description": null,
        "wiki": {
          "title": null,
          "url": null,
          "description": null,
          "image": null
        }
      }
    },
    {
      "type": "Feature",
      "geometry": {
        "type": "Point",
        "coordinates": [
          -1.3307302223999993,
          51.16760317951999
        ]
      },
      "properties": {
        "name": "Skaag Hills",
        "type": "Hills",
        "description": null,
        "wiki": {
          "title": null,
          "url": null,
          "description": null,
          "image": null
        }
      }
    },
    {
      "type": "Feature",
      "geometry": {
        "type": "Point",
        "coordinates": [
          -0.3098969423999996,
          50.378540713599996
        ]
      },
      "properties": {
        "name": "Hägercrybs",
        "type": "Hills",
        "description": null,
        "wiki": {
          "title": null,
          "url": null,
          "description": null,
          "image": null
        }
      }
    },
    {
      "type": "Feature",
      "geometry": {
        "type": "Point",
        "coordinates": [
          4.5312491024,
          51.64156161312
        ]
      },
      "properties": {
        "name": "Färlic Hills",
        "type": "Hills",
        "description": null,
        "wiki": {
          "title": null,
          "url": null,
          "description": null,
          "image": null
        }
      }
    },
    {
      "type": "Feature",
      "geometry": {
        "type": "Point",
        "coordinates": [
          6.35676979392,
          52.18843663455999
        ]
      },
      "properties": {
        "name": "Kölsa Hills",
        "type": "Hills",
        "description": null,
        "wiki": {
          "title": null,
          "url": null,
          "description": null,
          "image": null
        }
      }
    },
    {
      "type": "Feature",
      "geometry": {
        "type": "Point",
        "coordinates": [
          10.58593784,
          50.69104067584
        ]
      },
      "properties": {
        "name": "Eirie Downs",
        "type": "Hills",
        "description": null,
        "wiki": {
          "title": null,
          "url": null,
          "description": null,
          "image": null
        }
      }
    },
    {
      "type": "Feature",
      "geometry": {
        "type": "Point",
        "coordinates": [
          8.91666677952,
          49.008748564799994
        ]
      },
      "properties": {
        "name": "Haunted Hills",
        "type": "Hills",
        "description": null,
        "wiki": {
          "title": null,
          "url": null,
          "description": null,
          "image": null
        }
      }
    },
    {
      "type": "Feature",
      "geometry": {
        "type": "Point",
        "coordinates": [
          9.35677090176,
          47.81083134271999
        ]
      },
      "properties": {
        "name": "Fennonhügel",
        "type": "Hills",
        "description": null,
        "wiki": {
          "title": null,
          "url": null,
          "description": null,
          "image": null
        }
      }
    },
    {
      "type": "Feature",
      "geometry": {
        "type": "Point",
        "coordinates": [
          8.768228833599998,
          47.099893779839995
        ]
      },
      "properties": {
        "name": "Barrow Hills",
        "type": "Hills",
        "description": null,
        "wiki": {
          "title": null,
          "url": null,
          "description": null,
          "image": null
        }
      }
    },
    {
      "type": "Feature",
      "geometry": {
        "type": "Point",
        "coordinates": [
          8.60676983712,
          46.52958107743999
        ]
      },
      "properties": {
        "name": "Silverlode Hills",
        "type": "Hills",
        "description": null,
        "wiki": {
          "title": null,
          "url": null,
          "description": null,
          "image": null
        }
      }
    },
    {
      "type": "Feature",
      "geometry": {
        "type": "Point",
        "coordinates": [
          7.15364517024,
          47.326456453759995
        ]
      },
      "properties": {
        "name": "Fallow Hills (Greenleaf Hills)",
        "type": "Hills",
        "description": null,
        "wiki": {
          "title": null,
          "url": null,
          "description": null,
          "image": null
        }
      }
    },
    {
      "type": "Feature",
      "geometry": {
        "type": "Point",
        "coordinates": [
          -12.254192618239998,
          54.67620191167999
        ]
      },
      "properties": {
        "name": "Ashen Hills",
        "type": "Hills",
        "description": null,
        "wiki": {
          "title": null,
          "url": null,
          "description": null,
          "image": null
        }
      }
    },
    {
      "type": "Feature",
      "geometry": {
        "type": "Point",
        "coordinates": [
          -8.479273519263998,
          56.425554647359995
        ]
      },
      "properties": {
        "name": "The Great Mounds",
        "type": "Hills",
        "description": null,
        "wiki": {
          "title": null,
          "url": null,
          "description": null,
          "image": null
        }
      }
    },
    {
      "type": "Feature",
      "geometry": {
        "type": "Point",
        "coordinates": [
          -7.8642379218239995,
          54.749858918719994
        ]
      },
      "properties": {
        "name": "The Contreforts",
        "type": "Hills",
        "description": null,
        "wiki": {
          "title": null,
          "url": null,
          "description": null,
          "image": null
        }
      }
    },
    {
      "type": "Feature",
      "geometry": {
        "type": "Point",
        "coordinates": [
          -8.692002169343999,
          53.15658164927999
        ]
      },
      "properties": {
        "name": "Arden Highlands",
        "type": "Hills",
        "description": null,
        "wiki": {
          "title": null,
          "url": null,
          "description": null,
          "image": null
        }
      }
    },
    {
      "type": "Feature",
      "geometry": {
        "type": "Point",
        "coordinates": [
          -5.6489801504,
          47.54863787648
        ]
      },
      "properties": {
        "name": "Barrows of Cuileux",
        "type": "Hills",
        "description": null,
        "wiki": {
          "title": null,
          "url": null,
          "description": null,
          "image": null
        }
      }
    },
    {
      "type": "Feature",
      "geometry": {
        "type": "Point",
        "coordinates": [
          -8.157961168223999,
          43.39643981952
        ]
      },
      "properties": {
        "name": "Tavarel Hills",
        "type": "Hills",
        "description": null,
        "wiki": {
          "title": null,
          "url": null,
          "description": null,
          "image": null
        }
      }
    },
    {
      "type": "Feature",
      "geometry": {
        "type": "Point",
        "coordinates": [
          -1.8722255644799992,
          48.40011593056
        ]
      },
      "properties": {
        "name": "Montagnes de Pégase",
        "type": "Hills",
        "description": null,
        "wiki": {
          "title": null,
          "url": null,
          "description": null,
          "image": null
        }
      }
    },
    {
      "type": "Feature",
      "geometry": {
        "type": "Point",
        "coordinates": [
          -1.430009234559999,
          44.77120678015999
        ]
      },
      "properties": {
        "name": "Callach-mor Hills",
        "type": "Hills",
        "description": null,
        "wiki": {
          "title": null,
          "url": null,
          "description": null,
          "image": null
        }
      }
    },
    {
      "type": "Feature",
      "geometry": {
        "type": "Point",
        "coordinates": [
          0.3662095859200005,
          43.17330232831999
        ]
      },
      "properties": {
        "name": "Cullodinen Edge",
        "type": "Hills",
        "description": null,
        "wiki": {
          "title": null,
          "url": null,
          "description": null,
          "image": null
        }
      }
    },
    {
      "type": "Feature",
      "geometry": {
        "type": "Point",
        "coordinates": [
          -0.9399243657599994,
          42.38688611711999
        ]
      },
      "properties": {
        "name": "Inverin Mountains",
        "type": "Hills",
        "description": null,
        "wiki": {
          "title": null,
          "url": null,
          "description": null,
          "image": null
        }
      }
    },
    {
      "type": "Feature",
      "geometry": {
        "type": "Point",
        "coordinates": [
          0.6009809356800005,
          45.16889713504
        ]
      },
      "properties": {
        "name": "Sceolath Ridge",
        "type": "Hills",
        "description": null,
        "wiki": {
          "title": null,
          "url": null,
          "description": null,
          "image": null
        }
      }
    },
    {
      "type": "Feature",
      "geometry": {
        "type": "Point",
        "coordinates": [
          3.952374668479999,
          49.1292390992
        ]
      },
      "properties": {
        "name": "Stirhügel",
        "type": "Hills",
        "description": null,
        "wiki": {
          "title": null,
          "url": null,
          "description": null,
          "image": null
        }
      }
    },
    {
      "type": "Feature",
      "geometry": {
        "type": "Point",
        "coordinates": [
          2.8466622169599995,
          49.45160379071999
        ]
      },
      "properties": {
        "name": "Zaya Hills",
        "type": "Hills",
        "description": null,
        "wiki": {
          "title": null,
          "url": null,
          "description": null,
          "image": null
        }
      }
    },
    {
      "type": "Feature",
      "geometry": {
        "type": "Point",
        "coordinates": [
          7.125702134719999,
          48.748077421439994
        ]
      },
      "properties": {
        "name": "Leithag Hills",
        "type": "Hills",
        "description": null,
        "wiki": {
          "title": null,
          "url": null,
          "description": null,
          "image": null
        }
      }
    },
    {
      "type": "Feature",
      "geometry": {
        "type": "Point",
        "coordinates": [
          3.646127310080001,
          54.12267449503999
        ]
      },
      "properties": {
        "name": "Weiss Hills",
        "type": "Hills",
        "description": null,
        "wiki": {
          "title": null,
          "url": null,
          "description": null,
          "image": null
        }
      }
    },
    {
      "type": "Feature",
      "geometry": {
        "type": "Point",
        "coordinates": [
          2.35986109856,
          55.25100999135999
        ]
      },
      "properties": {
        "name": "Wulfrun Crags",
        "type": "Hills",
        "description": null,
        "wiki": {
          "title": null,
          "url": null,
          "description": null,
          "image": null
        }
      }
    },
    {
      "type": "Feature",
      "geometry": {
        "type": "Point",
        "coordinates": [
          2.2293321952000005,
          53.40702380511999
        ]
      },
      "properties": {
        "name": "Howling Hills",
        "type": "Hills",
        "description": null,
        "wiki": {
          "title": null,
          "url": null,
          "description": null,
          "image": null
        }
      }
    },
    {
      "type": "Feature",
      "geometry": {
        "type": "Point",
        "coordinates": [
          1.6687681705600008,
          56.91852758863999
        ]
      },
      "properties": {
        "name": "Bramble Hills",
        "type": "Hills",
        "description": null,
        "wiki": {
          "title": null,
          "url": null,
          "description": null,
          "image": null
        }
      }
    },
    {
      "type": "Feature",
      "geometry": {
        "type": "Point",
        "coordinates": [
          0.8435406902400007,
          56.82247517631999
        ]
      },
      "properties": {
        "name": "Silver Hills",
        "type": "Hills",
        "description": null,
        "wiki": {
          "title": null,
          "url": null,
          "description": null,
          "image": null
        }
      }
    },
    {
      "type": "Feature",
      "geometry": {
        "type": "Point",
        "coordinates": [
          -0.3403008652799993,
          55.839748104319995
        ]
      },
      "properties": {
        "name": "Misty Hills",
        "type": "Hills",
        "description": null,
        "wiki": {
          "title": null,
          "url": null,
          "description": null,
          "image": null
        }
      }
    },
    {
      "type": "Feature",
      "geometry": {
        "type": "Point",
        "coordinates": [
          0.16193282976000012,
          54.43741129344
        ]
      },
      "properties": {
        "name": "Draken Hills",
        "type": "Hills",
        "description": null,
        "wiki": {
          "title": null,
          "url": null,
          "description": null,
          "image": null
        }
      }
    },
    {
      "type": "Feature",
      "geometry": {
        "type": "Point",
        "coordinates": [
          -1.269571596479999,
          52.98767084991999
        ]
      },
      "properties": {
        "name": "Fenmark Fells",
        "type": "Hills",
        "description": null,
        "wiki": {
          "title": null,
          "url": null,
          "description": null,
          "image": null
        }
      }
    },
    {
      "type": "Feature",
      "geometry": {
        "type": "Point",
        "coordinates": [
          0.9916586630400007,
          53.04009848063999
        ]
      },
      "properties": {
        "name": "Erzot Hills",
        "type": "Hills",
        "description": null,
        "wiki": {
          "title": null,
          "url": null,
          "description": null,
          "image": null
        }
      }
    },
    {
      "type": "Feature",
      "geometry": {
        "type": "Point",
        "coordinates": [
          3.0838422921600004,
          55.14372097376
        ]
      },
      "properties": {
        "name": "Hochland Tors",
        "type": "Hills",
        "description": null,
        "wiki": {
          "title": null,
          "url": null,
          "description": null,
          "image": null
        }
      }
    },
    {
      "type": "Feature",
      "geometry": {
        "type": "Point",
        "coordinates": [
          7.20044561504,
          58.03050087088
        ]
      },
      "properties": {
        "name": "Crags of Shargun",
        "type": "Hills",
        "description": null,
        "wiki": {
          "title": null,
          "url": null,
          "description": null,
          "image": null
        }
      }
    },
    {
      "type": "Feature",
      "geometry": {
        "type": "Point",
        "coordinates": [
          9.50270665088,
          59.42325441679999
        ]
      },
      "properties": {
        "name": "The Golinyi",
        "type": "Hills",
        "description": null,
        "wiki": {
          "title": null,
          "url": null,
          "description": null,
          "image": null
        }
      }
    },
    {
      "type": "Feature",
      "geometry": {
        "type": "Point",
        "coordinates": [
          12.819842079999999,
          59.17503327350399
        ]
      },
      "properties": {
        "name": "The Ropsals",
        "type": "Hills",
        "description": null,
        "wiki": {
          "title": null,
          "url": null,
          "description": null,
          "image": null
        }
      }
    },
    {
      "type": "Feature",
      "geometry": {
        "type": "Point",
        "coordinates": [
          -5.427333824959999,
          39.309061875199994
        ]
      },
      "properties": {
        "name": "Trantine Hills",
        "type": "Hills",
        "description": null,
        "wiki": {
          "title": null,
          "url": null,
          "description": null,
          "image": null
        }
      }
    },
    {
      "type": "Feature",
      "geometry": {
        "type": "Point",
        "coordinates": [
          -10.349871194239997,
          33.569626303999996
        ]
      },
      "properties": {
        "name": "Osso Hills",
        "type": "Hills",
        "description": null,
        "wiki": {
          "title": null,
          "url": null,
          "description": null,
          "image": null
        }
      }
    },
    {
      "type": "Feature",
      "geometry": {
        "type": "Point",
        "coordinates": [
          -15.675811173759998,
          44.52447774784
        ]
      },
      "properties": {
        "name": "Bone Hills",
        "type": "Hills",
        "description": null,
        "wiki": {
          "title": null,
          "url": null,
          "description": null,
          "image": null
        }
      }
    },
    {
      "type": "Feature",
      "geometry": {
        "type": "Point",
        "coordinates": [
          -18.20315422016,
          46.11373714912
        ]
      },
      "properties": {
        "name": "Céfiro Hills",
        "type": "Hills",
        "description": null,
        "wiki": {
          "title": null,
          "url": null,
          "description": null,
          "image": null
        }
      }
    },
    {
      "type": "Feature",
      "geometry": {
        "type": "Point",
        "coordinates": [
          -15.2607652528,
          46.176515070079994
        ]
      },
      "properties": {
        "name": "Feroz Hills",
        "type": "Hills",
        "description": null,
        "wiki": {
          "title": null,
          "url": null,
          "description": null,
          "image": null
        }
      }
    },
    {
      "type": "Feature",
      "geometry": {
        "type": "Point",
        "coordinates": [
          -20.734065456959996,
          42.158917521919996
        ]
      },
      "properties": {
        "name": "Miramár Hills",
        "type": "Hills",
        "description": null,
        "wiki": {
          "title": null,
          "url": null,
          "description": null,
          "image": null
        }
      }
    },
    {
      "type": "Feature",
      "geometry": {
        "type": "Point",
        "coordinates": [
          -6.233246639007999,
          35.1183154592
        ]
      },
      "properties": {
        "name": "Luccinesi Foothills",
        "type": "Hills",
        "description": null,
        "wiki": {
          "title": null,
          "url": null,
          "description": null,
          "image": null
        }
      }
    },
    {
      "type": "Feature",
      "geometry": {
        "type": "Point",
        "coordinates": [
          -5.383005995199999,
          36.697984944
        ]
      },
      "properties": {
        "name": "Massif Morri",
        "type": "Hills",
        "description": null,
        "wiki": {
          "title": null,
          "url": null,
          "description": null,
          "image": null
        }
      }
    },
    {
      "type": "Feature",
      "geometry": {
        "type": "Point",
        "coordinates": [
          -2.260107377919999,
          40.628235081599996
        ]
      },
      "properties": {
        "name": "Massiccio del Barbutto",
        "type": "Hills",
        "description": null,
        "wiki": {
          "title": null,
          "url": null,
          "description": null,
          "image": null
        }
      }
    },
    {
      "type": "Feature",
      "geometry": {
        "type": "Point",
        "coordinates": [
          -3.0465536959999993,
          38.334640451199995
        ]
      },
      "properties": {
        "name": "Avolo Ridge",
        "type": "Hills",
        "description": null,
        "wiki": {
          "title": null,
          "url": null,
          "description": null,
          "image": null
        }
      }
    },
    {
      "type": "Feature",
      "geometry": {
        "type": "Point",
        "coordinates": [
          -4.176816907839999,
          38.6591383552
        ]
      },
      "properties": {
        "name": "Draghetti Highlands",
        "type": "Hills",
        "description": null,
        "wiki": {
          "title": null,
          "url": null,
          "description": null,
          "image": null
        }
      }
    },
    {
      "type": "Feature",
      "geometry": {
        "type": "Point",
        "coordinates": [
          -2.8687421126399992,
          37.07770271679999
        ]
      },
      "properties": {
        "name": "Moricannia Ridge",
        "type": "Hills",
        "description": null,
        "wiki": {
          "title": null,
          "url": null,
          "description": null,
          "image": null
        }
      }
    },
    {
      "type": "Feature",
      "geometry": {
        "type": "Point",
        "coordinates": [
          3.317004324160001,
          41.062353535999996
        ]
      },
      "properties": {
        "name": "The Warren Hills",
        "type": "Hills",
        "description": null,
        "wiki": {
          "title": null,
          "url": null,
          "description": null,
          "image": null
        }
      }
    },
    {
      "type": "Feature",
      "geometry": {
        "type": "Point",
        "coordinates": [
          8.27365961504,
          43.1311705504
        ]
      },
      "properties": {
        "name": "Geistenmund Hills",
        "type": "Hills",
        "description": null,
        "wiki": {
          "title": null,
          "url": null,
          "description": null,
          "image": null
        }
      }
    },
    {
      "type": "Feature",
      "geometry": {
        "type": "Point",
        "coordinates": [
          7.612186080639999,
          39.56133652479999
        ]
      },
      "properties": {
        "name": "Varenka Hills",
        "type": "Hills",
        "description": null,
        "wiki": {
          "title": null,
          "url": null,
          "description": null,
          "image": null
        }
      }
    },
    {
      "type": "Feature",
      "geometry": {
        "type": "Point",
        "coordinates": [
          -0.2346549481599994,
          56.910652591551994
        ]
      },
      "properties": {
        "name": "Enchanted Hills",
        "type": "Hills",
        "description": null,
        "wiki": {
          "title": null,
          "url": null,
          "description": null,
          "image": null
        }
      }
    },
    {
      "type": "Feature",
      "geometry": {
        "type": "Point",
        "coordinates": [
          4.7109119088,
          55.96804577279999
        ]
      },
      "properties": {
        "name": "North Spur",
        "type": "Hills",
        "description": null,
        "wiki": {
          "title": null,
          "url": null,
          "description": null,
          "image": null
        }
      }
    },
    {
      "type": "Feature",
      "geometry": {
        "type": "Point",
        "coordinates": [
          7.49031185504,
          54.569714227199995
        ]
      },
      "properties": {
        "name": "Grenze Hills",
        "type": "Hills",
        "description": null,
        "wiki": {
          "title": null,
          "url": null,
          "description": null,
          "image": null
        }
      }
    },
    {
      "type": "Feature",
      "geometry": {
        "type": "Point",
        "coordinates": [
          -1.896203768959999,
          55.53259823968
        ]
      },
      "properties": {
        "name": "Tumble Downs",
        "type": "Hills",
        "description": null,
        "wiki": {
          "title": null,
          "url": null,
          "description": null,
          "image": null
        }
      }
    },
    {
      "type": "Feature",
      "geometry": {
        "type": "Point",
        "coordinates": [
          8.87548686912,
          51.732707566719995
        ]
      },
      "properties": {
        "name": "Bleak Moors",
        "type": "Hills",
        "description": null,
        "wiki": {
          "title": null,
          "url": null,
          "description": null,
          "image": null
        }
      }
    },
    {
      "type": "Feature",
      "geometry": {
        "type": "Point",
        "coordinates": [
          13.0931775424,
          60.44101215647999
        ]
      },
      "properties": {
        "name": "The Strazhniki",
        "type": "Hills",
        "description": null,
        "wiki": {
          "title": null,
          "url": null,
          "description": null,
          "image": null
        }
      }
    },
    {
      "type": "Feature",
      "geometry": {
        "type": "Point",
        "coordinates": [
          10.618764841599997,
          61.062492901759995
        ]
      },
      "properties": {
        "name": "The Czegniks",
        "type": "Hills",
        "description": null,
        "wiki": {
          "title": null,
          "url": null,
          "description": null,
          "image": null
        }
      }
    },
    {
      "type": "Feature",
      "geometry": {
        "type": "Point",
        "coordinates": [
          12.706923775999998,
          56.71395352704
        ]
      },
      "properties": {
        "name": "The Foothills",
        "type": "Hills",
        "description": null,
        "wiki": {
          "title": null,
          "url": null,
          "description": null,
          "image": null
        }
      }
    },
    {
      "type": "Feature",
      "geometry": {
        "type": "Point",
        "coordinates": [
          6.348962134719999,
          61.49407677696
        ]
      },
      "properties": {
        "name": "Sturen Ridge",
        "type": "Hills",
        "description": null,
        "wiki": {
          "title": null,
          "url": null,
          "description": null,
          "image": null
        }
      }
    },
    {
      "type": "Feature",
      "geometry": {
        "type": "Point",
        "coordinates": [
          13.5207249952,
          55.538009426239995
        ]
      },
      "properties": {
        "name": "Iron Ridge",
        "type": "Hills",
        "description": null,
        "wiki": {
          "title": null,
          "url": null,
          "description": null,
          "image": null
        }
      }
    },
    {
      "type": "Feature",
      "geometry": {
        "type": "Point",
        "coordinates": [
          -4.771731307199999,
          41.55131692351999
        ]
      },
      "properties": {
        "name": "Casalone Hills",
        "type": "Hills",
        "description": null,
        "wiki": {
          "title": null,
          "url": null,
          "description": null,
          "image": null
        }
      }
    },
    {
      "type": "Feature",
      "geometry": {
        "type": "Point",
        "coordinates": [
          -5.576418543679999,
          37.6242336096
        ]
      },
      "properties": {
        "name": "Casalone Hills",
        "type": "Hills",
        "description": null,
        "wiki": {
          "title": null,
          "url": null,
          "description": null,
          "image": null
        }
      }
    },
    {
      "type": "Feature",
      "geometry": {
        "type": "Point",
        "coordinates": [
          7.63541651424,
          48.96447674784
        ]
      },
      "properties": {
        "name": "Broken Spine",
        "type": "Hills",
        "description": null,
        "wiki": {
          "title": null,
          "url": null,
          "description": null,
          "image": null
        }
      }
    },
    {
      "type": "Feature",
      "geometry": {
        "type": "Point",
        "coordinates": [
          7.03644713824,
          28.672220652799997
        ]
      },
      "properties": {
        "name": "Wyvern Cliffs",
        "type": "Hills",
        "description": null,
        "wiki": {
          "title": null,
          "url": null,
          "description": null,
          "image": null
        }
      }
    },
    {
      "type": "Feature",
      "geometry": {
        "type": "Point",
        "coordinates": [
          -0.6417565036799995,
          48.05376130688
        ]
      },
      "properties": {
        "name": "Hills of the Dead",
        "type": "Hills",
        "description": null,
        "wiki": {
          "title": null,
          "url": null,
          "description": null,
          "image": null
        }
      }
    },
    {
      "type": "Feature",
      "geometry": {
        "type": "Point",
        "coordinates": [
          -11.485273055359999,
          42.03308721727999
        ]
      },
      "properties": {
        "name": "Cornalina Hills",
        "type": "Hills",
        "description": null,
        "wiki": {
          "title": null,
          "url": null,
          "description": null,
          "image": null
        }
      }
    },
    {
      "type": "Feature",
      "geometry": {
        "type": "Point",
        "coordinates": [
          0.21419259712000016,
          49.5432550848
        ]
      },
      "properties": {
        "name": "Fleuchtschüssel",
        "type": "Minor Lowlands",
        "description": null,
        "wiki": {
          "title": null,
          "url": null,
          "description": null,
          "image": null
        }
      }
    },
    {
      "type": "Feature",
      "geometry": {
        "type": "Point",
        "coordinates": [
          0.5266925593600006,
          49.193645242239995
        ]
      },
      "properties": {
        "name": "The Clearance",
        "type": "Minor Lowlands",
        "description": null,
        "wiki": {
          "title": null,
          "url": null,
          "description": null,
          "image": null
        }
      }
    },
    {
      "type": "Feature",
      "geometry": {
        "type": "Point",
        "coordinates": [
          -0.21028675455999915,
          49.15914048224
        ]
      },
      "properties": {
        "name": "Lady's Vale",
        "type": "Minor Lowlands",
        "description": null,
        "wiki": {
          "title": null,
          "url": null,
          "description": null,
          "image": null
        }
      }
    },
    {
      "type": "Feature",
      "geometry": {
        "type": "Point",
        "coordinates": [
          -0.06510472767999924,
          48.935181353279994
        ]
      },
      "properties": {
        "name": "Grautal",
        "type": "Minor Lowlands",
        "description": null,
        "wiki": {
          "title": null,
          "url": null,
          "description": null,
          "image": null
        }
      }
    },
    {
      "type": "Feature",
      "geometry": {
        "type": "Point",
        "coordinates": [
          -0.6651183923199993,
          49.09192879808
        ]
      },
      "properties": {
        "name": "Teufeltal",
        "type": "Minor Lowlands",
        "description": null,
        "wiki": {
          "title": null,
          "url": null,
          "description": null,
          "image": null
        }
      }
    },
    {
      "type": "Feature",
      "geometry": {
        "type": "Point",
        "coordinates": [
          1.7103497977600004,
          45.065832532799995
        ]
      },
      "properties": {
        "name": "Bear Valley (Berozdalaz)",
        "type": "Minor Lowlands",
        "description": null,
        "wiki": {
          "title": null,
          "url": null,
          "description": null,
          "image": null
        }
      }
    },
    {
      "type": "Feature",
      "geometry": {
        "type": "Point",
        "coordinates": [
          8.9903685968,
          48.85793357567999
        ]
      },
      "properties": {
        "name": "Morr's Heath",
        "type": "Minor Lowlands",
        "description": null,
        "wiki": {
          "title": null,
          "url": null,
          "description": null,
          "image": null
        }
      }
    },
    {
      "type": "Feature",
      "geometry": {
        "type": "Point",
        "coordinates": [
          1.2079741452800001,
          50.645616745599995
        ]
      },
      "properties": {
        "name": "Lauental",
        "type": "Minor Lowlands",
        "description": null,
        "wiki": {
          "title": null,
          "url": null,
          "description": null,
          "image": null
        }
      }
    },
    {
      "type": "Feature",
      "geometry": {
        "type": "Point",
        "coordinates": [
          0.006111521600000152,
          55.80409648224
        ]
      },
      "properties": {
        "name": "Vale of Khaine",
        "type": "Minor Lowlands",
        "description": null,
        "wiki": {
          "title": null,
          "url": null,
          "description": null,
          "image": null
        }
      }
    },
    {
      "type": "Feature",
      "geometry": {
        "type": "Point",
        "coordinates": [
          0.7813510787200004,
          56.35468217664
        ]
      },
      "properties": {
        "name": "Dell of Desire",
        "type": "Minor Lowlands",
        "description": null,
        "wiki": {
          "title": null,
          "url": null,
          "description": null,
          "image": null
        }
      }
    },
    {
      "type": "Feature",
      "geometry": {
        "type": "Point",
        "coordinates": [
          -1.2751382185599998,
          57.054096663775994
        ]
      },
      "properties": {
        "name": "Vale of Despair",
        "type": "Minor Lowlands",
        "description": null,
        "wiki": {
          "title": null,
          "url": null,
          "description": null,
          "image": null
        }
      }
    },
    {
      "type": "Feature",
      "geometry": {
        "type": "Point",
        "coordinates": [
          -0.13972165407999948,
          56.646544222719996
        ]
      },
      "properties": {
        "name": "Vale of Memories",
        "type": "Minor Lowlands",
        "description": null,
        "wiki": {
          "title": null,
          "url": null,
          "description": null,
          "image": null
        }
      }
    },
    {
      "type": "Feature",
      "geometry": {
        "type": "Point",
        "coordinates": [
          2.6372606396800014,
          43.278544253119996
        ]
      },
      "properties": {
        "name": "Plains of Meik",
        "type": "Minor Lowlands",
        "description": null,
        "wiki": {
          "title": null,
          "url": null,
          "description": null,
          "image": null
        }
      }
    },
    {
      "type": "Feature",
      "geometry": {
        "type": "Point",
        "coordinates": [
          0.7700562726400008,
          47.22287478336
        ]
      },
      "properties": {
        "name": "Grauental",
        "type": "Minor Lowlands",
        "description": null,
        "wiki": {
          "title": null,
          "url": null,
          "description": null,
          "image": null
        }
      }
    },
    {
      "type": "Feature",
      "geometry": {
        "type": "Point",
        "coordinates": [
          4.353385532159999,
          45.1614026224
        ]
      },
      "properties": {
        "name": "Oggeltal",
        "type": "Minor Lowlands",
        "description": null,
        "wiki": {
          "title": null,
          "url": null,
          "description": null,
          "image": null
        }
      }
    },
    {
      "type": "Feature",
      "geometry": {
        "type": "Point",
        "coordinates": [
          7.05115312384,
          44.41654458304
        ]
      },
      "properties": {
        "name": "Vale of the Upper Reik",
        "type": "Minor Lowlands",
        "description": null,
        "wiki": {
          "title": null,
          "url": null,
          "description": null,
          "image": null
        }
      }
    },
    {
      "type": "Feature",
      "geometry": {
        "type": "Point",
        "coordinates": [
          4.2447910662399995,
          42.18973751488
        ]
      },
      "properties": {
        "name": "Hornberg Vale",
        "type": "Lowlands",
        "description": null,
        "wiki": {
          "title": null,
          "url": null,
          "description": null,
          "image": null
        }
      }
    },
    {
      "type": "Feature",
      "geometry": {
        "type": "Point",
        "coordinates": [
          11.7777099328,
          52.98530658463999
        ]
      },
      "properties": {
        "name": "The Veldt",
        "type": "Lowlands",
        "description": null,
        "wiki": {
          "title": null,
          "url": null,
          "description": null,
          "image": null
        }
      }
    },
    {
      "type": "Feature",
      "geometry": {
        "type": "Point",
        "coordinates": [
          9.94385366144,
          44.98729961152
        ]
      },
      "properties": {
        "name": "Bryndal Vale",
        "type": "Lowlands",
        "description": null,
        "wiki": {
          "title": null,
          "url": null,
          "description": null,
          "image": null
        }
      }
    },
    {
      "type": "Feature",
      "geometry": {
        "type": "Point",
        "coordinates": [
          1.9909907296000005,
          42.70500293791999
        ]
      },
      "properties": {
        "name": "Gristle Valley",
        "type": "Lowlands",
        "description": null,
        "wiki": {
          "title": null,
          "url": null,
          "description": null,
          "image": null
        }
      }
    },
    {
      "type": "Feature",
      "geometry": {
        "type": "Point",
        "coordinates": [
          1.1198730124800007,
          62.717604276479996
        ]
      },
      "properties": {
        "name": "Everthunder Valley",
        "type": "Lowlands",
        "description": null,
        "wiki": {
          "title": null,
          "url": null,
          "description": null,
          "image": null
        }
      }
    },
    {
      "type": "Feature",
      "geometry": {
        "type": "Point",
        "coordinates": [
          -8.304606161919999,
          34.295727232
        ]
      },
      "properties": {
        "name": "Plain of Luccini",
        "type": "Lowlands",
        "description": null,
        "wiki": {
          "title": null,
          "url": null,
          "description": null,
          "image": null
        }
      }
    },
    {
      "type": "Feature",
      "geometry": {
        "type": "Point",
        "coordinates": [
          20.8442515616,
          33.3211727776
        ]
      },
      "properties": {
        "name": "Plain of Bones",
        "type": "Lowlands",
        "description": null,
        "wiki": {
          "title": null,
          "url": null,
          "description": null,
          "image": null
        }
      }
    },
    {
      "type": "Feature",
      "geometry": {
        "type": "Point",
        "coordinates": [
          -1.9400225823999988,
          65.85302052928
        ]
      },
      "properties": {
        "name": "Norsveg Plain",
        "type": "Lowlands",
        "description": null,
        "wiki": {
          "title": null,
          "url": null,
          "description": null,
          "image": null
        }
      }
    },
    {
      "type": "Feature",
      "geometry": {
        "type": "Point",
        "coordinates": [
          -6.516508112191999,
          53.74076907231999
        ]
      },
      "properties": {
        "name": "Vallée des Fleurs",
        "type": "Lowlands",
        "description": null,
        "wiki": {
          "title": null,
          "url": null,
          "description": null,
          "image": null
        }
      }
    },
    {
      "type": "Feature",
      "geometry": {
        "type": "Point",
        "coordinates": [
          0.55366762368,
          48.85974664
        ]
      },
      "properties": {
        "name": "Obertal",
        "type": "Lowlands",
        "description": null,
        "wiki": {
          "title": null,
          "url": null,
          "description": null,
          "image": null
        }
      }
    },
    {
      "type": "Feature",
      "geometry": {
        "type": "Point",
        "coordinates": [
          1.5623660806399997,
          72.07335084415999
        ]
      },
      "properties": {
        "name": "Plain of Glass",
        "type": "Lowlands",
        "description": null,
        "wiki": {
          "title": null,
          "url": null,
          "description": null,
          "image": null
        }
      }
    },
    {
      "type": "Feature",
      "geometry": {
        "type": "Point",
        "coordinates": [
          8.08426195904,
          71.5900366976
        ]
      },
      "properties": {
        "name": "Plain of Illusions",
        "type": "Lowlands",
        "description": null,
        "wiki": {
          "title": null,
          "url": null,
          "description": null,
          "image": null
        }
      }
    },
    {
      "type": "Feature",
      "geometry": {
        "type": "Point",
        "coordinates": [
          16.189677151999998,
          50.34976343744
        ]
      },
      "properties": {
        "name": "Desolation of Drakenmoor",
        "type": "Lowlands",
        "description": null,
        "wiki": {
          "title": null,
          "url": null,
          "description": null,
          "image": null
        }
      }
    },
    {
      "type": "Feature",
      "geometry": {
        "type": "Point",
        "coordinates": [
          24.0467168864,
          52.84732640352
        ]
      },
      "properties": {
        "name": "The Plain of Zharr",
        "type": "Lowlands",
        "description": null,
        "wiki": {
          "title": null,
          "url": null,
          "description": null,
          "image": null
        }
      }
    },
    {
      "type": "Feature",
      "geometry": {
        "type": "Point",
        "coordinates": [
          21.683939446399997,
          46.748835131199996
        ]
      },
      "properties": {
        "name": "The Blasted Wastes",
        "type": "Lowlands",
        "description": null,
        "wiki": {
          "title": null,
          "url": null,
          "description": null,
          "image": null
        }
      }
    },
    {
      "type": "Feature",
      "geometry": {
        "type": "Point",
        "coordinates": [
          4.164598940800001,
          67.933820432
        ]
      },
      "properties": {
        "name": "Icefield of Drergen Mort",
        "type": "Lowlands",
        "description": null,
        "wiki": {
          "title": null,
          "url": null,
          "description": null,
          "image": null
        }
      }
    },
    {
      "type": "Feature",
      "geometry": {
        "type": "Point",
        "coordinates": [
          8.70320637472,
          58.46760426839679
        ]
      },
      "properties": {
        "name": "Tungranich'ye",
        "type": "Lowlands",
        "description": null,
        "wiki": {
          "title": null,
          "url": null,
          "description": null,
          "image": null
        }
      }
    },
    {
      "type": "Feature",
      "geometry": {
        "type": "Point",
        "coordinates": [
          7.5469563744,
          56.22281264192
        ]
      },
      "properties": {
        "name": "The Dobryrion",
        "type": "Lowlands",
        "description": null,
        "wiki": {
          "title": null,
          "url": null,
          "description": null,
          "image": null
        }
      }
    },
    {
      "type": "Feature",
      "geometry": {
        "type": "Point",
        "coordinates": [
          13.9235427968,
          53.138952145599994
        ]
      },
      "properties": {
        "name": "The Oberveldt",
        "type": "Lowlands",
        "description": null,
        "wiki": {
          "title": null,
          "url": null,
          "description": null,
          "image": null
        }
      }
    },
    {
      "type": "Feature",
      "geometry": {
        "type": "Point",
        "coordinates": [
          8.24377241024,
          49.62276787999999
        ]
      },
      "properties": {
        "name": "Vale of Darkness",
        "type": "Lowlands",
        "description": null,
        "wiki": {
          "title": null,
          "url": null,
          "description": null,
          "image": null
        }
      }
    },
    {
      "type": "Feature",
      "geometry": {
        "type": "Point",
        "coordinates": [
          4.71528475808,
          42.62284406304
        ]
      },
      "properties": {
        "name": "Vale of Aulen",
        "type": "Lowlands",
        "description": null,
        "wiki": {
          "title": null,
          "url": null,
          "description": null,
          "image": null
        }
      }
    },
    {
      "type": "Feature",
      "geometry": {
        "type": "Point",
        "coordinates": [
          2.5916607942399996,
          40.9929116672
        ]
      },
      "properties": {
        "name": "Yetzin Valley",
        "type": "Lowlands",
        "description": null,
        "wiki": {
          "title": null,
          "url": null,
          "description": null,
          "image": null
        }
      }
    },
    {
      "type": "Feature",
      "geometry": {
        "type": "Point",
        "coordinates": [
          -1.0824489353599995,
          40.5766507936
        ]
      },
      "properties": {
        "name": "Brenheimer Vale",
        "type": "Lowlands",
        "description": null,
        "wiki": {
          "title": null,
          "url": null,
          "description": null,
          "image": null
        }
      }
    },
    {
      "type": "Feature",
      "geometry": {
        "type": "Point",
        "coordinates": [
          -2.0220303977599987,
          42.27531527104
        ]
      },
      "properties": {
        "name": "The Meadow Glades",
        "type": "Lowlands",
        "description": null,
        "wiki": {
          "title": null,
          "url": null,
          "description": null,
          "image": null
        }
      }
    },
    {
      "type": "Feature",
      "geometry": {
        "type": "Point",
        "coordinates": [
          -3.4465094185599994,
          47.173753658239995
        ]
      },
      "properties": {
        "name": "The Wild Heath",
        "type": "Lowlands",
        "description": null,
        "wiki": {
          "title": null,
          "url": null,
          "description": null,
          "image": null
        }
      }
    },
    {
      "type": "Feature",
      "geometry": {
        "type": "Point",
        "coordinates": [
          2.7808704572800007,
          45.018876127359995
        ]
      },
      "properties": {
        "name": "Plain of Köfer",
        "type": "Lowlands",
        "description": null,
        "wiki": {
          "title": null,
          "url": null,
          "description": null,
          "image": null
        }
      }
    },
    {
      "type": "Feature",
      "geometry": {
        "type": "Point",
        "coordinates": [
          1.9792506217600006,
          45.744711869759996
        ]
      },
      "properties": {
        "name": "Merogen Plain",
        "type": "Lowlands",
        "description": null,
        "wiki": {
          "title": null,
          "url": null,
          "description": null,
          "image": null
        }
      }
    },
    {
      "type": "Feature",
      "geometry": {
        "type": "Point",
        "coordinates": [
          2.69294558976,
          44.61587488383999
        ]
      },
      "properties": {
        "name": "Vale of Teger",
        "type": "Lowlands",
        "description": null,
        "wiki": {
          "title": null,
          "url": null,
          "description": null,
          "image": null
        }
      }
    },
    {
      "type": "Feature",
      "geometry": {
        "type": "Point",
        "coordinates": [
          2.09448277952,
          44.09475157215999
        ]
      },
      "properties": {
        "name": "Ell Valley",
        "type": "Lowlands",
        "description": null,
        "wiki": {
          "title": null,
          "url": null,
          "description": null,
          "image": null
        }
      }
    },
    {
      "type": "Feature",
      "geometry": {
        "type": "Point",
        "coordinates": [
          2.53090108448,
          42.17414705215999
        ]
      },
      "properties": {
        "name": "Upper Söllthal",
        "type": "Lowlands",
        "description": null,
        "wiki": {
          "title": null,
          "url": null,
          "description": null,
          "image": null
        }
      }
    },
    {
      "type": "Feature",
      "geometry": {
        "type": "Point",
        "coordinates": [
          3.3176559980799993,
          42.57710015968
        ]
      },
      "properties": {
        "name": "Sonnental",
        "type": "Lowlands",
        "description": null,
        "wiki": {
          "title": null,
          "url": null,
          "description": null,
          "image": null
        }
      }
    },
    {
      "type": "Feature",
      "geometry": {
        "type": "Point",
        "coordinates": [
          6.12029057888,
          43.909999127679995
        ]
      },
      "properties": {
        "name": "Vale of Staffel",
        "type": "Lowlands",
        "description": null,
        "wiki": {
          "title": null,
          "url": null,
          "description": null,
          "image": null
        }
      }
    },
    {
      "type": "Feature",
      "geometry": {
        "type": "Point",
        "coordinates": [
          2.5760575536000005,
          66.72548675456
        ]
      },
      "properties": {
        "name": "Ejsgard",
        "type": "Lowlands",
        "description": null,
        "wiki": {
          "title": null,
          "url": null,
          "description": null,
          "image": null
        }
      }
    }
  ]
}