{
  "type": "FeatureCollection",
  "name": "region_labels",
  "schema_version": 2,
  "features": [
    {
      "type": "Feature",
      "id": "text2987",
      "geometry": {
        "type": "Point",
        "coordinates": [
          3.755768,
          52.620526
        ]
      },
      "properties": {
        "id": "text2987",
        "name": "Talabheim",
        "label": "TALABHEIM",
        "category": "region",
        "in_gazetteer": true,
        "type": "Minor Division",
        "local_category": "Province",
        "formal_title": "Imperial County and City-State of Talabheim",
        "part_of": "Talabecland",
        "population": null,
        "svg_layer": "Provinces",
        "wiki": {
          "title": null,
          "url": "https://warhammerfantasy.fandom.com/wiki/Talabheim",
          "description": "Talabheim, known in ancient times as Taalaheim which means \"Taal's Victory\", is an Imperial city-state and the capital city of the Grand Duchy of Talabecland. It is one of the great cities of the Empire of Man and is the largest city in the eastern Empire. Talabheim lies deep within the Great Forest of the Empire, and as such earned its nickname as the \"Eye of the Forest\", for like the eye of a mighty storm, the city is built within a great, shallow crater deep in the forest, an island of calm amidst the surrounding danger.",
          "image": null
        }
      }
    },
    {
      "type": "Feature",
      "id": "text2988",
      "geometry": {
        "type": "Point",
        "coordinates": [
          1.009796,
          55.281516
        ]
      },
      "properties": {
        "id": "text2988",
        "name": "Middenheim",
        "label": "MIDDENHEIM",
        "category": "region",
        "in_gazetteer": true,
        "type": "Minor Division",
        "local_category": "Province",
        "formal_title": "Imperial County and City-State of Middenheim",
        "part_of": "Middenland",
        "population": null,
        "svg_layer": "Provinces",
        "wiki": {
          "title": null,
          "url": "https://warhammerfantasy.fandom.com/wiki/Middenheim",
          "description": "Middenheim, also known as the Ulricsberg, the Fauschlag (meaning \"Fist-Strike\" in Reikspiel), or simply the \"City of the White Wolf,\" is amongst the greatest and most fortified fortress-cities within the Old World and beyond. Middenheim is home to the Cult of Ulric and is the greatest city-state of the northern Empire, as well as the capital of the Grand Province of Middenland. The City of the White Wolf is the rock upon which the northern enemies of the Empire have always broken upon.",
          "image": null
        }
      }
    },
    {
      "type": "Feature",
      "id": "text2989",
      "geometry": {
        "type": "Point",
        "coordinates": [
          1.607455,
          47.912908
        ]
      },
      "properties": {
        "id": "text2989",
        "name": "Nuln",
        "label": "NULN",
        "category": "region",
        "in_gazetteer": true,
        "type": "Minor Division",
        "local_category": "Province",
        "formal_title": "Imperial County and City-State of Nuln",
        "part_of": "Wissenland",
        "population": null,
        "svg_layer": "Provinces",
        "wiki": {
          "title": null,
          "url": "https://warhammerfantasy.fandom.com/wiki/Nuln",
          "description": "Nuln, called the \"Bastion of the South\" and the \"Jewel of the Empire\", is the capital city of the Electoral Province of Wissenland, the second largest city of the Empire of Man and the largest manufacturer and exporter of Imperial blackpowder munitions and warmachines, earning itself the title of the \"Armoury of the Empire\". Sitting at the heart of the Old World's southern trade routes, it stands as an imposing bastion, its fortified walls bristling with enough heavy blackpowder artillery emplacements to arm a fleet of war galleons.",
          "image": null
        }
      }
    },
    {
      "type": "Feature",
      "id": "text2990",
      "geometry": {
        "type": "Point",
        "coordinates": [
          4.517207,
          57.080546
        ]
      },
      "properties": {
        "id": "text2990",
        "name": "Northern March",
        "label": "NORTHERN MARCH",
        "category": "region",
        "in_gazetteer": true,
        "type": "Minor Division",
        "local_category": "Province",
        "formal_title": "Margraveate of the Northern March",
        "part_of": "Ostland",
        "population": null,
        "svg_layer": "Provinces",
        "wiki": {
          "title": null,
          "url": "https://warhammerfantasy.fandom.com/wiki/Ostland#Northern_March",
          "description": "The Northern March, often just called \"The March,\" is a region of Ostland situated near the Sea of Claws. The coastal towns dotted along these blustery grasslands stretch from the Erengrad to the Middenheim Roads. The revenues from this traffic are important to the Grand Prince of Ostland, and the duties he sets are often a bone of contention with Middenheim.",
          "image": null
        }
      }
    },
    {
      "type": "Feature",
      "id": "text2992",
      "geometry": {
        "type": "Point",
        "coordinates": [
          9.410468,
          49.864539
        ]
      },
      "properties": {
        "id": "text2992",
        "name": "Sylvania",
        "label": "SYLVANIA",
        "category": "region",
        "in_gazetteer": true,
        "type": "Minor Division",
        "local_category": "Province",
        "formal_title": "County of Sylvania",
        "part_of": "Stirland",
        "population": null,
        "svg_layer": "Provinces",
        "wiki": {
          "title": null,
          "url": "https://warhammerfantasy.fandom.com/wiki/Sylvania",
          "description": "Sylvania, formally the County of Sylvania, is a formerly independent realm that had its territories absorbed by the Grand County of Stirland, an Electoral Province of the Empire of Man. But perhaps the most defining feature of this backwater region of the eastern Old World is that it is considered the rightful domain of the Vampire Counts of the von Carstein bloodline with the current Vampire Count being the Vampire Lord Mannfred von Carstein, whose claim is disputed by the counts of Stirland.",
          "image": null
        }
      }
    },
    {
      "type": "Feature",
      "id": "text2993",
      "geometry": {
        "type": "Point",
        "coordinates": [
          4.374729,
          43.344919
        ]
      },
      "properties": {
        "id": "text2993",
        "name": "Vennland",
        "label": "VENNLAND",
        "category": "region",
        "in_gazetteer": true,
        "type": "Minor Division",
        "local_category": "Province",
        "formal_title": "Barony of the Vennland Marches",
        "part_of": "Wissenland",
        "population": null,
        "svg_layer": "Provinces",
        "wiki": {
          "title": null,
          "url": null,
          "description": null,
          "image": null
        }
      }
    },
    {
      "type": "Feature",
      "id": "text2994",
      "geometry": {
        "type": "Point",
        "coordinates": [
          4.795244,
          47.771104
        ]
      },
      "properties": {
        "id": "text2994",
        "name": "Averheim",
        "label": "AVERHEIM",
        "category": "region",
        "in_gazetteer": true,
        "type": "Minor Division",
        "local_category": "Province",
        "formal_title": "County of Averheim",
        "part_of": "Averland",
        "population": null,
        "svg_layer": "Provinces",
        "wiki": {
          "title": null,
          "url": "https://warhammerfantasy.fandom.com/wiki/Averheim",
          "description": "Averheim is the capital city of the Grand Province of Averland, and the original capital of the ancient Brigundians tribe.",
          "image": null
        }
      }
    },
    {
      "type": "Feature",
      "id": "text2995",
      "geometry": {
        "type": "Point",
        "coordinates": [
          -1.046585,
          54.821374
        ]
      },
      "properties": {
        "id": "text2995",
        "name": "Westermark",
        "label": "WESTERMARK",
        "category": "region",
        "in_gazetteer": true,
        "type": "Minor Division",
        "local_category": "Province",
        "formal_title": "Barony of the Westermark",
        "part_of": "Middenland",
        "population": null,
        "svg_layer": "Provinces",
        "wiki": {
          "title": null,
          "url": null,
          "description": null,
          "image": null
        }
      }
    },
    {
      "type": "Feature",
      "id": "text2996",
      "geometry": {
        "type": "Point",
        "coordinates": [
          -1.053938,
          51.558619
        ]
      },
      "properties": {
        "id": "text2996",
        "name": "Carroburg",
        "label": "CARROBURG",
        "category": "region",
        "in_gazetteer": true,
        "type": "Minor Division",
        "local_category": "Province",
        "formal_title": "Imperial Free City of Carroburg",
        "part_of": "Middenland",
        "population": null,
        "svg_layer": "Provinces",
        "wiki": {
          "title": null,
          "url": "https://warhammerfantasy.fandom.com/wiki/Carroburg",
          "description": "Carroburg is a small Imperial city that once served as the capital of the former Electoral Province of Drakwald before its formal dissolution in 1124 IC, after which time it became a part of Middenland. Carroburg's economy specializes in trade and the manufacture of glass, and pottery, with its present day ruler being Duke Leopold von Bildhofen.",
          "image": null
        }
      }
    },
    {
      "type": "Feature",
      "id": "text2997",
      "geometry": {
        "type": "Point",
        "coordinates": [
          -0.038751,
          53.719133
        ]
      },
      "properties": {
        "id": "text2997",
        "name": "Drakwald",
        "label": "DRAKWALD",
        "category": "region",
        "in_gazetteer": true,
        "type": "Minor Division",
        "local_category": "Province",
        "formal_title": "County of the Drakwald",
        "part_of": "Middenland",
        "population": null,
        "svg_layer": "Provinces",
        "wiki": {
          "title": null,
          "url": "https://warhammerfantasy.fandom.com/wiki/Drakwald",
          "description": "Drakwald was once an Electoral Province of the Empire of Man, and was the homeland of the ancient Thuringian tribe of Men who allied themselves with Sigmar to found the Empire. The province is home to its namesake Drakwald Forest, which also covers parts of Middenland and Nordland. It is a dangerous forest still inhabited by several tribes of Beastmen and other mutant beasts of Chaos.[3a] Situated between The Wasteland to the west, Middenland to the south-east and Nordland on the north, the province's government eventually collapsed due to a variety of circumstances.",
          "image": null
        }
      }
    },
    {
      "type": "Feature",
      "id": "text2998",
      "geometry": {
        "type": "Point",
        "coordinates": [
          -0.0556,
          51.467007
        ]
      },
      "properties": {
        "id": "text2998",
        "name": "Altdorf",
        "label": "ALTDORF",
        "category": "region",
        "in_gazetteer": true,
        "type": "Minor Division",
        "local_category": "Province",
        "formal_title": "Principality of Altdorf",
        "part_of": "Reikland",
        "population": null,
        "svg_layer": "Provinces",
        "wiki": {
          "title": null,
          "url": "https://warhammerfantasy.fandom.com/wiki/Altdorf",
          "description": "Altdorf, known as the \"City of Spires,\" is the current capital city of the Empire of Man, the capital of the Electoral Province of Reikland and an independent Imperial principality in its own right. As the seat of Emperor Karl Franz, Altdorf is the de facto capital of the Empire, and it has been the de jure Imperial capital since the election of Wilhelm III, Prince of Altdorf, to the Imperial throne almost a hundred years ago in 2429 IC.",
          "image": null
        }
      }
    },
    {
      "type": "Feature",
      "id": "text2999",
      "geometry": {
        "type": "Point",
        "coordinates": [
          0.196109,
          49.204002
        ]
      },
      "properties": {
        "id": "text2999",
        "name": "Upper Teufel",
        "label": "UPPER TEUFEL",
        "category": "region",
        "in_gazetteer": true,
        "type": "Minor Division",
        "local_category": "Province",
        "formal_title": "Archduchy of the Upper Teufel",
        "part_of": "Reikland",
        "population": null,
        "svg_layer": "Provinces",
        "wiki": {
          "title": null,
          "url": null,
          "description": null,
          "image": null
        }
      }
    },
    {
      "type": "Feature",
      "id": "text3000",
      "geometry": {
        "type": "Point",
        "coordinates": [
          6.318519,
          53.421694
        ]
      },
      "properties": {
        "id": "text3000",
        "name": "Dunkelküste",
        "label": "DUNKELKÜSTE",
        "category": "region",
        "in_gazetteer": true,
        "type": "Minor Division",
        "local_category": "Province",
        "formal_title": "Barony of the Dunkelküste",
        "part_of": "Talabecland",
        "population": null,
        "svg_layer": "Provinces",
        "wiki": {
          "title": null,
          "url": null,
          "description": null,
          "image": null
        }
      }
    },
    {
      "type": "Feature",
      "id": "text3001",
      "geometry": {
        "type": "Point",
        "coordinates": [
          4.477464,
          50.198876
        ]
      },
      "properties": {
        "id": "text3001",
        "name": "Wurtbad",
        "label": "WURTBAD",
        "category": "region",
        "in_gazetteer": true,
        "type": "Minor Division",
        "local_category": "Province",
        "formal_title": "Barony of Wurtbad",
        "part_of": "Stirland",
        "population": null,
        "svg_layer": "Provinces",
        "wiki": {
          "title": null,
          "url": "https://warhammerfantasy.fandom.com/wiki/Wurtbad",
          "description": "Wurtbad is an Imperial city and the capital of the Grand Province of Stirland that rests at the terminus of the Old Dwarf Road, surrounded by the Great Forest. By far the largest town in Stirland, its whitewashed walls and buildings and its busy docks and markets tell of a prosperous trading town. By decree of the Elector Counts, all the wine produced in western Stirland must be sold through Wurtbad, earning the town the sobriquet of \"the wine capital of the Empire\". Traders come from all over the Empire and beyond to bid on next year's vintages, and the Vintner's Guild is an important political force.",
          "image": null
        }
      }
    },
    {
      "type": "Feature",
      "id": "text5837",
      "geometry": {
        "type": "Point",
        "coordinates": [
          -5.574764,
          41.388076
        ]
      },
      "properties": {
        "id": "text5837",
        "name": "Miragliano",
        "label": "MIRAGLIANO",
        "category": "region",
        "in_gazetteer": true,
        "type": "Minor Division",
        "local_category": "City-State",
        "formal_title": "Mighty Principality of Miragliano",
        "part_of": "Tilea",
        "population": null,
        "svg_layer": "Provinces",
        "wiki": {
          "title": "Miragliano",
          "url": "https://warhammerfantasy.fandom.com/wiki/Miragliano",
          "description": "Miragliano, officially the Mighty Principality of Miragliano and also known as \" Miragliano the Serene \", is one of the most powerful city-states in Tilea, famed for its expert crossbowmen. Miragliano is a bastion of Human defiance against the Skaven hordes of the Under-Empire, whose capital, Skavenblight, lies just to the west of the city, beneath the Blighted Marshes.",
          "image": "https://static.wikia.nocookie.net/warhammerfb/images/1/1e/Miragliano_2300_IC.png/revision/latest?cb=20250218124555"
        }
      }
    },
    {
      "type": "Feature",
      "id": "text5838",
      "geometry": {
        "type": "Point",
        "coordinates": [
          -9.905472,
          40.761414
        ]
      },
      "properties": {
        "id": "text5838",
        "name": "Tobaro",
        "label": "TOBARO",
        "category": "region",
        "in_gazetteer": true,
        "type": "Minor Division",
        "local_category": "City-State",
        "formal_title": "Principality of Tobaro",
        "part_of": "Tilea",
        "population": null,
        "svg_layer": "Provinces",
        "wiki": {
          "title": "Tobaro",
          "url": "https://warhammerfantasy.fandom.com/wiki/Tobaro",
          "description": "Tobaro, officially the Principality of Tobaro, or Tolarie as it was known to the High Elves, is also called the \" City of Sirens \" or sometimes the \" City of Fools \", and is the only great Tilean city-state on the western shores of the Tilean Sea. The city is also said in some sources, confusingly, to be called \" Vedenza the True \" by those who love her. At Tobaro the narrow coastal plain of Tilea is separated from the arid uplands of Estalia by the Abasko Mountains.",
          "image": "https://static.wikia.nocookie.net/warhammerfb/images/0/03/Tobaro_borders.png/revision/latest?cb=20250123201725"
        }
      }
    },
    {
      "type": "Feature",
      "id": "text5839",
      "geometry": {
        "type": "Point",
        "coordinates": [
          -5.079591,
          39.449395
        ]
      },
      "properties": {
        "id": "text5839",
        "name": "Trantio",
        "label": "TRANTIO",
        "category": "region",
        "in_gazetteer": true,
        "type": "Minor Division",
        "local_category": "City-State",
        "formal_title": "Principality of Trantio",
        "part_of": "Tilea",
        "population": null,
        "svg_layer": "Provinces",
        "wiki": {
          "title": "Trantio",
          "url": "https://warhammerfantasy.fandom.com/wiki/Trantio",
          "description": "Trantio, formally known as the Principality of Trantio, is an upstart, prosperous and turbulent Tilean city-state.",
          "image": "https://static.wikia.nocookie.net/warhammerfb/images/2/22/Trantio_domains.png/revision/latest?cb=20250218101837"
        }
      }
    },
    {
      "type": "Feature",
      "id": "text5840",
      "geometry": {
        "type": "Point",
        "coordinates": [
          -6.84633,
          38.470237
        ]
      },
      "properties": {
        "id": "text5840",
        "name": "Remas",
        "label": "REMAS",
        "category": "region",
        "in_gazetteer": true,
        "type": "Minor Division",
        "local_category": "City-State",
        "formal_title": "Republic of Remas",
        "part_of": "Tilea",
        "population": null,
        "svg_layer": "Provinces",
        "wiki": {
          "title": "Remas",
          "url": "https://warhammerfantasy.fandom.com/wiki/Remas",
          "description": "Remas, officially the Republic of Remas and sometimes called the \" Rebellious Republic of Remas \", is a large, prosperous, and ancient city-state located on the western coast of central Tilea. Remas is believed by some academics to have once been the heart and capital city of the ancient Reman Empire, which is thought to have ruled over the southern realms of the Old World, including all of Tilea and Estalia. Now the mercantile elite from the capital of Remas rule over the collection of mostly independent and constantly quarreling city-states that comprises the present-day land of Tilea.",
          "image": "https://static.wikia.nocookie.net/warhammerfb/images/8/81/Reman_domains.png/revision/latest?cb=20250218083422"
        }
      }
    },
    {
      "type": "Feature",
      "id": "text5841",
      "geometry": {
        "type": "Point",
        "coordinates": [
          -5.311267,
          37.899964
        ]
      },
      "properties": {
        "id": "text5841",
        "name": "Pavona",
        "label": "PAVONA",
        "category": "region",
        "in_gazetteer": true,
        "type": "Minor Division",
        "local_category": "City-State",
        "formal_title": "Principality of Pavona",
        "part_of": "Tilea",
        "population": null,
        "svg_layer": "Provinces",
        "wiki": {
          "title": "Pavona",
          "url": "https://warhammerfantasy.fandom.com/wiki/Pavona",
          "description": "Pavona, officially the Principality of Pavona, sometimes referred to by outsiders as the \"Perfidious Principality of Pavona\", is a prosperous city-state situated in central Tilea. Located almost in the exact centre of Tilea, south of the Trantine Hills on the fertile plains between the River Remo and the Apuccini Mountains, Pavona is blessed by a much milder climate than the lands of the Empire, enjoying almost year round the kindly favours of the warm Tilean sun. Pavona is usually not considered among the major Tilean principalities, lacking a direct outlet to the Tilean Sea.",
          "image": "https://static.wikia.nocookie.net/warhammerfb/images/2/28/Pavona%2C_the_Old_World_map.png/revision/latest?cb=20250417190358"
        }
      }
    },
    {
      "type": "Feature",
      "id": "text5842",
      "geometry": {
        "type": "Point",
        "coordinates": [
          -6.879078,
          36.505359
        ]
      },
      "properties": {
        "id": "text5842",
        "name": "Verezzo",
        "label": "VEREZZO",
        "category": "region",
        "in_gazetteer": true,
        "type": "Minor Division",
        "local_category": "City-State",
        "formal_title": "Serene Republic of Verezzo",
        "part_of": "Tilea",
        "population": null,
        "svg_layer": "Provinces",
        "wiki": {
          "title": "Verezzo",
          "url": "https://warhammerfantasy.fandom.com/wiki/Verezzo",
          "description": "Verezzo, formally the Serene Republic of Verezzo, is a wealthy, Tilean city-state located at the centre of the peninsula. As with Pavona, Verezzo lives pretty much in the shadow of its powerful rivals, especially Remas and Luccini, which have a direct outlet on the Tilean Sea.",
          "image": "https://static.wikia.nocookie.net/warhammerfb/images/b/b2/Verezzo_domains.png/revision/latest?cb=20250213193851"
        }
      }
    },
    {
      "type": "Feature",
      "id": "text5843",
      "geometry": {
        "type": "Point",
        "coordinates": [
          -8.069306,
          34.489736
        ]
      },
      "properties": {
        "id": "text5843",
        "name": "Luccini",
        "label": "LUCCINI",
        "category": "region",
        "in_gazetteer": true,
        "type": "Minor Division",
        "local_category": "City-State",
        "formal_title": "Ancient Principality of Luccini",
        "part_of": "Tilea",
        "population": null,
        "svg_layer": "Provinces",
        "wiki": {
          "title": "Luccini",
          "url": "https://warhammerfantasy.fandom.com/wiki/Luccini",
          "description": "Luccini, also spelled Lucini, officially the Ancient Principality of Luccini, is considered the oldest city in Tilea, at least according to the people that live there. Founded upon the ruins of an ancient High Elven city in the year 1 IC, by the legendary twins, Lucan and Luccina, king and queen of a tribe of nomadic shepherds who settled on the famous Elf -built Acropolis and built their palace at its summit. No wonder that the name of the city itself is taken from that of its first queen.",
          "image": "https://static.wikia.nocookie.net/warhammerfb/images/5/50/Luccinian_domain.png/revision/latest?cb=20250208083543"
        }
      }
    },
    {
      "type": "Feature",
      "id": "text5844",
      "geometry": {
        "type": "Point",
        "coordinates": [
          -10.378134,
          33.753796
        ]
      },
      "properties": {
        "id": "text5844",
        "name": "Sartosa",
        "label": "SARTOSA",
        "category": "region",
        "in_gazetteer": true,
        "type": "Minor Division",
        "local_category": "City-State",
        "formal_title": "Decadent Pirate Principality of Sartosa",
        "part_of": "Tilea",
        "population": null,
        "svg_layer": "Provinces",
        "wiki": {
          "title": "Sartosa",
          "url": "https://warhammerfantasy.fandom.com/wiki/Sartosa",
          "description": "Sartosa, formally the Decadent Pirate Principality of Sartosa, known more politely by its swashbuckling inhabitants as the Free City of Sartosa or simply the \" City of Pirates,\" by nearly everyone else, is an anarchic island-stronghold controlled by pirates located south of war-torn Tilea, off the coast of the Tilean city-state of Luccini. This island is a notorious haven for criminals, harbouring all manner of pirates, brigands, lawless mercenaries and anyone else wanting to avoid the notice of the various legitimate powers of the Old World. It's a tremendously dangerous place, where drunken pirates press-gang unsuspecting individuals onto their ships, brawls and duels are an hourly occurrence, and a horde of thieves ply the dirty, crowded docks looking for easy marks.",
          "image": "https://static.wikia.nocookie.net/warhammerfb/images/5/50/Luccinian_domain.png/revision/latest?cb=20250208083543"
        }
      }
    },
    {
      "type": "Feature",
      "id": "text5845",
      "geometry": {
        "type": "Point",
        "coordinates": [
          -0.378526,
          56.458774
        ]
      },
      "properties": {
        "id": "text5845",
        "name": "Laurelorn",
        "label": "LAURELORN",
        "category": "region",
        "in_gazetteer": true,
        "type": "Minor Division",
        "local_category": "Kingdom",
        "formal_title": "The Woodland Kingdom of Laurelorn",
        "part_of": null,
        "population": null,
        "svg_layer": "Provinces",
        "wiki": {
          "title": null,
          "url": "https://warhammerfantasy.fandom.com/wiki/Laurelorn_Forest",
          "description": "Laurelorn Forest is a magical forest that lies on the northern coastline of the Empire of Man, home to reclusive communities of Eonir, a distinct community of Wood Elves. While both Middenland and Nordland claim the forest as theirs, the so-called \"Wood Elves\" dare either to try to enforce their claim. Laurelorn lies west of Salzenmund and the Silver Hills above it, and stretches west to the Imperial borders with the Wasteland.",
          "image": null
        }
      }
    },
    {
      "type": "Feature",
      "id": "text7793",
      "geometry": {
        "type": "Point",
        "coordinates": [
          -0.467634,
          44.0596
        ]
      },
      "properties": {
        "id": "text7793",
        "name": "Talsyn",
        "label": "TALSYN",
        "category": "region",
        "in_gazetteer": true,
        "type": "Minor Division",
        "local_category": "High Realm",
        "formal_title": "High Realm of Talsyn, the Grove of Eternity",
        "part_of": "Athel Loren",
        "population": null,
        "svg_layer": "Provinces",
        "wiki": {
          "title": null,
          "url": "https://warhammerfantasy.fandom.com/wiki/Talsyn",
          "description": "Talsyn, the Grove of Eternity, is a High Realm of the magical forest of Athel Loren, ruled by the Highborn Araloth the Bold. It is the largest and most prosperous of all Athel Loren's High Realms, and its warriors have ever formed the backbone of the great forest's Asrai armies.",
          "image": null
        }
      }
    },
    {
      "type": "Feature",
      "id": "text7794",
      "geometry": {
        "type": "Point",
        "coordinates": [
          0.300794,
          42.688922
        ]
      },
      "properties": {
        "id": "text7794",
        "name": "Cythral",
        "label": "CYTHRAL",
        "category": "region",
        "in_gazetteer": true,
        "type": "Minor Division",
        "local_category": "High Realm",
        "formal_title": "High Realm of Cythral, the Wildwood",
        "part_of": "Athel Loren",
        "population": null,
        "svg_layer": "Provinces",
        "wiki": {
          "title": null,
          "url": "https://warhammerfantasy.fandom.com/wiki/Cythral",
          "description": "Cythral, the Wildwood, is a High Realm of Athel Loren, ruled by Lady Draya the Nighthawk. Not all the spirits of Athel Loren dwell in harmony with the Elves. Even now, thousands of years after the first great council, there are those beings who actively seek the Elves' destruction. Some revel in malevolence purely for its own sake, others would war against the Elves with all the cunning and might at their command, were they free to do so.",
          "image": null
        }
      }
    },
    {
      "type": "Feature",
      "id": "text7795",
      "geometry": {
        "type": "Point",
        "coordinates": [
          -0.70662,
          42.809854
        ]
      },
      "properties": {
        "id": "text7795",
        "name": "Atylwyth",
        "label": "ATYLWYTH",
        "category": "region",
        "in_gazetteer": true,
        "type": "Minor Division",
        "local_category": "High Realm",
        "formal_title": "High Realm of Atylwyth, the Winterheart",
        "part_of": "Athel Loren",
        "population": null,
        "svg_layer": "Provinces",
        "wiki": {
          "title": null,
          "url": "https://warhammerfantasy.fandom.com/wiki/Atylwyth",
          "description": "Atylwyth, the Winterheart, is a High Realm of Athel Loren, ruled by Sceolan of the Hooked Blade. It is a realm locked in the icy embrace of winter; its boughs are ever covered in a thick rime of frost, its glades always heavy with snow. Pale statues line every path, and mark the entrance to every hall. Some of these works are exquisite ice sculptures, shaped by an artisan's patient touch. Others are frost-caged mischievous naiads or spiteful kelpies, imprisoned by Elven magics in punishment for past misdeeds or to prevent future ones. These statues flow and reform when the eye does not rest upon them, the creatures inside ever seeking to escape.",
          "image": null
        }
      }
    },
    {
      "type": "Feature",
      "id": "text7796",
      "geometry": {
        "type": "Point",
        "coordinates": [
          -2.204719,
          43.210354
        ]
      },
      "properties": {
        "id": "text7796",
        "name": "Modryn",
        "label": "MODRYN",
        "category": "region",
        "in_gazetteer": true,
        "type": "Minor Division",
        "local_category": "High Realm",
        "formal_title": "High Realm of Modryn, the Night Glens",
        "part_of": "Athel Loren",
        "population": null,
        "svg_layer": "Provinces",
        "wiki": {
          "title": null,
          "url": "https://warhammerfantasy.fandom.com/wiki/Modryn",
          "description": "Modryn, also called the Night Glens, are collectively a High Realm of Athel Loren, ruled by Lady Morlanna and Glade Lord Arlas. It is a land that lies ever in shadow. Sunlight never reaches these glades, and the only light is that emitted by the flickering spite-creatures that quarrel and frolic as they flit through the upper branches of the trees. Shaped by the perpetual gloom, the Wood Elves and nature spirits of the Night Glens are spiteful even by the standards of Athel Loren. They practise magics and customs that are forbidden in other realms, and worship gods most other Wood Elves shun.",
          "image": null
        }
      }
    },
    {
      "type": "Feature",
      "id": "text7797",
      "geometry": {
        "type": "Point",
        "coordinates": [
          -1.771794,
          42.498515
        ]
      },
      "properties": {
        "id": "text7797",
        "name": "Cavaroc",
        "label": "CAVAROC",
        "category": "region",
        "in_gazetteer": true,
        "type": "Minor Division",
        "local_category": "High Realm",
        "formal_title": "High Realm of Cavaroc, the Skymark Reaches",
        "part_of": "Athel Loren",
        "population": null,
        "svg_layer": "Provinces",
        "wiki": {
          "title": null,
          "url": "https://warhammerfantasy.fandom.com/wiki/Cavaroc",
          "description": "Cavaroc, the Skymark Reaches, is a High Realm of Athel Loren, ruled by Lord Edrael of Equos. It is the land of the meadow glades, the sparsely-wooded grassland plains that lie on Athel Loren's south border. The Elves of Cavaroc are horsemasters as fine as any in the world, and the first to march when the war-horns are sounded. They are swift to act, and swift to anger as well — if ever the Elves of Athel Loren overreach themselves in some matter of war, it is all but a certainty that the Glade Riders of the Skymark Reaches will be found at the head of that mad charge.",
          "image": null
        }
      }
    },
    {
      "type": "Feature",
      "id": "text7798",
      "geometry": {
        "type": "Point",
        "coordinates": [
          -1.818646,
          44.597629
        ]
      },
      "properties": {
        "id": "text7798",
        "name": "Torgovann",
        "label": "TORGOVANN",
        "category": "region",
        "in_gazetteer": true,
        "type": "Minor Division",
        "local_category": "High Realm",
        "formal_title": "High Realm of Torgovann, the Forge of Starlight",
        "part_of": "Athel Loren",
        "population": null,
        "svg_layer": "Provinces",
        "wiki": {
          "title": null,
          "url": "https://warhammerfantasy.fandom.com/wiki/Torgovann",
          "description": "Torgovann, the Forge of Starlight, is a High Realm of Athel Loren, ruled by the Highborn Daith. The Forge of Starlight is the domain of makers and craftsmen, of the artisans and smiths who create all Athel Loren's many tools of wonder and war. In the very centre of the realm lies Vaul's Anvil, the shrine to Vaul, the god of craftsmen, and every night, the beech trees of that glade bask in the light and warmth of the mighty forge-temple. Inevitably, the rippling heat from Vaul's Anvil draws forest spirits from the nearby groves, who watch the striking of hammer upon anvil with childlike fascination. Such creatures love the flame for the warmth and life it gives, but are also wary of it for the harm it can wreak if left untended.",
          "image": null
        }
      }
    },
    {
      "type": "Feature",
      "id": "text7799",
      "geometry": {
        "type": "Point",
        "coordinates": [
          -2.583533,
          46.137364
        ]
      },
      "properties": {
        "id": "text7799",
        "name": "Anmyr",
        "label": "ANMYR",
        "category": "region",
        "in_gazetteer": true,
        "type": "Minor Division",
        "local_category": "High Realm",
        "formal_title": "High Realm of Anmyr, the Witherhold",
        "part_of": "Athel Loren",
        "population": null,
        "svg_layer": "Provinces",
        "wiki": {
          "title": null,
          "url": "https://warhammerfantasy.fandom.com/wiki/Anmyr",
          "description": "Anmyr, the Witherhold, is a High Realm of Athel Loren, ruled by Lady Tevaril and Lady Delynna. It is a realm in desperate decline. Many years ago, the foul Beastlord Morghur was slain in the heart of the region, and his blood corrupted the land for many leagues around. Indeed, Addaivoch, the mighty elm tree that once served as the halls of Anmyr's rulers, was reduced to a blighted and atrophied husk during that battle, and its shadow falls now only on barren and lifeless soil.",
          "image": null
        }
      }
    },
    {
      "type": "Feature",
      "id": "text7800",
      "geometry": {
        "type": "Point",
        "coordinates": [
          -0.204801,
          45.633744
        ]
      },
      "properties": {
        "id": "text7800",
        "name": "Wydrioth",
        "label": "WYDRIOTH",
        "category": "region",
        "in_gazetteer": true,
        "type": "Minor Division",
        "local_category": "High Realm",
        "formal_title": "High Realm of Wydrioth, the Pine Crags",
        "part_of": "Athel Loren",
        "population": null,
        "svg_layer": "Provinces",
        "wiki": {
          "title": null,
          "url": "https://warhammerfantasy.fandom.com/wiki/Wydrioth",
          "description": "Wydrioth, the Pine Crags, is a High Realm of Athel Loren, ruled by the Glade Lord Findol and Lady Evelyne. It is an embattled region, ever beset by the Dwarfs and Greenskins of the Grey Mountains. From the outside, its steep slopes appear to be no more defensible than any other part of Athel Loren. It is only when an invader is drawn beneath the eaves that he discovers that the Pine Crags are in fact a sprawling fortress. Here, the Elves have shaped citadels and strongholds from skycrown oaks, and endless leagues of gnarled and tangled walls from rockbriar.",
          "image": null
        }
      }
    },
    {
      "type": "Feature",
      "id": "text7801",
      "geometry": {
        "type": "Point",
        "coordinates": [
          -1.066737,
          47.521442
        ]
      },
      "properties": {
        "id": "text7801",
        "name": "Arranoc",
        "label": "ARRANOC",
        "category": "region",
        "in_gazetteer": true,
        "type": "Minor Division",
        "local_category": "High Realm",
        "formal_title": "High Realm of Arranoc, the Summerstrand",
        "part_of": "Athel Loren",
        "population": null,
        "svg_layer": "Provinces",
        "wiki": {
          "title": null,
          "url": "https://warhammerfantasy.fandom.com/wiki/Arranoc",
          "description": "Arranoc, the Summerstrand, is a High Realm of Athel Loren, ruled by the Glade Lord Amadri Ironbark. Winter never comes to the verdant reaches of the Summerstrand. Here, the glades are ever dappled by brilliant sunshine all year round. Likewise, night seldom falls in this part of the forest and, even when it does, the hours of darkness are few and fleeting.",
          "image": null
        }
      }
    },
    {
      "type": "Feature",
      "id": "text7802",
      "geometry": {
        "type": "Point",
        "coordinates": [
          -0.550421,
          46.620999
        ]
      },
      "properties": {
        "id": "text7802",
        "name": "Argwylon",
        "label": "ARGWYLON",
        "category": "region",
        "in_gazetteer": true,
        "type": "Minor Division",
        "local_category": "High Realm",
        "formal_title": "High Realm of Argwylon, the Moonspring Glades",
        "part_of": "Athel Loren",
        "population": null,
        "svg_layer": "Provinces",
        "wiki": {
          "title": null,
          "url": "https://warhammerfantasy.fandom.com/wiki/Argwylon",
          "description": "Argwylon, the Moonspring Glades, is a High Realm of Athel Loren, ruled by the Glade Lord Thalandor Doomstar. Argwylon is a land of light and wonder, where the rivers are alive with naiads, and the waterfalls sing with ghostly voices. This is a realm of mages and magic, of daily deeds that would be thought miraculous in other corners of the forest. This is the only corner of Athel Loren in which many of the old traditions of Ulthuan endure and detailed historical records are maintained.",
          "image": null
        }
      }
    },
    {
      "type": "Feature",
      "id": "text7803",
      "geometry": {
        "type": "Point",
        "coordinates": [
          -2.294085,
          47.338112
        ]
      },
      "properties": {
        "id": "text7803",
        "name": "Tirsyth",
        "label": "TIRSYTH",
        "category": "region",
        "in_gazetteer": true,
        "type": "Minor Division",
        "local_category": "High Realm",
        "formal_title": "High Realm of Tirsyth, the Ashenhall",
        "part_of": "Athel Loren",
        "population": null,
        "svg_layer": "Provinces",
        "wiki": {
          "title": null,
          "url": "https://warhammerfantasy.fandom.com/wiki/Tirsyth",
          "description": "Tirsyth, the Ashenhall, is a High Realm of Athel Loren, ruled by Lady Arda of the Parted Veil. The Wood Elves of Athel Loren's other realms consider the Ashenhall to be a drab and sombre place. As proof, they point to the lugubrious character of its inhabitants and the cinereal colourings of their raiment. There is no joyful song in Ashenhall, they say, just the dirges of Elves who live ever under the shadow of death.",
          "image": null
        }
      }
    },
    {
      "type": "Feature",
      "id": "text7804",
      "geometry": {
        "type": "Point",
        "coordinates": [
          -1.32112,
          45.858768
        ]
      },
      "properties": {
        "id": "text7804",
        "name": "Fyr Darric",
        "label": "FYR DARRIC",
        "category": "region",
        "in_gazetteer": true,
        "type": "Minor Division",
        "local_category": "High Realm",
        "formal_title": "High Realm of Fyr Darric, the Trickster's Wood",
        "part_of": "Athel Loren",
        "population": null,
        "svg_layer": "Provinces",
        "wiki": {
          "title": null,
          "url": "https://warhammerfantasy.fandom.com/wiki/Fyr_Darric",
          "description": "Fyr Darric, the Trickster's Wood, is a High Realm of Athel Loren, ruled by Lady Heggria of the Masque. Fyr Darric is the Elven god Loec the Trickster's holy ground within Athel Loren, the site of many shrines to his anarchic glory. Here too can be found the Feast Halls of the Wardance — the closest thing that the nomadic Wardancers of Athel Loren have to a home. As a result, the glades of Fyr Darric always resound to the sound of laughter, though much of it is mean-spirited. Every deception requires a victim, and the consequences can range from wounded pride to a slow death.",
          "image": null
        }
      }
    },
    {
      "type": "Feature",
      "id": "text248",
      "geometry": {
        "type": "Point",
        "coordinates": [
          -11.587487,
          45.010068
        ]
      },
      "properties": {
        "id": "text248",
        "name": "NOVARENO",
        "label": "NOVARENO",
        "category": "region",
        "in_gazetteer": false,
        "type": null,
        "local_category": "Province",
        "formal_title": null,
        "part_of": null,
        "population": null,
        "svg_layer": "Provinces",
        "wiki": {
          "title": null,
          "url": null,
          "description": null,
          "image": null
        }
      }
    },
    {
      "type": "Feature",
      "id": "text249",
      "geometry": {
        "type": "Point",
        "coordinates": [
          -20.14622,
          42.606504
        ]
      },
      "properties": {
        "id": "text249",
        "name": "AVILA",
        "label": "AVILA",
        "category": "region",
        "in_gazetteer": false,
        "type": null,
        "local_category": "Province",
        "formal_title": null,
        "part_of": null,
        "population": null,
        "svg_layer": "Provinces",
        "wiki": {
          "title": null,
          "url": null,
          "description": null,
          "image": null
        }
      }
    },
    {
      "type": "Feature",
      "id": "text250",
      "geometry": {
        "type": "Point",
        "coordinates": [
          -13.981338,
          41.526094
        ]
      },
      "properties": {
        "id": "text250",
        "name": "CANTONIA",
        "label": "CANTONIA",
        "category": "region",
        "in_gazetteer": false,
        "type": null,
        "local_category": "Province",
        "formal_title": null,
        "part_of": null,
        "population": null,
        "svg_layer": "Provinces",
        "wiki": {
          "title": null,
          "url": null,
          "description": null,
          "image": null
        }
      }
    },
    {
      "type": "Feature",
      "id": "text252",
      "geometry": {
        "type": "Point",
        "coordinates": [
          -11.042967,
          41.216981
        ]
      },
      "properties": {
        "id": "text252",
        "name": "GEULATA",
        "label": "GEULATA",
        "category": "region",
        "in_gazetteer": false,
        "type": null,
        "local_category": "Province",
        "formal_title": null,
        "part_of": null,
        "population": null,
        "svg_layer": "Provinces",
        "wiki": {
          "title": null,
          "url": null,
          "description": null,
          "image": null
        }
      }
    },
    {
      "type": "Feature",
      "id": "text253",
      "geometry": {
        "type": "Point",
        "coordinates": [
          -11.616046,
          40.153219
        ]
      },
      "properties": {
        "id": "text253",
        "name": "LARGHOZ",
        "label": "LARGHOZ",
        "category": "region",
        "in_gazetteer": false,
        "type": null,
        "local_category": "Province",
        "formal_title": null,
        "part_of": null,
        "population": null,
        "svg_layer": "Provinces",
        "wiki": {
          "title": null,
          "url": null,
          "description": null,
          "image": null
        }
      }
    },
    {
      "type": "Feature",
      "id": "text254",
      "geometry": {
        "type": "Point",
        "coordinates": [
          -18.098289,
          46.844615
        ]
      },
      "properties": {
        "id": "text254",
        "name": "CABRIA",
        "label": "CABRIA",
        "category": "region",
        "in_gazetteer": false,
        "type": null,
        "local_category": "Province",
        "formal_title": null,
        "part_of": null,
        "population": null,
        "svg_layer": "Provinces",
        "wiki": {
          "title": null,
          "url": null,
          "description": null,
          "image": null
        }
      }
    },
    {
      "type": "Feature",
      "id": "text255",
      "geometry": {
        "type": "Point",
        "coordinates": [
          -18.645353,
          44.82271
        ]
      },
      "properties": {
        "id": "text255",
        "name": "ESTREMA",
        "label": "ESTREMA",
        "category": "region",
        "in_gazetteer": false,
        "type": null,
        "local_category": "Province",
        "formal_title": null,
        "part_of": null,
        "population": null,
        "svg_layer": "Provinces",
        "wiki": {
          "title": null,
          "url": null,
          "description": null,
          "image": null
        }
      }
    },
    {
      "type": "Feature",
      "id": "text256",
      "geometry": {
        "type": "Point",
        "coordinates": [
          -19.46167,
          43.465302
        ]
      },
      "properties": {
        "id": "text256",
        "name": "LYSBOA Y OBREGON",
        "label": "LYSBOA Y OBREGON",
        "category": "region",
        "in_gazetteer": false,
        "type": null,
        "local_category": "Province",
        "formal_title": null,
        "part_of": null,
        "population": null,
        "svg_layer": "Provinces",
        "wiki": {
          "title": null,
          "url": null,
          "description": null,
          "image": null
        }
      }
    },
    {
      "type": "Feature",
      "id": "text257",
      "geometry": {
        "type": "Point",
        "coordinates": [
          -14.184463,
          40.25526
        ]
      },
      "properties": {
        "id": "text257",
        "name": "MENDORA",
        "label": "MENDORA",
        "category": "region",
        "in_gazetteer": false,
        "type": null,
        "local_category": "Province",
        "formal_title": null,
        "part_of": null,
        "population": null,
        "svg_layer": "Provinces",
        "wiki": {
          "title": null,
          "url": null,
          "description": null,
          "image": null
        }
      }
    },
    {
      "type": "Feature",
      "id": "text259",
      "geometry": {
        "type": "Point",
        "coordinates": [
          -12.170996,
          39.224465
        ]
      },
      "properties": {
        "id": "text259",
        "name": "ORETANO",
        "label": "ORETANO",
        "category": "region",
        "in_gazetteer": false,
        "type": null,
        "local_category": "Province",
        "formal_title": null,
        "part_of": null,
        "population": null,
        "svg_layer": "Provinces",
        "wiki": {
          "title": null,
          "url": null,
          "description": null,
          "image": null
        }
      }
    },
    {
      "type": "Feature",
      "id": "text261",
      "geometry": {
        "type": "Point",
        "coordinates": [
          -18.504129,
          42.430422
        ]
      },
      "properties": {
        "id": "text261",
        "name": "TARROCCO",
        "label": "TARROCCO",
        "category": "region",
        "in_gazetteer": false,
        "type": null,
        "local_category": "Province",
        "formal_title": null,
        "part_of": null,
        "population": null,
        "svg_layer": "Provinces",
        "wiki": {
          "title": null,
          "url": null,
          "description": null,
          "image": null
        }
      }
    },
    {
      "type": "Feature",
      "id": "text262",
      "geometry": {
        "type": "Point",
        "coordinates": [
          -11.985257,
          41.620052
        ]
      },
      "properties": {
        "id": "text262",
        "name": "ZARAGOZ",
        "label": "ZARAGOZ",
        "category": "region",
        "in_gazetteer": false,
        "type": null,
        "local_category": "Province",
        "formal_title": null,
        "part_of": null,
        "population": null,
        "svg_layer": "Provinces",
        "wiki": {
          "title": null,
          "url": null,
          "description": null,
          "image": null
        }
      }
    },
    {
      "type": "Feature",
      "id": "text265",
      "geometry": {
        "type": "Point",
        "coordinates": [
          -17.071046,
          43.319469
        ]
      },
      "properties": {
        "id": "text265",
        "name": "CARONA",
        "label": "CARONA",
        "category": "region",
        "in_gazetteer": false,
        "type": null,
        "local_category": "Province",
        "formal_title": null,
        "part_of": null,
        "population": null,
        "svg_layer": "Provinces",
        "wiki": {
          "title": null,
          "url": null,
          "description": null,
          "image": null
        }
      }
    },
    {
      "type": "Feature",
      "id": "text266",
      "geometry": {
        "type": "Point",
        "coordinates": [
          -21.599345,
          41.89817
        ]
      },
      "properties": {
        "id": "text266",
        "name": "BADAJOZ",
        "label": "BADAJOZ",
        "category": "region",
        "in_gazetteer": false,
        "type": null,
        "local_category": "Province",
        "formal_title": null,
        "part_of": null,
        "population": null,
        "svg_layer": "Provinces",
        "wiki": {
          "title": null,
          "url": null,
          "description": null,
          "image": null
        }
      }
    },
    {
      "type": "Feature",
      "id": "text266-5",
      "geometry": {
        "type": "Point",
        "coordinates": [
          -22.099705,
          28.432561
        ]
      },
      "properties": {
        "id": "text266-5",
        "name": "Al-Haikk",
        "label": "AL-HAIKK",
        "category": "region",
        "in_gazetteer": true,
        "type": "Major Division",
        "local_category": "Sultanate",
        "formal_title": "Sultanate of Al-Haikk",
        "part_of": "Araby",
        "population": null,
        "svg_layer": "Provinces",
        "wiki": {
          "title": "Alhaka",
          "url": "https://warhammerfantasy.fandom.com/wiki/Alhaka",
          "description": "Alhaka, more commonly known as Al-Haikk (which means \" City of Thieves \" in Arabyan ), and also called El-Haikk, is one of the four great cities of Araby. Its surrounding lands forms an independent principality ruled over by the Padishah, also known as the Great Sultan of All Araby, the Emperor of all Araby. Arabyan corsairs demand tribute from foreign vessels that navigate the waters near Araby, although some of these ships are guaranteed safe passage by the Sultan of All Araby himself.",
          "image": "https://static.wikia.nocookie.net/warhammerfb/images/e/ef/Araby_Canon_Map.png/revision/latest?cb=20230915232930"
        }
      }
    },
    {
      "type": "Feature",
      "id": "text16894",
      "geometry": {
        "type": "Point",
        "coordinates": [
          -24.309414,
          26.944691
        ]
      },
      "properties": {
        "id": "text16894",
        "name": "Martek",
        "label": "MARTEK",
        "category": "region",
        "in_gazetteer": true,
        "type": "Major Division",
        "local_category": "Caliphate",
        "formal_title": "Caliphate of Martek",
        "part_of": "Araby",
        "population": null,
        "svg_layer": "Provinces",
        "wiki": {
          "title": "Martek",
          "url": "https://warhammerfantasy.fandom.com/wiki/Martek",
          "description": "Martek is one of the four great cities of Araby. Its surrounding lands form an independent principality ruled over by a monarch with the title of caliph. The rulers and nobles of Martek are said to live in unimaginable luxury.",
          "image": "https://static.wikia.nocookie.net/warhammerfb/images/e/ef/Araby_Canon_Map.png/revision/latest?cb=20230915232930"
        }
      }
    },
    {
      "type": "Feature",
      "id": "text2601",
      "geometry": {
        "type": "Point",
        "coordinates": [
          2.236553,
          25.147459
        ]
      },
      "properties": {
        "id": "text2601",
        "name": "Numas",
        "label": "NUMAS",
        "category": "region",
        "in_gazetteer": true,
        "type": "Major Division",
        "local_category": "Kingdom",
        "formal_title": "The Tomb Kingdom of Numas",
        "part_of": "Nehekhara",
        "population": null,
        "svg_layer": "Provinces",
        "wiki": {
          "title": "Numas",
          "url": "https://warhammerfantasy.fandom.com/wiki/Numas",
          "description": "Numas, called the \" Scarab City,\" is one of the few cities within the Land of the Dead -- ancient Nehekhara -- that still bears the living within its walls. It was once known as the \"Breadbasket of the Kingdom.\"",
          "image": "https://static.wikia.nocookie.net/warhammerfb/images/b/b9/Flag_of_Numas.png/revision/latest?cb=20230609160934"
        }
      }
    },
    {
      "type": "Feature",
      "id": "text2602",
      "geometry": {
        "type": "Point",
        "coordinates": [
          -7.916699,
          23.653488
        ]
      },
      "properties": {
        "id": "text2602",
        "name": "Zandri",
        "label": "ZANDRI",
        "category": "region",
        "in_gazetteer": true,
        "type": "Major Division",
        "local_category": "Kingdom",
        "formal_title": "The Tomb Kingdom of Zandri",
        "part_of": "Nehekhara",
        "population": null,
        "svg_layer": "Provinces",
        "wiki": {
          "title": "Zandri",
          "url": "https://warhammerfantasy.fandom.com/wiki/Zandri",
          "description": "Zandri, the \" Fleetport of Terror, \" once known as \" The City of the Waves,\" was once a wealthy and powerful port city of Nehekhara, now the realm of the Undead Tomb Kings called the Land of the Dead. Zandri commands the waters off the coast of the Great Mortis Delta. Qu'aph, the god of serpents and subtlety in the Nehekharan Pantheon, is the patron god of the city.",
          "image": "https://static.wikia.nocookie.net/warhammerfb/images/0/0e/IconOfZandriWarhammerTheOldWorld.webp/revision/latest?cb=20240123222508"
        }
      }
    },
    {
      "type": "Feature",
      "id": "text802",
      "geometry": {
        "type": "Point",
        "coordinates": [
          -1.335809,
          22.466347
        ]
      },
      "properties": {
        "id": "text802",
        "name": "Khemri",
        "label": "KHEMRI",
        "category": "region",
        "in_gazetteer": true,
        "type": "Major Division",
        "local_category": "Kingdom",
        "formal_title": "The Great Kingdom of Khemri",
        "part_of": "Nehekhara",
        "population": null,
        "svg_layer": "Provinces",
        "wiki": {
          "title": "Khemri",
          "url": "https://warhammerfantasy.fandom.com/wiki/Khemri",
          "description": "Khemri, called the \" City of Kings,\" the \" Land of Khemri,\" and in ancient times \" The Living City,\" was once the capital of the empire of the Tomb King Settra, jewel in the crown of the ancient Human land of Nehekhara and the greatest and most powerful of its city-states.",
          "image": "https://static.wikia.nocookie.net/warhammerfb/images/4/4e/Khemri_Flag.webp/revision/latest?cb=20230609160107"
        }
      }
    },
    {
      "type": "Feature",
      "id": "text2980",
      "geometry": {
        "type": "Point",
        "coordinates": [
          18.465621,
          14.776831
        ]
      },
      "properties": {
        "id": "text2980",
        "name": "Lybaras",
        "label": "LYBARAS",
        "category": "region",
        "in_gazetteer": true,
        "type": "Major Division",
        "local_category": "Kingdom",
        "formal_title": "The Tomb Kingdom of Lybaras",
        "part_of": "Nehekhara",
        "population": null,
        "svg_layer": "Provinces",
        "wiki": {
          "title": "Lybaras",
          "url": "https://warhammerfantasy.fandom.com/wiki/Lybaras",
          "description": "Lybaras (pronounced \"LEE-bah-rahs\"), called the \" Tomb City of Asaph,\" known also as \" Lybaras the Magnificent,\" \" Lybaras Which Guards the Sea,\" and the \" City of Scholars,\" was one of several powerful city-states of ancient Nehekhara, once renowned for the quality of its scholars and the many wondrous inventions they created.",
          "image": "https://static.wikia.nocookie.net/warhammerfb/images/1/1a/Flag_of_Lybaras.webp/revision/latest?cb=20230609162112"
        }
      }
    },
    {
      "type": "Feature",
      "id": "text7116",
      "geometry": {
        "type": "Point",
        "coordinates": [
          11.840672,
          9.486757
        ]
      },
      "properties": {
        "id": "text7116",
        "name": "Rasetra",
        "label": "RASETRA",
        "category": "region",
        "in_gazetteer": true,
        "type": "Major Division",
        "local_category": "Kingdom",
        "formal_title": "The Tomb Kingdom of Rasetra",
        "part_of": "Nehekhara",
        "population": null,
        "svg_layer": "Provinces",
        "wiki": {
          "title": "Rasetra",
          "url": "https://warhammerfantasy.fandom.com/wiki/Rasetra",
          "description": "Rasetra, also known as the \" Fortress of Vengeful Souls,\" is one of the ancient city-states of the lost Human realm of Nehekhara, now the Land of the Dead. Built during the reign of King Rakhash of the Second Dynasty of Khemri, the city was built as a bulwark against the creatures of the southern jungles of the Southlands and was the farthest away from the internal warfare of Nehekhara's city-states, making it the last to usually be conquered. By the time of the Third Dynasty of Khemri, the city was once more conquered by King Khetep, as was all of Nehekhara, but the city's forces joined in the attack on Khemri during the reign of Nagash, Khetep's son.",
          "image": "https://static.wikia.nocookie.net/warhammerfb/images/c/c5/IconOfRasetraWarhammerTheOldWorld.webp/revision/latest?cb=20240123184734"
        }
      }
    },
    {
      "type": "Feature",
      "id": "text7136",
      "geometry": {
        "type": "Point",
        "coordinates": [
          -0.224337,
          14.082953
        ]
      },
      "properties": {
        "id": "text7136",
        "name": "Quatar",
        "label": "QUATAR",
        "category": "region",
        "in_gazetteer": true,
        "type": "Major Division",
        "local_category": "Kingdom",
        "formal_title": "The Tomb Kingdom of Quatar",
        "part_of": "Nehekhara",
        "population": null,
        "svg_layer": "Provinces",
        "wiki": {
          "title": "Quatar",
          "url": "https://warhammerfantasy.fandom.com/wiki/Quatar",
          "description": "Quatar, known as the \" Palace of Corpses,\" is one of the ancient city-states of the lost Human realm of Nehekhara. It was once known as the \" White Palace,\" and renowned as the guardian of the royal tombs of the Valley of Kings that is now known as the Charnel Valley. Founded in the earliest days of Nehekhara, the palace of Quatar was once one of the wealthiest city-states of the Great Land.",
          "image": "https://static.wikia.nocookie.net/warhammerfb/images/5/5b/IconOfQuatarWarhammerTheOldWorld.webp/revision/latest?cb=20240123213312"
        }
      }
    },
    {
      "type": "Feature",
      "id": "text7137",
      "geometry": {
        "type": "Point",
        "coordinates": [
          -4.623841,
          13.177134
        ]
      },
      "properties": {
        "id": "text7137",
        "name": "Bhagar",
        "label": "BHAGAR",
        "category": "region",
        "in_gazetteer": true,
        "type": "Major Division",
        "local_category": "Kingdom",
        "formal_title": "The Tomb Kingdom of Bhagar",
        "part_of": "Nehekhara",
        "population": null,
        "svg_layer": "Provinces",
        "wiki": {
          "title": "Bhagar",
          "url": "https://warhammerfantasy.fandom.com/wiki/Bhagar",
          "description": "Bhagar, called the \" Eternal Necropolis,\" is one of the ancient city-states of Nehekhara now ruled by the Undead Tomb Kings, located in the southern Land of the Dead.",
          "image": "https://static.wikia.nocookie.net/warhammerfb/images/3/39/IconOfBhagarWarhammerTheOldWorld.webp/revision/latest?cb=20240123203829"
        }
      }
    },
    {
      "type": "Feature",
      "id": "text7138",
      "geometry": {
        "type": "Point",
        "coordinates": [
          -2.389852,
          10.355909
        ]
      },
      "properties": {
        "id": "text7138",
        "name": "Ka-Sabar",
        "label": "KA-SABAR",
        "category": "region",
        "in_gazetteer": true,
        "type": "Major Division",
        "local_category": "Kingdom",
        "formal_title": "The Tomb Kingdom of Ka-Sabar",
        "part_of": "Nehekhara",
        "population": null,
        "svg_layer": "Provinces",
        "wiki": {
          "title": "Ka-Sabar",
          "url": "https://warhammerfantasy.fandom.com/wiki/Ka-Sabar",
          "description": "Ka-Sabar, also spelled Ka Sabar, or Ka-Asar, once known as the \" City of Bronze \" and now called the \" Temple of Sorrow,\" was an ancient Nehekharan city-state hidden amongst the drifting sand dunes of the Great Sandy Desert. Later it was settled by Arabyans and became a well-known city-state of that people. Ka-Sabar is said to be covered in glyphs carved by a forgotten race older than Nehekhara itself.",
          "image": "https://static.wikia.nocookie.net/warhammerfb/images/8/82/IconOfKa-SabarWarhammerTheOldWorld.webp/revision/latest?cb=20240123190747"
        }
      }
    },
    {
      "type": "Feature",
      "id": "text1016",
      "geometry": {
        "type": "Point",
        "coordinates": [
          14.299399,
          16.077336
        ]
      },
      "properties": {
        "id": "text1016",
        "name": "Mahrak",
        "label": "MAHRAK",
        "category": "region",
        "in_gazetteer": true,
        "type": "Major Division",
        "local_category": "Kingdom",
        "formal_title": "The Tomb Kingdom of Mahrak",
        "part_of": "Nehekhara",
        "population": null,
        "svg_layer": "Provinces",
        "wiki": {
          "title": "Mahrak",
          "url": "https://warhammerfantasy.fandom.com/wiki/Mahrak",
          "description": "Mahrak, once called the \" City of Hope \", and considered in ancient times as the birthplace of the religion of the Nehekharan Pantheon, is now known as the \" City of Decay,\" one of the ancient city-states of the Land of the Dead, the fallen Human realm of Nehekhara.",
          "image": "https://static.wikia.nocookie.net/warhammerfb/images/c/c2/IconOfMahrakWarhammerTheOldWorld.webp/revision/latest?cb=20240123155801"
        }
      }
    },
    {
      "type": "Feature",
      "id": "text3002",
      "geometry": {
        "type": "Point",
        "coordinates": [
          7.953356,
          56.778639
        ]
      },
      "properties": {
        "id": "text3002",
        "name": "Kislev",
        "label": "KISLEV",
        "category": "region",
        "in_gazetteer": true,
        "type": "Nation",
        "local_category": "Tsardom",
        "formal_title": "Tsardom of Kislev",
        "part_of": null,
        "population": null,
        "svg_layer": "Nation-States",
        "wiki": {
          "title": null,
          "url": "https://warhammerfantasy.fandom.com/wiki/Kislev",
          "description": "Kislev, officially the Tzardom of Kislev, also known as the \"Realm of the Ice Queen,\" and to the Kislevites themselves as \"The Motherland,\" is the most northerly Human realm of the Old World. It is a powerful kingdom defined by the constant need to prepare for incessant warfare against the tribes of the Chaos-worshipping Northmen on their borders. Kislev is known far and wide for having some of the greatest horsemen to ever roam the plains of the southern realms. Ruled by a mighty monarch known as a \"tzar\" or \"tzarina,\" Kislev is a nation born from the saddle, its people's ancestry traced to the mighty horse-warriors of the Gospodar tribe who inhabited the Eastern Steppes for many millennia.",
          "image": null
        }
      }
    },
    {
      "type": "Feature",
      "id": "text3003",
      "geometry": {
        "type": "Point",
        "coordinates": [
          4.051711,
          51.801609
        ]
      },
      "properties": {
        "id": "text3003",
        "name": "The Empire",
        "label": "THE EMPIRE",
        "category": "region",
        "in_gazetteer": true,
        "type": "Nation",
        "local_category": "Empire",
        "formal_title": "The Empire of Man",
        "part_of": null,
        "population": null,
        "svg_layer": "Nation-States",
        "wiki": {
          "title": null,
          "url": "https://warhammerfantasy.fandom.com/wiki/The_Empire",
          "description": "The Empire, officially the Empire of Man, is an electoral monarchy composed of semiautonomous feudal states called \"Electoral Provinces\" or \"Grand Provinces.\" The Empire is the largest, most populous, most powerful and most important of the nations of Men in the Old World.",
          "image": null
        }
      }
    },
    {
      "type": "Feature",
      "id": "text3004",
      "geometry": {
        "type": "Point",
        "coordinates": [
          4.626823,
          40.135128
        ]
      },
      "properties": {
        "id": "text3004",
        "name": "Border Princes",
        "label": "BORDER PRINCES",
        "category": "region",
        "in_gazetteer": true,
        "type": "Nation",
        "local_category": "Region",
        "formal_title": "The Border Principalities",
        "part_of": null,
        "population": null,
        "svg_layer": "Nation-States",
        "wiki": {
          "title": null,
          "url": "https://warhammerfantasy.fandom.com/wiki/Border_Princes",
          "description": "The Border Principalities are a vast region within the Old World located east of the Tilean city-states between the Black Mountains and Black Fire Pass to the north and the shores of the Black Gulf to the south. This region of vast wilderness is home to a multitude of petty kingdoms of Men that were established by highly ambitious adventurers who sought to create a realm of their own. These adventurers were often political or religious refugees fleeing from other Human realms of the Old World such as the Empire, Bretonnia and Tilea, but also from even more distant lands such as Kislev.",
          "image": null
        }
      }
    },
    {
      "type": "Feature",
      "id": "text3005",
      "geometry": {
        "type": "Point",
        "coordinates": [
          -6.160866,
          48.074188
        ]
      },
      "properties": {
        "id": "text3005",
        "name": "Bretonnia",
        "label": "BRETONNIA",
        "category": "region",
        "in_gazetteer": true,
        "type": "Nation",
        "local_category": "Kingdom",
        "formal_title": "The Royarchy of Bretonnia",
        "part_of": null,
        "population": null,
        "svg_layer": "Nation-States",
        "wiki": {
          "title": null,
          "url": "https://warhammerfantasy.fandom.com/wiki/Bretonnia",
          "description": "Bretonnia, formally the Kingdom of Bretonnia, also known more prosaically as the \"Land of Chivalry,\" is a highly martial Human feudal kingdom of the Old World that lies between the lands of the Grey Mountains and the Great Ocean. Bretonnia is second only in size to that of the Empire among the realms of Men in the Old World, and is both the Empire's chief rival and closest ally, having a culture and society that revolves around the ideals of nobility, a strict social hierarchy based on aristocratic birthright, and the upholding of a strictly enforced code of chivalry.",
          "image": null
        }
      }
    },
    {
      "type": "Feature",
      "id": "text3007",
      "geometry": {
        "type": "Point",
        "coordinates": [
          -1.285777,
          45.432221
        ]
      },
      "properties": {
        "id": "text3007",
        "name": "Athel Loren",
        "label": "ATHEL LOREN",
        "category": "region",
        "in_gazetteer": true,
        "type": "Nation",
        "local_category": "Region",
        "formal_title": "The Woodland Realm of Athel Loren",
        "part_of": null,
        "population": null,
        "svg_layer": "Nation-States",
        "wiki": {
          "title": null,
          "url": "https://warhammerfantasy.fandom.com/wiki/Athel_Loren",
          "description": "Athel Loren, also known as the Everwood in the Empire, and the Whispering Wood or the Fey Forest among the Dwarfs, is a large forest between the Empire and Bretonnia, on the western slopes of the Grey Mountains. It is here that the Wood Elves established their home millennia ago when the majority of the Elves in the Old World returned to Ulthuan, following the Sundering and the War of the Ancients. Athel Loren is ruled by two powerful Elves called Ariel and Orion who are possessed by deities representative of aspects of nature. They are said to be the aethyric conscience of the forest itself. Ariel being the peaceful regenerative representation of nature, and Orion is the warlike unpredictable side.",
          "image": null
        }
      }
    },
    {
      "type": "Feature",
      "id": "text3010",
      "geometry": {
        "type": "Point",
        "coordinates": [
          -2.830652,
          53.925745
        ]
      },
      "properties": {
        "id": "text3010",
        "name": "Westerland",
        "label": "WESTERLAND",
        "category": "region",
        "in_gazetteer": true,
        "type": "Nation",
        "local_category": "Nation-State",
        "formal_title": "Sovereign Barony of the Westerland",
        "part_of": null,
        "population": null,
        "svg_layer": "Nation-States",
        "wiki": {
          "title": null,
          "url": "https://warhammerfantasy.fandom.com/wiki/The_Wasteland",
          "description": "The Wasteland, formerly the Electoral Province of the Empire of Man known as the Barony of Westerland, or just the Westerland, is the coastal region of moors and swamps that surrounds the mouth of the River Reik and is the homeland of the prosperous commercial city-state of Marienburg. The Wasteland was for centuries a part of the Empire, first conquered in 501 IC by Emperor Sigismund II, until the Westerland seceded during the reign of Emperor Dieter IV in 2429 IC by providing the emperor with a hefty bribe in return for its independence. Thereafter, the region was simply known as \"the Wasteland.\"",
          "image": null
        }
      }
    },
    {
      "type": "Feature",
      "id": "text1452",
      "geometry": {
        "type": "Point",
        "coordinates": [
          -14.263978,
          43.884362
        ]
      },
      "properties": {
        "id": "text1452",
        "name": "Estalia",
        "label": "ESTALIA",
        "category": "region",
        "in_gazetteer": true,
        "type": "Nation",
        "local_category": "Region",
        "formal_title": "Kingdoms of Estalia",
        "part_of": null,
        "population": null,
        "svg_layer": "Nation-States",
        "wiki": {
          "title": null,
          "url": "https://warhammerfantasy.fandom.com/wiki/Estalia",
          "description": "Estalia is a peninsula of the southwestern Old World that is home to a collection of petty kingdoms of Men sometimes collectively referred to as the Estalian Kingdoms. Estalia is located south of Bretonnia and south-west of the Empire of Man. A warm land of ancient kingdoms that mostly look inward in all matters save for trade, Estalia is known abroad for its affable merchants and talented duellists who are as quick with their wits as their flashing blades. Estalians are a people proud of their beautiful cities and old traditions.",
          "image": null
        }
      }
    },
    {
      "type": "Feature",
      "id": "text1453",
      "geometry": {
        "type": "Point",
        "coordinates": [
          -4.546843,
          38.241917
        ]
      },
      "properties": {
        "id": "text1453",
        "name": "Tilea",
        "label": "TILEA",
        "category": "region",
        "in_gazetteer": true,
        "type": "Nation",
        "local_category": "Region",
        "formal_title": "City-States of Tilea",
        "part_of": null,
        "population": null,
        "svg_layer": "Nation-States",
        "wiki": {
          "title": null,
          "url": "https://warhammerfantasy.fandom.com/wiki/Tilea",
          "description": "Tilea is a large, fertile peninsula located in the southern Old World, along the tranquil coast of the warm and bountiful Tilean Sea. Once a united republic centered on the city of Remas, Tilea has long since fractured into a series of city-states bound by complex trade agreements and elaborate treaties, beset by generations-long vendettas. The wealthy city-states of Tilea, sometimes collectively referred to as the Tilean City-States, dot Tilea's landscape and share similar cultural ideals, embracing trade, exploration, progress, and civil war with almost equal passion.",
          "image": null
        }
      }
    },
    {
      "type": "Feature",
      "id": "text1454",
      "geometry": {
        "type": "Point",
        "coordinates": [
          -1.114153,
          63.148373
        ]
      },
      "properties": {
        "id": "text1454",
        "name": "Norsca",
        "label": "NORSCA",
        "category": "region",
        "in_gazetteer": true,
        "type": "Nation",
        "local_category": "Region",
        "formal_title": "Tribes of Norsca",
        "part_of": null,
        "population": null,
        "svg_layer": "Nation-States",
        "wiki": {
          "title": null,
          "url": "https://warhammerfantasy.fandom.com/wiki/Norsca",
          "description": "Norsca is a frigid, arctic peninsula and Human cultural region located in the far north of the Old World, though not officially considered a cultural or historical part of it by southern scholars. Norsca lies on the very doorstep of the northern Chaos Wastes themselves. It is bordered to the south by the freezing waters of the Sea of Claws, to the north by the Sea of Chaos and the Chaos Wastes, and to the east by the roving Kurgan tribes of the Eastern Steppes.",
          "image": null
        }
      }
    },
    {
      "type": "Feature",
      "id": "text5846",
      "geometry": {
        "type": "Point",
        "coordinates": [
          -18.502293,
          58.331216
        ]
      },
      "properties": {
        "id": "text5846",
        "name": "Albion",
        "label": "ALBION",
        "category": "region",
        "in_gazetteer": true,
        "type": "Nation",
        "local_category": "Region",
        "formal_title": "Isle of Great Albion",
        "part_of": null,
        "population": null,
        "svg_layer": "Nation-States",
        "wiki": {
          "title": null,
          "url": "https://warhammerfantasy.fandom.com/wiki/Albion",
          "description": "Albion, also known in some tales as Great Albion, the \"Isle of Mists\", or the \"Misty Island\", is a small, windswept island located off the western coast of Norsca in the Great Ocean a hundred leagues at most north of the coastline of the Empire of Man. It is said that it rains every day in Albion, that the islands are shrouded in mist and heavy fog while the land is predominantly bogs, marshes and fens. This cold, damp and gloomy environment is inhabited by primitive tribes of woad-wearing Men, led by the magic-users known as Truthsayers, sometimes erroneously called \"druids,\" who are the guardians of the mysterious stone circles called Ogham Stones present throughout the island.",
          "image": null
        }
      }
    },
    {
      "type": "Feature",
      "id": "text5847",
      "geometry": {
        "type": "Point",
        "coordinates": [
          0.545595,
          73.024014
        ]
      },
      "properties": {
        "id": "text5847",
        "name": "Chaos Wastes",
        "label": "CHAOS WASTES",
        "category": "region",
        "in_gazetteer": true,
        "type": "Nation",
        "local_category": "Region",
        "formal_title": "The Chaos Wastes",
        "part_of": null,
        "population": null,
        "svg_layer": "Nation-States",
        "wiki": {
          "title": null,
          "url": "https://warhammerfantasy.fandom.com/wiki/Chaos_Wastes",
          "description": "The Chaos Wastes, also known as the Northern Wastes, the Shadowlands, Umbra Chaotica, or simply the Northlands, is a hellish region of barren tundra that lies far to the north of the Old World, the New World and the Far East where the physical world of Mallus is warped by and blends with the magical energies of the Realm of Chaos until it is impossible to tell where one plane ends and the other begins. These are the borderlands of the mortal world which form a ring of shadow that surrounds the ultimate darkness of the Realm of Chaos within.",
          "image": null
        }
      }
    },
    {
      "type": "Feature",
      "id": "text5848",
      "geometry": {
        "type": "Point",
        "coordinates": [
          21.849007,
          53.778308
        ]
      },
      "properties": {
        "id": "text5848",
        "name": "Dark Lands",
        "label": "DARK LANDS",
        "category": "region",
        "in_gazetteer": true,
        "type": "Nation",
        "local_category": "Region",
        "formal_title": "The Despotic Hegemony of Zharr-Naggrund",
        "part_of": null,
        "population": null,
        "svg_layer": "Nation-States",
        "wiki": {
          "title": null,
          "url": "https://warhammerfantasy.fandom.com/wiki/Dark_Lands",
          "description": "The Dark Lands are a stark and cheerless place in the Far East of the Known World beyond the boundaries of the Old World where nature has rent the ground and burst the mountains apart. Amongst the peaks volcanoes spew black smoke into the filthy sky. In the plains the stench of tar pits and oil pools hangs heavily in the air. Steaming lava from beneath the earth's crust covers the ash wastes with a blanket of bubbling magma.",
          "image": null
        }
      }
    },
    {
      "type": "Feature",
      "id": "text5850",
      "geometry": {
        "type": "Point",
        "coordinates": [
          4.862828,
          32.203128
        ]
      },
      "properties": {
        "id": "text5850",
        "name": "The Badlands",
        "label": "THE BADLANDS",
        "category": "region",
        "in_gazetteer": true,
        "type": "Nation",
        "local_category": "Region",
        "formal_title": "The Badlands",
        "part_of": null,
        "population": null,
        "svg_layer": "Nation-States",
        "wiki": {
          "title": null,
          "url": "https://warhammerfantasy.fandom.com/wiki/Badlands",
          "description": "The Badlands, called the \"Blight\" among the Elves, is the name given to a desolate region of barren rock, arid plains and searing desert that stretches between the towering Worlds Edge Mountains and the shores of the Black Gulf located in the southernmost tip of the Old World.",
          "image": null
        }
      }
    },
    {
      "type": "Feature",
      "id": "text6901",
      "geometry": {
        "type": "Point",
        "coordinates": [
          -26.540811,
          25.293023
        ]
      },
      "properties": {
        "id": "text6901",
        "name": "Araby",
        "label": "ARABY",
        "category": "region",
        "in_gazetteer": true,
        "type": "Nation",
        "local_category": "Kingdom",
        "formal_title": "Grand Sultanate of All Araby",
        "part_of": null,
        "population": null,
        "svg_layer": "Nation-States",
        "wiki": {
          "title": "Araby",
          "url": "https://warhammerfantasy.fandom.com/wiki/Araby",
          "description": "Araby, sometimes called Arabia, is an ancient realm of Men that lies far to the south of the nations of the Old World, home to magnificent mercantile cities and savage tribes of desert nomads alike. It is a strange and exotic country, ruled by powerful sultans and desert sheikhs. Araby is located south of the Old World, west of the Land of the Dead and northwest of the Southlands ' rainforests.",
          "image": "https://static.wikia.nocookie.net/warhammerfb/images/e/ef/Araby_Canon_Map.png/revision/latest?cb=20230915232930"
        }
      }
    },
    {
      "type": "Feature",
      "id": "text16998",
      "geometry": {
        "type": "Point",
        "coordinates": [
          -20.343518,
          73.436493
        ]
      },
      "properties": {
        "id": "text16998",
        "name": "Chaos Wastes",
        "label": "CHAOS WASTES",
        "category": "region",
        "in_gazetteer": true,
        "type": "Nation",
        "local_category": "Region",
        "formal_title": "The Chaos Wastes",
        "part_of": null,
        "population": null,
        "svg_layer": "Nation-States",
        "wiki": {
          "title": null,
          "url": "https://warhammerfantasy.fandom.com/wiki/Chaos_Wastes",
          "description": "The Chaos Wastes, also known as the Northern Wastes, the Shadowlands, Umbra Chaotica, or simply the Northlands, is a hellish region of barren tundra that lies far to the north of the Old World, the New World and the Far East where the physical world of Mallus is warped by and blends with the magical energies of the Realm of Chaos until it is impossible to tell where one plane ends and the other begins. These are the borderlands of the mortal world which form a ring of shadow that surrounds the ultimate darkness of the Realm of Chaos within.",
          "image": null
        }
      }
    },
    {
      "type": "Feature",
      "id": "text2636",
      "geometry": {
        "type": "Point",
        "coordinates": [
          21.807341,
          37.694976
        ]
      },
      "properties": {
        "id": "text2636",
        "name": "Dark Lands",
        "label": "DARK LANDS",
        "category": "region",
        "in_gazetteer": true,
        "type": "Nation",
        "local_category": "Region",
        "formal_title": "The Despotic Hegemony of Zharr-Naggrund",
        "part_of": null,
        "population": null,
        "svg_layer": "Nation-States",
        "wiki": {
          "title": null,
          "url": "https://warhammerfantasy.fandom.com/wiki/Dark_Lands",
          "description": "The Dark Lands are a stark and cheerless place in the Far East of the Known World beyond the boundaries of the Old World where nature has rent the ground and burst the mountains apart. Amongst the peaks volcanoes spew black smoke into the filthy sky. In the plains the stench of tar pits and oil pools hangs heavily in the air. Steaming lava from beneath the earth's crust covers the ash wastes with a blanket of bubbling magma.",
          "image": null
        }
      }
    },
    {
      "type": "Feature",
      "id": "text3011",
      "geometry": {
        "type": "Point",
        "coordinates": [
          1.027543,
          56.795593
        ]
      },
      "properties": {
        "id": "text3011",
        "name": "Nordland",
        "label": "NORDLAND",
        "category": "region",
        "in_gazetteer": true,
        "type": "Major Division",
        "local_category": "Grand-Province",
        "formal_title": "Grand Barony of Nordland",
        "part_of": "The Empire",
        "population": 1922000,
        "svg_layer": "Grand-Provinces",
        "wiki": {
          "title": null,
          "url": "https://warhammerfantasy.fandom.com/wiki/Nordland",
          "description": "Nordland, officially the Grand Barony of Nordland, is an Electoral Province of the Empire that lies on the northwestern shores of that realm. The lands of Nordland did not truly exist during the founding of the Empire, for the Was Jutones of what would become both Nordland and Westerland refused Emperor Sigmar's invitation to join his new Empire. It wasn't until the 8th century IC that the Was Jutones were finally subjugated and forced into the Empire as a new province by Emperor Sigismund II.",
          "image": null
        }
      }
    },
    {
      "type": "Feature",
      "id": "text3012",
      "geometry": {
        "type": "Point",
        "coordinates": [
          5.81655,
          55.151649
        ]
      },
      "properties": {
        "id": "text3012",
        "name": "Ostland",
        "label": "OSTLAND",
        "category": "region",
        "in_gazetteer": true,
        "type": "Major Division",
        "local_category": "Grand-Province",
        "formal_title": "Grand Principality of Ostland",
        "part_of": "The Empire",
        "population": 1552000,
        "svg_layer": "Grand-Provinces",
        "wiki": {
          "title": null,
          "url": "https://warhammerfantasy.fandom.com/wiki/Ostland",
          "description": "Ostland, formally the Grand Principality of Ostland, is a founding Electoral Province of the Empire that makes up much of the northern border of that nation. Ostland is a realm of damp, creeping mists and shifting shadows, and is covered almost entirely by the dark canopy of the Forest of Shadows. The people of this land have learned to live out a rugged life among the ancient trees, clearing patches of land for their farms and settlements, and keeping a watchful eye on the dark depths of the forest.",
          "image": null
        }
      }
    },
    {
      "type": "Feature",
      "id": "text3013",
      "geometry": {
        "type": "Point",
        "coordinates": [
          9.514066,
          52.879134
        ]
      },
      "properties": {
        "id": "text3013",
        "name": "Ostermark",
        "label": "OSTERMARK",
        "category": "region",
        "in_gazetteer": true,
        "type": "Major Division",
        "local_category": "Grand-Province",
        "formal_title": "League of Ostermark",
        "part_of": "The Empire",
        "population": 2233000,
        "svg_layer": "Grand-Provinces",
        "wiki": {
          "title": null,
          "url": "https://warhammerfantasy.fandom.com/wiki/Ostermark",
          "description": "Ostermark, officially the League of Ostermark, but sometimes called the \"East March\", is an Electoral Province of the Empire of Man that was formally founded only very late in Imperial history. It lies at the far north-eastern corner of the Empire. Though Ostermark existed at the time the Empire was founded by Sigmar, the League of Ostermark itself was formed out of the chaos of the late 19th century IC during the Age of Three Emperors, when its former capital of Mordheim was struck by a comet of tremendous size. The resulting destruction of the province's central government and the death of its ruling family led the remaining towns and villages of the lands of Ostermark to band together and form a new, oligarchic government which would later become known as the League of Ostermark.",
          "image": null
        }
      }
    },
    {
      "type": "Feature",
      "id": "text3014",
      "geometry": {
        "type": "Point",
        "coordinates": [
          4.92936,
          49.196877
        ]
      },
      "properties": {
        "id": "text3014",
        "name": "Stirland",
        "label": "STIRLAND",
        "category": "region",
        "in_gazetteer": true,
        "type": "Major Division",
        "local_category": "Grand-Province",
        "formal_title": "Grand County of Stirland",
        "part_of": "The Empire",
        "population": 3077000,
        "svg_layer": "Grand-Provinces",
        "wiki": {
          "title": null,
          "url": "https://warhammerfantasy.fandom.com/wiki/Stirland",
          "description": "Stirland, officially the Grand County of Stirland, is a founding Electoral Province of the Empire that extends to the eastern frontier of that nation. Stirland is a rugged highland province famous for its rural backwater society and the province's close affiliation with death. Such attitudes stem from the province's close association with its constituent County of Sylvania, a haunted land defined by misty forests, ancient castles resting on craggy peaks like circling vultures and the tendency of its dead to emerge from their graves at regular intervals.",
          "image": null
        }
      }
    },
    {
      "type": "Feature",
      "id": "text3015",
      "geometry": {
        "type": "Point",
        "coordinates": [
          0.340078,
          53.075709
        ]
      },
      "properties": {
        "id": "text3015",
        "name": "Middenland",
        "label": "MIDDENLAND",
        "category": "region",
        "in_gazetteer": true,
        "type": "Major Division",
        "local_category": "Grand-Province",
        "formal_title": "Grand Duchies of Middenland and Middenheim",
        "part_of": "The Empire",
        "population": 3120000,
        "svg_layer": "Grand-Provinces",
        "wiki": {
          "title": null,
          "url": "https://warhammerfantasy.fandom.com/wiki/Middenland",
          "description": "Middenland, officially the Grand Duchies of Middenland and Middenheim, is a founding Electoral Province of the Empire that lies in the north-central region of that realm. Towering above the gloomy canopies of the Drakwald Forest is a sheer-sided pinnacle of white rock atop which sits the fortress city-state of Middenheim, capital of Middenland and the sacred City of the White Wolf. The White Wolf is the holy symbol of Ulric, the Imperial god of war, winter and wolves.",
          "image": null
        }
      }
    },
    {
      "type": "Feature",
      "id": "text3016",
      "geometry": {
        "type": "Point",
        "coordinates": [
          3.810235,
          54.3701
        ]
      },
      "properties": {
        "id": "text3016",
        "name": "Hochland",
        "label": "HOCHLAND",
        "category": "region",
        "in_gazetteer": true,
        "type": "Major Division",
        "local_category": "Grand-Province",
        "formal_title": "Grand Barony of Hochland",
        "part_of": "The Empire",
        "population": 744000,
        "svg_layer": "Grand-Provinces",
        "wiki": {
          "title": null,
          "url": "https://warhammerfantasy.fandom.com/wiki/Hochland",
          "description": "Hochland, officially the Grand Barony of Hochland, is one of the founding Electoral Provinces of the Empire. It lies in the north-central region of the Old World. Within the boundaries of Hochland, like its neighbor Ostland, lies a portion of the Middle Mountains and vast tracts of untamed wilderness. Because of these similarities, Hochland is often compared to its larger and wealthier northern neighbor. \"Ostland's little brother\" is a term often used to describe the Grand Barony, although never in Hochland itself.",
          "image": null
        }
      }
    },
    {
      "type": "Feature",
      "id": "text3017",
      "geometry": {
        "type": "Point",
        "coordinates": [
          3.441906,
          51.341474
        ]
      },
      "properties": {
        "id": "text3017",
        "name": "Talabecland",
        "label": "TALABECLAND",
        "category": "region",
        "in_gazetteer": true,
        "type": "Major Division",
        "local_category": "Grand-Province",
        "formal_title": "Grand Duchy of Talabecland",
        "part_of": "The Empire",
        "population": 2972000,
        "svg_layer": "Grand-Provinces",
        "wiki": {
          "title": null,
          "url": "https://warhammerfantasy.fandom.com/wiki/Talabecland",
          "description": "Talabecland, officially the Grand Duchy of Talabecland, is one of the founding Electoral Provinces of the Empire of Man and is located at its geographical centre. The provincial capital city of Talabecland is Talabheim, a large city-state built inside a titanic meteorite crater miles upon miles wide. The very province itself is named after Taal, the god of nature and the wilderness in the Old World Pantheon, and he, along with his wife Rhya, goddess of agriculture and fertility, are considered the province's patron gods.",
          "image": null
        }
      }
    },
    {
      "type": "Feature",
      "id": "text3018",
      "geometry": {
        "type": "Point",
        "coordinates": [
          -0.602536,
          50.531818
        ]
      },
      "properties": {
        "id": "text3018",
        "name": "Reikland",
        "label": "REIKLAND",
        "category": "region",
        "in_gazetteer": true,
        "type": "Major Division",
        "local_category": "Grand-Province",
        "formal_title": "Grand Principality of the Reikland",
        "part_of": "The Empire",
        "population": 4281000,
        "svg_layer": "Grand-Provinces",
        "wiki": {
          "title": null,
          "url": "https://warhammerfantasy.fandom.com/wiki/Reikland",
          "description": "Reikland, officially the Grand Principality of the Reikland, is one of the founding Electoral Provinces of the Empire of Man. It is located in the southwestern Empire in the centre of the Old World continent. Reikland has been the most important state of the Empire for nearly one hundred years, for it surrounds Altdorf, the current Imperial capital city, and its state armies are those under the command of the Emperor Karl Franz himself.",
          "image": null
        }
      }
    },
    {
      "type": "Feature",
      "id": "text3019",
      "geometry": {
        "type": "Point",
        "coordinates": [
          3.811475,
          46.58773
        ]
      },
      "properties": {
        "id": "text3019",
        "name": "Averland",
        "label": "AVERLAND",
        "category": "region",
        "in_gazetteer": true,
        "type": "Major Division",
        "local_category": "Grand-Province",
        "formal_title": "Grand County of Averland",
        "part_of": "The Empire",
        "population": 2756000,
        "svg_layer": "Grand-Provinces",
        "wiki": {
          "title": null,
          "url": "https://warhammerfantasy.fandom.com/wiki/Averland",
          "description": "Averland, formally the Grand County of Averland or the Grand Duchy of Averland, is a founding Electoral Province of the Empire that lies in the south-eastern corner of that realm. As with the province of Ostermark, Averland has an economy based mostly on agriculture and the raising of cattle and livestock. Unlike most of the other states in the Empire, Averland contains large stretches of unbroken, fertile plains and few woodlands. While this territory is not as fertile as that in Ostermark, it has proved valuable as grazing land for the infamous Averlander cattle herds.",
          "image": null
        }
      }
    },
    {
      "type": "Feature",
      "id": "text3020",
      "geometry": {
        "type": "Point",
        "coordinates": [
          2.964761,
          44.971667
        ]
      },
      "properties": {
        "id": "text3020",
        "name": "Wissenland",
        "label": "WISSENLAND",
        "category": "region",
        "in_gazetteer": true,
        "type": "Major Division",
        "local_category": "Grand-Province",
        "formal_title": "Grand County of Wissenland",
        "part_of": "The Empire",
        "population": 4113000,
        "svg_layer": "Grand-Provinces",
        "wiki": {
          "title": null,
          "url": "https://warhammerfantasy.fandom.com/wiki/Wissenland",
          "description": "Wissenland, formally the Grand County of Wissenland, is a founding Electoral Province of the Empire that lies in the southern reaches of that realm. The province of Wissenland is considered the armoury of the Empire, for it holds within its borders the city-state of Nuln, the largest industrial city within the Old World. From its workshops and factories, the city of Nuln churns out some of the most devastating black-powder weaponry known to Mankind.",
          "image": null
        }
      }
    },
    {
      "type": "Feature",
      "id": "text3021",
      "geometry": {
        "type": "Point",
        "coordinates": [
          6.57178,
          47.920323
        ]
      },
      "properties": {
        "id": "text3021",
        "name": "Mootland",
        "label": "MOOTLAND",
        "category": "region",
        "in_gazetteer": true,
        "type": "Major Division",
        "local_category": "Grand-Province",
        "formal_title": "Grand County of the Mootland",
        "part_of": "The Empire",
        "population": 412000,
        "svg_layer": "Grand-Provinces",
        "wiki": {
          "title": null,
          "url": "https://warhammerfantasy.fandom.com/wiki/Mootland",
          "description": "The Mootland, officially the Grand County of the Mootland, and often referred to simply as \"The Moot\", is a minor Electoral Province of the Empire of Man that was formed in the early 11th century IC within the fertile farmlands of the south-central Old World. Located in the junction between the rivers of Blue Reach and the River Aver, the province possesses a rich and highly fertile soil, which always brings in bountiful harvests year after year. For this reason, most of its inhabitants are farmers, and the Moot is one of the main providers of food for the Empire. Located in the junction between the rivers of Blue Reach and the River Aver, the province possesses a rich and highly fertile soil, which always brings in bountiful harvests year after year. For this reason, most of its inhabitants are farmers, and the Moot is one of the main providers of food for the Empire.",
          "image": null
        }
      }
    },
    {
      "type": "Feature",
      "id": "text3064",
      "geometry": {
        "type": "Point",
        "coordinates": [
          -8.668038,
          55.205243
        ]
      },
      "properties": {
        "id": "text3064",
        "name": "Couronne",
        "label": "COURONNE",
        "category": "region",
        "in_gazetteer": true,
        "type": "Major Division",
        "local_category": "Bretonnian Duchy",
        "formal_title": "Duchy of Couronne",
        "part_of": "Bretonnia",
        "population": null,
        "svg_layer": "Grand-Provinces",
        "wiki": {
          "title": null,
          "url": "https://warhammerfantasy.fandom.com/wiki/Couronne",
          "description": "Couronne, formally the Dukedom of Couronne, is a founding dukedom of Bretonnia that lies upon the northern shores of that realm and is the current seat of power of the king's royal court, which is located in Castle Couronne, the dukedom and the kingdom's capital.",
          "image": null
        }
      }
    },
    {
      "type": "Feature",
      "id": "text3065",
      "geometry": {
        "type": "Point",
        "coordinates": [
          -9.447345,
          52.729398
        ]
      },
      "properties": {
        "id": "text3065",
        "name": "Artois",
        "label": "ARTOIS",
        "category": "region",
        "in_gazetteer": true,
        "type": "Major Division",
        "local_category": "Bretonnian Duchy",
        "formal_title": "Duchy of Artois",
        "part_of": "Bretonnia",
        "population": null,
        "svg_layer": "Grand-Provinces",
        "wiki": {
          "title": null,
          "url": "https://warhammerfantasy.fandom.com/wiki/Artois",
          "description": "Artois, formally the Dukedom of Artois, is a founding dukedom of Bretonnia that lies at the heart of the northern lands of that kingdom. Unlike the lush meadows of Bretonnia's other dukedoms, Artois is famous for being the only dukedom that is covered entirely by forested wilderness, known by the Bretonnians as the Forest of Arden. Due to this, the dukedom is in a constant state of warfare against tribes of Beastmen that have made the forest their new dark home.",
          "image": null
        }
      }
    },
    {
      "type": "Feature",
      "id": "text3066",
      "geometry": {
        "type": "Point",
        "coordinates": [
          -12.187247,
          53.576769
        ]
      },
      "properties": {
        "id": "text3066",
        "name": "Lyonesse",
        "label": "LYONESSE",
        "category": "region",
        "in_gazetteer": true,
        "type": "Major Division",
        "local_category": "Bretonnian Duchy",
        "formal_title": "Duchy of Lyonesse",
        "part_of": "Bretonnia",
        "population": null,
        "svg_layer": "Grand-Provinces",
        "wiki": {
          "title": null,
          "url": "https://warhammerfantasy.fandom.com/wiki/Lyonesse",
          "description": "Lyonesse, formally the Dukedom of Lyonesse, is one of the founding dukedoms of Bretonnia that lies upon the north-western shores of that kingdom. One of the larger dukedoms following its annexation of Mousillon several centuries earlier, the lands of Lyonesse are infamously known for their rivalry not with the other Bretonnian dukedoms, but amongst their own nobility, even in comparison to the feudal conflicts which plague the other realms of Bretonnia.",
          "image": null
        }
      }
    },
    {
      "type": "Feature",
      "id": "text3067",
      "geometry": {
        "type": "Point",
        "coordinates": [
          -10.628181,
          54.749865
        ]
      },
      "properties": {
        "id": "text3067",
        "name": "L'Anguille",
        "label": "L'ANGUILLE",
        "category": "region",
        "in_gazetteer": true,
        "type": "Major Division",
        "local_category": "Bretonnian Duchy",
        "formal_title": "Duchy of L'Anguille",
        "part_of": "Bretonnia",
        "population": null,
        "svg_layer": "Grand-Provinces",
        "wiki": {
          "title": null,
          "url": "https://warhammerfantasy.fandom.com/wiki/L%27Anguille",
          "description": "L'Anguille, formally the Dukedom of L'Anguille, is a dukedom of Bretonnia that lies at the northern shores of that kingdom. Known far and wide for having some of the busiest ports in all of Bretonnia, L'Anguille is a rich dukedom that relies heavily on sea-trade for their fortunes. As such, there is a large number of merchants and middle-class commoners amongst the peasant population of the capital.",
          "image": null
        }
      }
    },
    {
      "type": "Feature",
      "id": "text3068",
      "geometry": {
        "type": "Point",
        "coordinates": [
          -9.73553,
          50.647577
        ]
      },
      "properties": {
        "id": "text3068",
        "name": "Mousillon",
        "label": "MOUSILLON",
        "category": "region",
        "in_gazetteer": true,
        "type": "Major Division",
        "local_category": "Bretonnian Duchy",
        "formal_title": "Duchy of Mousillon",
        "part_of": "Bretonnia",
        "population": null,
        "svg_layer": "Grand-Provinces",
        "wiki": {
          "title": null,
          "url": "https://warhammerfantasy.fandom.com/wiki/Mousillon",
          "description": "Mousillon, formally the Dukedom of Mousillon, was a founding dukedom of Bretonnia whose territory once stretched along the western shores of that realm. Ever since the fall of its last duke, Mousillon has become a cursed, impoverished land that is plagued by constant misfortunes, disease and the attention of dark powers. Having since lost its status as an official dukedom of the kingdom, the land of Mousillon is the smallest of the twelve dukedoms of Bretonnia, even though it was once known as the most beautiful and fairest of them all.",
          "image": null
        }
      }
    },
    {
      "type": "Feature",
      "id": "text3069",
      "geometry": {
        "type": "Point",
        "coordinates": [
          -7.03589,
          50.305614
        ]
      },
      "properties": {
        "id": "text3069",
        "name": "Bastonne",
        "label": "BASTONNE",
        "category": "region",
        "in_gazetteer": true,
        "type": "Major Division",
        "local_category": "Bretonnian Duchy",
        "formal_title": "Duchy of Bastonne",
        "part_of": "Bretonnia",
        "population": null,
        "svg_layer": "Grand-Provinces",
        "wiki": {
          "title": null,
          "url": "https://warhammerfantasy.fandom.com/wiki/Bastonne",
          "description": "Bastonne, formally the Dukedom of Bastonne. is a founding dukedom of Bretonnia that lies at the very centre of that kingdom. Bastonne was at one time the very heart of all Bretonnia, its founding duke being none other than Gilles le Breton, first King of Bretonnia.",
          "image": null
        }
      }
    },
    {
      "type": "Feature",
      "id": "text3070",
      "geometry": {
        "type": "Point",
        "coordinates": [
          -8.102144,
          48.954317
        ]
      },
      "properties": {
        "id": "text3070",
        "name": "Bordeleaux",
        "label": "BORDELEAUX",
        "category": "region",
        "in_gazetteer": true,
        "type": "Major Division",
        "local_category": "Bretonnian Duchy",
        "formal_title": "Duchy of Bordeleaux",
        "part_of": "Bretonnia",
        "population": null,
        "svg_layer": "Grand-Provinces",
        "wiki": {
          "title": null,
          "url": "https://warhammerfantasy.fandom.com/wiki/Bordeleaux",
          "description": "Bordeleaux, formally the Dukedom of Bordeleaux, is a founding dukedom of Bretonnia that lies on the western coast of that kingdom, just south of the cursed lands of Mousillon. Known as the largest exporter of wines within the entire kingdom, Bordeleaux is a beautiful land filled with many farms and vineyards.",
          "image": null
        }
      }
    },
    {
      "type": "Feature",
      "id": "text3071",
      "geometry": {
        "type": "Point",
        "coordinates": [
          -7.828294,
          47.571338
        ]
      },
      "properties": {
        "id": "text3071",
        "name": "Aquitaine",
        "label": "AQUITAINE",
        "category": "region",
        "in_gazetteer": true,
        "type": "Major Division",
        "local_category": "Bretonnian Duchy",
        "formal_title": "Duchy of Aquitaine",
        "part_of": "Bretonnia",
        "population": null,
        "svg_layer": "Grand-Provinces",
        "wiki": {
          "title": null,
          "url": "https://warhammerfantasy.fandom.com/wiki/Aquitaine",
          "description": "Aquitaine, formally the Dukedom of Aquitaine, is a founding dukedom of Bretonnia that lies upon the gentle western coastlands of that realm. Known for having one of the most tranquil lands within the entire Old World, Aquitaine is famous for its highly arable farmlands and its gentle sandy shores.",
          "image": null
        }
      }
    },
    {
      "type": "Feature",
      "id": "text3073",
      "geometry": {
        "type": "Point",
        "coordinates": [
          -7.979039,
          46.047806
        ]
      },
      "properties": {
        "id": "text3073",
        "name": "Brionne",
        "label": "BRIONNE",
        "category": "region",
        "in_gazetteer": true,
        "type": "Major Division",
        "local_category": "Bretonnian Duchy",
        "formal_title": "Duchy of Brionne",
        "part_of": "Bretonnia",
        "population": null,
        "svg_layer": "Grand-Provinces",
        "wiki": {
          "title": null,
          "url": "https://warhammerfantasy.fandom.com/wiki/Brionne",
          "description": "Brionne, formally the Dukedom of Brionne, is a founding dukedom of Bretonnia that lies at the southern tip of that kingdom's western coast, just below the tranquil lands of Aquitaine. Being surrounded by powerful allies and far away from major threats, Brionne is famous for its beautiful and tranquil landscape, second only to its brethren within Aquitaine itself.",
          "image": null
        }
      }
    },
    {
      "type": "Feature",
      "id": "text3074",
      "geometry": {
        "type": "Point",
        "coordinates": [
          -4.812138,
          44.069816
        ]
      },
      "properties": {
        "id": "text3074",
        "name": "Carcassone",
        "label": "CARCASSONE",
        "category": "region",
        "in_gazetteer": true,
        "type": "Major Division",
        "local_category": "Bretonnian Duchy",
        "formal_title": "Duchy of Carcassone",
        "part_of": "Bretonnia",
        "population": null,
        "svg_layer": "Grand-Provinces",
        "wiki": {
          "title": null,
          "url": "https://warhammerfantasy.fandom.com/wiki/Carcassonne",
          "description": "Carcassonne, formally the Dukedom of Carcassonne, is a founding dukedom of Bretonnia that lies in the extreme south of that kingdom. Its current ruler is Duke Huebald. A highly martial dukedom, even in comparison to other Bretonnian provinces well known for their valour, Carcassonne is a heavily militarised land that focuses its efforts on the eradication of the Greenskin tribes that infest the Irrana Mountains on its southern border.",
          "image": null
        }
      }
    },
    {
      "type": "Feature",
      "id": "text3075",
      "geometry": {
        "type": "Point",
        "coordinates": [
          -3.919147,
          46.141552
        ]
      },
      "properties": {
        "id": "text3075",
        "name": "Quenelles",
        "label": "QUENELLES",
        "category": "region",
        "in_gazetteer": true,
        "type": "Major Division",
        "local_category": "Bretonnian Duchy",
        "formal_title": "Duchy of Quenelles",
        "part_of": "Bretonnia",
        "population": null,
        "svg_layer": "Grand-Provinces",
        "wiki": {
          "title": null,
          "url": "https://warhammerfantasy.fandom.com/wiki/Quenelles",
          "description": "Quenelles, formally the Dukedom of Quenelles, is a founding dukedom of Bretonnia that lies upon the borders of Athel Loren, in the south-eastern corner of that realm. Being one of the largest out of all the Bretonnian dukedoms following their annexation of Cuileux during a Greenskin invasion in 900 IC, Quenelles is so large that it surrounds the entire mountain range of Massif Orcal.",
          "image": null
        }
      }
    },
    {
      "type": "Feature",
      "id": "text3076",
      "geometry": {
        "type": "Point",
        "coordinates": [
          -2.162458,
          48.522636
        ]
      },
      "properties": {
        "id": "text3076",
        "name": "Parravon",
        "label": "PARRAVON",
        "category": "region",
        "in_gazetteer": true,
        "type": "Major Division",
        "local_category": "Bretonnian Duchy",
        "formal_title": "Duchy of Parravon",
        "part_of": "Bretonnia",
        "population": null,
        "svg_layer": "Grand-Provinces",
        "wiki": {
          "title": null,
          "url": "https://warhammerfantasy.fandom.com/wiki/Parravon",
          "description": "Parravon, formally the Dukedom of Parravon, is a founding dukedom of Bretonnia that lies upon the southern reaches of the Grey Mountains. Forming one of the three dukedoms that serve as a barrier between the interior of Bretonnia and the lands of the Empire, Parravon commands the southern territories of the kingdom centred around the Grey Lady Pass, one of three routes between the realms that allows overland trade between Bretonnia and the Empire.",
          "image": null
        }
      }
    },
    {
      "type": "Feature",
      "id": "text3077",
      "geometry": {
        "type": "Point",
        "coordinates": [
          -6.728538,
          51.815024
        ]
      },
      "properties": {
        "id": "text3077",
        "name": "Gisoreux",
        "label": "GISOREUX",
        "category": "region",
        "in_gazetteer": true,
        "type": "Major Division",
        "local_category": "Bretonnian Duchy",
        "formal_title": "Duchy of Gisoreux",
        "part_of": "Bretonnia",
        "population": null,
        "svg_layer": "Grand-Provinces",
        "wiki": {
          "title": null,
          "url": "https://warhammerfantasy.fandom.com/wiki/Gisoreux",
          "description": "Gisoreux, formally the Dukedom of Gisoreux, is a founding dukedom of Bretonnia that lies within the treacherous slopes of the Pale Sisters and upon the low woodlands of the Forest of Arden. Unlike in other parts of Bretonnia, where much of the land is either one type of landscape and of one type of people, the diversity in geography of this Dukedom has also created a diversity in cultures and customs.",
          "image": null
        }
      }
    },
    {
      "type": "Feature",
      "id": "text3078",
      "geometry": {
        "type": "Point",
        "coordinates": [
          -3.788363,
          49.73632
        ]
      },
      "properties": {
        "id": "text3078",
        "name": "Montfort",
        "label": "MONTFORT",
        "category": "region",
        "in_gazetteer": true,
        "type": "Major Division",
        "local_category": "Bretonnian Duchy",
        "formal_title": "Duchy of Montfort",
        "part_of": "Bretonnia",
        "population": null,
        "svg_layer": "Grand-Provinces",
        "wiki": {
          "title": null,
          "url": "https://warhammerfantasy.fandom.com/wiki/Montfort",
          "description": "Montfort, formally the Dukedom of Montfort, is a founding dukedom of Bretonnia that lies on the eastern borders of the kingdom, along the central spine of the Grey Mountains. Stretching from the Gisoreux Gap to the north and Axe Bite Pass to the south, the Dukedom of Montfort acts as the central buffer state between the lands of Bretonnia and those within the Empire of Man. Almost all of Montfort lies within the Grey Mountains, with what little arable land exists being devoted solely to agriculture.",
          "image": null
        }
      }
    },
    {
      "type": "Feature",
      "id": "text1290-2",
      "geometry": {
        "type": "Point",
        "coordinates": [
          10.788142,
          54.776564
        ]
      },
      "properties": {
        "id": "text1290-2",
        "name": "Southern Oblast",
        "label": "Southern Oblast",
        "category": "region",
        "in_gazetteer": true,
        "type": "Major Division",
        "local_category": "Bretonnian Duchy",
        "formal_title": "Polyania Oblast",
        "part_of": "Kislev",
        "population": null,
        "svg_layer": "Grand-Provinces",
        "wiki": {
          "title": null,
          "url": "https://warhammerfantasy.fandom.com/wiki/Southern_Oblast",
          "description": "The Southern Oblast is the southern oblast region of Kislev. Located south of the Lesser Tobol, and west of the Worlds Edge Mountains, the Southern Oblast has the mildest climate in the country, and, as a result, is the main farming region. Arable farming, at least of oats, is possible almost everywhere, and there are even some orchards.",
          "image": null
        }
      }
    },
    {
      "type": "Feature",
      "id": "text1301-1",
      "geometry": {
        "type": "Point",
        "coordinates": [
          11.285062,
          56.70098
        ]
      },
      "properties": {
        "id": "text1301-1",
        "name": "Eastern Oblast",
        "label": "Eastern Oblast",
        "category": "region",
        "in_gazetteer": true,
        "type": "Major Division",
        "local_category": "Bretonnian Duchy",
        "formal_title": "Ungolsk Oblast",
        "part_of": "Kislev",
        "population": null,
        "svg_layer": "Grand-Provinces",
        "wiki": {
          "title": null,
          "url": "https://warhammerfantasy.fandom.com/wiki/Eastern_Oblast",
          "description": "The Eastern Oblast is the easternmost oblast region of Kislev, located between the River Lynsk, the Lesser Tobol, and the Worlds Edge Mountains. Much of the Eastern Oblast is true steppeland, though south of the River Lynsk there are some croplands to be found as well. In the east, the foothills and lower peaks of the Worlds Edge Mountains are counted as part of the region, and much timber is brought down from the forests of those foothills to supply the more settled stanitsas.",
          "image": null
        }
      }
    },
    {
      "type": "Feature",
      "id": "text1306-7",
      "geometry": {
        "type": "Point",
        "coordinates": [
          5.933815,
          60.379915
        ]
      },
      "properties": {
        "id": "text1306-7",
        "name": "Troll Country",
        "label": "Troll Country",
        "category": "region",
        "in_gazetteer": true,
        "type": "Major Division",
        "local_category": "Bretonnian Duchy",
        "formal_title": "Kamennaya Zima",
        "part_of": "Kislev",
        "population": null,
        "svg_layer": "Grand-Provinces",
        "wiki": {
          "title": null,
          "url": "https://warhammerfantasy.fandom.com/wiki/Troll_Country",
          "description": "The Troll Country is a region of the northern Old World within the realm of Kislev that consists of steppeland slowly turning into tundra as one travels north before meeting the great mountains and the edge of the Chaos Wastes. It is some of the least-forgiving land in the Old World, and no farming is possible. There are some forests and two main ranges of hills, but for the most part, the Troll Country is largely flat.",
          "image": null
        }
      }
    },
    {
      "type": "Feature",
      "id": "text1315-8",
      "geometry": {
        "type": "Point",
        "coordinates": [
          9.813078,
          59.87953
        ]
      },
      "properties": {
        "id": "text1315-8",
        "name": "Northern Oblast",
        "label": "Northern Oblast",
        "category": "region",
        "in_gazetteer": true,
        "type": "Major Division",
        "local_category": "Bretonnian Duchy",
        "formal_title": "Severyna Oblast",
        "part_of": "Kislev",
        "population": null,
        "svg_layer": "Grand-Provinces",
        "wiki": {
          "title": null,
          "url": "https://warhammerfantasy.fandom.com/wiki/Northern_Oblast",
          "description": "The Northern Oblast is the northernmost oblast region of Kislev. Most of the Northern Oblast is classic steppe-plains or gentle hills covered with long grass and grazed upon by herds of horses and cattle. In the region between the River Tobol and the River Lynsk, the Northern Oblast has harsher and longer winters than the more southerly regions of Kislev, and the weather can easily turn very frigid in the spring and autumn.",
          "image": null
        }
      }
    },
    {
      "type": "Feature",
      "id": "text5835",
      "geometry": {
        "type": "Point",
        "coordinates": [
          -16.393413,
          45.807742
        ]
      },
      "properties": {
        "id": "text5835",
        "name": "Bilbali",
        "label": "BILBALI",
        "category": "region",
        "in_gazetteer": true,
        "type": "Major Division",
        "local_category": "Bretonnian Duchy",
        "formal_title": "Crown of Bilbali",
        "part_of": "Estalia",
        "population": null,
        "svg_layer": "Grand-Provinces",
        "wiki": {
          "title": null,
          "url": "https://warhammerfantasy.fandom.com/wiki/Bilbali",
          "description": "Bilbali, officially the Kingdom of Bilbali, is the second largest settlement in Estalia, second only to Magritta, and the primary population centre in the north of the country. Bilbali officially rules an area between the sea in the north and the River Tarmos. Together with Magritta, it is currently one of the two most powerful kingdoms of Estalia.",
          "image": null
        }
      }
    },
    {
      "type": "Feature",
      "id": "text5836",
      "geometry": {
        "type": "Point",
        "coordinates": [
          -15.615123,
          42.016442
        ]
      },
      "properties": {
        "id": "text5836",
        "name": "Magritta",
        "label": "MAGRITTA",
        "category": "region",
        "in_gazetteer": true,
        "type": "Major Division",
        "local_category": "Bretonnian Duchy",
        "formal_title": "Crown of Magritta",
        "part_of": "Estalia",
        "population": null,
        "svg_layer": "Grand-Provinces",
        "wiki": {
          "title": null,
          "url": "https://warhammerfantasy.fandom.com/wiki/Magritta",
          "description": "Magritta, formally the Kingdom of Magritta, is the largest and one of the most important cities in Estalia. Built by natural deep-water harbours within the sheltered Bay of Quietude, its reputation as a friendly port with ready markets for all manner of cargoes draws traders from many ports across the world of Mallus. Its quays are usually crowded, and, among the assortment of Old Worlder merchantmen, one can occasionally catch a glimpse of a strangely rigged craft from Araby or even further afield.",
          "image": null
        }
      }
    },
    {
      "type": "Feature",
      "id": "text2284",
      "geometry": {
        "type": "Point",
        "coordinates": [
          5.834032,
          58.472739
        ]
      },
      "properties": {
        "id": "text2284",
        "name": "Western Oblast",
        "label": "Western Oblast",
        "category": "region",
        "in_gazetteer": true,
        "type": "Major Division",
        "local_category": "Bretonnian Duchy",
        "formal_title": "Primorye Oblast",
        "part_of": "Kislev",
        "population": null,
        "svg_layer": "Grand-Provinces",
        "wiki": {
          "title": null,
          "url": "https://warhammerfantasy.fandom.com/wiki/Western_Oblast",
          "description": "The Western Oblast is the westernmost oblast region of Kislev. It is found between the River Lynsk and the Lesser Tobol, and includes the massive moorland known as the Blight. The Western Oblast is largely flat, steppe-like terrain and almost completely devoid of forest. Most of the region is composed of steppelands, but the southern regions and the area near the Empire’s border are farmed to a significant extent.",
          "image": null
        }
      }
    },
    {
      "type": "Feature",
      "id": "text544",
      "geometry": {
        "type": "Point",
        "coordinates": [
          18.615084,
          59.260811
        ]
      },
      "properties": {
        "id": "text544",
        "name": "The Wheatlands",
        "label": "The Wheatlands",
        "category": "region",
        "in_gazetteer": false,
        "type": null,
        "local_category": "Grand-Province",
        "formal_title": null,
        "part_of": null,
        "population": null,
        "svg_layer": "Grand-Provinces",
        "wiki": {
          "title": null,
          "url": null,
          "description": null,
          "image": null
        }
      }
    },
    {
      "type": "Feature",
      "id": "text3245",
      "geometry": {
        "type": "Point",
        "coordinates": [
          -55.301495,
          24.102462
        ]
      },
      "properties": {
        "id": "text3245",
        "name": "EATAINE",
        "label": "EATAINE",
        "category": "region",
        "in_gazetteer": false,
        "type": null,
        "local_category": "Grand-Province",
        "formal_title": null,
        "part_of": null,
        "population": null,
        "svg_layer": "Grand-Provinces",
        "wiki": {
          "title": null,
          "url": null,
          "description": null,
          "image": null
        }
      }
    },
    {
      "type": "Feature",
      "id": "text3246",
      "geometry": {
        "type": "Point",
        "coordinates": [
          -52.384676,
          27.549607
        ]
      },
      "properties": {
        "id": "text3246",
        "name": "SAPHERY",
        "label": "SAPHERY",
        "category": "region",
        "in_gazetteer": false,
        "type": null,
        "local_category": "Grand-Province",
        "formal_title": null,
        "part_of": null,
        "population": null,
        "svg_layer": "Grand-Provinces",
        "wiki": {
          "title": null,
          "url": null,
          "description": null,
          "image": null
        }
      }
    },
    {
      "type": "Feature",
      "id": "text3247",
      "geometry": {
        "type": "Point",
        "coordinates": [
          -48.937529,
          32.042681
        ]
      },
      "properties": {
        "id": "text3247",
        "name": "YVRESSE",
        "label": "YVRESSE",
        "category": "region",
        "in_gazetteer": false,
        "type": null,
        "local_category": "Grand-Province",
        "formal_title": null,
        "part_of": null,
        "population": null,
        "svg_layer": "Grand-Provinces",
        "wiki": {
          "title": null,
          "url": null,
          "description": null,
          "image": null
        }
      }
    },
    {
      "type": "Feature",
      "id": "text3248",
      "geometry": {
        "type": "Point",
        "coordinates": [
          -51.279822,
          37.213399
        ]
      },
      "properties": {
        "id": "text3248",
        "name": "COTHIQUE",
        "label": "COTHIQUE",
        "category": "region",
        "in_gazetteer": false,
        "type": null,
        "local_category": "Grand-Province",
        "formal_title": null,
        "part_of": null,
        "population": null,
        "svg_layer": "Grand-Provinces",
        "wiki": {
          "title": null,
          "url": null,
          "description": null,
          "image": null
        }
      }
    },
    {
      "type": "Feature",
      "id": "text3249",
      "geometry": {
        "type": "Point",
        "coordinates": [
          -55.330956,
          39.437839
        ]
      },
      "properties": {
        "id": "text3249",
        "name": "CHRACE",
        "label": "CHRACE",
        "category": "region",
        "in_gazetteer": false,
        "type": null,
        "local_category": "Grand-Province",
        "formal_title": null,
        "part_of": null,
        "population": null,
        "svg_layer": "Grand-Provinces",
        "wiki": {
          "title": null,
          "url": null,
          "description": null,
          "image": null
        }
      }
    },
    {
      "type": "Feature",
      "id": "text3253",
      "geometry": {
        "type": "Point",
        "coordinates": [
          -54.771161,
          34.915301
        ]
      },
      "properties": {
        "id": "text3253",
        "name": "AVELORN",
        "label": "AVELORN",
        "category": "region",
        "in_gazetteer": false,
        "type": null,
        "local_category": "Grand-Province",
        "formal_title": null,
        "part_of": null,
        "population": null,
        "svg_layer": "Grand-Provinces",
        "wiki": {
          "title": null,
          "url": null,
          "description": null,
          "image": null
        }
      }
    },
    {
      "type": "Feature",
      "id": "text3254",
      "geometry": {
        "type": "Point",
        "coordinates": [
          -60.324895,
          34.370242
        ]
      },
      "properties": {
        "id": "text3254",
        "name": "ELLYRION",
        "label": "ELLYRION",
        "category": "region",
        "in_gazetteer": false,
        "type": null,
        "local_category": "Grand-Province",
        "formal_title": null,
        "part_of": null,
        "population": null,
        "svg_layer": "Grand-Provinces",
        "wiki": {
          "title": null,
          "url": null,
          "description": null,
          "image": null
        }
      }
    },
    {
      "type": "Feature",
      "id": "text3255",
      "geometry": {
        "type": "Point",
        "coordinates": [
          -60.5606,
          38.244595
        ]
      },
      "properties": {
        "id": "text3255",
        "name": "NAGARYTHE",
        "label": "NAGARYTHE",
        "category": "region",
        "in_gazetteer": false,
        "type": null,
        "local_category": "Grand-Province",
        "formal_title": null,
        "part_of": null,
        "population": null,
        "svg_layer": "Grand-Provinces",
        "wiki": {
          "title": null,
          "url": null,
          "description": null,
          "image": null
        }
      }
    },
    {
      "type": "Feature",
      "id": "text3256",
      "geometry": {
        "type": "Point",
        "coordinates": [
          -64.773778,
          30.260182
        ]
      },
      "properties": {
        "id": "text3256",
        "name": "TIRANOC",
        "label": "TIRANOC",
        "category": "region",
        "in_gazetteer": false,
        "type": null,
        "local_category": "Grand-Province",
        "formal_title": null,
        "part_of": null,
        "population": null,
        "svg_layer": "Grand-Provinces",
        "wiki": {
          "title": null,
          "url": null,
          "description": null,
          "image": null
        }
      }
    },
    {
      "type": "Feature",
      "id": "text3257",
      "geometry": {
        "type": "Point",
        "coordinates": [
          -60.943619,
          24.721178
        ]
      },
      "properties": {
        "id": "text3257",
        "name": "CALEDOR",
        "label": "CALEDOR",
        "category": "region",
        "in_gazetteer": false,
        "type": null,
        "local_category": "Grand-Province",
        "formal_title": null,
        "part_of": null,
        "population": null,
        "svg_layer": "Grand-Provinces",
        "wiki": {
          "title": null,
          "url": null,
          "description": null,
          "image": null
        }
      }
    },
    {
      "type": "Feature",
      "id": "text5417",
      "geometry": {
        "type": "Point",
        "coordinates": [
          -64.518452,
          55.354507
        ]
      },
      "properties": {
        "id": "text5417",
        "name": "KAROND KAR",
        "label": "KAROND KAR",
        "category": "region",
        "in_gazetteer": false,
        "type": null,
        "local_category": "Grand-Province",
        "formal_title": null,
        "part_of": null,
        "population": null,
        "svg_layer": "Grand-Provinces",
        "wiki": {
          "title": null,
          "url": null,
          "description": null,
          "image": null
        }
      }
    },
    {
      "type": "Feature",
      "id": "text5418",
      "geometry": {
        "type": "Point",
        "coordinates": [
          -90.33096,
          43.31284
        ]
      },
      "properties": {
        "id": "text5418",
        "name": "CLAR KAROND",
        "label": "CLAR KAROND",
        "category": "region",
        "in_gazetteer": false,
        "type": null,
        "local_category": "Grand-Province",
        "formal_title": null,
        "part_of": null,
        "population": null,
        "svg_layer": "Grand-Provinces",
        "wiki": {
          "title": null,
          "url": null,
          "description": null,
          "image": null
        }
      }
    },
    {
      "type": "Feature",
      "id": "text5419",
      "geometry": {
        "type": "Point",
        "coordinates": [
          -105.08096,
          52.979506
        ]
      },
      "properties": {
        "id": "text5419",
        "name": "HAG GRAEF",
        "label": "HAG GRAEF",
        "category": "region",
        "in_gazetteer": false,
        "type": null,
        "local_category": "Grand-Province",
        "formal_title": null,
        "part_of": null,
        "population": null,
        "svg_layer": "Grand-Provinces",
        "wiki": {
          "title": null,
          "url": null,
          "description": null,
          "image": null
        }
      }
    },
    {
      "type": "Feature",
      "id": "text5420",
      "geometry": {
        "type": "Point",
        "coordinates": [
          -103.810126,
          57.604507
        ]
      },
      "properties": {
        "id": "text5420",
        "name": "NAGGAROND",
        "label": "NAGGAROND",
        "category": "region",
        "in_gazetteer": false,
        "type": null,
        "local_category": "Grand-Province",
        "formal_title": null,
        "part_of": null,
        "population": null,
        "svg_layer": "Grand-Provinces",
        "wiki": {
          "title": null,
          "url": null,
          "description": null,
          "image": null
        }
      }
    },
    {
      "type": "Feature",
      "id": "text5421",
      "geometry": {
        "type": "Point",
        "coordinates": [
          -88.768454,
          56.833673
        ]
      },
      "properties": {
        "id": "text5421",
        "name": "HAR GANETH",
        "label": "HAR GANETH",
        "category": "region",
        "in_gazetteer": false,
        "type": null,
        "local_category": "Grand-Province",
        "formal_title": null,
        "part_of": null,
        "population": null,
        "svg_layer": "Grand-Provinces",
        "wiki": {
          "title": null,
          "url": null,
          "description": null,
          "image": null
        }
      }
    },
    {
      "type": "Feature",
      "id": "text5422",
      "geometry": {
        "type": "Point",
        "coordinates": [
          -99.018456,
          59.667007
        ]
      },
      "properties": {
        "id": "text5422",
        "name": "GHROND",
        "label": "GHROND",
        "category": "region",
        "in_gazetteer": false,
        "type": null,
        "local_category": "Grand-Province",
        "formal_title": null,
        "part_of": null,
        "population": null,
        "svg_layer": "Grand-Provinces",
        "wiki": {
          "title": null,
          "url": null,
          "description": null,
          "image": null
        }
      }
    },
    {
      "type": "Feature",
      "id": "text1068",
      "geometry": {
        "type": "Point",
        "coordinates": [
          -0.447578,
          56.798287
        ]
      },
      "properties": {
        "id": "text1068",
        "name": "Ward Of The Sun",
        "label": "WARD OF THE SUN",
        "category": "region",
        "in_gazetteer": true,
        "type": "Minor Division",
        "local_category": "High Realm",
        "formal_title": "The Ward of the Sun",
        "part_of": "Laurelorn",
        "population": null,
        "svg_layer": "Sub-Provinces",
        "wiki": {
          "title": null,
          "url": "https://warhammerfantasy.fandom.com/wiki/Ward_of_the_Sun",
          "description": "The Ward of the Sun, is the largest and most densely populated of the Eonir Wards, and is considered the heartland of Laurelorn Forest. This capital region of the Golden Wood is situated around ancient magical sites at the heart of the forest. Nordlanders refer to this independent enclave as the Protectorate of the Laurelorn. The Ward of the Sun comprises roughly one third of the greater forest. Although Eonir also inhabit the Laurelorn east, south, and west of this region, the borderland woods are shared with Imperial citizens. The Ward of the Sun is populated exclusively by Eonir and forest spirits.",
          "image": null
        }
      }
    },
    {
      "type": "Feature",
      "id": "text1069",
      "geometry": {
        "type": "Point",
        "coordinates": [
          -1.466116,
          56.942148
        ]
      },
      "properties": {
        "id": "text1069",
        "name": "Ward Of Storm",
        "label": "WARD OF STORM",
        "category": "region",
        "in_gazetteer": true,
        "type": "Minor Division",
        "local_category": "High Realm",
        "formal_title": "The Ward of Storm",
        "part_of": "Laurelorn",
        "population": null,
        "svg_layer": "Sub-Provinces",
        "wiki": {
          "title": null,
          "url": null,
          "description": null,
          "image": null
        }
      }
    },
    {
      "type": "Feature",
      "id": "text1070",
      "geometry": {
        "type": "Point",
        "coordinates": [
          0.616995,
          56.458774
        ]
      },
      "properties": {
        "id": "text1070",
        "name": "Ward Of Frost",
        "label": "WARD OF FROST",
        "category": "region",
        "in_gazetteer": true,
        "type": "Minor Division",
        "local_category": "High Realm",
        "formal_title": "The Ward of Frost",
        "part_of": "Laurelorn",
        "population": null,
        "svg_layer": "Sub-Provinces",
        "wiki": {
          "title": null,
          "url": null,
          "description": null,
          "image": null
        }
      }
    },
    {
      "type": "Feature",
      "id": "text1071",
      "geometry": {
        "type": "Point",
        "coordinates": [
          -0.781336,
          55.635888
        ]
      },
      "properties": {
        "id": "text1071",
        "name": "Ward Of Rain",
        "label": "WARD OF RAIN",
        "category": "region",
        "in_gazetteer": true,
        "type": "Minor Division",
        "local_category": "High Realm",
        "formal_title": "The Ward of Rain",
        "part_of": "Laurelorn",
        "population": null,
        "svg_layer": "Sub-Provinces",
        "wiki": {
          "title": null,
          "url": null,
          "description": null,
          "image": null
        }
      }
    }
  ]
}